[2026-05-02T14:07:59.740+0000] {processor.py:161} INFO - Started process (PID=164) to work on /opt/airflow/dags/f1_pipeline_dag.py
[2026-05-02T14:07:59.771+0000] {processor.py:830} INFO - Processing file /opt/airflow/dags/f1_pipeline_dag.py for tasks to queue
[2026-05-02T14:07:59.962+0000] {logging_mixin.py:188} INFO - [2026-05-02T14:07:59.814+0000] {dagbag.py:538} INFO - Filling up the DagBag from /opt/airflow/dags/f1_pipeline_dag.py
[2026-05-02T14:08:00.078+0000] {processor.py:840} INFO - DAG(s) 'f1_bigdata_pipeline' retrieved from /opt/airflow/dags/f1_pipeline_dag.py
[2026-05-02T14:08:00.151+0000] {logging_mixin.py:188} INFO - [2026-05-02T14:08:00.150+0000] {dag.py:3036} INFO - Sync 1 DAGs
[2026-05-02T14:08:00.203+0000] {logging_mixin.py:188} INFO - [2026-05-02T14:08:00.202+0000] {dag.py:3823} INFO - Setting next_dagrun for f1_bigdata_pipeline to 2026-04-27 06:00:00+00:00, run_after=2026-05-04 06:00:00+00:00
[2026-05-02T14:08:00.213+0000] {processor.py:183} INFO - Processing /opt/airflow/dags/f1_pipeline_dag.py took 0.478 seconds
[2026-05-02T14:08:30.508+0000] {processor.py:161} INFO - Started process (PID=169) to work on /opt/airflow/dags/f1_pipeline_dag.py
[2026-05-02T14:08:30.509+0000] {processor.py:830} INFO - Processing file /opt/airflow/dags/f1_pipeline_dag.py for tasks to queue
[2026-05-02T14:08:30.510+0000] {logging_mixin.py:188} INFO - [2026-05-02T14:08:30.510+0000] {dagbag.py:538} INFO - Filling up the DagBag from /opt/airflow/dags/f1_pipeline_dag.py
[2026-05-02T14:08:30.532+0000] {processor.py:840} INFO - DAG(s) 'f1_bigdata_pipeline' retrieved from /opt/airflow/dags/f1_pipeline_dag.py
[2026-05-02T14:08:30.649+0000] {logging_mixin.py:188} INFO - [2026-05-02T14:08:30.649+0000] {dag.py:3036} INFO - Sync 1 DAGs
[2026-05-02T14:08:30.660+0000] {logging_mixin.py:188} INFO - [2026-05-02T14:08:30.660+0000] {dag.py:3823} INFO - Setting next_dagrun for f1_bigdata_pipeline to 2026-04-27 06:00:00+00:00, run_after=2026-05-04 06:00:00+00:00
[2026-05-02T14:08:30.667+0000] {processor.py:183} INFO - Processing /opt/airflow/dags/f1_pipeline_dag.py took 0.165 seconds
[2026-05-02T14:09:00.824+0000] {processor.py:161} INFO - Started process (PID=174) to work on /opt/airflow/dags/f1_pipeline_dag.py
[2026-05-02T14:09:00.826+0000] {processor.py:830} INFO - Processing file /opt/airflow/dags/f1_pipeline_dag.py for tasks to queue
[2026-05-02T14:09:00.827+0000] {logging_mixin.py:188} INFO - [2026-05-02T14:09:00.826+0000] {dagbag.py:538} INFO - Filling up the DagBag from /opt/airflow/dags/f1_pipeline_dag.py
[2026-05-02T14:09:00.845+0000] {processor.py:840} INFO - DAG(s) 'f1_bigdata_pipeline' retrieved from /opt/airflow/dags/f1_pipeline_dag.py
[2026-05-02T14:09:00.887+0000] {logging_mixin.py:188} INFO - [2026-05-02T14:09:00.887+0000] {dag.py:3036} INFO - Sync 1 DAGs
[2026-05-02T14:09:00.900+0000] {logging_mixin.py:188} INFO - [2026-05-02T14:09:00.900+0000] {dag.py:3823} INFO - Setting next_dagrun for f1_bigdata_pipeline to 2026-04-27 06:00:00+00:00, run_after=2026-05-04 06:00:00+00:00
[2026-05-02T14:09:00.908+0000] {processor.py:183} INFO - Processing /opt/airflow/dags/f1_pipeline_dag.py took 0.088 seconds
[2026-05-02T14:09:31.123+0000] {processor.py:161} INFO - Started process (PID=179) to work on /opt/airflow/dags/f1_pipeline_dag.py
[2026-05-02T14:09:31.124+0000] {processor.py:830} INFO - Processing file /opt/airflow/dags/f1_pipeline_dag.py for tasks to queue
[2026-05-02T14:09:31.125+0000] {logging_mixin.py:188} INFO - [2026-05-02T14:09:31.124+0000] {dagbag.py:538} INFO - Filling up the DagBag from /opt/airflow/dags/f1_pipeline_dag.py
[2026-05-02T14:09:31.154+0000] {processor.py:840} INFO - DAG(s) 'f1_bigdata_pipeline' retrieved from /opt/airflow/dags/f1_pipeline_dag.py
[2026-05-02T14:09:31.183+0000] {logging_mixin.py:188} INFO - [2026-05-02T14:09:31.183+0000] {dag.py:3036} INFO - Sync 1 DAGs
[2026-05-02T14:09:31.201+0000] {logging_mixin.py:188} INFO - [2026-05-02T14:09:31.201+0000] {dag.py:3823} INFO - Setting next_dagrun for f1_bigdata_pipeline to 2026-04-27 06:00:00+00:00, run_after=2026-05-04 06:00:00+00:00
[2026-05-02T14:09:31.210+0000] {processor.py:183} INFO - Processing /opt/airflow/dags/f1_pipeline_dag.py took 0.091 seconds
[2026-05-02T14:10:01.428+0000] {processor.py:161} INFO - Started process (PID=184) to work on /opt/airflow/dags/f1_pipeline_dag.py
[2026-05-02T14:10:01.429+0000] {processor.py:830} INFO - Processing file /opt/airflow/dags/f1_pipeline_dag.py for tasks to queue
[2026-05-02T14:10:01.430+0000] {logging_mixin.py:188} INFO - [2026-05-02T14:10:01.429+0000] {dagbag.py:538} INFO - Filling up the DagBag from /opt/airflow/dags/f1_pipeline_dag.py
[2026-05-02T14:10:01.464+0000] {processor.py:840} INFO - DAG(s) 'f1_bigdata_pipeline' retrieved from /opt/airflow/dags/f1_pipeline_dag.py
[2026-05-02T14:10:01.486+0000] {logging_mixin.py:188} INFO - [2026-05-02T14:10:01.486+0000] {dag.py:3036} INFO - Sync 1 DAGs
[2026-05-02T14:10:01.500+0000] {logging_mixin.py:188} INFO - [2026-05-02T14:10:01.500+0000] {dag.py:3823} INFO - Setting next_dagrun for f1_bigdata_pipeline to 2026-04-27 06:00:00+00:00, run_after=2026-05-04 06:00:00+00:00
[2026-05-02T14:10:01.531+0000] {processor.py:183} INFO - Processing /opt/airflow/dags/f1_pipeline_dag.py took 0.107 seconds
[2026-05-02T14:10:31.719+0000] {processor.py:161} INFO - Started process (PID=189) to work on /opt/airflow/dags/f1_pipeline_dag.py
[2026-05-02T14:10:31.720+0000] {processor.py:830} INFO - Processing file /opt/airflow/dags/f1_pipeline_dag.py for tasks to queue
[2026-05-02T14:10:31.721+0000] {logging_mixin.py:188} INFO - [2026-05-02T14:10:31.720+0000] {dagbag.py:538} INFO - Filling up the DagBag from /opt/airflow/dags/f1_pipeline_dag.py
[2026-05-02T14:10:31.739+0000] {processor.py:840} INFO - DAG(s) 'f1_bigdata_pipeline' retrieved from /opt/airflow/dags/f1_pipeline_dag.py
[2026-05-02T14:10:31.761+0000] {logging_mixin.py:188} INFO - [2026-05-02T14:10:31.761+0000] {dag.py:3036} INFO - Sync 1 DAGs
[2026-05-02T14:10:31.774+0000] {logging_mixin.py:188} INFO - [2026-05-02T14:10:31.774+0000] {dag.py:3823} INFO - Setting next_dagrun for f1_bigdata_pipeline to 2026-04-27 06:00:00+00:00, run_after=2026-05-04 06:00:00+00:00
[2026-05-02T14:10:31.781+0000] {processor.py:183} INFO - Processing /opt/airflow/dags/f1_pipeline_dag.py took 0.068 seconds
[2026-05-02T14:11:02.050+0000] {processor.py:161} INFO - Started process (PID=194) to work on /opt/airflow/dags/f1_pipeline_dag.py
[2026-05-02T14:11:02.050+0000] {processor.py:830} INFO - Processing file /opt/airflow/dags/f1_pipeline_dag.py for tasks to queue
[2026-05-02T14:11:02.051+0000] {logging_mixin.py:188} INFO - [2026-05-02T14:11:02.051+0000] {dagbag.py:538} INFO - Filling up the DagBag from /opt/airflow/dags/f1_pipeline_dag.py
[2026-05-02T14:11:02.079+0000] {processor.py:840} INFO - DAG(s) 'f1_bigdata_pipeline' retrieved from /opt/airflow/dags/f1_pipeline_dag.py
[2026-05-02T14:11:02.104+0000] {logging_mixin.py:188} INFO - [2026-05-02T14:11:02.104+0000] {dag.py:3036} INFO - Sync 1 DAGs
[2026-05-02T14:11:02.116+0000] {logging_mixin.py:188} INFO - [2026-05-02T14:11:02.116+0000] {dag.py:3823} INFO - Setting next_dagrun for f1_bigdata_pipeline to 2026-04-27 06:00:00+00:00, run_after=2026-05-04 06:00:00+00:00
[2026-05-02T14:11:02.124+0000] {processor.py:183} INFO - Processing /opt/airflow/dags/f1_pipeline_dag.py took 0.077 seconds
[2026-05-02T14:11:32.339+0000] {processor.py:161} INFO - Started process (PID=199) to work on /opt/airflow/dags/f1_pipeline_dag.py
[2026-05-02T14:11:32.340+0000] {processor.py:830} INFO - Processing file /opt/airflow/dags/f1_pipeline_dag.py for tasks to queue
[2026-05-02T14:11:32.341+0000] {logging_mixin.py:188} INFO - [2026-05-02T14:11:32.340+0000] {dagbag.py:538} INFO - Filling up the DagBag from /opt/airflow/dags/f1_pipeline_dag.py
[2026-05-02T14:11:32.354+0000] {processor.py:840} INFO - DAG(s) 'f1_bigdata_pipeline' retrieved from /opt/airflow/dags/f1_pipeline_dag.py
[2026-05-02T14:11:32.375+0000] {logging_mixin.py:188} INFO - [2026-05-02T14:11:32.375+0000] {dag.py:3036} INFO - Sync 1 DAGs
[2026-05-02T14:11:32.388+0000] {logging_mixin.py:188} INFO - [2026-05-02T14:11:32.388+0000] {dag.py:3823} INFO - Setting next_dagrun for f1_bigdata_pipeline to 2026-04-27 06:00:00+00:00, run_after=2026-05-04 06:00:00+00:00
[2026-05-02T14:11:32.397+0000] {processor.py:183} INFO - Processing /opt/airflow/dags/f1_pipeline_dag.py took 0.064 seconds
[2026-05-02T14:12:02.729+0000] {processor.py:161} INFO - Started process (PID=204) to work on /opt/airflow/dags/f1_pipeline_dag.py
[2026-05-02T14:12:02.730+0000] {processor.py:830} INFO - Processing file /opt/airflow/dags/f1_pipeline_dag.py for tasks to queue
[2026-05-02T14:12:02.731+0000] {logging_mixin.py:188} INFO - [2026-05-02T14:12:02.730+0000] {dagbag.py:538} INFO - Filling up the DagBag from /opt/airflow/dags/f1_pipeline_dag.py
[2026-05-02T14:12:02.745+0000] {processor.py:840} INFO - DAG(s) 'f1_bigdata_pipeline' retrieved from /opt/airflow/dags/f1_pipeline_dag.py
[2026-05-02T14:12:02.769+0000] {logging_mixin.py:188} INFO - [2026-05-02T14:12:02.769+0000] {dag.py:3036} INFO - Sync 1 DAGs
[2026-05-02T14:12:02.781+0000] {logging_mixin.py:188} INFO - [2026-05-02T14:12:02.781+0000] {dag.py:3823} INFO - Setting next_dagrun for f1_bigdata_pipeline to 2026-04-27 06:00:00+00:00, run_after=2026-05-04 06:00:00+00:00
[2026-05-02T14:12:02.788+0000] {processor.py:183} INFO - Processing /opt/airflow/dags/f1_pipeline_dag.py took 0.076 seconds
[2026-05-02T14:12:32.948+0000] {processor.py:161} INFO - Started process (PID=209) to work on /opt/airflow/dags/f1_pipeline_dag.py
[2026-05-02T14:12:32.949+0000] {processor.py:830} INFO - Processing file /opt/airflow/dags/f1_pipeline_dag.py for tasks to queue
[2026-05-02T14:12:32.950+0000] {logging_mixin.py:188} INFO - [2026-05-02T14:12:32.950+0000] {dagbag.py:538} INFO - Filling up the DagBag from /opt/airflow/dags/f1_pipeline_dag.py
[2026-05-02T14:12:32.967+0000] {processor.py:840} INFO - DAG(s) 'f1_bigdata_pipeline' retrieved from /opt/airflow/dags/f1_pipeline_dag.py
[2026-05-02T14:12:32.987+0000] {logging_mixin.py:188} INFO - [2026-05-02T14:12:32.987+0000] {dag.py:3036} INFO - Sync 1 DAGs
[2026-05-02T14:12:32.999+0000] {logging_mixin.py:188} INFO - [2026-05-02T14:12:32.999+0000] {dag.py:3823} INFO - Setting next_dagrun for f1_bigdata_pipeline to 2026-04-27 06:00:00+00:00, run_after=2026-05-04 06:00:00+00:00
[2026-05-02T14:12:33.007+0000] {processor.py:183} INFO - Processing /opt/airflow/dags/f1_pipeline_dag.py took 0.063 seconds
[2026-05-02T14:13:03.255+0000] {processor.py:161} INFO - Started process (PID=214) to work on /opt/airflow/dags/f1_pipeline_dag.py
[2026-05-02T14:13:03.257+0000] {processor.py:830} INFO - Processing file /opt/airflow/dags/f1_pipeline_dag.py for tasks to queue
[2026-05-02T14:13:03.257+0000] {logging_mixin.py:188} INFO - [2026-05-02T14:13:03.257+0000] {dagbag.py:538} INFO - Filling up the DagBag from /opt/airflow/dags/f1_pipeline_dag.py
[2026-05-02T14:13:03.272+0000] {processor.py:840} INFO - DAG(s) 'f1_bigdata_pipeline' retrieved from /opt/airflow/dags/f1_pipeline_dag.py
[2026-05-02T14:13:03.292+0000] {logging_mixin.py:188} INFO - [2026-05-02T14:13:03.292+0000] {dag.py:3036} INFO - Sync 1 DAGs
[2026-05-02T14:13:03.304+0000] {logging_mixin.py:188} INFO - [2026-05-02T14:13:03.303+0000] {dag.py:3823} INFO - Setting next_dagrun for f1_bigdata_pipeline to 2026-04-27 06:00:00+00:00, run_after=2026-05-04 06:00:00+00:00
[2026-05-02T14:13:03.312+0000] {processor.py:183} INFO - Processing /opt/airflow/dags/f1_pipeline_dag.py took 0.059 seconds
[2026-05-02T14:13:33.572+0000] {processor.py:161} INFO - Started process (PID=219) to work on /opt/airflow/dags/f1_pipeline_dag.py
[2026-05-02T14:13:33.574+0000] {processor.py:830} INFO - Processing file /opt/airflow/dags/f1_pipeline_dag.py for tasks to queue
[2026-05-02T14:13:33.575+0000] {logging_mixin.py:188} INFO - [2026-05-02T14:13:33.574+0000] {dagbag.py:538} INFO - Filling up the DagBag from /opt/airflow/dags/f1_pipeline_dag.py
[2026-05-02T14:13:33.590+0000] {processor.py:840} INFO - DAG(s) 'f1_bigdata_pipeline' retrieved from /opt/airflow/dags/f1_pipeline_dag.py
[2026-05-02T14:13:33.614+0000] {logging_mixin.py:188} INFO - [2026-05-02T14:13:33.613+0000] {dag.py:3036} INFO - Sync 1 DAGs
[2026-05-02T14:13:33.640+0000] {logging_mixin.py:188} INFO - [2026-05-02T14:13:33.639+0000] {dag.py:3823} INFO - Setting next_dagrun for f1_bigdata_pipeline to 2026-04-27 06:00:00+00:00, run_after=2026-05-04 06:00:00+00:00
[2026-05-02T14:13:33.648+0000] {processor.py:183} INFO - Processing /opt/airflow/dags/f1_pipeline_dag.py took 0.080 seconds
[2026-05-02T14:14:03.865+0000] {processor.py:161} INFO - Started process (PID=224) to work on /opt/airflow/dags/f1_pipeline_dag.py
[2026-05-02T14:14:03.866+0000] {processor.py:830} INFO - Processing file /opt/airflow/dags/f1_pipeline_dag.py for tasks to queue
[2026-05-02T14:14:03.868+0000] {logging_mixin.py:188} INFO - [2026-05-02T14:14:03.867+0000] {dagbag.py:538} INFO - Filling up the DagBag from /opt/airflow/dags/f1_pipeline_dag.py
[2026-05-02T14:14:03.884+0000] {processor.py:840} INFO - DAG(s) 'f1_bigdata_pipeline' retrieved from /opt/airflow/dags/f1_pipeline_dag.py
[2026-05-02T14:14:03.908+0000] {logging_mixin.py:188} INFO - [2026-05-02T14:14:03.908+0000] {dag.py:3036} INFO - Sync 1 DAGs
[2026-05-02T14:14:03.925+0000] {logging_mixin.py:188} INFO - [2026-05-02T14:14:03.924+0000] {dag.py:3823} INFO - Setting next_dagrun for f1_bigdata_pipeline to 2026-04-27 06:00:00+00:00, run_after=2026-05-04 06:00:00+00:00
[2026-05-02T14:14:03.932+0000] {processor.py:183} INFO - Processing /opt/airflow/dags/f1_pipeline_dag.py took 0.078 seconds
[2026-05-02T14:14:34.131+0000] {processor.py:161} INFO - Started process (PID=229) to work on /opt/airflow/dags/f1_pipeline_dag.py
[2026-05-02T14:14:34.132+0000] {processor.py:830} INFO - Processing file /opt/airflow/dags/f1_pipeline_dag.py for tasks to queue
[2026-05-02T14:14:34.133+0000] {logging_mixin.py:188} INFO - [2026-05-02T14:14:34.132+0000] {dagbag.py:538} INFO - Filling up the DagBag from /opt/airflow/dags/f1_pipeline_dag.py
[2026-05-02T14:14:34.150+0000] {processor.py:840} INFO - DAG(s) 'f1_bigdata_pipeline' retrieved from /opt/airflow/dags/f1_pipeline_dag.py
[2026-05-02T14:14:34.177+0000] {logging_mixin.py:188} INFO - [2026-05-02T14:14:34.177+0000] {dag.py:3036} INFO - Sync 1 DAGs
[2026-05-02T14:14:34.209+0000] {logging_mixin.py:188} INFO - [2026-05-02T14:14:34.208+0000] {dag.py:3823} INFO - Setting next_dagrun for f1_bigdata_pipeline to 2026-04-27 06:00:00+00:00, run_after=2026-05-04 06:00:00+00:00
[2026-05-02T14:14:34.231+0000] {processor.py:183} INFO - Processing /opt/airflow/dags/f1_pipeline_dag.py took 0.105 seconds
[2026-05-02T14:15:04.481+0000] {processor.py:161} INFO - Started process (PID=234) to work on /opt/airflow/dags/f1_pipeline_dag.py
[2026-05-02T14:15:04.482+0000] {processor.py:830} INFO - Processing file /opt/airflow/dags/f1_pipeline_dag.py for tasks to queue
[2026-05-02T14:15:04.482+0000] {logging_mixin.py:188} INFO - [2026-05-02T14:15:04.482+0000] {dagbag.py:538} INFO - Filling up the DagBag from /opt/airflow/dags/f1_pipeline_dag.py
[2026-05-02T14:15:04.496+0000] {processor.py:840} INFO - DAG(s) 'f1_bigdata_pipeline' retrieved from /opt/airflow/dags/f1_pipeline_dag.py
[2026-05-02T14:15:04.535+0000] {logging_mixin.py:188} INFO - [2026-05-02T14:15:04.535+0000] {dag.py:3036} INFO - Sync 1 DAGs
[2026-05-02T14:15:04.548+0000] {logging_mixin.py:188} INFO - [2026-05-02T14:15:04.548+0000] {dag.py:3823} INFO - Setting next_dagrun for f1_bigdata_pipeline to 2026-04-27 06:00:00+00:00, run_after=2026-05-04 06:00:00+00:00
[2026-05-02T14:15:04.555+0000] {processor.py:183} INFO - Processing /opt/airflow/dags/f1_pipeline_dag.py took 0.078 seconds
[2026-05-02T14:15:34.776+0000] {processor.py:161} INFO - Started process (PID=239) to work on /opt/airflow/dags/f1_pipeline_dag.py
[2026-05-02T14:15:34.777+0000] {processor.py:830} INFO - Processing file /opt/airflow/dags/f1_pipeline_dag.py for tasks to queue
[2026-05-02T14:15:34.778+0000] {logging_mixin.py:188} INFO - [2026-05-02T14:15:34.778+0000] {dagbag.py:538} INFO - Filling up the DagBag from /opt/airflow/dags/f1_pipeline_dag.py
[2026-05-02T14:15:34.798+0000] {processor.py:840} INFO - DAG(s) 'f1_bigdata_pipeline' retrieved from /opt/airflow/dags/f1_pipeline_dag.py
[2026-05-02T14:15:34.821+0000] {logging_mixin.py:188} INFO - [2026-05-02T14:15:34.821+0000] {dag.py:3036} INFO - Sync 1 DAGs
[2026-05-02T14:15:34.839+0000] {logging_mixin.py:188} INFO - [2026-05-02T14:15:34.838+0000] {dag.py:3823} INFO - Setting next_dagrun for f1_bigdata_pipeline to 2026-04-27 06:00:00+00:00, run_after=2026-05-04 06:00:00+00:00
[2026-05-02T14:15:34.860+0000] {processor.py:183} INFO - Processing /opt/airflow/dags/f1_pipeline_dag.py took 0.089 seconds
[2026-05-02T14:16:05.241+0000] {processor.py:161} INFO - Started process (PID=267) to work on /opt/airflow/dags/f1_pipeline_dag.py
[2026-05-02T14:16:05.245+0000] {processor.py:830} INFO - Processing file /opt/airflow/dags/f1_pipeline_dag.py for tasks to queue
[2026-05-02T14:16:05.249+0000] {logging_mixin.py:188} INFO - [2026-05-02T14:16:05.248+0000] {dagbag.py:538} INFO - Filling up the DagBag from /opt/airflow/dags/f1_pipeline_dag.py
[2026-05-02T14:16:05.294+0000] {processor.py:840} INFO - DAG(s) 'f1_bigdata_pipeline' retrieved from /opt/airflow/dags/f1_pipeline_dag.py
[2026-05-02T14:16:05.376+0000] {logging_mixin.py:188} INFO - [2026-05-02T14:16:05.376+0000] {dag.py:3036} INFO - Sync 1 DAGs
[2026-05-02T14:16:05.420+0000] {logging_mixin.py:188} INFO - [2026-05-02T14:16:05.419+0000] {dag.py:3823} INFO - Setting next_dagrun for f1_bigdata_pipeline to 2026-04-27 06:00:00+00:00, run_after=2026-05-04 06:00:00+00:00
[2026-05-02T14:16:05.445+0000] {processor.py:183} INFO - Processing /opt/airflow/dags/f1_pipeline_dag.py took 0.215 seconds
[2026-05-02T14:16:36.006+0000] {processor.py:161} INFO - Started process (PID=272) to work on /opt/airflow/dags/f1_pipeline_dag.py
[2026-05-02T14:16:36.011+0000] {processor.py:830} INFO - Processing file /opt/airflow/dags/f1_pipeline_dag.py for tasks to queue
[2026-05-02T14:16:36.014+0000] {logging_mixin.py:188} INFO - [2026-05-02T14:16:36.013+0000] {dagbag.py:538} INFO - Filling up the DagBag from /opt/airflow/dags/f1_pipeline_dag.py
[2026-05-02T14:16:36.114+0000] {processor.py:840} INFO - DAG(s) 'f1_bigdata_pipeline' retrieved from /opt/airflow/dags/f1_pipeline_dag.py
[2026-05-02T14:16:36.472+0000] {logging_mixin.py:188} INFO - [2026-05-02T14:16:36.472+0000] {dag.py:3036} INFO - Sync 1 DAGs
[2026-05-02T14:16:36.621+0000] {logging_mixin.py:188} INFO - [2026-05-02T14:16:36.621+0000] {dag.py:3823} INFO - Setting next_dagrun for f1_bigdata_pipeline to 2026-04-27 06:00:00+00:00, run_after=2026-05-04 06:00:00+00:00
[2026-05-02T14:16:36.689+0000] {processor.py:183} INFO - Processing /opt/airflow/dags/f1_pipeline_dag.py took 0.705 seconds
[2026-05-02T14:17:07.195+0000] {processor.py:161} INFO - Started process (PID=277) to work on /opt/airflow/dags/f1_pipeline_dag.py
[2026-05-02T14:17:07.196+0000] {processor.py:830} INFO - Processing file /opt/airflow/dags/f1_pipeline_dag.py for tasks to queue
[2026-05-02T14:17:07.197+0000] {logging_mixin.py:188} INFO - [2026-05-02T14:17:07.197+0000] {dagbag.py:538} INFO - Filling up the DagBag from /opt/airflow/dags/f1_pipeline_dag.py
[2026-05-02T14:17:07.215+0000] {processor.py:840} INFO - DAG(s) 'f1_bigdata_pipeline' retrieved from /opt/airflow/dags/f1_pipeline_dag.py
[2026-05-02T14:17:07.250+0000] {logging_mixin.py:188} INFO - [2026-05-02T14:17:07.250+0000] {dag.py:3036} INFO - Sync 1 DAGs
[2026-05-02T14:17:07.280+0000] {logging_mixin.py:188} INFO - [2026-05-02T14:17:07.280+0000] {dag.py:3823} INFO - Setting next_dagrun for f1_bigdata_pipeline to 2026-04-27 06:00:00+00:00, run_after=2026-05-04 06:00:00+00:00
[2026-05-02T14:17:07.289+0000] {processor.py:183} INFO - Processing /opt/airflow/dags/f1_pipeline_dag.py took 0.102 seconds
[2026-05-02T14:17:37.581+0000] {processor.py:161} INFO - Started process (PID=282) to work on /opt/airflow/dags/f1_pipeline_dag.py
[2026-05-02T14:17:37.586+0000] {processor.py:830} INFO - Processing file /opt/airflow/dags/f1_pipeline_dag.py for tasks to queue
[2026-05-02T14:17:37.591+0000] {logging_mixin.py:188} INFO - [2026-05-02T14:17:37.589+0000] {dagbag.py:538} INFO - Filling up the DagBag from /opt/airflow/dags/f1_pipeline_dag.py
[2026-05-02T14:17:37.611+0000] {processor.py:840} INFO - DAG(s) 'f1_bigdata_pipeline' retrieved from /opt/airflow/dags/f1_pipeline_dag.py
[2026-05-02T14:17:37.639+0000] {logging_mixin.py:188} INFO - [2026-05-02T14:17:37.639+0000] {dag.py:3036} INFO - Sync 1 DAGs
[2026-05-02T14:17:37.657+0000] {logging_mixin.py:188} INFO - [2026-05-02T14:17:37.657+0000] {dag.py:3823} INFO - Setting next_dagrun for f1_bigdata_pipeline to 2026-04-27 06:00:00+00:00, run_after=2026-05-04 06:00:00+00:00
[2026-05-02T14:17:37.666+0000] {processor.py:183} INFO - Processing /opt/airflow/dags/f1_pipeline_dag.py took 0.090 seconds
[2026-05-02T14:18:07.811+0000] {processor.py:161} INFO - Started process (PID=287) to work on /opt/airflow/dags/f1_pipeline_dag.py
[2026-05-02T14:18:07.812+0000] {processor.py:830} INFO - Processing file /opt/airflow/dags/f1_pipeline_dag.py for tasks to queue
[2026-05-02T14:18:07.813+0000] {logging_mixin.py:188} INFO - [2026-05-02T14:18:07.813+0000] {dagbag.py:538} INFO - Filling up the DagBag from /opt/airflow/dags/f1_pipeline_dag.py
[2026-05-02T14:18:07.826+0000] {processor.py:840} INFO - DAG(s) 'f1_bigdata_pipeline' retrieved from /opt/airflow/dags/f1_pipeline_dag.py
[2026-05-02T14:18:07.874+0000] {logging_mixin.py:188} INFO - [2026-05-02T14:18:07.874+0000] {dag.py:3036} INFO - Sync 1 DAGs
[2026-05-02T14:18:07.890+0000] {logging_mixin.py:188} INFO - [2026-05-02T14:18:07.889+0000] {dag.py:3823} INFO - Setting next_dagrun for f1_bigdata_pipeline to 2026-04-27 06:00:00+00:00, run_after=2026-05-04 06:00:00+00:00
[2026-05-02T14:18:07.898+0000] {processor.py:183} INFO - Processing /opt/airflow/dags/f1_pipeline_dag.py took 0.089 seconds
[2026-05-02T14:18:38.021+0000] {processor.py:161} INFO - Started process (PID=292) to work on /opt/airflow/dags/f1_pipeline_dag.py
[2026-05-02T14:18:38.022+0000] {processor.py:830} INFO - Processing file /opt/airflow/dags/f1_pipeline_dag.py for tasks to queue
[2026-05-02T14:18:38.023+0000] {logging_mixin.py:188} INFO - [2026-05-02T14:18:38.022+0000] {dagbag.py:538} INFO - Filling up the DagBag from /opt/airflow/dags/f1_pipeline_dag.py
[2026-05-02T14:18:38.038+0000] {processor.py:840} INFO - DAG(s) 'f1_bigdata_pipeline' retrieved from /opt/airflow/dags/f1_pipeline_dag.py
[2026-05-02T14:18:38.079+0000] {logging_mixin.py:188} INFO - [2026-05-02T14:18:38.079+0000] {dag.py:3036} INFO - Sync 1 DAGs
[2026-05-02T14:18:38.102+0000] {logging_mixin.py:188} INFO - [2026-05-02T14:18:38.102+0000] {dag.py:3823} INFO - Setting next_dagrun for f1_bigdata_pipeline to 2026-04-27 06:00:00+00:00, run_after=2026-05-04 06:00:00+00:00
[2026-05-02T14:18:38.111+0000] {processor.py:183} INFO - Processing /opt/airflow/dags/f1_pipeline_dag.py took 0.094 seconds
[2026-05-02T14:19:08.652+0000] {processor.py:161} INFO - Started process (PID=297) to work on /opt/airflow/dags/f1_pipeline_dag.py
[2026-05-02T14:19:08.666+0000] {processor.py:830} INFO - Processing file /opt/airflow/dags/f1_pipeline_dag.py for tasks to queue
[2026-05-02T14:19:08.667+0000] {logging_mixin.py:188} INFO - [2026-05-02T14:19:08.667+0000] {dagbag.py:538} INFO - Filling up the DagBag from /opt/airflow/dags/f1_pipeline_dag.py
[2026-05-02T14:19:08.738+0000] {processor.py:840} INFO - DAG(s) 'f1_bigdata_pipeline' retrieved from /opt/airflow/dags/f1_pipeline_dag.py
[2026-05-02T14:19:08.831+0000] {logging_mixin.py:188} INFO - [2026-05-02T14:19:08.831+0000] {dag.py:3036} INFO - Sync 1 DAGs
[2026-05-02T14:19:08.895+0000] {logging_mixin.py:188} INFO - [2026-05-02T14:19:08.895+0000] {dag.py:3823} INFO - Setting next_dagrun for f1_bigdata_pipeline to 2026-04-27 06:00:00+00:00, run_after=2026-05-04 06:00:00+00:00
[2026-05-02T14:19:08.914+0000] {processor.py:183} INFO - Processing /opt/airflow/dags/f1_pipeline_dag.py took 0.286 seconds
[2026-05-02T14:19:40.043+0000] {processor.py:161} INFO - Started process (PID=302) to work on /opt/airflow/dags/f1_pipeline_dag.py
[2026-05-02T14:19:40.059+0000] {processor.py:830} INFO - Processing file /opt/airflow/dags/f1_pipeline_dag.py for tasks to queue
[2026-05-02T14:19:40.071+0000] {logging_mixin.py:188} INFO - [2026-05-02T14:19:40.066+0000] {dagbag.py:538} INFO - Filling up the DagBag from /opt/airflow/dags/f1_pipeline_dag.py
[2026-05-02T14:19:40.380+0000] {processor.py:840} INFO - DAG(s) 'f1_bigdata_pipeline' retrieved from /opt/airflow/dags/f1_pipeline_dag.py
[2026-05-02T14:19:40.864+0000] {logging_mixin.py:188} INFO - [2026-05-02T14:19:40.862+0000] {dag.py:3036} INFO - Sync 1 DAGs
[2026-05-02T14:19:41.053+0000] {logging_mixin.py:188} INFO - [2026-05-02T14:19:41.052+0000] {dag.py:3823} INFO - Setting next_dagrun for f1_bigdata_pipeline to 2026-04-27 06:00:00+00:00, run_after=2026-05-04 06:00:00+00:00
[2026-05-02T14:19:41.158+0000] {processor.py:183} INFO - Processing /opt/airflow/dags/f1_pipeline_dag.py took 1.223 seconds
[2026-05-02T14:20:11.876+0000] {processor.py:161} INFO - Started process (PID=319) to work on /opt/airflow/dags/f1_pipeline_dag.py
[2026-05-02T14:20:11.878+0000] {processor.py:830} INFO - Processing file /opt/airflow/dags/f1_pipeline_dag.py for tasks to queue
[2026-05-02T14:20:11.881+0000] {logging_mixin.py:188} INFO - [2026-05-02T14:20:11.880+0000] {dagbag.py:538} INFO - Filling up the DagBag from /opt/airflow/dags/f1_pipeline_dag.py
[2026-05-02T14:20:11.924+0000] {processor.py:840} INFO - DAG(s) 'f1_bigdata_pipeline' retrieved from /opt/airflow/dags/f1_pipeline_dag.py
[2026-05-02T14:20:11.978+0000] {logging_mixin.py:188} INFO - [2026-05-02T14:20:11.978+0000] {dag.py:3036} INFO - Sync 1 DAGs
[2026-05-02T14:20:12.007+0000] {logging_mixin.py:188} INFO - [2026-05-02T14:20:12.007+0000] {dag.py:3823} INFO - Setting next_dagrun for f1_bigdata_pipeline to 2026-04-27 06:00:00+00:00, run_after=2026-05-04 06:00:00+00:00
[2026-05-02T14:20:12.018+0000] {processor.py:183} INFO - Processing /opt/airflow/dags/f1_pipeline_dag.py took 0.164 seconds
[2026-05-02T14:20:42.091+0000] {processor.py:161} INFO - Started process (PID=499) to work on /opt/airflow/dags/f1_pipeline_dag.py
[2026-05-02T14:20:42.092+0000] {processor.py:830} INFO - Processing file /opt/airflow/dags/f1_pipeline_dag.py for tasks to queue
[2026-05-02T14:20:42.093+0000] {logging_mixin.py:188} INFO - [2026-05-02T14:20:42.092+0000] {dagbag.py:538} INFO - Filling up the DagBag from /opt/airflow/dags/f1_pipeline_dag.py
[2026-05-02T14:20:42.107+0000] {processor.py:840} INFO - DAG(s) 'f1_bigdata_pipeline' retrieved from /opt/airflow/dags/f1_pipeline_dag.py
[2026-05-02T14:20:42.128+0000] {logging_mixin.py:188} INFO - [2026-05-02T14:20:42.128+0000] {dag.py:3036} INFO - Sync 1 DAGs
[2026-05-02T14:20:42.143+0000] {logging_mixin.py:188} INFO - [2026-05-02T14:20:42.143+0000] {dag.py:3823} INFO - Setting next_dagrun for f1_bigdata_pipeline to 2026-04-27 06:00:00+00:00, run_after=2026-05-04 06:00:00+00:00
[2026-05-02T14:20:42.151+0000] {processor.py:183} INFO - Processing /opt/airflow/dags/f1_pipeline_dag.py took 0.063 seconds
[2026-05-02T14:21:12.300+0000] {processor.py:161} INFO - Started process (PID=544) to work on /opt/airflow/dags/f1_pipeline_dag.py
[2026-05-02T14:21:12.301+0000] {processor.py:830} INFO - Processing file /opt/airflow/dags/f1_pipeline_dag.py for tasks to queue
[2026-05-02T14:21:12.307+0000] {logging_mixin.py:188} INFO - [2026-05-02T14:21:12.306+0000] {dagbag.py:538} INFO - Filling up the DagBag from /opt/airflow/dags/f1_pipeline_dag.py
[2026-05-02T14:21:12.330+0000] {processor.py:840} INFO - DAG(s) 'f1_bigdata_pipeline' retrieved from /opt/airflow/dags/f1_pipeline_dag.py
[2026-05-02T14:21:12.377+0000] {logging_mixin.py:188} INFO - [2026-05-02T14:21:12.377+0000] {dag.py:3036} INFO - Sync 1 DAGs
[2026-05-02T14:21:12.408+0000] {logging_mixin.py:188} INFO - [2026-05-02T14:21:12.407+0000] {dag.py:3823} INFO - Setting next_dagrun for f1_bigdata_pipeline to 2026-04-27 06:00:00+00:00, run_after=2026-05-04 06:00:00+00:00
[2026-05-02T14:21:12.426+0000] {processor.py:183} INFO - Processing /opt/airflow/dags/f1_pipeline_dag.py took 0.131 seconds
[2026-05-02T14:21:42.576+0000] {processor.py:161} INFO - Started process (PID=569) to work on /opt/airflow/dags/f1_pipeline_dag.py
[2026-05-02T14:21:42.580+0000] {processor.py:830} INFO - Processing file /opt/airflow/dags/f1_pipeline_dag.py for tasks to queue
[2026-05-02T14:21:42.581+0000] {logging_mixin.py:188} INFO - [2026-05-02T14:21:42.581+0000] {dagbag.py:538} INFO - Filling up the DagBag from /opt/airflow/dags/f1_pipeline_dag.py
[2026-05-02T14:21:42.596+0000] {processor.py:840} INFO - DAG(s) 'f1_bigdata_pipeline' retrieved from /opt/airflow/dags/f1_pipeline_dag.py
[2026-05-02T14:21:42.639+0000] {logging_mixin.py:188} INFO - [2026-05-02T14:21:42.639+0000] {dag.py:3036} INFO - Sync 1 DAGs
[2026-05-02T14:21:42.655+0000] {logging_mixin.py:188} INFO - [2026-05-02T14:21:42.655+0000] {dag.py:3823} INFO - Setting next_dagrun for f1_bigdata_pipeline to 2026-04-27 06:00:00+00:00, run_after=2026-05-04 06:00:00+00:00
[2026-05-02T14:21:42.664+0000] {processor.py:183} INFO - Processing /opt/airflow/dags/f1_pipeline_dag.py took 0.091 seconds
[2026-05-02T14:22:12.899+0000] {processor.py:161} INFO - Started process (PID=574) to work on /opt/airflow/dags/f1_pipeline_dag.py
[2026-05-02T14:22:12.900+0000] {processor.py:830} INFO - Processing file /opt/airflow/dags/f1_pipeline_dag.py for tasks to queue
[2026-05-02T14:22:12.901+0000] {logging_mixin.py:188} INFO - [2026-05-02T14:22:12.900+0000] {dagbag.py:538} INFO - Filling up the DagBag from /opt/airflow/dags/f1_pipeline_dag.py
[2026-05-02T14:22:12.911+0000] {processor.py:840} INFO - DAG(s) 'f1_bigdata_pipeline' retrieved from /opt/airflow/dags/f1_pipeline_dag.py
[2026-05-02T14:22:12.947+0000] {logging_mixin.py:188} INFO - [2026-05-02T14:22:12.947+0000] {dag.py:3036} INFO - Sync 1 DAGs
[2026-05-02T14:22:12.963+0000] {logging_mixin.py:188} INFO - [2026-05-02T14:22:12.963+0000] {dag.py:3823} INFO - Setting next_dagrun for f1_bigdata_pipeline to 2026-04-27 06:00:00+00:00, run_after=2026-05-04 06:00:00+00:00
[2026-05-02T14:22:12.973+0000] {processor.py:183} INFO - Processing /opt/airflow/dags/f1_pipeline_dag.py took 0.076 seconds
[2026-05-02T14:22:43.194+0000] {processor.py:161} INFO - Started process (PID=579) to work on /opt/airflow/dags/f1_pipeline_dag.py
[2026-05-02T14:22:43.196+0000] {processor.py:830} INFO - Processing file /opt/airflow/dags/f1_pipeline_dag.py for tasks to queue
[2026-05-02T14:22:43.197+0000] {logging_mixin.py:188} INFO - [2026-05-02T14:22:43.196+0000] {dagbag.py:538} INFO - Filling up the DagBag from /opt/airflow/dags/f1_pipeline_dag.py
[2026-05-02T14:22:43.216+0000] {processor.py:840} INFO - DAG(s) 'f1_bigdata_pipeline' retrieved from /opt/airflow/dags/f1_pipeline_dag.py
[2026-05-02T14:22:43.246+0000] {logging_mixin.py:188} INFO - [2026-05-02T14:22:43.246+0000] {dag.py:3036} INFO - Sync 1 DAGs
[2026-05-02T14:22:43.276+0000] {logging_mixin.py:188} INFO - [2026-05-02T14:22:43.276+0000] {dag.py:3823} INFO - Setting next_dagrun for f1_bigdata_pipeline to 2026-04-27 06:00:00+00:00, run_after=2026-05-04 06:00:00+00:00
[2026-05-02T14:22:43.289+0000] {processor.py:183} INFO - Processing /opt/airflow/dags/f1_pipeline_dag.py took 0.099 seconds
[2026-05-02T14:23:13.506+0000] {processor.py:161} INFO - Started process (PID=584) to work on /opt/airflow/dags/f1_pipeline_dag.py
[2026-05-02T14:23:13.508+0000] {processor.py:830} INFO - Processing file /opt/airflow/dags/f1_pipeline_dag.py for tasks to queue
[2026-05-02T14:23:13.509+0000] {logging_mixin.py:188} INFO - [2026-05-02T14:23:13.508+0000] {dagbag.py:538} INFO - Filling up the DagBag from /opt/airflow/dags/f1_pipeline_dag.py
[2026-05-02T14:23:13.529+0000] {processor.py:840} INFO - DAG(s) 'f1_bigdata_pipeline' retrieved from /opt/airflow/dags/f1_pipeline_dag.py
[2026-05-02T14:23:13.568+0000] {logging_mixin.py:188} INFO - [2026-05-02T14:23:13.568+0000] {dag.py:3036} INFO - Sync 1 DAGs
[2026-05-02T14:23:13.585+0000] {logging_mixin.py:188} INFO - [2026-05-02T14:23:13.585+0000] {dag.py:3823} INFO - Setting next_dagrun for f1_bigdata_pipeline to 2026-04-27 06:00:00+00:00, run_after=2026-05-04 06:00:00+00:00
[2026-05-02T14:23:13.594+0000] {processor.py:183} INFO - Processing /opt/airflow/dags/f1_pipeline_dag.py took 0.094 seconds
[2026-05-02T14:23:43.783+0000] {processor.py:161} INFO - Started process (PID=589) to work on /opt/airflow/dags/f1_pipeline_dag.py
[2026-05-02T14:23:43.785+0000] {processor.py:830} INFO - Processing file /opt/airflow/dags/f1_pipeline_dag.py for tasks to queue
[2026-05-02T14:23:43.787+0000] {logging_mixin.py:188} INFO - [2026-05-02T14:23:43.786+0000] {dagbag.py:538} INFO - Filling up the DagBag from /opt/airflow/dags/f1_pipeline_dag.py
[2026-05-02T14:23:43.809+0000] {processor.py:840} INFO - DAG(s) 'f1_bigdata_pipeline' retrieved from /opt/airflow/dags/f1_pipeline_dag.py
[2026-05-02T14:23:43.843+0000] {logging_mixin.py:188} INFO - [2026-05-02T14:23:43.843+0000] {dag.py:3036} INFO - Sync 1 DAGs
[2026-05-02T14:23:43.862+0000] {logging_mixin.py:188} INFO - [2026-05-02T14:23:43.862+0000] {dag.py:3823} INFO - Setting next_dagrun for f1_bigdata_pipeline to 2026-04-27 06:00:00+00:00, run_after=2026-05-04 06:00:00+00:00
[2026-05-02T14:23:43.873+0000] {processor.py:183} INFO - Processing /opt/airflow/dags/f1_pipeline_dag.py took 0.095 seconds
[2026-05-02T14:24:14.067+0000] {processor.py:161} INFO - Started process (PID=594) to work on /opt/airflow/dags/f1_pipeline_dag.py
[2026-05-02T14:24:14.069+0000] {processor.py:830} INFO - Processing file /opt/airflow/dags/f1_pipeline_dag.py for tasks to queue
[2026-05-02T14:24:14.070+0000] {logging_mixin.py:188} INFO - [2026-05-02T14:24:14.070+0000] {dagbag.py:538} INFO - Filling up the DagBag from /opt/airflow/dags/f1_pipeline_dag.py
[2026-05-02T14:24:14.087+0000] {processor.py:840} INFO - DAG(s) 'f1_bigdata_pipeline' retrieved from /opt/airflow/dags/f1_pipeline_dag.py
[2026-05-02T14:24:14.119+0000] {logging_mixin.py:188} INFO - [2026-05-02T14:24:14.119+0000] {dag.py:3036} INFO - Sync 1 DAGs
[2026-05-02T14:24:14.137+0000] {logging_mixin.py:188} INFO - [2026-05-02T14:24:14.137+0000] {dag.py:3823} INFO - Setting next_dagrun for f1_bigdata_pipeline to 2026-04-27 06:00:00+00:00, run_after=2026-05-04 06:00:00+00:00
[2026-05-02T14:24:14.148+0000] {processor.py:183} INFO - Processing /opt/airflow/dags/f1_pipeline_dag.py took 0.086 seconds
[2026-05-02T14:24:44.360+0000] {processor.py:161} INFO - Started process (PID=599) to work on /opt/airflow/dags/f1_pipeline_dag.py
[2026-05-02T14:24:44.362+0000] {processor.py:830} INFO - Processing file /opt/airflow/dags/f1_pipeline_dag.py for tasks to queue
[2026-05-02T14:24:44.363+0000] {logging_mixin.py:188} INFO - [2026-05-02T14:24:44.362+0000] {dagbag.py:538} INFO - Filling up the DagBag from /opt/airflow/dags/f1_pipeline_dag.py
[2026-05-02T14:24:44.393+0000] {processor.py:840} INFO - DAG(s) 'f1_bigdata_pipeline' retrieved from /opt/airflow/dags/f1_pipeline_dag.py
[2026-05-02T14:24:44.423+0000] {logging_mixin.py:188} INFO - [2026-05-02T14:24:44.422+0000] {dag.py:3036} INFO - Sync 1 DAGs
[2026-05-02T14:24:44.464+0000] {logging_mixin.py:188} INFO - [2026-05-02T14:24:44.464+0000] {dag.py:3823} INFO - Setting next_dagrun for f1_bigdata_pipeline to 2026-04-27 06:00:00+00:00, run_after=2026-05-04 06:00:00+00:00
[2026-05-02T14:24:44.475+0000] {processor.py:183} INFO - Processing /opt/airflow/dags/f1_pipeline_dag.py took 0.119 seconds
[2026-05-02T14:25:14.721+0000] {processor.py:161} INFO - Started process (PID=604) to work on /opt/airflow/dags/f1_pipeline_dag.py
[2026-05-02T14:25:14.725+0000] {processor.py:830} INFO - Processing file /opt/airflow/dags/f1_pipeline_dag.py for tasks to queue
[2026-05-02T14:25:14.726+0000] {logging_mixin.py:188} INFO - [2026-05-02T14:25:14.726+0000] {dagbag.py:538} INFO - Filling up the DagBag from /opt/airflow/dags/f1_pipeline_dag.py
[2026-05-02T14:25:14.747+0000] {processor.py:840} INFO - DAG(s) 'f1_bigdata_pipeline' retrieved from /opt/airflow/dags/f1_pipeline_dag.py
[2026-05-02T14:25:14.793+0000] {logging_mixin.py:188} INFO - [2026-05-02T14:25:14.792+0000] {dag.py:3036} INFO - Sync 1 DAGs
[2026-05-02T14:25:14.815+0000] {logging_mixin.py:188} INFO - [2026-05-02T14:25:14.815+0000] {dag.py:3823} INFO - Setting next_dagrun for f1_bigdata_pipeline to 2026-04-27 06:00:00+00:00, run_after=2026-05-04 06:00:00+00:00
[2026-05-02T14:25:14.828+0000] {processor.py:183} INFO - Processing /opt/airflow/dags/f1_pipeline_dag.py took 0.112 seconds
[2026-05-02T14:25:45.163+0000] {processor.py:161} INFO - Started process (PID=609) to work on /opt/airflow/dags/f1_pipeline_dag.py
[2026-05-02T14:25:45.164+0000] {processor.py:830} INFO - Processing file /opt/airflow/dags/f1_pipeline_dag.py for tasks to queue
[2026-05-02T14:25:45.166+0000] {logging_mixin.py:188} INFO - [2026-05-02T14:25:45.165+0000] {dagbag.py:538} INFO - Filling up the DagBag from /opt/airflow/dags/f1_pipeline_dag.py
[2026-05-02T14:25:45.184+0000] {processor.py:840} INFO - DAG(s) 'f1_bigdata_pipeline' retrieved from /opt/airflow/dags/f1_pipeline_dag.py
[2026-05-02T14:25:45.224+0000] {logging_mixin.py:188} INFO - [2026-05-02T14:25:45.224+0000] {dag.py:3036} INFO - Sync 1 DAGs
[2026-05-02T14:25:45.243+0000] {logging_mixin.py:188} INFO - [2026-05-02T14:25:45.242+0000] {dag.py:3823} INFO - Setting next_dagrun for f1_bigdata_pipeline to 2026-04-27 06:00:00+00:00, run_after=2026-05-04 06:00:00+00:00
[2026-05-02T14:25:45.252+0000] {processor.py:183} INFO - Processing /opt/airflow/dags/f1_pipeline_dag.py took 0.094 seconds
[2026-05-02T14:26:15.422+0000] {processor.py:161} INFO - Started process (PID=614) to work on /opt/airflow/dags/f1_pipeline_dag.py
[2026-05-02T14:26:15.433+0000] {processor.py:830} INFO - Processing file /opt/airflow/dags/f1_pipeline_dag.py for tasks to queue
[2026-05-02T14:26:15.434+0000] {logging_mixin.py:188} INFO - [2026-05-02T14:26:15.434+0000] {dagbag.py:538} INFO - Filling up the DagBag from /opt/airflow/dags/f1_pipeline_dag.py
[2026-05-02T14:26:15.455+0000] {processor.py:840} INFO - DAG(s) 'f1_bigdata_pipeline' retrieved from /opt/airflow/dags/f1_pipeline_dag.py
[2026-05-02T14:26:15.499+0000] {logging_mixin.py:188} INFO - [2026-05-02T14:26:15.499+0000] {dag.py:3036} INFO - Sync 1 DAGs
[2026-05-02T14:26:15.518+0000] {logging_mixin.py:188} INFO - [2026-05-02T14:26:15.518+0000] {dag.py:3823} INFO - Setting next_dagrun for f1_bigdata_pipeline to 2026-04-27 06:00:00+00:00, run_after=2026-05-04 06:00:00+00:00
[2026-05-02T14:26:15.528+0000] {processor.py:183} INFO - Processing /opt/airflow/dags/f1_pipeline_dag.py took 0.113 seconds
[2026-05-02T14:26:45.753+0000] {processor.py:161} INFO - Started process (PID=639) to work on /opt/airflow/dags/f1_pipeline_dag.py
[2026-05-02T14:26:45.754+0000] {processor.py:830} INFO - Processing file /opt/airflow/dags/f1_pipeline_dag.py for tasks to queue
[2026-05-02T14:26:45.755+0000] {logging_mixin.py:188} INFO - [2026-05-02T14:26:45.755+0000] {dagbag.py:538} INFO - Filling up the DagBag from /opt/airflow/dags/f1_pipeline_dag.py
[2026-05-02T14:26:45.790+0000] {processor.py:840} INFO - DAG(s) 'f1_bigdata_pipeline' retrieved from /opt/airflow/dags/f1_pipeline_dag.py
[2026-05-02T14:26:45.821+0000] {logging_mixin.py:188} INFO - [2026-05-02T14:26:45.821+0000] {dag.py:3036} INFO - Sync 1 DAGs
[2026-05-02T14:26:45.846+0000] {logging_mixin.py:188} INFO - [2026-05-02T14:26:45.846+0000] {dag.py:3823} INFO - Setting next_dagrun for f1_bigdata_pipeline to 2026-04-27 06:00:00+00:00, run_after=2026-05-04 06:00:00+00:00
[2026-05-02T14:26:45.857+0000] {processor.py:183} INFO - Processing /opt/airflow/dags/f1_pipeline_dag.py took 0.107 seconds
[2026-05-02T14:27:16.106+0000] {processor.py:161} INFO - Started process (PID=644) to work on /opt/airflow/dags/f1_pipeline_dag.py
[2026-05-02T14:27:16.108+0000] {processor.py:830} INFO - Processing file /opt/airflow/dags/f1_pipeline_dag.py for tasks to queue
[2026-05-02T14:27:16.109+0000] {logging_mixin.py:188} INFO - [2026-05-02T14:27:16.108+0000] {dagbag.py:538} INFO - Filling up the DagBag from /opt/airflow/dags/f1_pipeline_dag.py
[2026-05-02T14:27:16.133+0000] {processor.py:840} INFO - DAG(s) 'f1_bigdata_pipeline' retrieved from /opt/airflow/dags/f1_pipeline_dag.py
[2026-05-02T14:27:16.163+0000] {logging_mixin.py:188} INFO - [2026-05-02T14:27:16.163+0000] {dag.py:3036} INFO - Sync 1 DAGs
[2026-05-02T14:27:16.178+0000] {logging_mixin.py:188} INFO - [2026-05-02T14:27:16.178+0000] {dag.py:3823} INFO - Setting next_dagrun for f1_bigdata_pipeline to 2026-04-27 06:00:00+00:00, run_after=2026-05-04 06:00:00+00:00
[2026-05-02T14:27:16.202+0000] {processor.py:183} INFO - Processing /opt/airflow/dags/f1_pipeline_dag.py took 0.101 seconds
[2026-05-02T14:27:46.455+0000] {processor.py:161} INFO - Started process (PID=649) to work on /opt/airflow/dags/f1_pipeline_dag.py
[2026-05-02T14:27:46.457+0000] {processor.py:830} INFO - Processing file /opt/airflow/dags/f1_pipeline_dag.py for tasks to queue
[2026-05-02T14:27:46.459+0000] {logging_mixin.py:188} INFO - [2026-05-02T14:27:46.458+0000] {dagbag.py:538} INFO - Filling up the DagBag from /opt/airflow/dags/f1_pipeline_dag.py
[2026-05-02T14:27:46.481+0000] {processor.py:840} INFO - DAG(s) 'f1_bigdata_pipeline' retrieved from /opt/airflow/dags/f1_pipeline_dag.py
[2026-05-02T14:27:46.510+0000] {logging_mixin.py:188} INFO - [2026-05-02T14:27:46.510+0000] {dag.py:3036} INFO - Sync 1 DAGs
[2026-05-02T14:27:46.526+0000] {logging_mixin.py:188} INFO - [2026-05-02T14:27:46.526+0000] {dag.py:3823} INFO - Setting next_dagrun for f1_bigdata_pipeline to 2026-04-27 06:00:00+00:00, run_after=2026-05-04 06:00:00+00:00
[2026-05-02T14:27:46.536+0000] {processor.py:183} INFO - Processing /opt/airflow/dags/f1_pipeline_dag.py took 0.098 seconds
[2026-05-02T14:28:16.820+0000] {processor.py:161} INFO - Started process (PID=654) to work on /opt/airflow/dags/f1_pipeline_dag.py
[2026-05-02T14:28:16.822+0000] {processor.py:830} INFO - Processing file /opt/airflow/dags/f1_pipeline_dag.py for tasks to queue
[2026-05-02T14:28:16.824+0000] {logging_mixin.py:188} INFO - [2026-05-02T14:28:16.823+0000] {dagbag.py:538} INFO - Filling up the DagBag from /opt/airflow/dags/f1_pipeline_dag.py
[2026-05-02T14:28:16.845+0000] {processor.py:840} INFO - DAG(s) 'f1_bigdata_pipeline' retrieved from /opt/airflow/dags/f1_pipeline_dag.py
[2026-05-02T14:28:16.888+0000] {logging_mixin.py:188} INFO - [2026-05-02T14:28:16.888+0000] {dag.py:3036} INFO - Sync 1 DAGs
[2026-05-02T14:28:16.905+0000] {logging_mixin.py:188} INFO - [2026-05-02T14:28:16.905+0000] {dag.py:3823} INFO - Setting next_dagrun for f1_bigdata_pipeline to 2026-04-27 06:00:00+00:00, run_after=2026-05-04 06:00:00+00:00
[2026-05-02T14:28:16.914+0000] {processor.py:183} INFO - Processing /opt/airflow/dags/f1_pipeline_dag.py took 0.099 seconds
[2026-05-02T14:28:47.108+0000] {processor.py:161} INFO - Started process (PID=659) to work on /opt/airflow/dags/f1_pipeline_dag.py
[2026-05-02T14:28:47.110+0000] {processor.py:830} INFO - Processing file /opt/airflow/dags/f1_pipeline_dag.py for tasks to queue
[2026-05-02T14:28:47.111+0000] {logging_mixin.py:188} INFO - [2026-05-02T14:28:47.110+0000] {dagbag.py:538} INFO - Filling up the DagBag from /opt/airflow/dags/f1_pipeline_dag.py
[2026-05-02T14:28:47.131+0000] {processor.py:840} INFO - DAG(s) 'f1_bigdata_pipeline' retrieved from /opt/airflow/dags/f1_pipeline_dag.py
[2026-05-02T14:28:47.175+0000] {logging_mixin.py:188} INFO - [2026-05-02T14:28:47.175+0000] {dag.py:3036} INFO - Sync 1 DAGs
[2026-05-02T14:28:47.195+0000] {logging_mixin.py:188} INFO - [2026-05-02T14:28:47.195+0000] {dag.py:3823} INFO - Setting next_dagrun for f1_bigdata_pipeline to 2026-04-27 06:00:00+00:00, run_after=2026-05-04 06:00:00+00:00
[2026-05-02T14:28:47.221+0000] {processor.py:183} INFO - Processing /opt/airflow/dags/f1_pipeline_dag.py took 0.119 seconds
[2026-05-02T14:29:17.433+0000] {processor.py:161} INFO - Started process (PID=664) to work on /opt/airflow/dags/f1_pipeline_dag.py
[2026-05-02T14:29:17.436+0000] {processor.py:830} INFO - Processing file /opt/airflow/dags/f1_pipeline_dag.py for tasks to queue
[2026-05-02T14:29:17.437+0000] {logging_mixin.py:188} INFO - [2026-05-02T14:29:17.437+0000] {dagbag.py:538} INFO - Filling up the DagBag from /opt/airflow/dags/f1_pipeline_dag.py
[2026-05-02T14:29:17.463+0000] {processor.py:840} INFO - DAG(s) 'f1_bigdata_pipeline' retrieved from /opt/airflow/dags/f1_pipeline_dag.py
[2026-05-02T14:29:17.495+0000] {logging_mixin.py:188} INFO - [2026-05-02T14:29:17.495+0000] {dag.py:3036} INFO - Sync 1 DAGs
[2026-05-02T14:29:17.512+0000] {logging_mixin.py:188} INFO - [2026-05-02T14:29:17.512+0000] {dag.py:3823} INFO - Setting next_dagrun for f1_bigdata_pipeline to 2026-04-27 06:00:00+00:00, run_after=2026-05-04 06:00:00+00:00
[2026-05-02T14:29:17.521+0000] {processor.py:183} INFO - Processing /opt/airflow/dags/f1_pipeline_dag.py took 0.094 seconds
[2026-05-02T14:29:47.786+0000] {processor.py:161} INFO - Started process (PID=669) to work on /opt/airflow/dags/f1_pipeline_dag.py
[2026-05-02T14:29:47.788+0000] {processor.py:830} INFO - Processing file /opt/airflow/dags/f1_pipeline_dag.py for tasks to queue
[2026-05-02T14:29:47.790+0000] {logging_mixin.py:188} INFO - [2026-05-02T14:29:47.790+0000] {dagbag.py:538} INFO - Filling up the DagBag from /opt/airflow/dags/f1_pipeline_dag.py
[2026-05-02T14:29:47.810+0000] {processor.py:840} INFO - DAG(s) 'f1_bigdata_pipeline' retrieved from /opt/airflow/dags/f1_pipeline_dag.py
[2026-05-02T14:29:47.851+0000] {logging_mixin.py:188} INFO - [2026-05-02T14:29:47.851+0000] {dag.py:3036} INFO - Sync 1 DAGs
[2026-05-02T14:29:47.875+0000] {logging_mixin.py:188} INFO - [2026-05-02T14:29:47.875+0000] {dag.py:3823} INFO - Setting next_dagrun for f1_bigdata_pipeline to 2026-04-27 06:00:00+00:00, run_after=2026-05-04 06:00:00+00:00
[2026-05-02T14:29:47.885+0000] {processor.py:183} INFO - Processing /opt/airflow/dags/f1_pipeline_dag.py took 0.105 seconds
[2026-05-02T14:30:18.112+0000] {processor.py:161} INFO - Started process (PID=674) to work on /opt/airflow/dags/f1_pipeline_dag.py
[2026-05-02T14:30:18.117+0000] {processor.py:830} INFO - Processing file /opt/airflow/dags/f1_pipeline_dag.py for tasks to queue
[2026-05-02T14:30:18.118+0000] {logging_mixin.py:188} INFO - [2026-05-02T14:30:18.118+0000] {dagbag.py:538} INFO - Filling up the DagBag from /opt/airflow/dags/f1_pipeline_dag.py
[2026-05-02T14:30:18.135+0000] {processor.py:840} INFO - DAG(s) 'f1_bigdata_pipeline' retrieved from /opt/airflow/dags/f1_pipeline_dag.py
[2026-05-02T14:30:18.180+0000] {logging_mixin.py:188} INFO - [2026-05-02T14:30:18.180+0000] {dag.py:3036} INFO - Sync 1 DAGs
[2026-05-02T14:30:18.199+0000] {logging_mixin.py:188} INFO - [2026-05-02T14:30:18.199+0000] {dag.py:3823} INFO - Setting next_dagrun for f1_bigdata_pipeline to 2026-04-27 06:00:00+00:00, run_after=2026-05-04 06:00:00+00:00
[2026-05-02T14:30:18.209+0000] {processor.py:183} INFO - Processing /opt/airflow/dags/f1_pipeline_dag.py took 0.101 seconds
[2026-05-02T14:30:48.481+0000] {processor.py:161} INFO - Started process (PID=679) to work on /opt/airflow/dags/f1_pipeline_dag.py
[2026-05-02T14:30:48.482+0000] {processor.py:830} INFO - Processing file /opt/airflow/dags/f1_pipeline_dag.py for tasks to queue
[2026-05-02T14:30:48.483+0000] {logging_mixin.py:188} INFO - [2026-05-02T14:30:48.482+0000] {dagbag.py:538} INFO - Filling up the DagBag from /opt/airflow/dags/f1_pipeline_dag.py
[2026-05-02T14:30:48.502+0000] {processor.py:840} INFO - DAG(s) 'f1_bigdata_pipeline' retrieved from /opt/airflow/dags/f1_pipeline_dag.py
[2026-05-02T14:30:48.529+0000] {logging_mixin.py:188} INFO - [2026-05-02T14:30:48.529+0000] {dag.py:3036} INFO - Sync 1 DAGs
[2026-05-02T14:30:48.560+0000] {logging_mixin.py:188} INFO - [2026-05-02T14:30:48.560+0000] {dag.py:3823} INFO - Setting next_dagrun for f1_bigdata_pipeline to 2026-04-27 06:00:00+00:00, run_after=2026-05-04 06:00:00+00:00
[2026-05-02T14:30:48.573+0000] {processor.py:183} INFO - Processing /opt/airflow/dags/f1_pipeline_dag.py took 0.098 seconds
[2026-05-02T14:31:18.779+0000] {processor.py:161} INFO - Started process (PID=684) to work on /opt/airflow/dags/f1_pipeline_dag.py
[2026-05-02T14:31:18.782+0000] {processor.py:830} INFO - Processing file /opt/airflow/dags/f1_pipeline_dag.py for tasks to queue
[2026-05-02T14:31:18.783+0000] {logging_mixin.py:188} INFO - [2026-05-02T14:31:18.783+0000] {dagbag.py:538} INFO - Filling up the DagBag from /opt/airflow/dags/f1_pipeline_dag.py
[2026-05-02T14:31:18.798+0000] {processor.py:840} INFO - DAG(s) 'f1_bigdata_pipeline' retrieved from /opt/airflow/dags/f1_pipeline_dag.py
[2026-05-02T14:31:18.849+0000] {logging_mixin.py:188} INFO - [2026-05-02T14:31:18.848+0000] {dag.py:3036} INFO - Sync 1 DAGs
[2026-05-02T14:31:18.867+0000] {logging_mixin.py:188} INFO - [2026-05-02T14:31:18.867+0000] {dag.py:3823} INFO - Setting next_dagrun for f1_bigdata_pipeline to 2026-04-27 06:00:00+00:00, run_after=2026-05-04 06:00:00+00:00
[2026-05-02T14:31:18.877+0000] {processor.py:183} INFO - Processing /opt/airflow/dags/f1_pipeline_dag.py took 0.101 seconds
[2026-05-02T14:31:49.232+0000] {processor.py:161} INFO - Started process (PID=709) to work on /opt/airflow/dags/f1_pipeline_dag.py
[2026-05-02T14:31:49.234+0000] {processor.py:830} INFO - Processing file /opt/airflow/dags/f1_pipeline_dag.py for tasks to queue
[2026-05-02T14:31:49.235+0000] {logging_mixin.py:188} INFO - [2026-05-02T14:31:49.235+0000] {dagbag.py:538} INFO - Filling up the DagBag from /opt/airflow/dags/f1_pipeline_dag.py
[2026-05-02T14:31:49.261+0000] {processor.py:840} INFO - DAG(s) 'f1_bigdata_pipeline' retrieved from /opt/airflow/dags/f1_pipeline_dag.py
[2026-05-02T14:31:49.309+0000] {logging_mixin.py:188} INFO - [2026-05-02T14:31:49.308+0000] {dag.py:3036} INFO - Sync 1 DAGs
[2026-05-02T14:31:49.334+0000] {logging_mixin.py:188} INFO - [2026-05-02T14:31:49.334+0000] {dag.py:3823} INFO - Setting next_dagrun for f1_bigdata_pipeline to 2026-04-27 06:00:00+00:00, run_after=2026-05-04 06:00:00+00:00
[2026-05-02T14:31:49.345+0000] {processor.py:183} INFO - Processing /opt/airflow/dags/f1_pipeline_dag.py took 0.119 seconds
[2026-05-02T14:32:19.601+0000] {processor.py:161} INFO - Started process (PID=714) to work on /opt/airflow/dags/f1_pipeline_dag.py
[2026-05-02T14:32:19.602+0000] {processor.py:830} INFO - Processing file /opt/airflow/dags/f1_pipeline_dag.py for tasks to queue
[2026-05-02T14:32:19.604+0000] {logging_mixin.py:188} INFO - [2026-05-02T14:32:19.603+0000] {dagbag.py:538} INFO - Filling up the DagBag from /opt/airflow/dags/f1_pipeline_dag.py
[2026-05-02T14:32:19.632+0000] {processor.py:840} INFO - DAG(s) 'f1_bigdata_pipeline' retrieved from /opt/airflow/dags/f1_pipeline_dag.py
[2026-05-02T14:32:19.667+0000] {logging_mixin.py:188} INFO - [2026-05-02T14:32:19.667+0000] {dag.py:3036} INFO - Sync 1 DAGs
[2026-05-02T14:32:19.684+0000] {logging_mixin.py:188} INFO - [2026-05-02T14:32:19.684+0000] {dag.py:3823} INFO - Setting next_dagrun for f1_bigdata_pipeline to 2026-04-27 06:00:00+00:00, run_after=2026-05-04 06:00:00+00:00
[2026-05-02T14:32:19.694+0000] {processor.py:183} INFO - Processing /opt/airflow/dags/f1_pipeline_dag.py took 0.100 seconds
[2026-05-02T14:32:49.905+0000] {processor.py:161} INFO - Started process (PID=719) to work on /opt/airflow/dags/f1_pipeline_dag.py
[2026-05-02T14:32:49.906+0000] {processor.py:830} INFO - Processing file /opt/airflow/dags/f1_pipeline_dag.py for tasks to queue
[2026-05-02T14:32:49.907+0000] {logging_mixin.py:188} INFO - [2026-05-02T14:32:49.906+0000] {dagbag.py:538} INFO - Filling up the DagBag from /opt/airflow/dags/f1_pipeline_dag.py
[2026-05-02T14:32:49.922+0000] {processor.py:840} INFO - DAG(s) 'f1_bigdata_pipeline' retrieved from /opt/airflow/dags/f1_pipeline_dag.py
[2026-05-02T14:32:49.976+0000] {logging_mixin.py:188} INFO - [2026-05-02T14:32:49.975+0000] {dag.py:3036} INFO - Sync 1 DAGs
[2026-05-02T14:32:50.010+0000] {logging_mixin.py:188} INFO - [2026-05-02T14:32:50.010+0000] {dag.py:3823} INFO - Setting next_dagrun for f1_bigdata_pipeline to 2026-04-27 06:00:00+00:00, run_after=2026-05-04 06:00:00+00:00
[2026-05-02T14:32:50.039+0000] {processor.py:183} INFO - Processing /opt/airflow/dags/f1_pipeline_dag.py took 0.138 seconds
[2026-05-02T14:33:20.309+0000] {processor.py:161} INFO - Started process (PID=724) to work on /opt/airflow/dags/f1_pipeline_dag.py
[2026-05-02T14:33:20.311+0000] {processor.py:830} INFO - Processing file /opt/airflow/dags/f1_pipeline_dag.py for tasks to queue
[2026-05-02T14:33:20.312+0000] {logging_mixin.py:188} INFO - [2026-05-02T14:33:20.311+0000] {dagbag.py:538} INFO - Filling up the DagBag from /opt/airflow/dags/f1_pipeline_dag.py
[2026-05-02T14:33:20.332+0000] {processor.py:840} INFO - DAG(s) 'f1_bigdata_pipeline' retrieved from /opt/airflow/dags/f1_pipeline_dag.py
[2026-05-02T14:33:20.371+0000] {logging_mixin.py:188} INFO - [2026-05-02T14:33:20.371+0000] {dag.py:3036} INFO - Sync 1 DAGs
[2026-05-02T14:33:20.389+0000] {logging_mixin.py:188} INFO - [2026-05-02T14:33:20.389+0000] {dag.py:3823} INFO - Setting next_dagrun for f1_bigdata_pipeline to 2026-04-27 06:00:00+00:00, run_after=2026-05-04 06:00:00+00:00
[2026-05-02T14:33:20.411+0000] {processor.py:183} INFO - Processing /opt/airflow/dags/f1_pipeline_dag.py took 0.109 seconds
[2026-05-02T14:33:50.697+0000] {processor.py:161} INFO - Started process (PID=729) to work on /opt/airflow/dags/f1_pipeline_dag.py
[2026-05-02T14:33:50.698+0000] {processor.py:830} INFO - Processing file /opt/airflow/dags/f1_pipeline_dag.py for tasks to queue
[2026-05-02T14:33:50.699+0000] {logging_mixin.py:188} INFO - [2026-05-02T14:33:50.699+0000] {dagbag.py:538} INFO - Filling up the DagBag from /opt/airflow/dags/f1_pipeline_dag.py
[2026-05-02T14:33:50.718+0000] {processor.py:840} INFO - DAG(s) 'f1_bigdata_pipeline' retrieved from /opt/airflow/dags/f1_pipeline_dag.py
[2026-05-02T14:33:50.759+0000] {logging_mixin.py:188} INFO - [2026-05-02T14:33:50.759+0000] {dag.py:3036} INFO - Sync 1 DAGs
[2026-05-02T14:33:50.775+0000] {logging_mixin.py:188} INFO - [2026-05-02T14:33:50.775+0000] {dag.py:3823} INFO - Setting next_dagrun for f1_bigdata_pipeline to 2026-04-27 06:00:00+00:00, run_after=2026-05-04 06:00:00+00:00
[2026-05-02T14:33:50.810+0000] {processor.py:183} INFO - Processing /opt/airflow/dags/f1_pipeline_dag.py took 0.118 seconds
[2026-05-02T14:34:21.079+0000] {processor.py:161} INFO - Started process (PID=734) to work on /opt/airflow/dags/f1_pipeline_dag.py
[2026-05-02T14:34:21.080+0000] {processor.py:830} INFO - Processing file /opt/airflow/dags/f1_pipeline_dag.py for tasks to queue
[2026-05-02T14:34:21.081+0000] {logging_mixin.py:188} INFO - [2026-05-02T14:34:21.081+0000] {dagbag.py:538} INFO - Filling up the DagBag from /opt/airflow/dags/f1_pipeline_dag.py
[2026-05-02T14:34:21.101+0000] {processor.py:840} INFO - DAG(s) 'f1_bigdata_pipeline' retrieved from /opt/airflow/dags/f1_pipeline_dag.py
[2026-05-02T14:34:21.148+0000] {logging_mixin.py:188} INFO - [2026-05-02T14:34:21.147+0000] {dag.py:3036} INFO - Sync 1 DAGs
[2026-05-02T14:34:21.165+0000] {logging_mixin.py:188} INFO - [2026-05-02T14:34:21.165+0000] {dag.py:3823} INFO - Setting next_dagrun for f1_bigdata_pipeline to 2026-04-27 06:00:00+00:00, run_after=2026-05-04 06:00:00+00:00
[2026-05-02T14:34:21.175+0000] {processor.py:183} INFO - Processing /opt/airflow/dags/f1_pipeline_dag.py took 0.102 seconds
[2026-05-02T14:34:51.414+0000] {processor.py:161} INFO - Started process (PID=739) to work on /opt/airflow/dags/f1_pipeline_dag.py
[2026-05-02T14:34:51.415+0000] {processor.py:830} INFO - Processing file /opt/airflow/dags/f1_pipeline_dag.py for tasks to queue
[2026-05-02T14:34:51.416+0000] {logging_mixin.py:188} INFO - [2026-05-02T14:34:51.416+0000] {dagbag.py:538} INFO - Filling up the DagBag from /opt/airflow/dags/f1_pipeline_dag.py
[2026-05-02T14:34:51.435+0000] {processor.py:840} INFO - DAG(s) 'f1_bigdata_pipeline' retrieved from /opt/airflow/dags/f1_pipeline_dag.py
[2026-05-02T14:34:51.486+0000] {logging_mixin.py:188} INFO - [2026-05-02T14:34:51.486+0000] {dag.py:3036} INFO - Sync 1 DAGs
[2026-05-02T14:34:51.502+0000] {logging_mixin.py:188} INFO - [2026-05-02T14:34:51.502+0000] {dag.py:3823} INFO - Setting next_dagrun for f1_bigdata_pipeline to 2026-04-27 06:00:00+00:00, run_after=2026-05-04 06:00:00+00:00
[2026-05-02T14:34:51.511+0000] {processor.py:183} INFO - Processing /opt/airflow/dags/f1_pipeline_dag.py took 0.102 seconds
[2026-05-02T14:35:21.948+0000] {processor.py:161} INFO - Started process (PID=744) to work on /opt/airflow/dags/f1_pipeline_dag.py
[2026-05-02T14:35:21.950+0000] {processor.py:830} INFO - Processing file /opt/airflow/dags/f1_pipeline_dag.py for tasks to queue
[2026-05-02T14:35:21.951+0000] {logging_mixin.py:188} INFO - [2026-05-02T14:35:21.950+0000] {dagbag.py:538} INFO - Filling up the DagBag from /opt/airflow/dags/f1_pipeline_dag.py
[2026-05-02T14:35:21.966+0000] {processor.py:840} INFO - DAG(s) 'f1_bigdata_pipeline' retrieved from /opt/airflow/dags/f1_pipeline_dag.py
[2026-05-02T14:35:21.997+0000] {logging_mixin.py:188} INFO - [2026-05-02T14:35:21.996+0000] {dag.py:3036} INFO - Sync 1 DAGs
[2026-05-02T14:35:22.012+0000] {logging_mixin.py:188} INFO - [2026-05-02T14:35:22.011+0000] {dag.py:3823} INFO - Setting next_dagrun for f1_bigdata_pipeline to 2026-04-27 06:00:00+00:00, run_after=2026-05-04 06:00:00+00:00
[2026-05-02T14:35:22.021+0000] {processor.py:183} INFO - Processing /opt/airflow/dags/f1_pipeline_dag.py took 0.079 seconds
[2026-05-02T14:35:52.342+0000] {processor.py:161} INFO - Started process (PID=749) to work on /opt/airflow/dags/f1_pipeline_dag.py
[2026-05-02T14:35:52.344+0000] {processor.py:830} INFO - Processing file /opt/airflow/dags/f1_pipeline_dag.py for tasks to queue
[2026-05-02T14:35:52.349+0000] {logging_mixin.py:188} INFO - [2026-05-02T14:35:52.345+0000] {dagbag.py:538} INFO - Filling up the DagBag from /opt/airflow/dags/f1_pipeline_dag.py
[2026-05-02T14:35:52.385+0000] {processor.py:840} INFO - DAG(s) 'f1_bigdata_pipeline' retrieved from /opt/airflow/dags/f1_pipeline_dag.py
[2026-05-02T14:35:52.416+0000] {logging_mixin.py:188} INFO - [2026-05-02T14:35:52.416+0000] {dag.py:3036} INFO - Sync 1 DAGs
[2026-05-02T14:35:52.433+0000] {logging_mixin.py:188} INFO - [2026-05-02T14:35:52.433+0000] {dag.py:3823} INFO - Setting next_dagrun for f1_bigdata_pipeline to 2026-04-27 06:00:00+00:00, run_after=2026-05-04 06:00:00+00:00
[2026-05-02T14:35:52.442+0000] {processor.py:183} INFO - Processing /opt/airflow/dags/f1_pipeline_dag.py took 0.105 seconds
[2026-05-02T14:36:22.755+0000] {processor.py:161} INFO - Started process (PID=754) to work on /opt/airflow/dags/f1_pipeline_dag.py
[2026-05-02T14:36:22.756+0000] {processor.py:830} INFO - Processing file /opt/airflow/dags/f1_pipeline_dag.py for tasks to queue
[2026-05-02T14:36:22.758+0000] {logging_mixin.py:188} INFO - [2026-05-02T14:36:22.757+0000] {dagbag.py:538} INFO - Filling up the DagBag from /opt/airflow/dags/f1_pipeline_dag.py
[2026-05-02T14:36:22.776+0000] {processor.py:840} INFO - DAG(s) 'f1_bigdata_pipeline' retrieved from /opt/airflow/dags/f1_pipeline_dag.py
[2026-05-02T14:36:22.817+0000] {logging_mixin.py:188} INFO - [2026-05-02T14:36:22.816+0000] {dag.py:3036} INFO - Sync 1 DAGs
[2026-05-02T14:36:22.833+0000] {logging_mixin.py:188} INFO - [2026-05-02T14:36:22.833+0000] {dag.py:3823} INFO - Setting next_dagrun for f1_bigdata_pipeline to 2026-04-27 06:00:00+00:00, run_after=2026-05-04 06:00:00+00:00
[2026-05-02T14:36:22.842+0000] {processor.py:183} INFO - Processing /opt/airflow/dags/f1_pipeline_dag.py took 0.095 seconds
[2026-05-02T14:36:53.073+0000] {processor.py:161} INFO - Started process (PID=759) to work on /opt/airflow/dags/f1_pipeline_dag.py
[2026-05-02T14:36:53.075+0000] {processor.py:830} INFO - Processing file /opt/airflow/dags/f1_pipeline_dag.py for tasks to queue
[2026-05-02T14:36:53.076+0000] {logging_mixin.py:188} INFO - [2026-05-02T14:36:53.076+0000] {dagbag.py:538} INFO - Filling up the DagBag from /opt/airflow/dags/f1_pipeline_dag.py
[2026-05-02T14:36:53.111+0000] {processor.py:840} INFO - DAG(s) 'f1_bigdata_pipeline' retrieved from /opt/airflow/dags/f1_pipeline_dag.py
[2026-05-02T14:36:53.142+0000] {logging_mixin.py:188} INFO - [2026-05-02T14:36:53.142+0000] {dag.py:3036} INFO - Sync 1 DAGs
[2026-05-02T14:36:53.159+0000] {logging_mixin.py:188} INFO - [2026-05-02T14:36:53.159+0000] {dag.py:3823} INFO - Setting next_dagrun for f1_bigdata_pipeline to 2026-04-27 06:00:00+00:00, run_after=2026-05-04 06:00:00+00:00
[2026-05-02T14:36:53.183+0000] {processor.py:183} INFO - Processing /opt/airflow/dags/f1_pipeline_dag.py took 0.115 seconds
[2026-05-02T14:37:23.429+0000] {processor.py:161} INFO - Started process (PID=764) to work on /opt/airflow/dags/f1_pipeline_dag.py
[2026-05-02T14:37:23.431+0000] {processor.py:830} INFO - Processing file /opt/airflow/dags/f1_pipeline_dag.py for tasks to queue
[2026-05-02T14:37:23.432+0000] {logging_mixin.py:188} INFO - [2026-05-02T14:37:23.431+0000] {dagbag.py:538} INFO - Filling up the DagBag from /opt/airflow/dags/f1_pipeline_dag.py
[2026-05-02T14:37:23.479+0000] {processor.py:840} INFO - DAG(s) 'f1_bigdata_pipeline' retrieved from /opt/airflow/dags/f1_pipeline_dag.py
[2026-05-02T14:37:23.513+0000] {logging_mixin.py:188} INFO - [2026-05-02T14:37:23.513+0000] {dag.py:3036} INFO - Sync 1 DAGs
[2026-05-02T14:37:23.529+0000] {logging_mixin.py:188} INFO - [2026-05-02T14:37:23.529+0000] {dag.py:3823} INFO - Setting next_dagrun for f1_bigdata_pipeline to 2026-04-27 06:00:00+00:00, run_after=2026-05-04 06:00:00+00:00
[2026-05-02T14:37:23.555+0000] {processor.py:183} INFO - Processing /opt/airflow/dags/f1_pipeline_dag.py took 0.131 seconds
[2026-05-02T14:37:53.833+0000] {processor.py:161} INFO - Started process (PID=769) to work on /opt/airflow/dags/f1_pipeline_dag.py
[2026-05-02T14:37:53.834+0000] {processor.py:830} INFO - Processing file /opt/airflow/dags/f1_pipeline_dag.py for tasks to queue
[2026-05-02T14:37:53.835+0000] {logging_mixin.py:188} INFO - [2026-05-02T14:37:53.835+0000] {dagbag.py:538} INFO - Filling up the DagBag from /opt/airflow/dags/f1_pipeline_dag.py
[2026-05-02T14:37:53.876+0000] {processor.py:840} INFO - DAG(s) 'f1_bigdata_pipeline' retrieved from /opt/airflow/dags/f1_pipeline_dag.py
[2026-05-02T14:37:53.907+0000] {logging_mixin.py:188} INFO - [2026-05-02T14:37:53.907+0000] {dag.py:3036} INFO - Sync 1 DAGs
[2026-05-02T14:37:53.923+0000] {logging_mixin.py:188} INFO - [2026-05-02T14:37:53.923+0000] {dag.py:3823} INFO - Setting next_dagrun for f1_bigdata_pipeline to 2026-04-27 06:00:00+00:00, run_after=2026-05-04 06:00:00+00:00
[2026-05-02T14:37:53.932+0000] {processor.py:183} INFO - Processing /opt/airflow/dags/f1_pipeline_dag.py took 0.105 seconds
[2026-05-02T14:38:24.236+0000] {processor.py:161} INFO - Started process (PID=774) to work on /opt/airflow/dags/f1_pipeline_dag.py
[2026-05-02T14:38:24.237+0000] {processor.py:830} INFO - Processing file /opt/airflow/dags/f1_pipeline_dag.py for tasks to queue
[2026-05-02T14:38:24.238+0000] {logging_mixin.py:188} INFO - [2026-05-02T14:38:24.237+0000] {dagbag.py:538} INFO - Filling up the DagBag from /opt/airflow/dags/f1_pipeline_dag.py
[2026-05-02T14:38:24.259+0000] {processor.py:840} INFO - DAG(s) 'f1_bigdata_pipeline' retrieved from /opt/airflow/dags/f1_pipeline_dag.py
[2026-05-02T14:38:24.338+0000] {logging_mixin.py:188} INFO - [2026-05-02T14:38:24.338+0000] {dag.py:3036} INFO - Sync 1 DAGs
[2026-05-02T14:38:24.399+0000] {logging_mixin.py:188} INFO - [2026-05-02T14:38:24.398+0000] {dag.py:3823} INFO - Setting next_dagrun for f1_bigdata_pipeline to 2026-04-27 06:00:00+00:00, run_after=2026-05-04 06:00:00+00:00
[2026-05-02T14:38:24.435+0000] {processor.py:183} INFO - Processing /opt/airflow/dags/f1_pipeline_dag.py took 0.204 seconds
[2026-05-02T14:38:54.541+0000] {processor.py:161} INFO - Started process (PID=779) to work on /opt/airflow/dags/f1_pipeline_dag.py
[2026-05-02T14:38:54.543+0000] {processor.py:830} INFO - Processing file /opt/airflow/dags/f1_pipeline_dag.py for tasks to queue
[2026-05-02T14:38:54.545+0000] {logging_mixin.py:188} INFO - [2026-05-02T14:38:54.544+0000] {dagbag.py:538} INFO - Filling up the DagBag from /opt/airflow/dags/f1_pipeline_dag.py
[2026-05-02T14:38:54.559+0000] {processor.py:840} INFO - DAG(s) 'f1_bigdata_pipeline' retrieved from /opt/airflow/dags/f1_pipeline_dag.py
[2026-05-02T14:38:54.602+0000] {logging_mixin.py:188} INFO - [2026-05-02T14:38:54.602+0000] {dag.py:3036} INFO - Sync 1 DAGs
[2026-05-02T14:38:54.620+0000] {logging_mixin.py:188} INFO - [2026-05-02T14:38:54.620+0000] {dag.py:3823} INFO - Setting next_dagrun for f1_bigdata_pipeline to 2026-04-27 06:00:00+00:00, run_after=2026-05-04 06:00:00+00:00
[2026-05-02T14:38:54.631+0000] {processor.py:183} INFO - Processing /opt/airflow/dags/f1_pipeline_dag.py took 0.096 seconds
[2026-05-02T14:39:24.856+0000] {processor.py:161} INFO - Started process (PID=784) to work on /opt/airflow/dags/f1_pipeline_dag.py
[2026-05-02T14:39:24.858+0000] {processor.py:830} INFO - Processing file /opt/airflow/dags/f1_pipeline_dag.py for tasks to queue
[2026-05-02T14:39:24.860+0000] {logging_mixin.py:188} INFO - [2026-05-02T14:39:24.859+0000] {dagbag.py:538} INFO - Filling up the DagBag from /opt/airflow/dags/f1_pipeline_dag.py
[2026-05-02T14:39:24.908+0000] {processor.py:840} INFO - DAG(s) 'f1_bigdata_pipeline' retrieved from /opt/airflow/dags/f1_pipeline_dag.py
[2026-05-02T14:39:24.944+0000] {logging_mixin.py:188} INFO - [2026-05-02T14:39:24.944+0000] {dag.py:3036} INFO - Sync 1 DAGs
[2026-05-02T14:39:24.977+0000] {logging_mixin.py:188} INFO - [2026-05-02T14:39:24.977+0000] {dag.py:3823} INFO - Setting next_dagrun for f1_bigdata_pipeline to 2026-04-27 06:00:00+00:00, run_after=2026-05-04 06:00:00+00:00
[2026-05-02T14:39:25.003+0000] {processor.py:183} INFO - Processing /opt/airflow/dags/f1_pipeline_dag.py took 0.150 seconds
[2026-05-02T14:39:55.220+0000] {processor.py:161} INFO - Started process (PID=789) to work on /opt/airflow/dags/f1_pipeline_dag.py
[2026-05-02T14:39:55.224+0000] {processor.py:830} INFO - Processing file /opt/airflow/dags/f1_pipeline_dag.py for tasks to queue
[2026-05-02T14:39:55.227+0000] {logging_mixin.py:188} INFO - [2026-05-02T14:39:55.226+0000] {dagbag.py:538} INFO - Filling up the DagBag from /opt/airflow/dags/f1_pipeline_dag.py
[2026-05-02T14:39:55.247+0000] {processor.py:840} INFO - DAG(s) 'f1_bigdata_pipeline' retrieved from /opt/airflow/dags/f1_pipeline_dag.py
[2026-05-02T14:39:55.289+0000] {logging_mixin.py:188} INFO - [2026-05-02T14:39:55.289+0000] {dag.py:3036} INFO - Sync 1 DAGs
[2026-05-02T14:39:55.305+0000] {logging_mixin.py:188} INFO - [2026-05-02T14:39:55.305+0000] {dag.py:3823} INFO - Setting next_dagrun for f1_bigdata_pipeline to 2026-04-27 06:00:00+00:00, run_after=2026-05-04 06:00:00+00:00
[2026-05-02T14:39:55.314+0000] {processor.py:183} INFO - Processing /opt/airflow/dags/f1_pipeline_dag.py took 0.113 seconds
[2026-05-02T14:40:25.677+0000] {processor.py:161} INFO - Started process (PID=794) to work on /opt/airflow/dags/f1_pipeline_dag.py
[2026-05-02T14:40:25.679+0000] {processor.py:830} INFO - Processing file /opt/airflow/dags/f1_pipeline_dag.py for tasks to queue
[2026-05-02T14:40:25.680+0000] {logging_mixin.py:188} INFO - [2026-05-02T14:40:25.680+0000] {dagbag.py:538} INFO - Filling up the DagBag from /opt/airflow/dags/f1_pipeline_dag.py
[2026-05-02T14:40:25.721+0000] {processor.py:840} INFO - DAG(s) 'f1_bigdata_pipeline' retrieved from /opt/airflow/dags/f1_pipeline_dag.py
[2026-05-02T14:40:25.760+0000] {logging_mixin.py:188} INFO - [2026-05-02T14:40:25.760+0000] {dag.py:3036} INFO - Sync 1 DAGs
[2026-05-02T14:40:25.785+0000] {logging_mixin.py:188} INFO - [2026-05-02T14:40:25.784+0000] {dag.py:3823} INFO - Setting next_dagrun for f1_bigdata_pipeline to 2026-04-27 06:00:00+00:00, run_after=2026-05-04 06:00:00+00:00
[2026-05-02T14:40:25.812+0000] {processor.py:183} INFO - Processing /opt/airflow/dags/f1_pipeline_dag.py took 0.141 seconds
[2026-05-02T14:40:55.980+0000] {processor.py:161} INFO - Started process (PID=799) to work on /opt/airflow/dags/f1_pipeline_dag.py
[2026-05-02T14:40:55.982+0000] {processor.py:830} INFO - Processing file /opt/airflow/dags/f1_pipeline_dag.py for tasks to queue
[2026-05-02T14:40:55.984+0000] {logging_mixin.py:188} INFO - [2026-05-02T14:40:55.983+0000] {dagbag.py:538} INFO - Filling up the DagBag from /opt/airflow/dags/f1_pipeline_dag.py
[2026-05-02T14:40:56.015+0000] {processor.py:840} INFO - DAG(s) 'f1_bigdata_pipeline' retrieved from /opt/airflow/dags/f1_pipeline_dag.py
[2026-05-02T14:40:56.055+0000] {logging_mixin.py:188} INFO - [2026-05-02T14:40:56.055+0000] {dag.py:3036} INFO - Sync 1 DAGs
[2026-05-02T14:40:56.071+0000] {logging_mixin.py:188} INFO - [2026-05-02T14:40:56.071+0000] {dag.py:3823} INFO - Setting next_dagrun for f1_bigdata_pipeline to 2026-04-27 06:00:00+00:00, run_after=2026-05-04 06:00:00+00:00
[2026-05-02T14:40:56.081+0000] {processor.py:183} INFO - Processing /opt/airflow/dags/f1_pipeline_dag.py took 0.107 seconds
[2026-05-02T14:41:26.461+0000] {processor.py:161} INFO - Started process (PID=804) to work on /opt/airflow/dags/f1_pipeline_dag.py
[2026-05-02T14:41:26.465+0000] {processor.py:830} INFO - Processing file /opt/airflow/dags/f1_pipeline_dag.py for tasks to queue
[2026-05-02T14:41:26.475+0000] {logging_mixin.py:188} INFO - [2026-05-02T14:41:26.467+0000] {dagbag.py:538} INFO - Filling up the DagBag from /opt/airflow/dags/f1_pipeline_dag.py
[2026-05-02T14:41:26.495+0000] {processor.py:840} INFO - DAG(s) 'f1_bigdata_pipeline' retrieved from /opt/airflow/dags/f1_pipeline_dag.py
[2026-05-02T14:41:26.538+0000] {logging_mixin.py:188} INFO - [2026-05-02T14:41:26.537+0000] {dag.py:3036} INFO - Sync 1 DAGs
[2026-05-02T14:41:26.553+0000] {logging_mixin.py:188} INFO - [2026-05-02T14:41:26.553+0000] {dag.py:3823} INFO - Setting next_dagrun for f1_bigdata_pipeline to 2026-04-27 06:00:00+00:00, run_after=2026-05-04 06:00:00+00:00
[2026-05-02T14:41:26.563+0000] {processor.py:183} INFO - Processing /opt/airflow/dags/f1_pipeline_dag.py took 0.108 seconds
[2026-05-02T14:41:56.845+0000] {processor.py:161} INFO - Started process (PID=809) to work on /opt/airflow/dags/f1_pipeline_dag.py
[2026-05-02T14:41:56.846+0000] {processor.py:830} INFO - Processing file /opt/airflow/dags/f1_pipeline_dag.py for tasks to queue
[2026-05-02T14:41:56.847+0000] {logging_mixin.py:188} INFO - [2026-05-02T14:41:56.846+0000] {dagbag.py:538} INFO - Filling up the DagBag from /opt/airflow/dags/f1_pipeline_dag.py
[2026-05-02T14:41:56.867+0000] {processor.py:840} INFO - DAG(s) 'f1_bigdata_pipeline' retrieved from /opt/airflow/dags/f1_pipeline_dag.py
[2026-05-02T14:41:56.900+0000] {logging_mixin.py:188} INFO - [2026-05-02T14:41:56.900+0000] {dag.py:3036} INFO - Sync 1 DAGs
[2026-05-02T14:41:56.927+0000] {logging_mixin.py:188} INFO - [2026-05-02T14:41:56.927+0000] {dag.py:3823} INFO - Setting next_dagrun for f1_bigdata_pipeline to 2026-04-27 06:00:00+00:00, run_after=2026-05-04 06:00:00+00:00
[2026-05-02T14:41:56.938+0000] {processor.py:183} INFO - Processing /opt/airflow/dags/f1_pipeline_dag.py took 0.099 seconds
[2026-05-02T14:42:27.166+0000] {processor.py:161} INFO - Started process (PID=814) to work on /opt/airflow/dags/f1_pipeline_dag.py
[2026-05-02T14:42:27.167+0000] {processor.py:830} INFO - Processing file /opt/airflow/dags/f1_pipeline_dag.py for tasks to queue
[2026-05-02T14:42:27.168+0000] {logging_mixin.py:188} INFO - [2026-05-02T14:42:27.168+0000] {dagbag.py:538} INFO - Filling up the DagBag from /opt/airflow/dags/f1_pipeline_dag.py
[2026-05-02T14:42:27.187+0000] {processor.py:840} INFO - DAG(s) 'f1_bigdata_pipeline' retrieved from /opt/airflow/dags/f1_pipeline_dag.py
[2026-05-02T14:42:27.214+0000] {logging_mixin.py:188} INFO - [2026-05-02T14:42:27.214+0000] {dag.py:3036} INFO - Sync 1 DAGs
[2026-05-02T14:42:27.229+0000] {logging_mixin.py:188} INFO - [2026-05-02T14:42:27.229+0000] {dag.py:3823} INFO - Setting next_dagrun for f1_bigdata_pipeline to 2026-04-27 06:00:00+00:00, run_after=2026-05-04 06:00:00+00:00
[2026-05-02T14:42:27.247+0000] {processor.py:183} INFO - Processing /opt/airflow/dags/f1_pipeline_dag.py took 0.086 seconds
[2026-05-02T14:42:57.481+0000] {processor.py:161} INFO - Started process (PID=819) to work on /opt/airflow/dags/f1_pipeline_dag.py
[2026-05-02T14:42:57.482+0000] {processor.py:830} INFO - Processing file /opt/airflow/dags/f1_pipeline_dag.py for tasks to queue
[2026-05-02T14:42:57.483+0000] {logging_mixin.py:188} INFO - [2026-05-02T14:42:57.483+0000] {dagbag.py:538} INFO - Filling up the DagBag from /opt/airflow/dags/f1_pipeline_dag.py
[2026-05-02T14:42:57.500+0000] {processor.py:840} INFO - DAG(s) 'f1_bigdata_pipeline' retrieved from /opt/airflow/dags/f1_pipeline_dag.py
[2026-05-02T14:42:57.528+0000] {logging_mixin.py:188} INFO - [2026-05-02T14:42:57.527+0000] {dag.py:3036} INFO - Sync 1 DAGs
[2026-05-02T14:42:57.557+0000] {logging_mixin.py:188} INFO - [2026-05-02T14:42:57.557+0000] {dag.py:3823} INFO - Setting next_dagrun for f1_bigdata_pipeline to 2026-04-27 06:00:00+00:00, run_after=2026-05-04 06:00:00+00:00
[2026-05-02T14:42:57.567+0000] {processor.py:183} INFO - Processing /opt/airflow/dags/f1_pipeline_dag.py took 0.090 seconds
[2026-05-02T14:43:27.835+0000] {processor.py:161} INFO - Started process (PID=824) to work on /opt/airflow/dags/f1_pipeline_dag.py
[2026-05-02T14:43:27.840+0000] {processor.py:830} INFO - Processing file /opt/airflow/dags/f1_pipeline_dag.py for tasks to queue
[2026-05-02T14:43:27.849+0000] {logging_mixin.py:188} INFO - [2026-05-02T14:43:27.844+0000] {dagbag.py:538} INFO - Filling up the DagBag from /opt/airflow/dags/f1_pipeline_dag.py
[2026-05-02T14:43:27.874+0000] {processor.py:840} INFO - DAG(s) 'f1_bigdata_pipeline' retrieved from /opt/airflow/dags/f1_pipeline_dag.py
[2026-05-02T14:43:27.901+0000] {logging_mixin.py:188} INFO - [2026-05-02T14:43:27.901+0000] {dag.py:3036} INFO - Sync 1 DAGs
[2026-05-02T14:43:27.917+0000] {logging_mixin.py:188} INFO - [2026-05-02T14:43:27.917+0000] {dag.py:3823} INFO - Setting next_dagrun for f1_bigdata_pipeline to 2026-04-27 06:00:00+00:00, run_after=2026-05-04 06:00:00+00:00
[2026-05-02T14:43:27.932+0000] {processor.py:183} INFO - Processing /opt/airflow/dags/f1_pipeline_dag.py took 0.101 seconds
[2026-05-02T14:43:58.145+0000] {processor.py:161} INFO - Started process (PID=829) to work on /opt/airflow/dags/f1_pipeline_dag.py
[2026-05-02T14:43:58.146+0000] {processor.py:830} INFO - Processing file /opt/airflow/dags/f1_pipeline_dag.py for tasks to queue
[2026-05-02T14:43:58.147+0000] {logging_mixin.py:188} INFO - [2026-05-02T14:43:58.146+0000] {dagbag.py:538} INFO - Filling up the DagBag from /opt/airflow/dags/f1_pipeline_dag.py
[2026-05-02T14:43:58.165+0000] {processor.py:840} INFO - DAG(s) 'f1_bigdata_pipeline' retrieved from /opt/airflow/dags/f1_pipeline_dag.py
[2026-05-02T14:43:58.205+0000] {logging_mixin.py:188} INFO - [2026-05-02T14:43:58.205+0000] {dag.py:3036} INFO - Sync 1 DAGs
[2026-05-02T14:43:58.221+0000] {logging_mixin.py:188} INFO - [2026-05-02T14:43:58.221+0000] {dag.py:3823} INFO - Setting next_dagrun for f1_bigdata_pipeline to 2026-04-27 06:00:00+00:00, run_after=2026-05-04 06:00:00+00:00
[2026-05-02T14:43:58.230+0000] {processor.py:183} INFO - Processing /opt/airflow/dags/f1_pipeline_dag.py took 0.090 seconds
[2026-05-02T14:44:28.873+0000] {processor.py:161} INFO - Started process (PID=834) to work on /opt/airflow/dags/f1_pipeline_dag.py
[2026-05-02T14:44:28.920+0000] {processor.py:830} INFO - Processing file /opt/airflow/dags/f1_pipeline_dag.py for tasks to queue
[2026-05-02T14:44:28.976+0000] {logging_mixin.py:188} INFO - [2026-05-02T14:44:28.975+0000] {dagbag.py:538} INFO - Filling up the DagBag from /opt/airflow/dags/f1_pipeline_dag.py
[2026-05-02T14:44:29.153+0000] {processor.py:840} INFO - DAG(s) 'f1_bigdata_pipeline' retrieved from /opt/airflow/dags/f1_pipeline_dag.py
[2026-05-02T14:44:29.604+0000] {logging_mixin.py:188} INFO - [2026-05-02T14:44:29.599+0000] {dag.py:3036} INFO - Sync 1 DAGs
[2026-05-02T14:44:29.667+0000] {logging_mixin.py:188} INFO - [2026-05-02T14:44:29.667+0000] {dag.py:3823} INFO - Setting next_dagrun for f1_bigdata_pipeline to 2026-04-27 06:00:00+00:00, run_after=2026-05-04 06:00:00+00:00
[2026-05-02T14:44:29.680+0000] {processor.py:183} INFO - Processing /opt/airflow/dags/f1_pipeline_dag.py took 0.850 seconds
[2026-05-02T14:45:00.043+0000] {processor.py:161} INFO - Started process (PID=839) to work on /opt/airflow/dags/f1_pipeline_dag.py
[2026-05-02T14:45:00.044+0000] {processor.py:830} INFO - Processing file /opt/airflow/dags/f1_pipeline_dag.py for tasks to queue
[2026-05-02T14:45:00.047+0000] {logging_mixin.py:188} INFO - [2026-05-02T14:45:00.045+0000] {dagbag.py:538} INFO - Filling up the DagBag from /opt/airflow/dags/f1_pipeline_dag.py
[2026-05-02T14:45:00.065+0000] {processor.py:840} INFO - DAG(s) 'f1_bigdata_pipeline' retrieved from /opt/airflow/dags/f1_pipeline_dag.py
[2026-05-02T14:45:00.094+0000] {logging_mixin.py:188} INFO - [2026-05-02T14:45:00.094+0000] {dag.py:3036} INFO - Sync 1 DAGs
[2026-05-02T14:45:00.126+0000] {logging_mixin.py:188} INFO - [2026-05-02T14:45:00.126+0000] {dag.py:3823} INFO - Setting next_dagrun for f1_bigdata_pipeline to 2026-04-27 06:00:00+00:00, run_after=2026-05-04 06:00:00+00:00
[2026-05-02T14:45:00.136+0000] {processor.py:183} INFO - Processing /opt/airflow/dags/f1_pipeline_dag.py took 0.108 seconds
[2026-05-02T14:45:30.320+0000] {processor.py:161} INFO - Started process (PID=844) to work on /opt/airflow/dags/f1_pipeline_dag.py
[2026-05-02T14:45:30.322+0000] {processor.py:830} INFO - Processing file /opt/airflow/dags/f1_pipeline_dag.py for tasks to queue
[2026-05-02T14:45:30.323+0000] {logging_mixin.py:188} INFO - [2026-05-02T14:45:30.322+0000] {dagbag.py:538} INFO - Filling up the DagBag from /opt/airflow/dags/f1_pipeline_dag.py
[2026-05-02T14:45:30.343+0000] {processor.py:840} INFO - DAG(s) 'f1_bigdata_pipeline' retrieved from /opt/airflow/dags/f1_pipeline_dag.py
[2026-05-02T14:45:30.367+0000] {logging_mixin.py:188} INFO - [2026-05-02T14:45:30.367+0000] {dag.py:3036} INFO - Sync 1 DAGs
[2026-05-02T14:45:30.383+0000] {logging_mixin.py:188} INFO - [2026-05-02T14:45:30.382+0000] {dag.py:3823} INFO - Setting next_dagrun for f1_bigdata_pipeline to 2026-04-27 06:00:00+00:00, run_after=2026-05-04 06:00:00+00:00
[2026-05-02T14:45:30.391+0000] {processor.py:183} INFO - Processing /opt/airflow/dags/f1_pipeline_dag.py took 0.077 seconds
[2026-05-02T14:46:00.646+0000] {processor.py:161} INFO - Started process (PID=849) to work on /opt/airflow/dags/f1_pipeline_dag.py
[2026-05-02T14:46:00.648+0000] {processor.py:830} INFO - Processing file /opt/airflow/dags/f1_pipeline_dag.py for tasks to queue
[2026-05-02T14:46:00.650+0000] {logging_mixin.py:188} INFO - [2026-05-02T14:46:00.649+0000] {dagbag.py:538} INFO - Filling up the DagBag from /opt/airflow/dags/f1_pipeline_dag.py
[2026-05-02T14:46:00.670+0000] {processor.py:840} INFO - DAG(s) 'f1_bigdata_pipeline' retrieved from /opt/airflow/dags/f1_pipeline_dag.py
[2026-05-02T14:46:00.699+0000] {logging_mixin.py:188} INFO - [2026-05-02T14:46:00.699+0000] {dag.py:3036} INFO - Sync 1 DAGs
[2026-05-02T14:46:00.715+0000] {logging_mixin.py:188} INFO - [2026-05-02T14:46:00.715+0000] {dag.py:3823} INFO - Setting next_dagrun for f1_bigdata_pipeline to 2026-04-27 06:00:00+00:00, run_after=2026-05-04 06:00:00+00:00
[2026-05-02T14:46:00.724+0000] {processor.py:183} INFO - Processing /opt/airflow/dags/f1_pipeline_dag.py took 0.083 seconds
[2026-05-02T14:46:31.019+0000] {processor.py:161} INFO - Started process (PID=854) to work on /opt/airflow/dags/f1_pipeline_dag.py
[2026-05-02T14:46:31.020+0000] {processor.py:830} INFO - Processing file /opt/airflow/dags/f1_pipeline_dag.py for tasks to queue
[2026-05-02T14:46:31.021+0000] {logging_mixin.py:188} INFO - [2026-05-02T14:46:31.021+0000] {dagbag.py:538} INFO - Filling up the DagBag from /opt/airflow/dags/f1_pipeline_dag.py
[2026-05-02T14:46:31.040+0000] {processor.py:840} INFO - DAG(s) 'f1_bigdata_pipeline' retrieved from /opt/airflow/dags/f1_pipeline_dag.py
[2026-05-02T14:46:31.068+0000] {logging_mixin.py:188} INFO - [2026-05-02T14:46:31.068+0000] {dag.py:3036} INFO - Sync 1 DAGs
[2026-05-02T14:46:31.085+0000] {logging_mixin.py:188} INFO - [2026-05-02T14:46:31.085+0000] {dag.py:3823} INFO - Setting next_dagrun for f1_bigdata_pipeline to 2026-04-27 06:00:00+00:00, run_after=2026-05-04 06:00:00+00:00
[2026-05-02T14:46:31.094+0000] {processor.py:183} INFO - Processing /opt/airflow/dags/f1_pipeline_dag.py took 0.085 seconds
[2026-05-02T14:47:01.292+0000] {processor.py:161} INFO - Started process (PID=859) to work on /opt/airflow/dags/f1_pipeline_dag.py
[2026-05-02T14:47:01.294+0000] {processor.py:830} INFO - Processing file /opt/airflow/dags/f1_pipeline_dag.py for tasks to queue
[2026-05-02T14:47:01.296+0000] {logging_mixin.py:188} INFO - [2026-05-02T14:47:01.295+0000] {dagbag.py:538} INFO - Filling up the DagBag from /opt/airflow/dags/f1_pipeline_dag.py
[2026-05-02T14:47:01.318+0000] {processor.py:840} INFO - DAG(s) 'f1_bigdata_pipeline' retrieved from /opt/airflow/dags/f1_pipeline_dag.py
[2026-05-02T14:47:01.348+0000] {logging_mixin.py:188} INFO - [2026-05-02T14:47:01.348+0000] {dag.py:3036} INFO - Sync 1 DAGs
[2026-05-02T14:47:01.364+0000] {logging_mixin.py:188} INFO - [2026-05-02T14:47:01.364+0000] {dag.py:3823} INFO - Setting next_dagrun for f1_bigdata_pipeline to 2026-04-27 06:00:00+00:00, run_after=2026-05-04 06:00:00+00:00
[2026-05-02T14:47:01.373+0000] {processor.py:183} INFO - Processing /opt/airflow/dags/f1_pipeline_dag.py took 0.092 seconds
[2026-05-02T14:47:31.620+0000] {processor.py:161} INFO - Started process (PID=864) to work on /opt/airflow/dags/f1_pipeline_dag.py
[2026-05-02T14:47:31.622+0000] {processor.py:830} INFO - Processing file /opt/airflow/dags/f1_pipeline_dag.py for tasks to queue
[2026-05-02T14:47:31.623+0000] {logging_mixin.py:188} INFO - [2026-05-02T14:47:31.622+0000] {dagbag.py:538} INFO - Filling up the DagBag from /opt/airflow/dags/f1_pipeline_dag.py
[2026-05-02T14:47:31.640+0000] {processor.py:840} INFO - DAG(s) 'f1_bigdata_pipeline' retrieved from /opt/airflow/dags/f1_pipeline_dag.py
[2026-05-02T14:47:31.668+0000] {logging_mixin.py:188} INFO - [2026-05-02T14:47:31.668+0000] {dag.py:3036} INFO - Sync 1 DAGs
[2026-05-02T14:47:31.697+0000] {logging_mixin.py:188} INFO - [2026-05-02T14:47:31.696+0000] {dag.py:3823} INFO - Setting next_dagrun for f1_bigdata_pipeline to 2026-04-27 06:00:00+00:00, run_after=2026-05-04 06:00:00+00:00
[2026-05-02T14:47:31.706+0000] {processor.py:183} INFO - Processing /opt/airflow/dags/f1_pipeline_dag.py took 0.091 seconds
[2026-05-02T14:48:01.944+0000] {processor.py:161} INFO - Started process (PID=869) to work on /opt/airflow/dags/f1_pipeline_dag.py
[2026-05-02T14:48:01.945+0000] {processor.py:830} INFO - Processing file /opt/airflow/dags/f1_pipeline_dag.py for tasks to queue
[2026-05-02T14:48:01.946+0000] {logging_mixin.py:188} INFO - [2026-05-02T14:48:01.946+0000] {dagbag.py:538} INFO - Filling up the DagBag from /opt/airflow/dags/f1_pipeline_dag.py
[2026-05-02T14:48:01.966+0000] {processor.py:840} INFO - DAG(s) 'f1_bigdata_pipeline' retrieved from /opt/airflow/dags/f1_pipeline_dag.py
[2026-05-02T14:48:02.006+0000] {logging_mixin.py:188} INFO - [2026-05-02T14:48:02.006+0000] {dag.py:3036} INFO - Sync 1 DAGs
[2026-05-02T14:48:02.024+0000] {logging_mixin.py:188} INFO - [2026-05-02T14:48:02.024+0000] {dag.py:3823} INFO - Setting next_dagrun for f1_bigdata_pipeline to 2026-04-27 06:00:00+00:00, run_after=2026-05-04 06:00:00+00:00
[2026-05-02T14:48:02.033+0000] {processor.py:183} INFO - Processing /opt/airflow/dags/f1_pipeline_dag.py took 0.111 seconds
[2026-05-02T14:48:32.272+0000] {processor.py:161} INFO - Started process (PID=874) to work on /opt/airflow/dags/f1_pipeline_dag.py
[2026-05-02T14:48:32.274+0000] {processor.py:830} INFO - Processing file /opt/airflow/dags/f1_pipeline_dag.py for tasks to queue
[2026-05-02T14:48:32.275+0000] {logging_mixin.py:188} INFO - [2026-05-02T14:48:32.274+0000] {dagbag.py:538} INFO - Filling up the DagBag from /opt/airflow/dags/f1_pipeline_dag.py
[2026-05-02T14:48:32.294+0000] {processor.py:840} INFO - DAG(s) 'f1_bigdata_pipeline' retrieved from /opt/airflow/dags/f1_pipeline_dag.py
[2026-05-02T14:48:32.341+0000] {logging_mixin.py:188} INFO - [2026-05-02T14:48:32.341+0000] {dag.py:3036} INFO - Sync 1 DAGs
[2026-05-02T14:48:32.357+0000] {logging_mixin.py:188} INFO - [2026-05-02T14:48:32.357+0000] {dag.py:3823} INFO - Setting next_dagrun for f1_bigdata_pipeline to 2026-04-27 06:00:00+00:00, run_after=2026-05-04 06:00:00+00:00
[2026-05-02T14:48:32.366+0000] {processor.py:183} INFO - Processing /opt/airflow/dags/f1_pipeline_dag.py took 0.100 seconds
[2026-05-02T14:49:02.616+0000] {processor.py:161} INFO - Started process (PID=879) to work on /opt/airflow/dags/f1_pipeline_dag.py
[2026-05-02T14:49:02.617+0000] {processor.py:830} INFO - Processing file /opt/airflow/dags/f1_pipeline_dag.py for tasks to queue
[2026-05-02T14:49:02.618+0000] {logging_mixin.py:188} INFO - [2026-05-02T14:49:02.618+0000] {dagbag.py:538} INFO - Filling up the DagBag from /opt/airflow/dags/f1_pipeline_dag.py
[2026-05-02T14:49:02.632+0000] {processor.py:840} INFO - DAG(s) 'f1_bigdata_pipeline' retrieved from /opt/airflow/dags/f1_pipeline_dag.py
[2026-05-02T14:49:02.673+0000] {logging_mixin.py:188} INFO - [2026-05-02T14:49:02.673+0000] {dag.py:3036} INFO - Sync 1 DAGs
[2026-05-02T14:49:02.689+0000] {logging_mixin.py:188} INFO - [2026-05-02T14:49:02.689+0000] {dag.py:3823} INFO - Setting next_dagrun for f1_bigdata_pipeline to 2026-04-27 06:00:00+00:00, run_after=2026-05-04 06:00:00+00:00
[2026-05-02T14:49:02.699+0000] {processor.py:183} INFO - Processing /opt/airflow/dags/f1_pipeline_dag.py took 0.087 seconds
[2026-05-02T14:49:33.035+0000] {processor.py:161} INFO - Started process (PID=884) to work on /opt/airflow/dags/f1_pipeline_dag.py
[2026-05-02T14:49:33.036+0000] {processor.py:830} INFO - Processing file /opt/airflow/dags/f1_pipeline_dag.py for tasks to queue
[2026-05-02T14:49:33.039+0000] {logging_mixin.py:188} INFO - [2026-05-02T14:49:33.037+0000] {dagbag.py:538} INFO - Filling up the DagBag from /opt/airflow/dags/f1_pipeline_dag.py
[2026-05-02T14:49:33.058+0000] {processor.py:840} INFO - DAG(s) 'f1_bigdata_pipeline' retrieved from /opt/airflow/dags/f1_pipeline_dag.py
[2026-05-02T14:49:33.086+0000] {logging_mixin.py:188} INFO - [2026-05-02T14:49:33.086+0000] {dag.py:3036} INFO - Sync 1 DAGs
[2026-05-02T14:49:33.102+0000] {logging_mixin.py:188} INFO - [2026-05-02T14:49:33.102+0000] {dag.py:3823} INFO - Setting next_dagrun for f1_bigdata_pipeline to 2026-04-27 06:00:00+00:00, run_after=2026-05-04 06:00:00+00:00
[2026-05-02T14:49:33.124+0000] {processor.py:183} INFO - Processing /opt/airflow/dags/f1_pipeline_dag.py took 0.100 seconds
[2026-05-02T15:20:47.186+0000] {processor.py:161} INFO - Started process (PID=889) to work on /opt/airflow/dags/f1_pipeline_dag.py
[2026-05-02T15:20:47.187+0000] {processor.py:830} INFO - Processing file /opt/airflow/dags/f1_pipeline_dag.py for tasks to queue
[2026-05-02T15:20:47.189+0000] {logging_mixin.py:188} INFO - [2026-05-02T15:20:47.188+0000] {dagbag.py:538} INFO - Filling up the DagBag from /opt/airflow/dags/f1_pipeline_dag.py
[2026-05-02T15:20:47.207+0000] {processor.py:840} INFO - DAG(s) 'f1_bigdata_pipeline' retrieved from /opt/airflow/dags/f1_pipeline_dag.py
[2026-05-02T15:20:47.240+0000] {logging_mixin.py:188} INFO - [2026-05-02T15:20:47.239+0000] {dag.py:3036} INFO - Sync 1 DAGs
[2026-05-02T15:20:47.256+0000] {logging_mixin.py:188} INFO - [2026-05-02T15:20:47.256+0000] {dag.py:3823} INFO - Setting next_dagrun for f1_bigdata_pipeline to 2026-04-27 06:00:00+00:00, run_after=2026-05-04 06:00:00+00:00
[2026-05-02T15:20:47.266+0000] {processor.py:183} INFO - Processing /opt/airflow/dags/f1_pipeline_dag.py took 0.086 seconds
[2026-05-02T15:47:54.975+0000] {processor.py:161} INFO - Started process (PID=898) to work on /opt/airflow/dags/f1_pipeline_dag.py
[2026-05-02T15:47:54.979+0000] {processor.py:830} INFO - Processing file /opt/airflow/dags/f1_pipeline_dag.py for tasks to queue
[2026-05-02T15:47:54.982+0000] {logging_mixin.py:188} INFO - [2026-05-02T15:47:54.981+0000] {dagbag.py:538} INFO - Filling up the DagBag from /opt/airflow/dags/f1_pipeline_dag.py
[2026-05-02T15:47:55.056+0000] {processor.py:840} INFO - DAG(s) 'f1_bigdata_pipeline' retrieved from /opt/airflow/dags/f1_pipeline_dag.py
[2026-05-02T15:47:55.163+0000] {logging_mixin.py:188} INFO - [2026-05-02T15:47:55.163+0000] {dag.py:3036} INFO - Sync 1 DAGs
[2026-05-02T15:47:55.209+0000] {logging_mixin.py:188} INFO - [2026-05-02T15:47:55.208+0000] {dag.py:3823} INFO - Setting next_dagrun for f1_bigdata_pipeline to 2026-04-27 06:00:00+00:00, run_after=2026-05-04 06:00:00+00:00
[2026-05-02T15:47:55.224+0000] {processor.py:183} INFO - Processing /opt/airflow/dags/f1_pipeline_dag.py took 0.270 seconds
[2026-05-02T16:26:02.207+0000] {processor.py:161} INFO - Started process (PID=903) to work on /opt/airflow/dags/f1_pipeline_dag.py
[2026-05-02T16:26:02.207+0000] {processor.py:830} INFO - Processing file /opt/airflow/dags/f1_pipeline_dag.py for tasks to queue
[2026-05-02T16:26:02.208+0000] {logging_mixin.py:188} INFO - [2026-05-02T16:26:02.208+0000] {dagbag.py:538} INFO - Filling up the DagBag from /opt/airflow/dags/f1_pipeline_dag.py
[2026-05-02T16:26:02.234+0000] {processor.py:840} INFO - DAG(s) 'f1_bigdata_pipeline' retrieved from /opt/airflow/dags/f1_pipeline_dag.py
[2026-05-02T16:26:02.260+0000] {logging_mixin.py:188} INFO - [2026-05-02T16:26:02.260+0000] {dag.py:3036} INFO - Sync 1 DAGs
[2026-05-02T16:26:02.276+0000] {logging_mixin.py:188} INFO - [2026-05-02T16:26:02.276+0000] {dag.py:3823} INFO - Setting next_dagrun for f1_bigdata_pipeline to 2026-04-27 06:00:00+00:00, run_after=2026-05-04 06:00:00+00:00
[2026-05-02T16:26:02.285+0000] {processor.py:183} INFO - Processing /opt/airflow/dags/f1_pipeline_dag.py took 0.081 seconds
[2026-05-02T16:35:30.404+0000] {processor.py:161} INFO - Started process (PID=908) to work on /opt/airflow/dags/f1_pipeline_dag.py
[2026-05-02T16:35:30.405+0000] {processor.py:830} INFO - Processing file /opt/airflow/dags/f1_pipeline_dag.py for tasks to queue
[2026-05-02T16:35:30.406+0000] {logging_mixin.py:188} INFO - [2026-05-02T16:35:30.405+0000] {dagbag.py:538} INFO - Filling up the DagBag from /opt/airflow/dags/f1_pipeline_dag.py
[2026-05-02T16:35:30.419+0000] {processor.py:840} INFO - DAG(s) 'f1_bigdata_pipeline' retrieved from /opt/airflow/dags/f1_pipeline_dag.py
[2026-05-02T16:35:30.462+0000] {logging_mixin.py:188} INFO - [2026-05-02T16:35:30.462+0000] {dag.py:3036} INFO - Sync 1 DAGs
[2026-05-02T16:35:30.481+0000] {logging_mixin.py:188} INFO - [2026-05-02T16:35:30.481+0000] {dag.py:3823} INFO - Setting next_dagrun for f1_bigdata_pipeline to 2026-04-27 06:00:00+00:00, run_after=2026-05-04 06:00:00+00:00
[2026-05-02T16:35:30.494+0000] {processor.py:183} INFO - Processing /opt/airflow/dags/f1_pipeline_dag.py took 0.093 seconds
[2026-05-02T16:36:00.753+0000] {processor.py:161} INFO - Started process (PID=915) to work on /opt/airflow/dags/f1_pipeline_dag.py
[2026-05-02T16:36:00.755+0000] {processor.py:830} INFO - Processing file /opt/airflow/dags/f1_pipeline_dag.py for tasks to queue
[2026-05-02T16:36:00.756+0000] {logging_mixin.py:188} INFO - [2026-05-02T16:36:00.755+0000] {dagbag.py:538} INFO - Filling up the DagBag from /opt/airflow/dags/f1_pipeline_dag.py
[2026-05-02T16:36:00.772+0000] {processor.py:840} INFO - DAG(s) 'f1_bigdata_pipeline' retrieved from /opt/airflow/dags/f1_pipeline_dag.py
[2026-05-02T16:36:00.800+0000] {logging_mixin.py:188} INFO - [2026-05-02T16:36:00.800+0000] {dag.py:3036} INFO - Sync 1 DAGs
[2026-05-02T16:36:00.829+0000] {logging_mixin.py:188} INFO - [2026-05-02T16:36:00.829+0000] {dag.py:3823} INFO - Setting next_dagrun for f1_bigdata_pipeline to 2026-04-27 06:00:00+00:00, run_after=2026-05-04 06:00:00+00:00
[2026-05-02T16:36:00.839+0000] {processor.py:183} INFO - Processing /opt/airflow/dags/f1_pipeline_dag.py took 0.090 seconds
[2026-05-02T16:36:31.090+0000] {processor.py:161} INFO - Started process (PID=920) to work on /opt/airflow/dags/f1_pipeline_dag.py
[2026-05-02T16:36:31.091+0000] {processor.py:830} INFO - Processing file /opt/airflow/dags/f1_pipeline_dag.py for tasks to queue
[2026-05-02T16:36:31.092+0000] {logging_mixin.py:188} INFO - [2026-05-02T16:36:31.092+0000] {dagbag.py:538} INFO - Filling up the DagBag from /opt/airflow/dags/f1_pipeline_dag.py
[2026-05-02T16:36:31.108+0000] {processor.py:840} INFO - DAG(s) 'f1_bigdata_pipeline' retrieved from /opt/airflow/dags/f1_pipeline_dag.py
[2026-05-02T16:36:31.140+0000] {logging_mixin.py:188} INFO - [2026-05-02T16:36:31.140+0000] {dag.py:3036} INFO - Sync 1 DAGs
[2026-05-02T16:36:31.157+0000] {logging_mixin.py:188} INFO - [2026-05-02T16:36:31.157+0000] {dag.py:3823} INFO - Setting next_dagrun for f1_bigdata_pipeline to 2026-04-27 06:00:00+00:00, run_after=2026-05-04 06:00:00+00:00
[2026-05-02T16:36:31.166+0000] {processor.py:183} INFO - Processing /opt/airflow/dags/f1_pipeline_dag.py took 0.079 seconds
[2026-05-02T16:37:01.440+0000] {processor.py:161} INFO - Started process (PID=925) to work on /opt/airflow/dags/f1_pipeline_dag.py
[2026-05-02T16:37:01.444+0000] {processor.py:830} INFO - Processing file /opt/airflow/dags/f1_pipeline_dag.py for tasks to queue
[2026-05-02T16:37:01.445+0000] {logging_mixin.py:188} INFO - [2026-05-02T16:37:01.444+0000] {dagbag.py:538} INFO - Filling up the DagBag from /opt/airflow/dags/f1_pipeline_dag.py
[2026-05-02T16:37:01.467+0000] {processor.py:840} INFO - DAG(s) 'f1_bigdata_pipeline' retrieved from /opt/airflow/dags/f1_pipeline_dag.py
[2026-05-02T16:37:01.597+0000] {logging_mixin.py:188} INFO - [2026-05-02T16:37:01.596+0000] {dag.py:3036} INFO - Sync 1 DAGs
[2026-05-02T16:37:01.659+0000] {logging_mixin.py:188} INFO - [2026-05-02T16:37:01.658+0000] {dag.py:3823} INFO - Setting next_dagrun for f1_bigdata_pipeline to 2026-04-27 06:00:00+00:00, run_after=2026-05-04 06:00:00+00:00
[2026-05-02T16:37:01.686+0000] {processor.py:183} INFO - Processing /opt/airflow/dags/f1_pipeline_dag.py took 0.267 seconds
[2026-05-02T16:37:31.769+0000] {processor.py:161} INFO - Started process (PID=930) to work on /opt/airflow/dags/f1_pipeline_dag.py
[2026-05-02T16:37:31.771+0000] {processor.py:830} INFO - Processing file /opt/airflow/dags/f1_pipeline_dag.py for tasks to queue
[2026-05-02T16:37:31.772+0000] {logging_mixin.py:188} INFO - [2026-05-02T16:37:31.772+0000] {dagbag.py:538} INFO - Filling up the DagBag from /opt/airflow/dags/f1_pipeline_dag.py
[2026-05-02T16:37:31.798+0000] {processor.py:840} INFO - DAG(s) 'f1_bigdata_pipeline' retrieved from /opt/airflow/dags/f1_pipeline_dag.py
[2026-05-02T16:37:31.817+0000] {logging_mixin.py:188} INFO - [2026-05-02T16:37:31.817+0000] {dag.py:3036} INFO - Sync 1 DAGs
[2026-05-02T16:37:31.830+0000] {logging_mixin.py:188} INFO - [2026-05-02T16:37:31.830+0000] {dag.py:3823} INFO - Setting next_dagrun for f1_bigdata_pipeline to 2026-04-27 06:00:00+00:00, run_after=2026-05-04 06:00:00+00:00
[2026-05-02T16:37:31.839+0000] {processor.py:183} INFO - Processing /opt/airflow/dags/f1_pipeline_dag.py took 0.076 seconds
[2026-05-02T16:38:02.335+0000] {processor.py:161} INFO - Started process (PID=935) to work on /opt/airflow/dags/f1_pipeline_dag.py
[2026-05-02T16:38:02.338+0000] {processor.py:830} INFO - Processing file /opt/airflow/dags/f1_pipeline_dag.py for tasks to queue
[2026-05-02T16:38:02.340+0000] {logging_mixin.py:188} INFO - [2026-05-02T16:38:02.339+0000] {dagbag.py:538} INFO - Filling up the DagBag from /opt/airflow/dags/f1_pipeline_dag.py
[2026-05-02T16:38:02.361+0000] {processor.py:840} INFO - DAG(s) 'f1_bigdata_pipeline' retrieved from /opt/airflow/dags/f1_pipeline_dag.py
[2026-05-02T16:38:02.398+0000] {logging_mixin.py:188} INFO - [2026-05-02T16:38:02.397+0000] {dag.py:3036} INFO - Sync 1 DAGs
[2026-05-02T16:38:02.415+0000] {logging_mixin.py:188} INFO - [2026-05-02T16:38:02.415+0000] {dag.py:3823} INFO - Setting next_dagrun for f1_bigdata_pipeline to 2026-04-27 06:00:00+00:00, run_after=2026-05-04 06:00:00+00:00
[2026-05-02T16:38:02.426+0000] {processor.py:183} INFO - Processing /opt/airflow/dags/f1_pipeline_dag.py took 0.098 seconds
[2026-05-02T16:38:32.679+0000] {processor.py:161} INFO - Started process (PID=940) to work on /opt/airflow/dags/f1_pipeline_dag.py
[2026-05-02T16:38:32.681+0000] {processor.py:830} INFO - Processing file /opt/airflow/dags/f1_pipeline_dag.py for tasks to queue
[2026-05-02T16:38:32.682+0000] {logging_mixin.py:188} INFO - [2026-05-02T16:38:32.682+0000] {dagbag.py:538} INFO - Filling up the DagBag from /opt/airflow/dags/f1_pipeline_dag.py
[2026-05-02T16:38:32.714+0000] {processor.py:840} INFO - DAG(s) 'f1_bigdata_pipeline' retrieved from /opt/airflow/dags/f1_pipeline_dag.py
[2026-05-02T16:38:32.740+0000] {logging_mixin.py:188} INFO - [2026-05-02T16:38:32.740+0000] {dag.py:3036} INFO - Sync 1 DAGs
[2026-05-02T16:38:32.755+0000] {logging_mixin.py:188} INFO - [2026-05-02T16:38:32.755+0000] {dag.py:3823} INFO - Setting next_dagrun for f1_bigdata_pipeline to 2026-04-27 06:00:00+00:00, run_after=2026-05-04 06:00:00+00:00
[2026-05-02T16:38:32.765+0000] {processor.py:183} INFO - Processing /opt/airflow/dags/f1_pipeline_dag.py took 0.092 seconds
[2026-05-02T16:39:03.036+0000] {processor.py:161} INFO - Started process (PID=945) to work on /opt/airflow/dags/f1_pipeline_dag.py
[2026-05-02T16:39:03.039+0000] {processor.py:830} INFO - Processing file /opt/airflow/dags/f1_pipeline_dag.py for tasks to queue
[2026-05-02T16:39:03.040+0000] {logging_mixin.py:188} INFO - [2026-05-02T16:39:03.039+0000] {dagbag.py:538} INFO - Filling up the DagBag from /opt/airflow/dags/f1_pipeline_dag.py
[2026-05-02T16:39:03.057+0000] {processor.py:840} INFO - DAG(s) 'f1_bigdata_pipeline' retrieved from /opt/airflow/dags/f1_pipeline_dag.py
[2026-05-02T16:39:03.097+0000] {logging_mixin.py:188} INFO - [2026-05-02T16:39:03.097+0000] {dag.py:3036} INFO - Sync 1 DAGs
[2026-05-02T16:39:03.114+0000] {logging_mixin.py:188} INFO - [2026-05-02T16:39:03.114+0000] {dag.py:3823} INFO - Setting next_dagrun for f1_bigdata_pipeline to 2026-04-27 06:00:00+00:00, run_after=2026-05-04 06:00:00+00:00
[2026-05-02T16:39:03.123+0000] {processor.py:183} INFO - Processing /opt/airflow/dags/f1_pipeline_dag.py took 0.092 seconds
[2026-05-02T16:39:33.358+0000] {processor.py:161} INFO - Started process (PID=950) to work on /opt/airflow/dags/f1_pipeline_dag.py
[2026-05-02T16:39:33.360+0000] {processor.py:830} INFO - Processing file /opt/airflow/dags/f1_pipeline_dag.py for tasks to queue
[2026-05-02T16:39:33.361+0000] {logging_mixin.py:188} INFO - [2026-05-02T16:39:33.360+0000] {dagbag.py:538} INFO - Filling up the DagBag from /opt/airflow/dags/f1_pipeline_dag.py
[2026-05-02T16:39:33.374+0000] {processor.py:840} INFO - DAG(s) 'f1_bigdata_pipeline' retrieved from /opt/airflow/dags/f1_pipeline_dag.py
[2026-05-02T16:39:33.417+0000] {logging_mixin.py:188} INFO - [2026-05-02T16:39:33.417+0000] {dag.py:3036} INFO - Sync 1 DAGs
[2026-05-02T16:39:33.436+0000] {logging_mixin.py:188} INFO - [2026-05-02T16:39:33.436+0000] {dag.py:3823} INFO - Setting next_dagrun for f1_bigdata_pipeline to 2026-04-27 06:00:00+00:00, run_after=2026-05-04 06:00:00+00:00
[2026-05-02T16:39:33.446+0000] {processor.py:183} INFO - Processing /opt/airflow/dags/f1_pipeline_dag.py took 0.091 seconds
[2026-05-02T16:40:03.712+0000] {processor.py:161} INFO - Started process (PID=955) to work on /opt/airflow/dags/f1_pipeline_dag.py
[2026-05-02T16:40:03.714+0000] {processor.py:830} INFO - Processing file /opt/airflow/dags/f1_pipeline_dag.py for tasks to queue
[2026-05-02T16:40:03.715+0000] {logging_mixin.py:188} INFO - [2026-05-02T16:40:03.714+0000] {dagbag.py:538} INFO - Filling up the DagBag from /opt/airflow/dags/f1_pipeline_dag.py
[2026-05-02T16:40:03.734+0000] {processor.py:840} INFO - DAG(s) 'f1_bigdata_pipeline' retrieved from /opt/airflow/dags/f1_pipeline_dag.py
[2026-05-02T16:40:03.771+0000] {logging_mixin.py:188} INFO - [2026-05-02T16:40:03.771+0000] {dag.py:3036} INFO - Sync 1 DAGs
[2026-05-02T16:40:03.787+0000] {logging_mixin.py:188} INFO - [2026-05-02T16:40:03.787+0000] {dag.py:3823} INFO - Setting next_dagrun for f1_bigdata_pipeline to 2026-04-27 06:00:00+00:00, run_after=2026-05-04 06:00:00+00:00
[2026-05-02T16:40:03.797+0000] {processor.py:183} INFO - Processing /opt/airflow/dags/f1_pipeline_dag.py took 0.091 seconds
[2026-05-02T16:40:34.026+0000] {processor.py:161} INFO - Started process (PID=960) to work on /opt/airflow/dags/f1_pipeline_dag.py
[2026-05-02T16:40:34.027+0000] {processor.py:830} INFO - Processing file /opt/airflow/dags/f1_pipeline_dag.py for tasks to queue
[2026-05-02T16:40:34.028+0000] {logging_mixin.py:188} INFO - [2026-05-02T16:40:34.027+0000] {dagbag.py:538} INFO - Filling up the DagBag from /opt/airflow/dags/f1_pipeline_dag.py
[2026-05-02T16:40:34.040+0000] {processor.py:840} INFO - DAG(s) 'f1_bigdata_pipeline' retrieved from /opt/airflow/dags/f1_pipeline_dag.py
[2026-05-02T16:40:34.065+0000] {logging_mixin.py:188} INFO - [2026-05-02T16:40:34.065+0000] {dag.py:3036} INFO - Sync 1 DAGs
[2026-05-02T16:40:34.081+0000] {logging_mixin.py:188} INFO - [2026-05-02T16:40:34.080+0000] {dag.py:3823} INFO - Setting next_dagrun for f1_bigdata_pipeline to 2026-04-27 06:00:00+00:00, run_after=2026-05-04 06:00:00+00:00
[2026-05-02T16:40:34.089+0000] {processor.py:183} INFO - Processing /opt/airflow/dags/f1_pipeline_dag.py took 0.066 seconds
[2026-05-02T16:41:04.319+0000] {processor.py:161} INFO - Started process (PID=965) to work on /opt/airflow/dags/f1_pipeline_dag.py
[2026-05-02T16:41:04.321+0000] {processor.py:830} INFO - Processing file /opt/airflow/dags/f1_pipeline_dag.py for tasks to queue
[2026-05-02T16:41:04.322+0000] {logging_mixin.py:188} INFO - [2026-05-02T16:41:04.321+0000] {dagbag.py:538} INFO - Filling up the DagBag from /opt/airflow/dags/f1_pipeline_dag.py
[2026-05-02T16:41:04.336+0000] {processor.py:840} INFO - DAG(s) 'f1_bigdata_pipeline' retrieved from /opt/airflow/dags/f1_pipeline_dag.py
[2026-05-02T16:41:04.380+0000] {logging_mixin.py:188} INFO - [2026-05-02T16:41:04.380+0000] {dag.py:3036} INFO - Sync 1 DAGs
[2026-05-02T16:41:04.395+0000] {logging_mixin.py:188} INFO - [2026-05-02T16:41:04.395+0000] {dag.py:3823} INFO - Setting next_dagrun for f1_bigdata_pipeline to 2026-04-27 06:00:00+00:00, run_after=2026-05-04 06:00:00+00:00
[2026-05-02T16:41:04.405+0000] {processor.py:183} INFO - Processing /opt/airflow/dags/f1_pipeline_dag.py took 0.089 seconds
[2026-05-02T16:41:34.646+0000] {processor.py:161} INFO - Started process (PID=970) to work on /opt/airflow/dags/f1_pipeline_dag.py
[2026-05-02T16:41:34.648+0000] {processor.py:830} INFO - Processing file /opt/airflow/dags/f1_pipeline_dag.py for tasks to queue
[2026-05-02T16:41:34.649+0000] {logging_mixin.py:188} INFO - [2026-05-02T16:41:34.648+0000] {dagbag.py:538} INFO - Filling up the DagBag from /opt/airflow/dags/f1_pipeline_dag.py
[2026-05-02T16:41:34.670+0000] {processor.py:840} INFO - DAG(s) 'f1_bigdata_pipeline' retrieved from /opt/airflow/dags/f1_pipeline_dag.py
[2026-05-02T16:41:34.712+0000] {logging_mixin.py:188} INFO - [2026-05-02T16:41:34.712+0000] {dag.py:3036} INFO - Sync 1 DAGs
[2026-05-02T16:41:34.728+0000] {logging_mixin.py:188} INFO - [2026-05-02T16:41:34.728+0000] {dag.py:3823} INFO - Setting next_dagrun for f1_bigdata_pipeline to 2026-04-27 06:00:00+00:00, run_after=2026-05-04 06:00:00+00:00
[2026-05-02T16:41:34.739+0000] {processor.py:183} INFO - Processing /opt/airflow/dags/f1_pipeline_dag.py took 0.098 seconds
[2026-05-02T16:42:04.979+0000] {processor.py:161} INFO - Started process (PID=975) to work on /opt/airflow/dags/f1_pipeline_dag.py
[2026-05-02T16:42:04.982+0000] {processor.py:830} INFO - Processing file /opt/airflow/dags/f1_pipeline_dag.py for tasks to queue
[2026-05-02T16:42:04.983+0000] {logging_mixin.py:188} INFO - [2026-05-02T16:42:04.982+0000] {dagbag.py:538} INFO - Filling up the DagBag from /opt/airflow/dags/f1_pipeline_dag.py
[2026-05-02T16:42:04.998+0000] {processor.py:840} INFO - DAG(s) 'f1_bigdata_pipeline' retrieved from /opt/airflow/dags/f1_pipeline_dag.py
[2026-05-02T16:42:05.026+0000] {logging_mixin.py:188} INFO - [2026-05-02T16:42:05.026+0000] {dag.py:3036} INFO - Sync 1 DAGs
[2026-05-02T16:42:05.042+0000] {logging_mixin.py:188} INFO - [2026-05-02T16:42:05.042+0000] {dag.py:3823} INFO - Setting next_dagrun for f1_bigdata_pipeline to 2026-04-27 06:00:00+00:00, run_after=2026-05-04 06:00:00+00:00
[2026-05-02T16:42:05.051+0000] {processor.py:183} INFO - Processing /opt/airflow/dags/f1_pipeline_dag.py took 0.076 seconds
[2026-05-02T16:42:35.308+0000] {processor.py:161} INFO - Started process (PID=980) to work on /opt/airflow/dags/f1_pipeline_dag.py
[2026-05-02T16:42:35.310+0000] {processor.py:830} INFO - Processing file /opt/airflow/dags/f1_pipeline_dag.py for tasks to queue
[2026-05-02T16:42:35.312+0000] {logging_mixin.py:188} INFO - [2026-05-02T16:42:35.311+0000] {dagbag.py:538} INFO - Filling up the DagBag from /opt/airflow/dags/f1_pipeline_dag.py
[2026-05-02T16:42:35.331+0000] {processor.py:840} INFO - DAG(s) 'f1_bigdata_pipeline' retrieved from /opt/airflow/dags/f1_pipeline_dag.py
[2026-05-02T16:42:35.359+0000] {logging_mixin.py:188} INFO - [2026-05-02T16:42:35.359+0000] {dag.py:3036} INFO - Sync 1 DAGs
[2026-05-02T16:42:35.388+0000] {logging_mixin.py:188} INFO - [2026-05-02T16:42:35.388+0000] {dag.py:3823} INFO - Setting next_dagrun for f1_bigdata_pipeline to 2026-04-27 06:00:00+00:00, run_after=2026-05-04 06:00:00+00:00
[2026-05-02T16:42:35.398+0000] {processor.py:183} INFO - Processing /opt/airflow/dags/f1_pipeline_dag.py took 0.096 seconds
[2026-05-02T16:43:05.744+0000] {processor.py:161} INFO - Started process (PID=985) to work on /opt/airflow/dags/f1_pipeline_dag.py
[2026-05-02T16:43:05.746+0000] {processor.py:830} INFO - Processing file /opt/airflow/dags/f1_pipeline_dag.py for tasks to queue
[2026-05-02T16:43:05.747+0000] {logging_mixin.py:188} INFO - [2026-05-02T16:43:05.746+0000] {dagbag.py:538} INFO - Filling up the DagBag from /opt/airflow/dags/f1_pipeline_dag.py
[2026-05-02T16:43:05.766+0000] {processor.py:840} INFO - DAG(s) 'f1_bigdata_pipeline' retrieved from /opt/airflow/dags/f1_pipeline_dag.py
[2026-05-02T16:43:05.808+0000] {logging_mixin.py:188} INFO - [2026-05-02T16:43:05.808+0000] {dag.py:3036} INFO - Sync 1 DAGs
[2026-05-02T16:43:05.826+0000] {logging_mixin.py:188} INFO - [2026-05-02T16:43:05.826+0000] {dag.py:3823} INFO - Setting next_dagrun for f1_bigdata_pipeline to 2026-04-27 06:00:00+00:00, run_after=2026-05-04 06:00:00+00:00
[2026-05-02T16:43:05.835+0000] {processor.py:183} INFO - Processing /opt/airflow/dags/f1_pipeline_dag.py took 0.097 seconds
[2026-05-02T16:43:36.078+0000] {processor.py:161} INFO - Started process (PID=990) to work on /opt/airflow/dags/f1_pipeline_dag.py
[2026-05-02T16:43:36.080+0000] {processor.py:830} INFO - Processing file /opt/airflow/dags/f1_pipeline_dag.py for tasks to queue
[2026-05-02T16:43:36.081+0000] {logging_mixin.py:188} INFO - [2026-05-02T16:43:36.080+0000] {dagbag.py:538} INFO - Filling up the DagBag from /opt/airflow/dags/f1_pipeline_dag.py
[2026-05-02T16:43:36.100+0000] {processor.py:840} INFO - DAG(s) 'f1_bigdata_pipeline' retrieved from /opt/airflow/dags/f1_pipeline_dag.py
[2026-05-02T16:43:36.140+0000] {logging_mixin.py:188} INFO - [2026-05-02T16:43:36.139+0000] {dag.py:3036} INFO - Sync 1 DAGs
[2026-05-02T16:43:36.161+0000] {logging_mixin.py:188} INFO - [2026-05-02T16:43:36.160+0000] {dag.py:3823} INFO - Setting next_dagrun for f1_bigdata_pipeline to 2026-04-27 06:00:00+00:00, run_after=2026-05-04 06:00:00+00:00
[2026-05-02T16:43:36.172+0000] {processor.py:183} INFO - Processing /opt/airflow/dags/f1_pipeline_dag.py took 0.099 seconds
[2026-05-02T16:44:06.432+0000] {processor.py:161} INFO - Started process (PID=995) to work on /opt/airflow/dags/f1_pipeline_dag.py
[2026-05-02T16:44:06.435+0000] {processor.py:830} INFO - Processing file /opt/airflow/dags/f1_pipeline_dag.py for tasks to queue
[2026-05-02T16:44:06.437+0000] {logging_mixin.py:188} INFO - [2026-05-02T16:44:06.436+0000] {dagbag.py:538} INFO - Filling up the DagBag from /opt/airflow/dags/f1_pipeline_dag.py
[2026-05-02T16:44:06.461+0000] {processor.py:840} INFO - DAG(s) 'f1_bigdata_pipeline' retrieved from /opt/airflow/dags/f1_pipeline_dag.py
[2026-05-02T16:44:06.510+0000] {logging_mixin.py:188} INFO - [2026-05-02T16:44:06.510+0000] {dag.py:3036} INFO - Sync 1 DAGs
[2026-05-02T16:44:06.526+0000] {logging_mixin.py:188} INFO - [2026-05-02T16:44:06.526+0000] {dag.py:3823} INFO - Setting next_dagrun for f1_bigdata_pipeline to 2026-04-27 06:00:00+00:00, run_after=2026-05-04 06:00:00+00:00
[2026-05-02T16:44:06.536+0000] {processor.py:183} INFO - Processing /opt/airflow/dags/f1_pipeline_dag.py took 0.111 seconds
[2026-05-02T16:44:36.778+0000] {processor.py:161} INFO - Started process (PID=1000) to work on /opt/airflow/dags/f1_pipeline_dag.py
[2026-05-02T16:44:36.781+0000] {processor.py:830} INFO - Processing file /opt/airflow/dags/f1_pipeline_dag.py for tasks to queue
[2026-05-02T16:44:36.782+0000] {logging_mixin.py:188} INFO - [2026-05-02T16:44:36.782+0000] {dagbag.py:538} INFO - Filling up the DagBag from /opt/airflow/dags/f1_pipeline_dag.py
[2026-05-02T16:44:36.817+0000] {processor.py:840} INFO - DAG(s) 'f1_bigdata_pipeline' retrieved from /opt/airflow/dags/f1_pipeline_dag.py
[2026-05-02T16:44:36.846+0000] {logging_mixin.py:188} INFO - [2026-05-02T16:44:36.846+0000] {dag.py:3036} INFO - Sync 1 DAGs
[2026-05-02T16:44:36.861+0000] {logging_mixin.py:188} INFO - [2026-05-02T16:44:36.861+0000] {dag.py:3823} INFO - Setting next_dagrun for f1_bigdata_pipeline to 2026-04-27 06:00:00+00:00, run_after=2026-05-04 06:00:00+00:00
[2026-05-02T16:44:36.871+0000] {processor.py:183} INFO - Processing /opt/airflow/dags/f1_pipeline_dag.py took 0.097 seconds
[2026-05-02T16:45:07.093+0000] {processor.py:161} INFO - Started process (PID=1005) to work on /opt/airflow/dags/f1_pipeline_dag.py
[2026-05-02T16:45:07.095+0000] {processor.py:830} INFO - Processing file /opt/airflow/dags/f1_pipeline_dag.py for tasks to queue
[2026-05-02T16:45:07.096+0000] {logging_mixin.py:188} INFO - [2026-05-02T16:45:07.096+0000] {dagbag.py:538} INFO - Filling up the DagBag from /opt/airflow/dags/f1_pipeline_dag.py
[2026-05-02T16:45:07.116+0000] {processor.py:840} INFO - DAG(s) 'f1_bigdata_pipeline' retrieved from /opt/airflow/dags/f1_pipeline_dag.py
[2026-05-02T16:45:07.169+0000] {logging_mixin.py:188} INFO - [2026-05-02T16:45:07.169+0000] {dag.py:3036} INFO - Sync 1 DAGs
[2026-05-02T16:45:07.185+0000] {logging_mixin.py:188} INFO - [2026-05-02T16:45:07.185+0000] {dag.py:3823} INFO - Setting next_dagrun for f1_bigdata_pipeline to 2026-04-27 06:00:00+00:00, run_after=2026-05-04 06:00:00+00:00
[2026-05-02T16:45:07.198+0000] {processor.py:183} INFO - Processing /opt/airflow/dags/f1_pipeline_dag.py took 0.111 seconds
[2026-05-02T16:45:37.530+0000] {processor.py:161} INFO - Started process (PID=1010) to work on /opt/airflow/dags/f1_pipeline_dag.py
[2026-05-02T16:45:37.532+0000] {processor.py:830} INFO - Processing file /opt/airflow/dags/f1_pipeline_dag.py for tasks to queue
[2026-05-02T16:45:37.533+0000] {logging_mixin.py:188} INFO - [2026-05-02T16:45:37.532+0000] {dagbag.py:538} INFO - Filling up the DagBag from /opt/airflow/dags/f1_pipeline_dag.py
[2026-05-02T16:45:37.550+0000] {processor.py:840} INFO - DAG(s) 'f1_bigdata_pipeline' retrieved from /opt/airflow/dags/f1_pipeline_dag.py
[2026-05-02T16:45:37.587+0000] {logging_mixin.py:188} INFO - [2026-05-02T16:45:37.587+0000] {dag.py:3036} INFO - Sync 1 DAGs
[2026-05-02T16:45:37.617+0000] {logging_mixin.py:188} INFO - [2026-05-02T16:45:37.616+0000] {dag.py:3823} INFO - Setting next_dagrun for f1_bigdata_pipeline to 2026-04-27 06:00:00+00:00, run_after=2026-05-04 06:00:00+00:00
[2026-05-02T16:45:37.650+0000] {processor.py:183} INFO - Processing /opt/airflow/dags/f1_pipeline_dag.py took 0.124 seconds
[2026-05-02T16:46:07.863+0000] {processor.py:161} INFO - Started process (PID=1015) to work on /opt/airflow/dags/f1_pipeline_dag.py
[2026-05-02T16:46:07.866+0000] {processor.py:830} INFO - Processing file /opt/airflow/dags/f1_pipeline_dag.py for tasks to queue
[2026-05-02T16:46:07.867+0000] {logging_mixin.py:188} INFO - [2026-05-02T16:46:07.866+0000] {dagbag.py:538} INFO - Filling up the DagBag from /opt/airflow/dags/f1_pipeline_dag.py
[2026-05-02T16:46:07.887+0000] {processor.py:840} INFO - DAG(s) 'f1_bigdata_pipeline' retrieved from /opt/airflow/dags/f1_pipeline_dag.py
[2026-05-02T16:46:07.925+0000] {logging_mixin.py:188} INFO - [2026-05-02T16:46:07.925+0000] {dag.py:3036} INFO - Sync 1 DAGs
[2026-05-02T16:46:07.941+0000] {logging_mixin.py:188} INFO - [2026-05-02T16:46:07.941+0000] {dag.py:3823} INFO - Setting next_dagrun for f1_bigdata_pipeline to 2026-04-27 06:00:00+00:00, run_after=2026-05-04 06:00:00+00:00
[2026-05-02T16:46:07.949+0000] {processor.py:183} INFO - Processing /opt/airflow/dags/f1_pipeline_dag.py took 0.091 seconds
[2026-05-02T16:46:38.169+0000] {processor.py:161} INFO - Started process (PID=1020) to work on /opt/airflow/dags/f1_pipeline_dag.py
[2026-05-02T16:46:38.170+0000] {processor.py:830} INFO - Processing file /opt/airflow/dags/f1_pipeline_dag.py for tasks to queue
[2026-05-02T16:46:38.171+0000] {logging_mixin.py:188} INFO - [2026-05-02T16:46:38.170+0000] {dagbag.py:538} INFO - Filling up the DagBag from /opt/airflow/dags/f1_pipeline_dag.py
[2026-05-02T16:46:38.201+0000] {processor.py:840} INFO - DAG(s) 'f1_bigdata_pipeline' retrieved from /opt/airflow/dags/f1_pipeline_dag.py
[2026-05-02T16:46:38.229+0000] {logging_mixin.py:188} INFO - [2026-05-02T16:46:38.229+0000] {dag.py:3036} INFO - Sync 1 DAGs
[2026-05-02T16:46:38.258+0000] {logging_mixin.py:188} INFO - [2026-05-02T16:46:38.258+0000] {dag.py:3823} INFO - Setting next_dagrun for f1_bigdata_pipeline to 2026-04-27 06:00:00+00:00, run_after=2026-05-04 06:00:00+00:00
[2026-05-02T16:46:38.283+0000] {processor.py:183} INFO - Processing /opt/airflow/dags/f1_pipeline_dag.py took 0.118 seconds
[2026-05-02T16:47:08.574+0000] {processor.py:161} INFO - Started process (PID=1025) to work on /opt/airflow/dags/f1_pipeline_dag.py
[2026-05-02T16:47:08.576+0000] {processor.py:830} INFO - Processing file /opt/airflow/dags/f1_pipeline_dag.py for tasks to queue
[2026-05-02T16:47:08.578+0000] {logging_mixin.py:188} INFO - [2026-05-02T16:47:08.577+0000] {dagbag.py:538} INFO - Filling up the DagBag from /opt/airflow/dags/f1_pipeline_dag.py
[2026-05-02T16:47:08.619+0000] {processor.py:840} INFO - DAG(s) 'f1_bigdata_pipeline' retrieved from /opt/airflow/dags/f1_pipeline_dag.py
[2026-05-02T16:47:08.652+0000] {logging_mixin.py:188} INFO - [2026-05-02T16:47:08.652+0000] {dag.py:3036} INFO - Sync 1 DAGs
[2026-05-02T16:47:08.679+0000] {logging_mixin.py:188} INFO - [2026-05-02T16:47:08.679+0000] {dag.py:3823} INFO - Setting next_dagrun for f1_bigdata_pipeline to 2026-04-27 06:00:00+00:00, run_after=2026-05-04 06:00:00+00:00
[2026-05-02T16:47:08.699+0000] {processor.py:183} INFO - Processing /opt/airflow/dags/f1_pipeline_dag.py took 0.129 seconds
[2026-05-02T16:47:39.468+0000] {processor.py:161} INFO - Started process (PID=1030) to work on /opt/airflow/dags/f1_pipeline_dag.py
[2026-05-02T16:47:39.472+0000] {processor.py:830} INFO - Processing file /opt/airflow/dags/f1_pipeline_dag.py for tasks to queue
[2026-05-02T16:47:39.473+0000] {logging_mixin.py:188} INFO - [2026-05-02T16:47:39.473+0000] {dagbag.py:538} INFO - Filling up the DagBag from /opt/airflow/dags/f1_pipeline_dag.py
[2026-05-02T16:47:39.563+0000] {processor.py:840} INFO - DAG(s) 'f1_bigdata_pipeline' retrieved from /opt/airflow/dags/f1_pipeline_dag.py
[2026-05-02T16:47:39.891+0000] {logging_mixin.py:188} INFO - [2026-05-02T16:47:39.890+0000] {dag.py:3036} INFO - Sync 1 DAGs
[2026-05-02T16:47:40.141+0000] {logging_mixin.py:188} INFO - [2026-05-02T16:47:40.137+0000] {dag.py:3823} INFO - Setting next_dagrun for f1_bigdata_pipeline to 2026-04-27 06:00:00+00:00, run_after=2026-05-04 06:00:00+00:00
[2026-05-02T16:47:40.245+0000] {processor.py:183} INFO - Processing /opt/airflow/dags/f1_pipeline_dag.py took 0.785 seconds
[2026-05-02T16:48:10.694+0000] {processor.py:161} INFO - Started process (PID=1035) to work on /opt/airflow/dags/f1_pipeline_dag.py
[2026-05-02T16:48:10.696+0000] {processor.py:830} INFO - Processing file /opt/airflow/dags/f1_pipeline_dag.py for tasks to queue
[2026-05-02T16:48:10.697+0000] {logging_mixin.py:188} INFO - [2026-05-02T16:48:10.697+0000] {dagbag.py:538} INFO - Filling up the DagBag from /opt/airflow/dags/f1_pipeline_dag.py
[2026-05-02T16:48:10.719+0000] {processor.py:840} INFO - DAG(s) 'f1_bigdata_pipeline' retrieved from /opt/airflow/dags/f1_pipeline_dag.py
[2026-05-02T16:48:10.758+0000] {logging_mixin.py:188} INFO - [2026-05-02T16:48:10.758+0000] {dag.py:3036} INFO - Sync 1 DAGs
[2026-05-02T16:48:10.801+0000] {logging_mixin.py:188} INFO - [2026-05-02T16:48:10.801+0000] {dag.py:3823} INFO - Setting next_dagrun for f1_bigdata_pipeline to 2026-04-27 06:00:00+00:00, run_after=2026-05-04 06:00:00+00:00
[2026-05-02T16:48:10.817+0000] {processor.py:183} INFO - Processing /opt/airflow/dags/f1_pipeline_dag.py took 0.145 seconds
[2026-05-02T16:48:41.115+0000] {processor.py:161} INFO - Started process (PID=1040) to work on /opt/airflow/dags/f1_pipeline_dag.py
[2026-05-02T16:48:41.116+0000] {processor.py:830} INFO - Processing file /opt/airflow/dags/f1_pipeline_dag.py for tasks to queue
[2026-05-02T16:48:41.120+0000] {logging_mixin.py:188} INFO - [2026-05-02T16:48:41.119+0000] {dagbag.py:538} INFO - Filling up the DagBag from /opt/airflow/dags/f1_pipeline_dag.py
[2026-05-02T16:48:41.141+0000] {processor.py:840} INFO - DAG(s) 'f1_bigdata_pipeline' retrieved from /opt/airflow/dags/f1_pipeline_dag.py
[2026-05-02T16:48:41.198+0000] {logging_mixin.py:188} INFO - [2026-05-02T16:48:41.197+0000] {dag.py:3036} INFO - Sync 1 DAGs
[2026-05-02T16:48:41.243+0000] {logging_mixin.py:188} INFO - [2026-05-02T16:48:41.243+0000] {dag.py:3823} INFO - Setting next_dagrun for f1_bigdata_pipeline to 2026-04-27 06:00:00+00:00, run_after=2026-05-04 06:00:00+00:00
[2026-05-02T16:48:41.254+0000] {processor.py:183} INFO - Processing /opt/airflow/dags/f1_pipeline_dag.py took 0.147 seconds
[2026-05-02T16:49:11.425+0000] {processor.py:161} INFO - Started process (PID=1045) to work on /opt/airflow/dags/f1_pipeline_dag.py
[2026-05-02T16:49:11.426+0000] {processor.py:830} INFO - Processing file /opt/airflow/dags/f1_pipeline_dag.py for tasks to queue
[2026-05-02T16:49:11.426+0000] {logging_mixin.py:188} INFO - [2026-05-02T16:49:11.426+0000] {dagbag.py:538} INFO - Filling up the DagBag from /opt/airflow/dags/f1_pipeline_dag.py
[2026-05-02T16:49:11.440+0000] {processor.py:840} INFO - DAG(s) 'f1_bigdata_pipeline' retrieved from /opt/airflow/dags/f1_pipeline_dag.py
[2026-05-02T16:49:11.463+0000] {logging_mixin.py:188} INFO - [2026-05-02T16:49:11.462+0000] {dag.py:3036} INFO - Sync 1 DAGs
[2026-05-02T16:49:11.496+0000] {logging_mixin.py:188} INFO - [2026-05-02T16:49:11.496+0000] {dag.py:3823} INFO - Setting next_dagrun for f1_bigdata_pipeline to 2026-04-27 06:00:00+00:00, run_after=2026-05-04 06:00:00+00:00
[2026-05-02T16:49:11.505+0000] {processor.py:183} INFO - Processing /opt/airflow/dags/f1_pipeline_dag.py took 0.084 seconds
[2026-05-02T16:49:41.914+0000] {processor.py:161} INFO - Started process (PID=1050) to work on /opt/airflow/dags/f1_pipeline_dag.py
[2026-05-02T16:49:41.915+0000] {processor.py:830} INFO - Processing file /opt/airflow/dags/f1_pipeline_dag.py for tasks to queue
[2026-05-02T16:49:41.917+0000] {logging_mixin.py:188} INFO - [2026-05-02T16:49:41.916+0000] {dagbag.py:538} INFO - Filling up the DagBag from /opt/airflow/dags/f1_pipeline_dag.py
[2026-05-02T16:49:41.937+0000] {processor.py:840} INFO - DAG(s) 'f1_bigdata_pipeline' retrieved from /opt/airflow/dags/f1_pipeline_dag.py
[2026-05-02T16:49:41.969+0000] {logging_mixin.py:188} INFO - [2026-05-02T16:49:41.969+0000] {dag.py:3036} INFO - Sync 1 DAGs
[2026-05-02T16:49:42.004+0000] {logging_mixin.py:188} INFO - [2026-05-02T16:49:42.004+0000] {dag.py:3823} INFO - Setting next_dagrun for f1_bigdata_pipeline to 2026-04-27 06:00:00+00:00, run_after=2026-05-04 06:00:00+00:00
[2026-05-02T16:49:42.021+0000] {processor.py:183} INFO - Processing /opt/airflow/dags/f1_pipeline_dag.py took 0.111 seconds
[2026-05-02T16:50:12.285+0000] {processor.py:161} INFO - Started process (PID=1055) to work on /opt/airflow/dags/f1_pipeline_dag.py
[2026-05-02T16:50:12.286+0000] {processor.py:830} INFO - Processing file /opt/airflow/dags/f1_pipeline_dag.py for tasks to queue
[2026-05-02T16:50:12.288+0000] {logging_mixin.py:188} INFO - [2026-05-02T16:50:12.287+0000] {dagbag.py:538} INFO - Filling up the DagBag from /opt/airflow/dags/f1_pipeline_dag.py
[2026-05-02T16:50:12.307+0000] {processor.py:840} INFO - DAG(s) 'f1_bigdata_pipeline' retrieved from /opt/airflow/dags/f1_pipeline_dag.py
[2026-05-02T16:50:12.356+0000] {logging_mixin.py:188} INFO - [2026-05-02T16:50:12.355+0000] {dag.py:3036} INFO - Sync 1 DAGs
[2026-05-02T16:50:12.373+0000] {logging_mixin.py:188} INFO - [2026-05-02T16:50:12.373+0000] {dag.py:3823} INFO - Setting next_dagrun for f1_bigdata_pipeline to 2026-04-27 06:00:00+00:00, run_after=2026-05-04 06:00:00+00:00
[2026-05-02T16:50:12.383+0000] {processor.py:183} INFO - Processing /opt/airflow/dags/f1_pipeline_dag.py took 0.103 seconds
[2026-05-02T16:50:42.714+0000] {processor.py:161} INFO - Started process (PID=1060) to work on /opt/airflow/dags/f1_pipeline_dag.py
[2026-05-02T16:50:42.715+0000] {processor.py:830} INFO - Processing file /opt/airflow/dags/f1_pipeline_dag.py for tasks to queue
[2026-05-02T16:50:42.715+0000] {logging_mixin.py:188} INFO - [2026-05-02T16:50:42.715+0000] {dagbag.py:538} INFO - Filling up the DagBag from /opt/airflow/dags/f1_pipeline_dag.py
[2026-05-02T16:50:42.730+0000] {processor.py:840} INFO - DAG(s) 'f1_bigdata_pipeline' retrieved from /opt/airflow/dags/f1_pipeline_dag.py
[2026-05-02T16:50:42.761+0000] {logging_mixin.py:188} INFO - [2026-05-02T16:50:42.761+0000] {dag.py:3036} INFO - Sync 1 DAGs
[2026-05-02T16:50:42.778+0000] {logging_mixin.py:188} INFO - [2026-05-02T16:50:42.778+0000] {dag.py:3823} INFO - Setting next_dagrun for f1_bigdata_pipeline to 2026-04-27 06:00:00+00:00, run_after=2026-05-04 06:00:00+00:00
[2026-05-02T16:50:42.788+0000] {processor.py:183} INFO - Processing /opt/airflow/dags/f1_pipeline_dag.py took 0.088 seconds
[2026-05-02T16:51:13.045+0000] {processor.py:161} INFO - Started process (PID=1065) to work on /opt/airflow/dags/f1_pipeline_dag.py
[2026-05-02T16:51:13.046+0000] {processor.py:830} INFO - Processing file /opt/airflow/dags/f1_pipeline_dag.py for tasks to queue
[2026-05-02T16:51:13.047+0000] {logging_mixin.py:188} INFO - [2026-05-02T16:51:13.047+0000] {dagbag.py:538} INFO - Filling up the DagBag from /opt/airflow/dags/f1_pipeline_dag.py
[2026-05-02T16:51:13.061+0000] {processor.py:840} INFO - DAG(s) 'f1_bigdata_pipeline' retrieved from /opt/airflow/dags/f1_pipeline_dag.py
[2026-05-02T16:51:13.103+0000] {logging_mixin.py:188} INFO - [2026-05-02T16:51:13.103+0000] {dag.py:3036} INFO - Sync 1 DAGs
[2026-05-02T16:51:13.119+0000] {logging_mixin.py:188} INFO - [2026-05-02T16:51:13.119+0000] {dag.py:3823} INFO - Setting next_dagrun for f1_bigdata_pipeline to 2026-04-27 06:00:00+00:00, run_after=2026-05-04 06:00:00+00:00
[2026-05-02T16:51:13.129+0000] {processor.py:183} INFO - Processing /opt/airflow/dags/f1_pipeline_dag.py took 0.088 seconds
[2026-05-02T16:51:43.337+0000] {processor.py:161} INFO - Started process (PID=1070) to work on /opt/airflow/dags/f1_pipeline_dag.py
[2026-05-02T16:51:43.338+0000] {processor.py:830} INFO - Processing file /opt/airflow/dags/f1_pipeline_dag.py for tasks to queue
[2026-05-02T16:51:43.339+0000] {logging_mixin.py:188} INFO - [2026-05-02T16:51:43.338+0000] {dagbag.py:538} INFO - Filling up the DagBag from /opt/airflow/dags/f1_pipeline_dag.py
[2026-05-02T16:51:43.359+0000] {processor.py:840} INFO - DAG(s) 'f1_bigdata_pipeline' retrieved from /opt/airflow/dags/f1_pipeline_dag.py
[2026-05-02T16:51:43.388+0000] {logging_mixin.py:188} INFO - [2026-05-02T16:51:43.388+0000] {dag.py:3036} INFO - Sync 1 DAGs
[2026-05-02T16:51:43.405+0000] {logging_mixin.py:188} INFO - [2026-05-02T16:51:43.405+0000] {dag.py:3823} INFO - Setting next_dagrun for f1_bigdata_pipeline to 2026-04-27 06:00:00+00:00, run_after=2026-05-04 06:00:00+00:00
[2026-05-02T16:51:43.414+0000] {processor.py:183} INFO - Processing /opt/airflow/dags/f1_pipeline_dag.py took 0.082 seconds
[2026-05-02T16:52:13.765+0000] {processor.py:161} INFO - Started process (PID=1075) to work on /opt/airflow/dags/f1_pipeline_dag.py
[2026-05-02T16:52:13.766+0000] {processor.py:830} INFO - Processing file /opt/airflow/dags/f1_pipeline_dag.py for tasks to queue
[2026-05-02T16:52:13.767+0000] {logging_mixin.py:188} INFO - [2026-05-02T16:52:13.766+0000] {dagbag.py:538} INFO - Filling up the DagBag from /opt/airflow/dags/f1_pipeline_dag.py
[2026-05-02T16:52:13.780+0000] {processor.py:840} INFO - DAG(s) 'f1_bigdata_pipeline' retrieved from /opt/airflow/dags/f1_pipeline_dag.py
[2026-05-02T16:52:13.833+0000] {logging_mixin.py:188} INFO - [2026-05-02T16:52:13.833+0000] {dag.py:3036} INFO - Sync 1 DAGs
[2026-05-02T16:52:13.854+0000] {logging_mixin.py:188} INFO - [2026-05-02T16:52:13.854+0000] {dag.py:3823} INFO - Setting next_dagrun for f1_bigdata_pipeline to 2026-04-27 06:00:00+00:00, run_after=2026-05-04 06:00:00+00:00
[2026-05-02T16:52:13.864+0000] {processor.py:183} INFO - Processing /opt/airflow/dags/f1_pipeline_dag.py took 0.102 seconds
[2026-05-02T16:52:44.102+0000] {processor.py:161} INFO - Started process (PID=1080) to work on /opt/airflow/dags/f1_pipeline_dag.py
[2026-05-02T16:52:44.103+0000] {processor.py:830} INFO - Processing file /opt/airflow/dags/f1_pipeline_dag.py for tasks to queue
[2026-05-02T16:52:44.105+0000] {logging_mixin.py:188} INFO - [2026-05-02T16:52:44.104+0000] {dagbag.py:538} INFO - Filling up the DagBag from /opt/airflow/dags/f1_pipeline_dag.py
[2026-05-02T16:52:44.125+0000] {processor.py:840} INFO - DAG(s) 'f1_bigdata_pipeline' retrieved from /opt/airflow/dags/f1_pipeline_dag.py
[2026-05-02T16:52:44.154+0000] {logging_mixin.py:188} INFO - [2026-05-02T16:52:44.153+0000] {dag.py:3036} INFO - Sync 1 DAGs
[2026-05-02T16:52:44.172+0000] {logging_mixin.py:188} INFO - [2026-05-02T16:52:44.171+0000] {dag.py:3823} INFO - Setting next_dagrun for f1_bigdata_pipeline to 2026-04-27 06:00:00+00:00, run_after=2026-05-04 06:00:00+00:00
[2026-05-02T16:52:44.186+0000] {processor.py:183} INFO - Processing /opt/airflow/dags/f1_pipeline_dag.py took 0.089 seconds
[2026-05-02T16:53:14.435+0000] {processor.py:161} INFO - Started process (PID=1085) to work on /opt/airflow/dags/f1_pipeline_dag.py
[2026-05-02T16:53:14.437+0000] {processor.py:830} INFO - Processing file /opt/airflow/dags/f1_pipeline_dag.py for tasks to queue
[2026-05-02T16:53:14.438+0000] {logging_mixin.py:188} INFO - [2026-05-02T16:53:14.437+0000] {dagbag.py:538} INFO - Filling up the DagBag from /opt/airflow/dags/f1_pipeline_dag.py
[2026-05-02T16:53:14.474+0000] {processor.py:840} INFO - DAG(s) 'f1_bigdata_pipeline' retrieved from /opt/airflow/dags/f1_pipeline_dag.py
[2026-05-02T16:53:14.514+0000] {logging_mixin.py:188} INFO - [2026-05-02T16:53:14.514+0000] {dag.py:3036} INFO - Sync 1 DAGs
[2026-05-02T16:53:14.535+0000] {logging_mixin.py:188} INFO - [2026-05-02T16:53:14.534+0000] {dag.py:3823} INFO - Setting next_dagrun for f1_bigdata_pipeline to 2026-04-27 06:00:00+00:00, run_after=2026-05-04 06:00:00+00:00
[2026-05-02T16:53:14.548+0000] {processor.py:183} INFO - Processing /opt/airflow/dags/f1_pipeline_dag.py took 0.118 seconds
[2026-05-02T16:53:44.759+0000] {processor.py:161} INFO - Started process (PID=1090) to work on /opt/airflow/dags/f1_pipeline_dag.py
[2026-05-02T16:53:44.760+0000] {processor.py:830} INFO - Processing file /opt/airflow/dags/f1_pipeline_dag.py for tasks to queue
[2026-05-02T16:53:44.761+0000] {logging_mixin.py:188} INFO - [2026-05-02T16:53:44.761+0000] {dagbag.py:538} INFO - Filling up the DagBag from /opt/airflow/dags/f1_pipeline_dag.py
[2026-05-02T16:53:44.782+0000] {processor.py:840} INFO - DAG(s) 'f1_bigdata_pipeline' retrieved from /opt/airflow/dags/f1_pipeline_dag.py
[2026-05-02T16:53:44.808+0000] {logging_mixin.py:188} INFO - [2026-05-02T16:53:44.808+0000] {dag.py:3036} INFO - Sync 1 DAGs
[2026-05-02T16:53:44.834+0000] {logging_mixin.py:188} INFO - [2026-05-02T16:53:44.834+0000] {dag.py:3823} INFO - Setting next_dagrun for f1_bigdata_pipeline to 2026-04-27 06:00:00+00:00, run_after=2026-05-04 06:00:00+00:00
[2026-05-02T16:53:44.845+0000] {processor.py:183} INFO - Processing /opt/airflow/dags/f1_pipeline_dag.py took 0.096 seconds
[2026-05-02T16:54:15.113+0000] {processor.py:161} INFO - Started process (PID=1095) to work on /opt/airflow/dags/f1_pipeline_dag.py
[2026-05-02T16:54:15.115+0000] {processor.py:830} INFO - Processing file /opt/airflow/dags/f1_pipeline_dag.py for tasks to queue
[2026-05-02T16:54:15.116+0000] {logging_mixin.py:188} INFO - [2026-05-02T16:54:15.115+0000] {dagbag.py:538} INFO - Filling up the DagBag from /opt/airflow/dags/f1_pipeline_dag.py
[2026-05-02T16:54:15.135+0000] {processor.py:840} INFO - DAG(s) 'f1_bigdata_pipeline' retrieved from /opt/airflow/dags/f1_pipeline_dag.py
[2026-05-02T16:54:15.167+0000] {logging_mixin.py:188} INFO - [2026-05-02T16:54:15.167+0000] {dag.py:3036} INFO - Sync 1 DAGs
[2026-05-02T16:54:15.222+0000] {logging_mixin.py:188} INFO - [2026-05-02T16:54:15.222+0000] {dag.py:3823} INFO - Setting next_dagrun for f1_bigdata_pipeline to 2026-04-27 06:00:00+00:00, run_after=2026-05-04 06:00:00+00:00
[2026-05-02T16:54:15.235+0000] {processor.py:183} INFO - Processing /opt/airflow/dags/f1_pipeline_dag.py took 0.127 seconds
[2026-05-02T16:54:45.408+0000] {processor.py:161} INFO - Started process (PID=1100) to work on /opt/airflow/dags/f1_pipeline_dag.py
[2026-05-02T16:54:45.410+0000] {processor.py:830} INFO - Processing file /opt/airflow/dags/f1_pipeline_dag.py for tasks to queue
[2026-05-02T16:54:45.411+0000] {logging_mixin.py:188} INFO - [2026-05-02T16:54:45.410+0000] {dagbag.py:538} INFO - Filling up the DagBag from /opt/airflow/dags/f1_pipeline_dag.py
[2026-05-02T16:54:45.433+0000] {processor.py:840} INFO - DAG(s) 'f1_bigdata_pipeline' retrieved from /opt/airflow/dags/f1_pipeline_dag.py
[2026-05-02T16:54:45.480+0000] {logging_mixin.py:188} INFO - [2026-05-02T16:54:45.479+0000] {dag.py:3036} INFO - Sync 1 DAGs
[2026-05-02T16:54:45.497+0000] {logging_mixin.py:188} INFO - [2026-05-02T16:54:45.496+0000] {dag.py:3823} INFO - Setting next_dagrun for f1_bigdata_pipeline to 2026-04-27 06:00:00+00:00, run_after=2026-05-04 06:00:00+00:00
[2026-05-02T16:54:45.506+0000] {processor.py:183} INFO - Processing /opt/airflow/dags/f1_pipeline_dag.py took 0.103 seconds
[2026-05-02T16:55:16.052+0000] {processor.py:161} INFO - Started process (PID=1105) to work on /opt/airflow/dags/f1_pipeline_dag.py
[2026-05-02T16:55:16.054+0000] {processor.py:830} INFO - Processing file /opt/airflow/dags/f1_pipeline_dag.py for tasks to queue
[2026-05-02T16:55:16.055+0000] {logging_mixin.py:188} INFO - [2026-05-02T16:55:16.054+0000] {dagbag.py:538} INFO - Filling up the DagBag from /opt/airflow/dags/f1_pipeline_dag.py
[2026-05-02T16:55:16.104+0000] {processor.py:840} INFO - DAG(s) 'f1_bigdata_pipeline' retrieved from /opt/airflow/dags/f1_pipeline_dag.py
[2026-05-02T16:55:16.172+0000] {logging_mixin.py:188} INFO - [2026-05-02T16:55:16.172+0000] {dag.py:3036} INFO - Sync 1 DAGs
[2026-05-02T16:55:16.213+0000] {logging_mixin.py:188} INFO - [2026-05-02T16:55:16.213+0000] {dag.py:3823} INFO - Setting next_dagrun for f1_bigdata_pipeline to 2026-04-27 06:00:00+00:00, run_after=2026-05-04 06:00:00+00:00
[2026-05-02T16:55:16.237+0000] {processor.py:183} INFO - Processing /opt/airflow/dags/f1_pipeline_dag.py took 0.195 seconds
[2026-05-02T16:55:46.395+0000] {processor.py:161} INFO - Started process (PID=1110) to work on /opt/airflow/dags/f1_pipeline_dag.py
[2026-05-02T16:55:46.396+0000] {processor.py:830} INFO - Processing file /opt/airflow/dags/f1_pipeline_dag.py for tasks to queue
[2026-05-02T16:55:46.397+0000] {logging_mixin.py:188} INFO - [2026-05-02T16:55:46.397+0000] {dagbag.py:538} INFO - Filling up the DagBag from /opt/airflow/dags/f1_pipeline_dag.py
[2026-05-02T16:55:46.416+0000] {processor.py:840} INFO - DAG(s) 'f1_bigdata_pipeline' retrieved from /opt/airflow/dags/f1_pipeline_dag.py
[2026-05-02T16:55:46.446+0000] {logging_mixin.py:188} INFO - [2026-05-02T16:55:46.446+0000] {dag.py:3036} INFO - Sync 1 DAGs
[2026-05-02T16:55:46.479+0000] {logging_mixin.py:188} INFO - [2026-05-02T16:55:46.479+0000] {dag.py:3823} INFO - Setting next_dagrun for f1_bigdata_pipeline to 2026-04-27 06:00:00+00:00, run_after=2026-05-04 06:00:00+00:00
[2026-05-02T16:55:46.491+0000] {processor.py:183} INFO - Processing /opt/airflow/dags/f1_pipeline_dag.py took 0.102 seconds
[2026-05-02T16:56:16.886+0000] {processor.py:161} INFO - Started process (PID=1115) to work on /opt/airflow/dags/f1_pipeline_dag.py
[2026-05-02T16:56:16.887+0000] {processor.py:830} INFO - Processing file /opt/airflow/dags/f1_pipeline_dag.py for tasks to queue
[2026-05-02T16:56:16.887+0000] {logging_mixin.py:188} INFO - [2026-05-02T16:56:16.887+0000] {dagbag.py:538} INFO - Filling up the DagBag from /opt/airflow/dags/f1_pipeline_dag.py
[2026-05-02T16:56:16.900+0000] {processor.py:840} INFO - DAG(s) 'f1_bigdata_pipeline' retrieved from /opt/airflow/dags/f1_pipeline_dag.py
[2026-05-02T16:56:16.950+0000] {logging_mixin.py:188} INFO - [2026-05-02T16:56:16.950+0000] {dag.py:3036} INFO - Sync 1 DAGs
[2026-05-02T16:56:16.981+0000] {logging_mixin.py:188} INFO - [2026-05-02T16:56:16.981+0000] {dag.py:3823} INFO - Setting next_dagrun for f1_bigdata_pipeline to 2026-04-27 06:00:00+00:00, run_after=2026-05-04 06:00:00+00:00
[2026-05-02T16:56:16.993+0000] {processor.py:183} INFO - Processing /opt/airflow/dags/f1_pipeline_dag.py took 0.110 seconds
[2026-05-02T16:56:47.392+0000] {processor.py:161} INFO - Started process (PID=1120) to work on /opt/airflow/dags/f1_pipeline_dag.py
[2026-05-02T16:56:47.396+0000] {processor.py:830} INFO - Processing file /opt/airflow/dags/f1_pipeline_dag.py for tasks to queue
[2026-05-02T16:56:47.397+0000] {logging_mixin.py:188} INFO - [2026-05-02T16:56:47.396+0000] {dagbag.py:538} INFO - Filling up the DagBag from /opt/airflow/dags/f1_pipeline_dag.py
[2026-05-02T16:56:47.421+0000] {processor.py:840} INFO - DAG(s) 'f1_bigdata_pipeline' retrieved from /opt/airflow/dags/f1_pipeline_dag.py
[2026-05-02T16:56:47.478+0000] {logging_mixin.py:188} INFO - [2026-05-02T16:56:47.478+0000] {dag.py:3036} INFO - Sync 1 DAGs
[2026-05-02T16:56:47.513+0000] {logging_mixin.py:188} INFO - [2026-05-02T16:56:47.513+0000] {dag.py:3823} INFO - Setting next_dagrun for f1_bigdata_pipeline to 2026-04-27 06:00:00+00:00, run_after=2026-05-04 06:00:00+00:00
[2026-05-02T16:56:47.527+0000] {processor.py:183} INFO - Processing /opt/airflow/dags/f1_pipeline_dag.py took 0.149 seconds
[2026-05-02T16:57:17.988+0000] {processor.py:161} INFO - Started process (PID=1125) to work on /opt/airflow/dags/f1_pipeline_dag.py
[2026-05-02T16:57:17.990+0000] {processor.py:830} INFO - Processing file /opt/airflow/dags/f1_pipeline_dag.py for tasks to queue
[2026-05-02T16:57:17.991+0000] {logging_mixin.py:188} INFO - [2026-05-02T16:57:17.990+0000] {dagbag.py:538} INFO - Filling up the DagBag from /opt/airflow/dags/f1_pipeline_dag.py
[2026-05-02T16:57:18.039+0000] {processor.py:840} INFO - DAG(s) 'f1_bigdata_pipeline' retrieved from /opt/airflow/dags/f1_pipeline_dag.py
[2026-05-02T16:57:18.082+0000] {logging_mixin.py:188} INFO - [2026-05-02T16:57:18.082+0000] {dag.py:3036} INFO - Sync 1 DAGs
[2026-05-02T16:57:18.108+0000] {logging_mixin.py:188} INFO - [2026-05-02T16:57:18.108+0000] {dag.py:3823} INFO - Setting next_dagrun for f1_bigdata_pipeline to 2026-04-27 06:00:00+00:00, run_after=2026-05-04 06:00:00+00:00
[2026-05-02T16:57:18.119+0000] {processor.py:183} INFO - Processing /opt/airflow/dags/f1_pipeline_dag.py took 0.136 seconds
[2026-05-02T16:57:48.300+0000] {processor.py:161} INFO - Started process (PID=1130) to work on /opt/airflow/dags/f1_pipeline_dag.py
[2026-05-02T16:57:48.301+0000] {processor.py:830} INFO - Processing file /opt/airflow/dags/f1_pipeline_dag.py for tasks to queue
[2026-05-02T16:57:48.302+0000] {logging_mixin.py:188} INFO - [2026-05-02T16:57:48.302+0000] {dagbag.py:538} INFO - Filling up the DagBag from /opt/airflow/dags/f1_pipeline_dag.py
[2026-05-02T16:57:48.319+0000] {processor.py:840} INFO - DAG(s) 'f1_bigdata_pipeline' retrieved from /opt/airflow/dags/f1_pipeline_dag.py
[2026-05-02T16:57:48.357+0000] {logging_mixin.py:188} INFO - [2026-05-02T16:57:48.356+0000] {dag.py:3036} INFO - Sync 1 DAGs
[2026-05-02T16:57:48.376+0000] {logging_mixin.py:188} INFO - [2026-05-02T16:57:48.376+0000] {dag.py:3823} INFO - Setting next_dagrun for f1_bigdata_pipeline to 2026-04-27 06:00:00+00:00, run_after=2026-05-04 06:00:00+00:00
[2026-05-02T16:57:48.385+0000] {processor.py:183} INFO - Processing /opt/airflow/dags/f1_pipeline_dag.py took 0.092 seconds
[2026-05-02T16:58:18.657+0000] {processor.py:161} INFO - Started process (PID=1135) to work on /opt/airflow/dags/f1_pipeline_dag.py
[2026-05-02T16:58:18.659+0000] {processor.py:830} INFO - Processing file /opt/airflow/dags/f1_pipeline_dag.py for tasks to queue
[2026-05-02T16:58:18.660+0000] {logging_mixin.py:188} INFO - [2026-05-02T16:58:18.659+0000] {dagbag.py:538} INFO - Filling up the DagBag from /opt/airflow/dags/f1_pipeline_dag.py
[2026-05-02T16:58:18.676+0000] {processor.py:840} INFO - DAG(s) 'f1_bigdata_pipeline' retrieved from /opt/airflow/dags/f1_pipeline_dag.py
[2026-05-02T16:58:18.702+0000] {logging_mixin.py:188} INFO - [2026-05-02T16:58:18.701+0000] {dag.py:3036} INFO - Sync 1 DAGs
[2026-05-02T16:58:18.732+0000] {logging_mixin.py:188} INFO - [2026-05-02T16:58:18.732+0000] {dag.py:3823} INFO - Setting next_dagrun for f1_bigdata_pipeline to 2026-04-27 06:00:00+00:00, run_after=2026-05-04 06:00:00+00:00
[2026-05-02T16:58:18.743+0000] {processor.py:183} INFO - Processing /opt/airflow/dags/f1_pipeline_dag.py took 0.096 seconds
[2026-05-02T16:58:48.913+0000] {processor.py:161} INFO - Started process (PID=1140) to work on /opt/airflow/dags/f1_pipeline_dag.py
[2026-05-02T16:58:48.914+0000] {processor.py:830} INFO - Processing file /opt/airflow/dags/f1_pipeline_dag.py for tasks to queue
[2026-05-02T16:58:48.915+0000] {logging_mixin.py:188} INFO - [2026-05-02T16:58:48.915+0000] {dagbag.py:538} INFO - Filling up the DagBag from /opt/airflow/dags/f1_pipeline_dag.py
[2026-05-02T16:58:48.933+0000] {processor.py:840} INFO - DAG(s) 'f1_bigdata_pipeline' retrieved from /opt/airflow/dags/f1_pipeline_dag.py
[2026-05-02T16:58:48.960+0000] {logging_mixin.py:188} INFO - [2026-05-02T16:58:48.960+0000] {dag.py:3036} INFO - Sync 1 DAGs
[2026-05-02T16:58:48.996+0000] {logging_mixin.py:188} INFO - [2026-05-02T16:58:48.996+0000] {dag.py:3823} INFO - Setting next_dagrun for f1_bigdata_pipeline to 2026-04-27 06:00:00+00:00, run_after=2026-05-04 06:00:00+00:00
[2026-05-02T16:58:49.006+0000] {processor.py:183} INFO - Processing /opt/airflow/dags/f1_pipeline_dag.py took 0.100 seconds
[2026-05-02T16:59:19.247+0000] {processor.py:161} INFO - Started process (PID=1145) to work on /opt/airflow/dags/f1_pipeline_dag.py
[2026-05-02T16:59:19.249+0000] {processor.py:830} INFO - Processing file /opt/airflow/dags/f1_pipeline_dag.py for tasks to queue
[2026-05-02T16:59:19.250+0000] {logging_mixin.py:188} INFO - [2026-05-02T16:59:19.249+0000] {dagbag.py:538} INFO - Filling up the DagBag from /opt/airflow/dags/f1_pipeline_dag.py
[2026-05-02T16:59:19.271+0000] {processor.py:840} INFO - DAG(s) 'f1_bigdata_pipeline' retrieved from /opt/airflow/dags/f1_pipeline_dag.py
[2026-05-02T16:59:19.301+0000] {logging_mixin.py:188} INFO - [2026-05-02T16:59:19.301+0000] {dag.py:3036} INFO - Sync 1 DAGs
[2026-05-02T16:59:19.318+0000] {logging_mixin.py:188} INFO - [2026-05-02T16:59:19.318+0000] {dag.py:3823} INFO - Setting next_dagrun for f1_bigdata_pipeline to 2026-04-27 06:00:00+00:00, run_after=2026-05-04 06:00:00+00:00
[2026-05-02T16:59:19.328+0000] {processor.py:183} INFO - Processing /opt/airflow/dags/f1_pipeline_dag.py took 0.092 seconds
[2026-05-02T16:59:49.614+0000] {processor.py:161} INFO - Started process (PID=1150) to work on /opt/airflow/dags/f1_pipeline_dag.py
[2026-05-02T16:59:49.616+0000] {processor.py:830} INFO - Processing file /opt/airflow/dags/f1_pipeline_dag.py for tasks to queue
[2026-05-02T16:59:49.625+0000] {logging_mixin.py:188} INFO - [2026-05-02T16:59:49.618+0000] {dagbag.py:538} INFO - Filling up the DagBag from /opt/airflow/dags/f1_pipeline_dag.py
[2026-05-02T16:59:49.663+0000] {processor.py:840} INFO - DAG(s) 'f1_bigdata_pipeline' retrieved from /opt/airflow/dags/f1_pipeline_dag.py
[2026-05-02T16:59:49.691+0000] {logging_mixin.py:188} INFO - [2026-05-02T16:59:49.691+0000] {dag.py:3036} INFO - Sync 1 DAGs
[2026-05-02T16:59:49.720+0000] {logging_mixin.py:188} INFO - [2026-05-02T16:59:49.719+0000] {dag.py:3823} INFO - Setting next_dagrun for f1_bigdata_pipeline to 2026-04-27 06:00:00+00:00, run_after=2026-05-04 06:00:00+00:00
[2026-05-02T16:59:49.730+0000] {processor.py:183} INFO - Processing /opt/airflow/dags/f1_pipeline_dag.py took 0.122 seconds
[2026-05-02T17:00:19.944+0000] {processor.py:161} INFO - Started process (PID=1155) to work on /opt/airflow/dags/f1_pipeline_dag.py
[2026-05-02T17:00:19.946+0000] {processor.py:830} INFO - Processing file /opt/airflow/dags/f1_pipeline_dag.py for tasks to queue
[2026-05-02T17:00:19.948+0000] {logging_mixin.py:188} INFO - [2026-05-02T17:00:19.948+0000] {dagbag.py:538} INFO - Filling up the DagBag from /opt/airflow/dags/f1_pipeline_dag.py
[2026-05-02T17:00:19.969+0000] {processor.py:840} INFO - DAG(s) 'f1_bigdata_pipeline' retrieved from /opt/airflow/dags/f1_pipeline_dag.py
[2026-05-02T17:00:19.999+0000] {logging_mixin.py:188} INFO - [2026-05-02T17:00:19.999+0000] {dag.py:3036} INFO - Sync 1 DAGs
[2026-05-02T17:00:20.043+0000] {logging_mixin.py:188} INFO - [2026-05-02T17:00:20.042+0000] {dag.py:3823} INFO - Setting next_dagrun for f1_bigdata_pipeline to 2026-04-27 06:00:00+00:00, run_after=2026-05-04 06:00:00+00:00
[2026-05-02T17:00:20.054+0000] {processor.py:183} INFO - Processing /opt/airflow/dags/f1_pipeline_dag.py took 0.116 seconds
[2026-05-02T17:00:50.378+0000] {processor.py:161} INFO - Started process (PID=1160) to work on /opt/airflow/dags/f1_pipeline_dag.py
[2026-05-02T17:00:50.379+0000] {processor.py:830} INFO - Processing file /opt/airflow/dags/f1_pipeline_dag.py for tasks to queue
[2026-05-02T17:00:50.380+0000] {logging_mixin.py:188} INFO - [2026-05-02T17:00:50.380+0000] {dagbag.py:538} INFO - Filling up the DagBag from /opt/airflow/dags/f1_pipeline_dag.py
[2026-05-02T17:00:50.402+0000] {processor.py:840} INFO - DAG(s) 'f1_bigdata_pipeline' retrieved from /opt/airflow/dags/f1_pipeline_dag.py
[2026-05-02T17:00:50.448+0000] {logging_mixin.py:188} INFO - [2026-05-02T17:00:50.448+0000] {dag.py:3036} INFO - Sync 1 DAGs
[2026-05-02T17:00:50.477+0000] {logging_mixin.py:188} INFO - [2026-05-02T17:00:50.477+0000] {dag.py:3823} INFO - Setting next_dagrun for f1_bigdata_pipeline to 2026-04-27 06:00:00+00:00, run_after=2026-05-04 06:00:00+00:00
[2026-05-02T17:00:50.488+0000] {processor.py:183} INFO - Processing /opt/airflow/dags/f1_pipeline_dag.py took 0.117 seconds
[2026-05-02T17:01:20.741+0000] {processor.py:161} INFO - Started process (PID=1165) to work on /opt/airflow/dags/f1_pipeline_dag.py
[2026-05-02T17:01:20.742+0000] {processor.py:830} INFO - Processing file /opt/airflow/dags/f1_pipeline_dag.py for tasks to queue
[2026-05-02T17:01:20.743+0000] {logging_mixin.py:188} INFO - [2026-05-02T17:01:20.742+0000] {dagbag.py:538} INFO - Filling up the DagBag from /opt/airflow/dags/f1_pipeline_dag.py
[2026-05-02T17:01:20.772+0000] {processor.py:840} INFO - DAG(s) 'f1_bigdata_pipeline' retrieved from /opt/airflow/dags/f1_pipeline_dag.py
[2026-05-02T17:01:20.801+0000] {logging_mixin.py:188} INFO - [2026-05-02T17:01:20.801+0000] {dag.py:3036} INFO - Sync 1 DAGs
[2026-05-02T17:01:20.819+0000] {logging_mixin.py:188} INFO - [2026-05-02T17:01:20.819+0000] {dag.py:3823} INFO - Setting next_dagrun for f1_bigdata_pipeline to 2026-04-27 06:00:00+00:00, run_after=2026-05-04 06:00:00+00:00
[2026-05-02T17:01:20.837+0000] {processor.py:183} INFO - Processing /opt/airflow/dags/f1_pipeline_dag.py took 0.102 seconds
[2026-05-02T17:01:51.097+0000] {processor.py:161} INFO - Started process (PID=1170) to work on /opt/airflow/dags/f1_pipeline_dag.py
[2026-05-02T17:01:51.103+0000] {processor.py:830} INFO - Processing file /opt/airflow/dags/f1_pipeline_dag.py for tasks to queue
[2026-05-02T17:01:51.104+0000] {logging_mixin.py:188} INFO - [2026-05-02T17:01:51.103+0000] {dagbag.py:538} INFO - Filling up the DagBag from /opt/airflow/dags/f1_pipeline_dag.py
[2026-05-02T17:01:51.124+0000] {processor.py:840} INFO - DAG(s) 'f1_bigdata_pipeline' retrieved from /opt/airflow/dags/f1_pipeline_dag.py
[2026-05-02T17:01:51.151+0000] {logging_mixin.py:188} INFO - [2026-05-02T17:01:51.151+0000] {dag.py:3036} INFO - Sync 1 DAGs
[2026-05-02T17:01:51.168+0000] {logging_mixin.py:188} INFO - [2026-05-02T17:01:51.168+0000] {dag.py:3823} INFO - Setting next_dagrun for f1_bigdata_pipeline to 2026-04-27 06:00:00+00:00, run_after=2026-05-04 06:00:00+00:00
[2026-05-02T17:01:51.177+0000] {processor.py:183} INFO - Processing /opt/airflow/dags/f1_pipeline_dag.py took 0.086 seconds
[2026-05-02T17:02:21.413+0000] {processor.py:161} INFO - Started process (PID=1175) to work on /opt/airflow/dags/f1_pipeline_dag.py
[2026-05-02T17:02:21.414+0000] {processor.py:830} INFO - Processing file /opt/airflow/dags/f1_pipeline_dag.py for tasks to queue
[2026-05-02T17:02:21.415+0000] {logging_mixin.py:188} INFO - [2026-05-02T17:02:21.414+0000] {dagbag.py:538} INFO - Filling up the DagBag from /opt/airflow/dags/f1_pipeline_dag.py
[2026-05-02T17:02:21.456+0000] {processor.py:840} INFO - DAG(s) 'f1_bigdata_pipeline' retrieved from /opt/airflow/dags/f1_pipeline_dag.py
[2026-05-02T17:02:21.487+0000] {logging_mixin.py:188} INFO - [2026-05-02T17:02:21.487+0000] {dag.py:3036} INFO - Sync 1 DAGs
[2026-05-02T17:02:21.507+0000] {logging_mixin.py:188} INFO - [2026-05-02T17:02:21.507+0000] {dag.py:3823} INFO - Setting next_dagrun for f1_bigdata_pipeline to 2026-04-27 06:00:00+00:00, run_after=2026-05-04 06:00:00+00:00
[2026-05-02T17:02:21.520+0000] {processor.py:183} INFO - Processing /opt/airflow/dags/f1_pipeline_dag.py took 0.113 seconds
[2026-05-02T17:02:51.775+0000] {processor.py:161} INFO - Started process (PID=1180) to work on /opt/airflow/dags/f1_pipeline_dag.py
[2026-05-02T17:02:51.776+0000] {processor.py:830} INFO - Processing file /opt/airflow/dags/f1_pipeline_dag.py for tasks to queue
[2026-05-02T17:02:51.777+0000] {logging_mixin.py:188} INFO - [2026-05-02T17:02:51.776+0000] {dagbag.py:538} INFO - Filling up the DagBag from /opt/airflow/dags/f1_pipeline_dag.py
[2026-05-02T17:02:51.812+0000] {processor.py:840} INFO - DAG(s) 'f1_bigdata_pipeline' retrieved from /opt/airflow/dags/f1_pipeline_dag.py
[2026-05-02T17:02:51.848+0000] {logging_mixin.py:188} INFO - [2026-05-02T17:02:51.848+0000] {dag.py:3036} INFO - Sync 1 DAGs
[2026-05-02T17:02:51.867+0000] {logging_mixin.py:188} INFO - [2026-05-02T17:02:51.867+0000] {dag.py:3823} INFO - Setting next_dagrun for f1_bigdata_pipeline to 2026-04-27 06:00:00+00:00, run_after=2026-05-04 06:00:00+00:00
[2026-05-02T17:02:51.890+0000] {processor.py:183} INFO - Processing /opt/airflow/dags/f1_pipeline_dag.py took 0.120 seconds
[2026-05-02T17:03:22.094+0000] {processor.py:161} INFO - Started process (PID=1185) to work on /opt/airflow/dags/f1_pipeline_dag.py
[2026-05-02T17:03:22.095+0000] {processor.py:830} INFO - Processing file /opt/airflow/dags/f1_pipeline_dag.py for tasks to queue
[2026-05-02T17:03:22.096+0000] {logging_mixin.py:188} INFO - [2026-05-02T17:03:22.096+0000] {dagbag.py:538} INFO - Filling up the DagBag from /opt/airflow/dags/f1_pipeline_dag.py
[2026-05-02T17:03:22.110+0000] {processor.py:840} INFO - DAG(s) 'f1_bigdata_pipeline' retrieved from /opt/airflow/dags/f1_pipeline_dag.py
[2026-05-02T17:03:22.137+0000] {logging_mixin.py:188} INFO - [2026-05-02T17:03:22.137+0000] {dag.py:3036} INFO - Sync 1 DAGs
[2026-05-02T17:03:22.167+0000] {logging_mixin.py:188} INFO - [2026-05-02T17:03:22.166+0000] {dag.py:3823} INFO - Setting next_dagrun for f1_bigdata_pipeline to 2026-04-27 06:00:00+00:00, run_after=2026-05-04 06:00:00+00:00
[2026-05-02T17:03:22.185+0000] {processor.py:183} INFO - Processing /opt/airflow/dags/f1_pipeline_dag.py took 0.095 seconds
[2026-05-02T17:03:52.365+0000] {processor.py:161} INFO - Started process (PID=1190) to work on /opt/airflow/dags/f1_pipeline_dag.py
[2026-05-02T17:03:52.366+0000] {processor.py:830} INFO - Processing file /opt/airflow/dags/f1_pipeline_dag.py for tasks to queue
[2026-05-02T17:03:52.367+0000] {logging_mixin.py:188} INFO - [2026-05-02T17:03:52.366+0000] {dagbag.py:538} INFO - Filling up the DagBag from /opt/airflow/dags/f1_pipeline_dag.py
[2026-05-02T17:03:52.381+0000] {processor.py:840} INFO - DAG(s) 'f1_bigdata_pipeline' retrieved from /opt/airflow/dags/f1_pipeline_dag.py
[2026-05-02T17:03:52.409+0000] {logging_mixin.py:188} INFO - [2026-05-02T17:03:52.409+0000] {dag.py:3036} INFO - Sync 1 DAGs
[2026-05-02T17:03:52.436+0000] {logging_mixin.py:188} INFO - [2026-05-02T17:03:52.436+0000] {dag.py:3823} INFO - Setting next_dagrun for f1_bigdata_pipeline to 2026-04-27 06:00:00+00:00, run_after=2026-05-04 06:00:00+00:00
[2026-05-02T17:03:52.446+0000] {processor.py:183} INFO - Processing /opt/airflow/dags/f1_pipeline_dag.py took 0.086 seconds
[2026-05-02T17:04:22.738+0000] {processor.py:161} INFO - Started process (PID=1195) to work on /opt/airflow/dags/f1_pipeline_dag.py
[2026-05-02T17:04:22.739+0000] {processor.py:830} INFO - Processing file /opt/airflow/dags/f1_pipeline_dag.py for tasks to queue
[2026-05-02T17:04:22.741+0000] {logging_mixin.py:188} INFO - [2026-05-02T17:04:22.740+0000] {dagbag.py:538} INFO - Filling up the DagBag from /opt/airflow/dags/f1_pipeline_dag.py
[2026-05-02T17:04:22.775+0000] {processor.py:840} INFO - DAG(s) 'f1_bigdata_pipeline' retrieved from /opt/airflow/dags/f1_pipeline_dag.py
[2026-05-02T17:04:22.810+0000] {logging_mixin.py:188} INFO - [2026-05-02T17:04:22.810+0000] {dag.py:3036} INFO - Sync 1 DAGs
[2026-05-02T17:04:22.830+0000] {logging_mixin.py:188} INFO - [2026-05-02T17:04:22.830+0000] {dag.py:3823} INFO - Setting next_dagrun for f1_bigdata_pipeline to 2026-04-27 06:00:00+00:00, run_after=2026-05-04 06:00:00+00:00
[2026-05-02T17:04:22.842+0000] {processor.py:183} INFO - Processing /opt/airflow/dags/f1_pipeline_dag.py took 0.109 seconds
[2026-05-02T17:04:53.051+0000] {processor.py:161} INFO - Started process (PID=1200) to work on /opt/airflow/dags/f1_pipeline_dag.py
[2026-05-02T17:04:53.053+0000] {processor.py:830} INFO - Processing file /opt/airflow/dags/f1_pipeline_dag.py for tasks to queue
[2026-05-02T17:04:53.054+0000] {logging_mixin.py:188} INFO - [2026-05-02T17:04:53.054+0000] {dagbag.py:538} INFO - Filling up the DagBag from /opt/airflow/dags/f1_pipeline_dag.py
[2026-05-02T17:04:53.080+0000] {processor.py:840} INFO - DAG(s) 'f1_bigdata_pipeline' retrieved from /opt/airflow/dags/f1_pipeline_dag.py
[2026-05-02T17:04:53.117+0000] {logging_mixin.py:188} INFO - [2026-05-02T17:04:53.117+0000] {dag.py:3036} INFO - Sync 1 DAGs
[2026-05-02T17:04:53.146+0000] {logging_mixin.py:188} INFO - [2026-05-02T17:04:53.145+0000] {dag.py:3823} INFO - Setting next_dagrun for f1_bigdata_pipeline to 2026-04-27 06:00:00+00:00, run_after=2026-05-04 06:00:00+00:00
[2026-05-02T17:04:53.172+0000] {processor.py:183} INFO - Processing /opt/airflow/dags/f1_pipeline_dag.py took 0.124 seconds
[2026-05-02T17:05:23.371+0000] {processor.py:161} INFO - Started process (PID=1205) to work on /opt/airflow/dags/f1_pipeline_dag.py
[2026-05-02T17:05:23.373+0000] {processor.py:830} INFO - Processing file /opt/airflow/dags/f1_pipeline_dag.py for tasks to queue
[2026-05-02T17:05:23.374+0000] {logging_mixin.py:188} INFO - [2026-05-02T17:05:23.373+0000] {dagbag.py:538} INFO - Filling up the DagBag from /opt/airflow/dags/f1_pipeline_dag.py
[2026-05-02T17:05:23.416+0000] {processor.py:840} INFO - DAG(s) 'f1_bigdata_pipeline' retrieved from /opt/airflow/dags/f1_pipeline_dag.py
[2026-05-02T17:05:23.452+0000] {logging_mixin.py:188} INFO - [2026-05-02T17:05:23.451+0000] {dag.py:3036} INFO - Sync 1 DAGs
[2026-05-02T17:05:23.472+0000] {logging_mixin.py:188} INFO - [2026-05-02T17:05:23.472+0000] {dag.py:3823} INFO - Setting next_dagrun for f1_bigdata_pipeline to 2026-04-27 06:00:00+00:00, run_after=2026-05-04 06:00:00+00:00
[2026-05-02T17:05:23.482+0000] {processor.py:183} INFO - Processing /opt/airflow/dags/f1_pipeline_dag.py took 0.119 seconds
[2026-05-02T17:05:53.795+0000] {processor.py:161} INFO - Started process (PID=1210) to work on /opt/airflow/dags/f1_pipeline_dag.py
[2026-05-02T17:05:53.796+0000] {processor.py:830} INFO - Processing file /opt/airflow/dags/f1_pipeline_dag.py for tasks to queue
[2026-05-02T17:05:53.797+0000] {logging_mixin.py:188} INFO - [2026-05-02T17:05:53.796+0000] {dagbag.py:538} INFO - Filling up the DagBag from /opt/airflow/dags/f1_pipeline_dag.py
[2026-05-02T17:05:53.824+0000] {processor.py:840} INFO - DAG(s) 'f1_bigdata_pipeline' retrieved from /opt/airflow/dags/f1_pipeline_dag.py
[2026-05-02T17:05:53.871+0000] {logging_mixin.py:188} INFO - [2026-05-02T17:05:53.870+0000] {dag.py:3036} INFO - Sync 1 DAGs
[2026-05-02T17:05:53.890+0000] {logging_mixin.py:188} INFO - [2026-05-02T17:05:53.890+0000] {dag.py:3823} INFO - Setting next_dagrun for f1_bigdata_pipeline to 2026-04-27 06:00:00+00:00, run_after=2026-05-04 06:00:00+00:00
[2026-05-02T17:05:53.900+0000] {processor.py:183} INFO - Processing /opt/airflow/dags/f1_pipeline_dag.py took 0.110 seconds
[2026-05-02T17:06:24.400+0000] {processor.py:161} INFO - Started process (PID=1215) to work on /opt/airflow/dags/f1_pipeline_dag.py
[2026-05-02T17:06:24.403+0000] {processor.py:830} INFO - Processing file /opt/airflow/dags/f1_pipeline_dag.py for tasks to queue
[2026-05-02T17:06:24.404+0000] {logging_mixin.py:188} INFO - [2026-05-02T17:06:24.403+0000] {dagbag.py:538} INFO - Filling up the DagBag from /opt/airflow/dags/f1_pipeline_dag.py
[2026-05-02T17:06:24.430+0000] {processor.py:840} INFO - DAG(s) 'f1_bigdata_pipeline' retrieved from /opt/airflow/dags/f1_pipeline_dag.py
[2026-05-02T17:06:24.474+0000] {logging_mixin.py:188} INFO - [2026-05-02T17:06:24.474+0000] {dag.py:3036} INFO - Sync 1 DAGs
[2026-05-02T17:06:24.495+0000] {logging_mixin.py:188} INFO - [2026-05-02T17:06:24.495+0000] {dag.py:3823} INFO - Setting next_dagrun for f1_bigdata_pipeline to 2026-04-27 06:00:00+00:00, run_after=2026-05-04 06:00:00+00:00
[2026-05-02T17:06:24.505+0000] {processor.py:183} INFO - Processing /opt/airflow/dags/f1_pipeline_dag.py took 0.112 seconds
[2026-05-02T17:06:54.763+0000] {processor.py:161} INFO - Started process (PID=1220) to work on /opt/airflow/dags/f1_pipeline_dag.py
[2026-05-02T17:06:54.764+0000] {processor.py:830} INFO - Processing file /opt/airflow/dags/f1_pipeline_dag.py for tasks to queue
[2026-05-02T17:06:54.765+0000] {logging_mixin.py:188} INFO - [2026-05-02T17:06:54.764+0000] {dagbag.py:538} INFO - Filling up the DagBag from /opt/airflow/dags/f1_pipeline_dag.py
[2026-05-02T17:06:54.805+0000] {processor.py:840} INFO - DAG(s) 'f1_bigdata_pipeline' retrieved from /opt/airflow/dags/f1_pipeline_dag.py
[2026-05-02T17:06:54.835+0000] {logging_mixin.py:188} INFO - [2026-05-02T17:06:54.835+0000] {dag.py:3036} INFO - Sync 1 DAGs
[2026-05-02T17:06:54.862+0000] {logging_mixin.py:188} INFO - [2026-05-02T17:06:54.862+0000] {dag.py:3823} INFO - Setting next_dagrun for f1_bigdata_pipeline to 2026-04-27 06:00:00+00:00, run_after=2026-05-04 06:00:00+00:00
[2026-05-02T17:06:54.874+0000] {processor.py:183} INFO - Processing /opt/airflow/dags/f1_pipeline_dag.py took 0.116 seconds
[2026-05-02T17:07:25.059+0000] {processor.py:161} INFO - Started process (PID=1225) to work on /opt/airflow/dags/f1_pipeline_dag.py
[2026-05-02T17:07:25.059+0000] {processor.py:830} INFO - Processing file /opt/airflow/dags/f1_pipeline_dag.py for tasks to queue
[2026-05-02T17:07:25.060+0000] {logging_mixin.py:188} INFO - [2026-05-02T17:07:25.060+0000] {dagbag.py:538} INFO - Filling up the DagBag from /opt/airflow/dags/f1_pipeline_dag.py
[2026-05-02T17:07:25.075+0000] {processor.py:840} INFO - DAG(s) 'f1_bigdata_pipeline' retrieved from /opt/airflow/dags/f1_pipeline_dag.py
[2026-05-02T17:07:25.115+0000] {logging_mixin.py:188} INFO - [2026-05-02T17:07:25.115+0000] {dag.py:3036} INFO - Sync 1 DAGs
[2026-05-02T17:07:25.144+0000] {logging_mixin.py:188} INFO - [2026-05-02T17:07:25.144+0000] {dag.py:3823} INFO - Setting next_dagrun for f1_bigdata_pipeline to 2026-04-27 06:00:00+00:00, run_after=2026-05-04 06:00:00+00:00
[2026-05-02T17:07:25.156+0000] {processor.py:183} INFO - Processing /opt/airflow/dags/f1_pipeline_dag.py took 0.101 seconds
[2026-05-02T17:07:55.414+0000] {processor.py:161} INFO - Started process (PID=1230) to work on /opt/airflow/dags/f1_pipeline_dag.py
[2026-05-02T17:07:55.415+0000] {processor.py:830} INFO - Processing file /opt/airflow/dags/f1_pipeline_dag.py for tasks to queue
[2026-05-02T17:07:55.416+0000] {logging_mixin.py:188} INFO - [2026-05-02T17:07:55.416+0000] {dagbag.py:538} INFO - Filling up the DagBag from /opt/airflow/dags/f1_pipeline_dag.py
[2026-05-02T17:07:55.432+0000] {processor.py:840} INFO - DAG(s) 'f1_bigdata_pipeline' retrieved from /opt/airflow/dags/f1_pipeline_dag.py
[2026-05-02T17:07:55.458+0000] {logging_mixin.py:188} INFO - [2026-05-02T17:07:55.458+0000] {dag.py:3036} INFO - Sync 1 DAGs
[2026-05-02T17:07:55.488+0000] {logging_mixin.py:188} INFO - [2026-05-02T17:07:55.488+0000] {dag.py:3823} INFO - Setting next_dagrun for f1_bigdata_pipeline to 2026-04-27 06:00:00+00:00, run_after=2026-05-04 06:00:00+00:00
[2026-05-02T17:07:55.499+0000] {processor.py:183} INFO - Processing /opt/airflow/dags/f1_pipeline_dag.py took 0.089 seconds
[2026-05-02T17:08:25.720+0000] {processor.py:161} INFO - Started process (PID=1235) to work on /opt/airflow/dags/f1_pipeline_dag.py
[2026-05-02T17:08:25.722+0000] {processor.py:830} INFO - Processing file /opt/airflow/dags/f1_pipeline_dag.py for tasks to queue
[2026-05-02T17:08:25.723+0000] {logging_mixin.py:188} INFO - [2026-05-02T17:08:25.722+0000] {dagbag.py:538} INFO - Filling up the DagBag from /opt/airflow/dags/f1_pipeline_dag.py
[2026-05-02T17:08:25.765+0000] {processor.py:840} INFO - DAG(s) 'f1_bigdata_pipeline' retrieved from /opt/airflow/dags/f1_pipeline_dag.py
[2026-05-02T17:08:25.791+0000] {logging_mixin.py:188} INFO - [2026-05-02T17:08:25.791+0000] {dag.py:3036} INFO - Sync 1 DAGs
[2026-05-02T17:08:25.805+0000] {logging_mixin.py:188} INFO - [2026-05-02T17:08:25.805+0000] {dag.py:3823} INFO - Setting next_dagrun for f1_bigdata_pipeline to 2026-04-27 06:00:00+00:00, run_after=2026-05-04 06:00:00+00:00
[2026-05-02T17:08:25.813+0000] {processor.py:183} INFO - Processing /opt/airflow/dags/f1_pipeline_dag.py took 0.099 seconds
[2026-05-02T17:08:56.062+0000] {processor.py:161} INFO - Started process (PID=1240) to work on /opt/airflow/dags/f1_pipeline_dag.py
[2026-05-02T17:08:56.063+0000] {processor.py:830} INFO - Processing file /opt/airflow/dags/f1_pipeline_dag.py for tasks to queue
[2026-05-02T17:08:56.064+0000] {logging_mixin.py:188} INFO - [2026-05-02T17:08:56.064+0000] {dagbag.py:538} INFO - Filling up the DagBag from /opt/airflow/dags/f1_pipeline_dag.py
[2026-05-02T17:08:56.091+0000] {processor.py:840} INFO - DAG(s) 'f1_bigdata_pipeline' retrieved from /opt/airflow/dags/f1_pipeline_dag.py
[2026-05-02T17:08:56.142+0000] {logging_mixin.py:188} INFO - [2026-05-02T17:08:56.142+0000] {dag.py:3036} INFO - Sync 1 DAGs
[2026-05-02T17:08:56.159+0000] {logging_mixin.py:188} INFO - [2026-05-02T17:08:56.159+0000] {dag.py:3823} INFO - Setting next_dagrun for f1_bigdata_pipeline to 2026-04-27 06:00:00+00:00, run_after=2026-05-04 06:00:00+00:00
[2026-05-02T17:08:56.168+0000] {processor.py:183} INFO - Processing /opt/airflow/dags/f1_pipeline_dag.py took 0.112 seconds
[2026-05-02T17:09:26.438+0000] {processor.py:161} INFO - Started process (PID=1245) to work on /opt/airflow/dags/f1_pipeline_dag.py
[2026-05-02T17:09:26.440+0000] {processor.py:830} INFO - Processing file /opt/airflow/dags/f1_pipeline_dag.py for tasks to queue
[2026-05-02T17:09:26.441+0000] {logging_mixin.py:188} INFO - [2026-05-02T17:09:26.441+0000] {dagbag.py:538} INFO - Filling up the DagBag from /opt/airflow/dags/f1_pipeline_dag.py
[2026-05-02T17:09:26.465+0000] {processor.py:840} INFO - DAG(s) 'f1_bigdata_pipeline' retrieved from /opt/airflow/dags/f1_pipeline_dag.py
[2026-05-02T17:09:26.506+0000] {logging_mixin.py:188} INFO - [2026-05-02T17:09:26.505+0000] {dag.py:3036} INFO - Sync 1 DAGs
[2026-05-02T17:09:26.525+0000] {logging_mixin.py:188} INFO - [2026-05-02T17:09:26.525+0000] {dag.py:3823} INFO - Setting next_dagrun for f1_bigdata_pipeline to 2026-04-27 06:00:00+00:00, run_after=2026-05-04 06:00:00+00:00
[2026-05-02T17:09:26.533+0000] {processor.py:183} INFO - Processing /opt/airflow/dags/f1_pipeline_dag.py took 0.100 seconds
[2026-05-02T17:09:56.801+0000] {processor.py:161} INFO - Started process (PID=1250) to work on /opt/airflow/dags/f1_pipeline_dag.py
[2026-05-02T17:09:56.802+0000] {processor.py:830} INFO - Processing file /opt/airflow/dags/f1_pipeline_dag.py for tasks to queue
[2026-05-02T17:09:56.803+0000] {logging_mixin.py:188} INFO - [2026-05-02T17:09:56.803+0000] {dagbag.py:538} INFO - Filling up the DagBag from /opt/airflow/dags/f1_pipeline_dag.py
[2026-05-02T17:09:56.824+0000] {processor.py:840} INFO - DAG(s) 'f1_bigdata_pipeline' retrieved from /opt/airflow/dags/f1_pipeline_dag.py
[2026-05-02T17:09:56.852+0000] {logging_mixin.py:188} INFO - [2026-05-02T17:09:56.851+0000] {dag.py:3036} INFO - Sync 1 DAGs
[2026-05-02T17:09:56.868+0000] {logging_mixin.py:188} INFO - [2026-05-02T17:09:56.868+0000] {dag.py:3823} INFO - Setting next_dagrun for f1_bigdata_pipeline to 2026-04-27 06:00:00+00:00, run_after=2026-05-04 06:00:00+00:00
[2026-05-02T17:09:56.889+0000] {processor.py:183} INFO - Processing /opt/airflow/dags/f1_pipeline_dag.py took 0.093 seconds
[2026-05-02T17:10:27.158+0000] {processor.py:161} INFO - Started process (PID=1255) to work on /opt/airflow/dags/f1_pipeline_dag.py
[2026-05-02T17:10:27.160+0000] {processor.py:830} INFO - Processing file /opt/airflow/dags/f1_pipeline_dag.py for tasks to queue
[2026-05-02T17:10:27.161+0000] {logging_mixin.py:188} INFO - [2026-05-02T17:10:27.161+0000] {dagbag.py:538} INFO - Filling up the DagBag from /opt/airflow/dags/f1_pipeline_dag.py
[2026-05-02T17:10:27.189+0000] {processor.py:840} INFO - DAG(s) 'f1_bigdata_pipeline' retrieved from /opt/airflow/dags/f1_pipeline_dag.py
[2026-05-02T17:10:27.237+0000] {logging_mixin.py:188} INFO - [2026-05-02T17:10:27.236+0000] {dag.py:3036} INFO - Sync 1 DAGs
[2026-05-02T17:10:27.250+0000] {logging_mixin.py:188} INFO - [2026-05-02T17:10:27.250+0000] {dag.py:3823} INFO - Setting next_dagrun for f1_bigdata_pipeline to 2026-04-27 06:00:00+00:00, run_after=2026-05-04 06:00:00+00:00
[2026-05-02T17:10:27.258+0000] {processor.py:183} INFO - Processing /opt/airflow/dags/f1_pipeline_dag.py took 0.107 seconds
[2026-05-02T17:10:57.541+0000] {processor.py:161} INFO - Started process (PID=1260) to work on /opt/airflow/dags/f1_pipeline_dag.py
[2026-05-02T17:10:57.546+0000] {processor.py:830} INFO - Processing file /opt/airflow/dags/f1_pipeline_dag.py for tasks to queue
[2026-05-02T17:10:57.555+0000] {logging_mixin.py:188} INFO - [2026-05-02T17:10:57.551+0000] {dagbag.py:538} INFO - Filling up the DagBag from /opt/airflow/dags/f1_pipeline_dag.py
[2026-05-02T17:10:57.584+0000] {processor.py:840} INFO - DAG(s) 'f1_bigdata_pipeline' retrieved from /opt/airflow/dags/f1_pipeline_dag.py
[2026-05-02T17:10:57.611+0000] {logging_mixin.py:188} INFO - [2026-05-02T17:10:57.611+0000] {dag.py:3036} INFO - Sync 1 DAGs
[2026-05-02T17:10:57.638+0000] {logging_mixin.py:188} INFO - [2026-05-02T17:10:57.638+0000] {dag.py:3823} INFO - Setting next_dagrun for f1_bigdata_pipeline to 2026-04-27 06:00:00+00:00, run_after=2026-05-04 06:00:00+00:00
[2026-05-02T17:10:57.648+0000] {processor.py:183} INFO - Processing /opt/airflow/dags/f1_pipeline_dag.py took 0.113 seconds
[2026-05-02T17:11:27.841+0000] {processor.py:161} INFO - Started process (PID=1265) to work on /opt/airflow/dags/f1_pipeline_dag.py
[2026-05-02T17:11:27.842+0000] {processor.py:830} INFO - Processing file /opt/airflow/dags/f1_pipeline_dag.py for tasks to queue
[2026-05-02T17:11:27.843+0000] {logging_mixin.py:188} INFO - [2026-05-02T17:11:27.842+0000] {dagbag.py:538} INFO - Filling up the DagBag from /opt/airflow/dags/f1_pipeline_dag.py
[2026-05-02T17:11:27.890+0000] {processor.py:840} INFO - DAG(s) 'f1_bigdata_pipeline' retrieved from /opt/airflow/dags/f1_pipeline_dag.py
[2026-05-02T17:11:27.922+0000] {logging_mixin.py:188} INFO - [2026-05-02T17:11:27.922+0000] {dag.py:3036} INFO - Sync 1 DAGs
[2026-05-02T17:11:27.950+0000] {logging_mixin.py:188} INFO - [2026-05-02T17:11:27.950+0000] {dag.py:3823} INFO - Setting next_dagrun for f1_bigdata_pipeline to 2026-04-27 06:00:00+00:00, run_after=2026-05-04 06:00:00+00:00
[2026-05-02T17:11:27.961+0000] {processor.py:183} INFO - Processing /opt/airflow/dags/f1_pipeline_dag.py took 0.127 seconds
[2026-05-02T17:11:58.407+0000] {processor.py:161} INFO - Started process (PID=1270) to work on /opt/airflow/dags/f1_pipeline_dag.py
[2026-05-02T17:11:58.408+0000] {processor.py:830} INFO - Processing file /opt/airflow/dags/f1_pipeline_dag.py for tasks to queue
[2026-05-02T17:11:58.410+0000] {logging_mixin.py:188} INFO - [2026-05-02T17:11:58.409+0000] {dagbag.py:538} INFO - Filling up the DagBag from /opt/airflow/dags/f1_pipeline_dag.py
[2026-05-02T17:11:58.432+0000] {processor.py:840} INFO - DAG(s) 'f1_bigdata_pipeline' retrieved from /opt/airflow/dags/f1_pipeline_dag.py
[2026-05-02T17:11:58.477+0000] {logging_mixin.py:188} INFO - [2026-05-02T17:11:58.476+0000] {dag.py:3036} INFO - Sync 1 DAGs
[2026-05-02T17:11:58.493+0000] {logging_mixin.py:188} INFO - [2026-05-02T17:11:58.493+0000] {dag.py:3823} INFO - Setting next_dagrun for f1_bigdata_pipeline to 2026-04-27 06:00:00+00:00, run_after=2026-05-04 06:00:00+00:00
[2026-05-02T17:11:58.502+0000] {processor.py:183} INFO - Processing /opt/airflow/dags/f1_pipeline_dag.py took 0.101 seconds
[2026-05-02T17:12:28.704+0000] {processor.py:161} INFO - Started process (PID=1275) to work on /opt/airflow/dags/f1_pipeline_dag.py
[2026-05-02T17:12:28.706+0000] {processor.py:830} INFO - Processing file /opt/airflow/dags/f1_pipeline_dag.py for tasks to queue
[2026-05-02T17:12:28.707+0000] {logging_mixin.py:188} INFO - [2026-05-02T17:12:28.706+0000] {dagbag.py:538} INFO - Filling up the DagBag from /opt/airflow/dags/f1_pipeline_dag.py
[2026-05-02T17:12:28.751+0000] {processor.py:840} INFO - DAG(s) 'f1_bigdata_pipeline' retrieved from /opt/airflow/dags/f1_pipeline_dag.py
[2026-05-02T17:12:28.780+0000] {logging_mixin.py:188} INFO - [2026-05-02T17:12:28.780+0000] {dag.py:3036} INFO - Sync 1 DAGs
[2026-05-02T17:12:28.796+0000] {logging_mixin.py:188} INFO - [2026-05-02T17:12:28.796+0000] {dag.py:3823} INFO - Setting next_dagrun for f1_bigdata_pipeline to 2026-04-27 06:00:00+00:00, run_after=2026-05-04 06:00:00+00:00
[2026-05-02T17:12:28.806+0000] {processor.py:183} INFO - Processing /opt/airflow/dags/f1_pipeline_dag.py took 0.106 seconds
[2026-05-02T17:12:59.081+0000] {processor.py:161} INFO - Started process (PID=1280) to work on /opt/airflow/dags/f1_pipeline_dag.py
[2026-05-02T17:12:59.083+0000] {processor.py:830} INFO - Processing file /opt/airflow/dags/f1_pipeline_dag.py for tasks to queue
[2026-05-02T17:12:59.087+0000] {logging_mixin.py:188} INFO - [2026-05-02T17:12:59.086+0000] {dagbag.py:538} INFO - Filling up the DagBag from /opt/airflow/dags/f1_pipeline_dag.py
[2026-05-02T17:12:59.115+0000] {processor.py:840} INFO - DAG(s) 'f1_bigdata_pipeline' retrieved from /opt/airflow/dags/f1_pipeline_dag.py
[2026-05-02T17:12:59.138+0000] {logging_mixin.py:188} INFO - [2026-05-02T17:12:59.138+0000] {dag.py:3036} INFO - Sync 1 DAGs
[2026-05-02T17:12:59.149+0000] {logging_mixin.py:188} INFO - [2026-05-02T17:12:59.149+0000] {dag.py:3823} INFO - Setting next_dagrun for f1_bigdata_pipeline to 2026-04-27 06:00:00+00:00, run_after=2026-05-04 06:00:00+00:00
[2026-05-02T17:12:59.157+0000] {processor.py:183} INFO - Processing /opt/airflow/dags/f1_pipeline_dag.py took 0.088 seconds
[2026-05-02T17:13:29.485+0000] {processor.py:161} INFO - Started process (PID=1285) to work on /opt/airflow/dags/f1_pipeline_dag.py
[2026-05-02T17:13:29.486+0000] {processor.py:830} INFO - Processing file /opt/airflow/dags/f1_pipeline_dag.py for tasks to queue
[2026-05-02T17:13:29.488+0000] {logging_mixin.py:188} INFO - [2026-05-02T17:13:29.487+0000] {dagbag.py:538} INFO - Filling up the DagBag from /opt/airflow/dags/f1_pipeline_dag.py
[2026-05-02T17:13:29.508+0000] {processor.py:840} INFO - DAG(s) 'f1_bigdata_pipeline' retrieved from /opt/airflow/dags/f1_pipeline_dag.py
[2026-05-02T17:13:29.548+0000] {logging_mixin.py:188} INFO - [2026-05-02T17:13:29.548+0000] {dag.py:3036} INFO - Sync 1 DAGs
[2026-05-02T17:13:29.564+0000] {logging_mixin.py:188} INFO - [2026-05-02T17:13:29.564+0000] {dag.py:3823} INFO - Setting next_dagrun for f1_bigdata_pipeline to 2026-04-27 06:00:00+00:00, run_after=2026-05-04 06:00:00+00:00
[2026-05-02T17:13:29.573+0000] {processor.py:183} INFO - Processing /opt/airflow/dags/f1_pipeline_dag.py took 0.093 seconds
[2026-05-02T17:14:00.006+0000] {processor.py:161} INFO - Started process (PID=1290) to work on /opt/airflow/dags/f1_pipeline_dag.py
[2026-05-02T17:14:00.007+0000] {processor.py:830} INFO - Processing file /opt/airflow/dags/f1_pipeline_dag.py for tasks to queue
[2026-05-02T17:14:00.008+0000] {logging_mixin.py:188} INFO - [2026-05-02T17:14:00.008+0000] {dagbag.py:538} INFO - Filling up the DagBag from /opt/airflow/dags/f1_pipeline_dag.py
[2026-05-02T17:14:00.038+0000] {processor.py:840} INFO - DAG(s) 'f1_bigdata_pipeline' retrieved from /opt/airflow/dags/f1_pipeline_dag.py
[2026-05-02T17:14:00.072+0000] {logging_mixin.py:188} INFO - [2026-05-02T17:14:00.072+0000] {dag.py:3036} INFO - Sync 1 DAGs
[2026-05-02T17:14:00.089+0000] {logging_mixin.py:188} INFO - [2026-05-02T17:14:00.089+0000] {dag.py:3823} INFO - Setting next_dagrun for f1_bigdata_pipeline to 2026-04-27 06:00:00+00:00, run_after=2026-05-04 06:00:00+00:00
[2026-05-02T17:14:00.107+0000] {processor.py:183} INFO - Processing /opt/airflow/dags/f1_pipeline_dag.py took 0.108 seconds
[2026-05-02T17:14:31.106+0000] {processor.py:161} INFO - Started process (PID=1295) to work on /opt/airflow/dags/f1_pipeline_dag.py
[2026-05-02T17:14:31.108+0000] {processor.py:830} INFO - Processing file /opt/airflow/dags/f1_pipeline_dag.py for tasks to queue
[2026-05-02T17:14:31.111+0000] {logging_mixin.py:188} INFO - [2026-05-02T17:14:31.110+0000] {dagbag.py:538} INFO - Filling up the DagBag from /opt/airflow/dags/f1_pipeline_dag.py
[2026-05-02T17:14:31.138+0000] {processor.py:840} INFO - DAG(s) 'f1_bigdata_pipeline' retrieved from /opt/airflow/dags/f1_pipeline_dag.py
[2026-05-02T17:14:31.180+0000] {logging_mixin.py:188} INFO - [2026-05-02T17:14:31.179+0000] {dag.py:3036} INFO - Sync 1 DAGs
[2026-05-02T17:14:31.196+0000] {logging_mixin.py:188} INFO - [2026-05-02T17:14:31.196+0000] {dag.py:3823} INFO - Setting next_dagrun for f1_bigdata_pipeline to 2026-04-27 06:00:00+00:00, run_after=2026-05-04 06:00:00+00:00
[2026-05-02T17:14:31.203+0000] {processor.py:183} INFO - Processing /opt/airflow/dags/f1_pipeline_dag.py took 0.105 seconds
[2026-05-02T17:15:01.545+0000] {processor.py:161} INFO - Started process (PID=1300) to work on /opt/airflow/dags/f1_pipeline_dag.py
[2026-05-02T17:15:01.547+0000] {processor.py:830} INFO - Processing file /opt/airflow/dags/f1_pipeline_dag.py for tasks to queue
[2026-05-02T17:15:01.548+0000] {logging_mixin.py:188} INFO - [2026-05-02T17:15:01.548+0000] {dagbag.py:538} INFO - Filling up the DagBag from /opt/airflow/dags/f1_pipeline_dag.py
[2026-05-02T17:15:01.604+0000] {processor.py:840} INFO - DAG(s) 'f1_bigdata_pipeline' retrieved from /opt/airflow/dags/f1_pipeline_dag.py
[2026-05-02T17:15:01.702+0000] {logging_mixin.py:188} INFO - [2026-05-02T17:15:01.702+0000] {dag.py:3036} INFO - Sync 1 DAGs
[2026-05-02T17:15:01.753+0000] {logging_mixin.py:188} INFO - [2026-05-02T17:15:01.753+0000] {dag.py:3823} INFO - Setting next_dagrun for f1_bigdata_pipeline to 2026-04-27 06:00:00+00:00, run_after=2026-05-04 06:00:00+00:00
[2026-05-02T17:15:01.775+0000] {processor.py:183} INFO - Processing /opt/airflow/dags/f1_pipeline_dag.py took 0.239 seconds
[2026-05-02T17:15:32.011+0000] {processor.py:161} INFO - Started process (PID=1305) to work on /opt/airflow/dags/f1_pipeline_dag.py
[2026-05-02T17:15:32.012+0000] {processor.py:830} INFO - Processing file /opt/airflow/dags/f1_pipeline_dag.py for tasks to queue
[2026-05-02T17:15:32.012+0000] {logging_mixin.py:188} INFO - [2026-05-02T17:15:32.012+0000] {dagbag.py:538} INFO - Filling up the DagBag from /opt/airflow/dags/f1_pipeline_dag.py
[2026-05-02T17:15:32.032+0000] {processor.py:840} INFO - DAG(s) 'f1_bigdata_pipeline' retrieved from /opt/airflow/dags/f1_pipeline_dag.py
[2026-05-02T17:15:32.072+0000] {logging_mixin.py:188} INFO - [2026-05-02T17:15:32.072+0000] {dag.py:3036} INFO - Sync 1 DAGs
[2026-05-02T17:15:32.088+0000] {logging_mixin.py:188} INFO - [2026-05-02T17:15:32.088+0000] {dag.py:3823} INFO - Setting next_dagrun for f1_bigdata_pipeline to 2026-04-27 06:00:00+00:00, run_after=2026-05-04 06:00:00+00:00
[2026-05-02T17:15:32.095+0000] {processor.py:183} INFO - Processing /opt/airflow/dags/f1_pipeline_dag.py took 0.089 seconds
[2026-05-02T17:16:02.630+0000] {processor.py:161} INFO - Started process (PID=1310) to work on /opt/airflow/dags/f1_pipeline_dag.py
[2026-05-02T17:16:02.631+0000] {processor.py:830} INFO - Processing file /opt/airflow/dags/f1_pipeline_dag.py for tasks to queue
[2026-05-02T17:16:02.632+0000] {logging_mixin.py:188} INFO - [2026-05-02T17:16:02.631+0000] {dagbag.py:538} INFO - Filling up the DagBag from /opt/airflow/dags/f1_pipeline_dag.py
[2026-05-02T17:16:02.649+0000] {processor.py:840} INFO - DAG(s) 'f1_bigdata_pipeline' retrieved from /opt/airflow/dags/f1_pipeline_dag.py
[2026-05-02T17:16:02.698+0000] {logging_mixin.py:188} INFO - [2026-05-02T17:16:02.697+0000] {dag.py:3036} INFO - Sync 1 DAGs
[2026-05-02T17:16:02.715+0000] {logging_mixin.py:188} INFO - [2026-05-02T17:16:02.715+0000] {dag.py:3823} INFO - Setting next_dagrun for f1_bigdata_pipeline to 2026-04-27 06:00:00+00:00, run_after=2026-05-04 06:00:00+00:00
[2026-05-02T17:16:02.724+0000] {processor.py:183} INFO - Processing /opt/airflow/dags/f1_pipeline_dag.py took 0.098 seconds
[2026-05-02T17:16:32.978+0000] {processor.py:161} INFO - Started process (PID=1315) to work on /opt/airflow/dags/f1_pipeline_dag.py
[2026-05-02T17:16:32.982+0000] {processor.py:830} INFO - Processing file /opt/airflow/dags/f1_pipeline_dag.py for tasks to queue
[2026-05-02T17:16:32.986+0000] {logging_mixin.py:188} INFO - [2026-05-02T17:16:32.984+0000] {dagbag.py:538} INFO - Filling up the DagBag from /opt/airflow/dags/f1_pipeline_dag.py
[2026-05-02T17:16:33.015+0000] {processor.py:840} INFO - DAG(s) 'f1_bigdata_pipeline' retrieved from /opt/airflow/dags/f1_pipeline_dag.py
[2026-05-02T17:16:33.037+0000] {logging_mixin.py:188} INFO - [2026-05-02T17:16:33.037+0000] {dag.py:3036} INFO - Sync 1 DAGs
[2026-05-02T17:16:33.053+0000] {logging_mixin.py:188} INFO - [2026-05-02T17:16:33.053+0000] {dag.py:3823} INFO - Setting next_dagrun for f1_bigdata_pipeline to 2026-04-27 06:00:00+00:00, run_after=2026-05-04 06:00:00+00:00
[2026-05-02T17:16:33.072+0000] {processor.py:183} INFO - Processing /opt/airflow/dags/f1_pipeline_dag.py took 0.101 seconds
[2026-05-02T17:17:03.309+0000] {processor.py:161} INFO - Started process (PID=1320) to work on /opt/airflow/dags/f1_pipeline_dag.py
[2026-05-02T17:17:03.310+0000] {processor.py:830} INFO - Processing file /opt/airflow/dags/f1_pipeline_dag.py for tasks to queue
[2026-05-02T17:17:03.311+0000] {logging_mixin.py:188} INFO - [2026-05-02T17:17:03.311+0000] {dagbag.py:538} INFO - Filling up the DagBag from /opt/airflow/dags/f1_pipeline_dag.py
[2026-05-02T17:17:03.330+0000] {processor.py:840} INFO - DAG(s) 'f1_bigdata_pipeline' retrieved from /opt/airflow/dags/f1_pipeline_dag.py
[2026-05-02T17:17:03.368+0000] {logging_mixin.py:188} INFO - [2026-05-02T17:17:03.368+0000] {dag.py:3036} INFO - Sync 1 DAGs
[2026-05-02T17:17:03.385+0000] {logging_mixin.py:188} INFO - [2026-05-02T17:17:03.384+0000] {dag.py:3823} INFO - Setting next_dagrun for f1_bigdata_pipeline to 2026-04-27 06:00:00+00:00, run_after=2026-05-04 06:00:00+00:00
[2026-05-02T17:17:03.395+0000] {processor.py:183} INFO - Processing /opt/airflow/dags/f1_pipeline_dag.py took 0.093 seconds
[2026-05-02T17:17:33.743+0000] {processor.py:161} INFO - Started process (PID=1325) to work on /opt/airflow/dags/f1_pipeline_dag.py
[2026-05-02T17:17:33.744+0000] {processor.py:830} INFO - Processing file /opt/airflow/dags/f1_pipeline_dag.py for tasks to queue
[2026-05-02T17:17:33.745+0000] {logging_mixin.py:188} INFO - [2026-05-02T17:17:33.745+0000] {dagbag.py:538} INFO - Filling up the DagBag from /opt/airflow/dags/f1_pipeline_dag.py
[2026-05-02T17:17:33.777+0000] {processor.py:840} INFO - DAG(s) 'f1_bigdata_pipeline' retrieved from /opt/airflow/dags/f1_pipeline_dag.py
[2026-05-02T17:17:33.808+0000] {logging_mixin.py:188} INFO - [2026-05-02T17:17:33.808+0000] {dag.py:3036} INFO - Sync 1 DAGs
[2026-05-02T17:17:33.825+0000] {logging_mixin.py:188} INFO - [2026-05-02T17:17:33.825+0000] {dag.py:3823} INFO - Setting next_dagrun for f1_bigdata_pipeline to 2026-04-27 06:00:00+00:00, run_after=2026-05-04 06:00:00+00:00
[2026-05-02T17:17:33.845+0000] {processor.py:183} INFO - Processing /opt/airflow/dags/f1_pipeline_dag.py took 0.107 seconds
[2026-05-02T17:18:04.183+0000] {processor.py:161} INFO - Started process (PID=1330) to work on /opt/airflow/dags/f1_pipeline_dag.py
[2026-05-02T17:18:04.185+0000] {processor.py:830} INFO - Processing file /opt/airflow/dags/f1_pipeline_dag.py for tasks to queue
[2026-05-02T17:18:04.186+0000] {logging_mixin.py:188} INFO - [2026-05-02T17:18:04.185+0000] {dagbag.py:538} INFO - Filling up the DagBag from /opt/airflow/dags/f1_pipeline_dag.py
[2026-05-02T17:18:04.207+0000] {processor.py:840} INFO - DAG(s) 'f1_bigdata_pipeline' retrieved from /opt/airflow/dags/f1_pipeline_dag.py
[2026-05-02T17:18:04.257+0000] {logging_mixin.py:188} INFO - [2026-05-02T17:18:04.257+0000] {dag.py:3036} INFO - Sync 1 DAGs
[2026-05-02T17:18:04.273+0000] {logging_mixin.py:188} INFO - [2026-05-02T17:18:04.273+0000] {dag.py:3823} INFO - Setting next_dagrun for f1_bigdata_pipeline to 2026-04-27 06:00:00+00:00, run_after=2026-05-04 06:00:00+00:00
[2026-05-02T17:18:04.282+0000] {processor.py:183} INFO - Processing /opt/airflow/dags/f1_pipeline_dag.py took 0.106 seconds
[2026-05-02T17:18:34.692+0000] {processor.py:161} INFO - Started process (PID=1335) to work on /opt/airflow/dags/f1_pipeline_dag.py
[2026-05-02T17:18:34.694+0000] {processor.py:830} INFO - Processing file /opt/airflow/dags/f1_pipeline_dag.py for tasks to queue
[2026-05-02T17:18:34.700+0000] {logging_mixin.py:188} INFO - [2026-05-02T17:18:34.695+0000] {dagbag.py:538} INFO - Filling up the DagBag from /opt/airflow/dags/f1_pipeline_dag.py
[2026-05-02T17:18:34.732+0000] {processor.py:840} INFO - DAG(s) 'f1_bigdata_pipeline' retrieved from /opt/airflow/dags/f1_pipeline_dag.py
[2026-05-02T17:18:34.776+0000] {logging_mixin.py:188} INFO - [2026-05-02T17:18:34.776+0000] {dag.py:3036} INFO - Sync 1 DAGs
[2026-05-02T17:18:34.799+0000] {logging_mixin.py:188} INFO - [2026-05-02T17:18:34.798+0000] {dag.py:3823} INFO - Setting next_dagrun for f1_bigdata_pipeline to 2026-04-27 06:00:00+00:00, run_after=2026-05-04 06:00:00+00:00
[2026-05-02T17:18:34.819+0000] {processor.py:183} INFO - Processing /opt/airflow/dags/f1_pipeline_dag.py took 0.134 seconds
[2026-05-02T17:19:05.039+0000] {processor.py:161} INFO - Started process (PID=1340) to work on /opt/airflow/dags/f1_pipeline_dag.py
[2026-05-02T17:19:05.040+0000] {processor.py:830} INFO - Processing file /opt/airflow/dags/f1_pipeline_dag.py for tasks to queue
[2026-05-02T17:19:05.041+0000] {logging_mixin.py:188} INFO - [2026-05-02T17:19:05.041+0000] {dagbag.py:538} INFO - Filling up the DagBag from /opt/airflow/dags/f1_pipeline_dag.py
[2026-05-02T17:19:05.071+0000] {processor.py:840} INFO - DAG(s) 'f1_bigdata_pipeline' retrieved from /opt/airflow/dags/f1_pipeline_dag.py
[2026-05-02T17:19:05.115+0000] {logging_mixin.py:188} INFO - [2026-05-02T17:19:05.115+0000] {dag.py:3036} INFO - Sync 1 DAGs
[2026-05-02T17:19:05.138+0000] {logging_mixin.py:188} INFO - [2026-05-02T17:19:05.138+0000] {dag.py:3823} INFO - Setting next_dagrun for f1_bigdata_pipeline to 2026-04-27 06:00:00+00:00, run_after=2026-05-04 06:00:00+00:00
[2026-05-02T17:19:05.149+0000] {processor.py:183} INFO - Processing /opt/airflow/dags/f1_pipeline_dag.py took 0.117 seconds
[2026-05-02T17:19:35.487+0000] {processor.py:161} INFO - Started process (PID=1345) to work on /opt/airflow/dags/f1_pipeline_dag.py
[2026-05-02T17:19:35.489+0000] {processor.py:830} INFO - Processing file /opt/airflow/dags/f1_pipeline_dag.py for tasks to queue
[2026-05-02T17:19:35.491+0000] {logging_mixin.py:188} INFO - [2026-05-02T17:19:35.490+0000] {dagbag.py:538} INFO - Filling up the DagBag from /opt/airflow/dags/f1_pipeline_dag.py
[2026-05-02T17:19:35.527+0000] {processor.py:840} INFO - DAG(s) 'f1_bigdata_pipeline' retrieved from /opt/airflow/dags/f1_pipeline_dag.py
[2026-05-02T17:19:35.573+0000] {logging_mixin.py:188} INFO - [2026-05-02T17:19:35.573+0000] {dag.py:3036} INFO - Sync 1 DAGs
[2026-05-02T17:19:35.588+0000] {logging_mixin.py:188} INFO - [2026-05-02T17:19:35.588+0000] {dag.py:3823} INFO - Setting next_dagrun for f1_bigdata_pipeline to 2026-04-27 06:00:00+00:00, run_after=2026-05-04 06:00:00+00:00
[2026-05-02T17:19:35.595+0000] {processor.py:183} INFO - Processing /opt/airflow/dags/f1_pipeline_dag.py took 0.132 seconds
[2026-05-02T17:20:05.811+0000] {processor.py:161} INFO - Started process (PID=1350) to work on /opt/airflow/dags/f1_pipeline_dag.py
[2026-05-02T17:20:05.813+0000] {processor.py:830} INFO - Processing file /opt/airflow/dags/f1_pipeline_dag.py for tasks to queue
[2026-05-02T17:20:05.814+0000] {logging_mixin.py:188} INFO - [2026-05-02T17:20:05.813+0000] {dagbag.py:538} INFO - Filling up the DagBag from /opt/airflow/dags/f1_pipeline_dag.py
[2026-05-02T17:20:05.857+0000] {processor.py:840} INFO - DAG(s) 'f1_bigdata_pipeline' retrieved from /opt/airflow/dags/f1_pipeline_dag.py
[2026-05-02T17:20:05.896+0000] {logging_mixin.py:188} INFO - [2026-05-02T17:20:05.896+0000] {dag.py:3036} INFO - Sync 1 DAGs
[2026-05-02T17:20:05.908+0000] {logging_mixin.py:188} INFO - [2026-05-02T17:20:05.907+0000] {dag.py:3823} INFO - Setting next_dagrun for f1_bigdata_pipeline to 2026-04-27 06:00:00+00:00, run_after=2026-05-04 06:00:00+00:00
[2026-05-02T17:20:05.915+0000] {processor.py:183} INFO - Processing /opt/airflow/dags/f1_pipeline_dag.py took 0.110 seconds
[2026-05-02T17:20:36.205+0000] {processor.py:161} INFO - Started process (PID=1355) to work on /opt/airflow/dags/f1_pipeline_dag.py
[2026-05-02T17:20:36.207+0000] {processor.py:830} INFO - Processing file /opt/airflow/dags/f1_pipeline_dag.py for tasks to queue
[2026-05-02T17:20:36.208+0000] {logging_mixin.py:188} INFO - [2026-05-02T17:20:36.208+0000] {dagbag.py:538} INFO - Filling up the DagBag from /opt/airflow/dags/f1_pipeline_dag.py
[2026-05-02T17:20:36.247+0000] {processor.py:840} INFO - DAG(s) 'f1_bigdata_pipeline' retrieved from /opt/airflow/dags/f1_pipeline_dag.py
[2026-05-02T17:20:36.268+0000] {logging_mixin.py:188} INFO - [2026-05-02T17:20:36.268+0000] {dag.py:3036} INFO - Sync 1 DAGs
[2026-05-02T17:20:36.279+0000] {logging_mixin.py:188} INFO - [2026-05-02T17:20:36.279+0000] {dag.py:3823} INFO - Setting next_dagrun for f1_bigdata_pipeline to 2026-04-27 06:00:00+00:00, run_after=2026-05-04 06:00:00+00:00
[2026-05-02T17:20:36.301+0000] {processor.py:183} INFO - Processing /opt/airflow/dags/f1_pipeline_dag.py took 0.102 seconds
[2026-05-02T17:21:06.636+0000] {processor.py:161} INFO - Started process (PID=1360) to work on /opt/airflow/dags/f1_pipeline_dag.py
[2026-05-02T17:21:06.637+0000] {processor.py:830} INFO - Processing file /opt/airflow/dags/f1_pipeline_dag.py for tasks to queue
[2026-05-02T17:21:06.639+0000] {logging_mixin.py:188} INFO - [2026-05-02T17:21:06.638+0000] {dagbag.py:538} INFO - Filling up the DagBag from /opt/airflow/dags/f1_pipeline_dag.py
[2026-05-02T17:21:06.679+0000] {processor.py:840} INFO - DAG(s) 'f1_bigdata_pipeline' retrieved from /opt/airflow/dags/f1_pipeline_dag.py
[2026-05-02T17:21:06.729+0000] {logging_mixin.py:188} INFO - [2026-05-02T17:21:06.729+0000] {dag.py:3036} INFO - Sync 1 DAGs
[2026-05-02T17:21:06.760+0000] {logging_mixin.py:188} INFO - [2026-05-02T17:21:06.759+0000] {dag.py:3823} INFO - Setting next_dagrun for f1_bigdata_pipeline to 2026-04-27 06:00:00+00:00, run_after=2026-05-04 06:00:00+00:00
[2026-05-02T17:21:06.773+0000] {processor.py:183} INFO - Processing /opt/airflow/dags/f1_pipeline_dag.py took 0.146 seconds
[2026-05-02T17:21:36.967+0000] {processor.py:161} INFO - Started process (PID=1365) to work on /opt/airflow/dags/f1_pipeline_dag.py
[2026-05-02T17:21:36.969+0000] {processor.py:830} INFO - Processing file /opt/airflow/dags/f1_pipeline_dag.py for tasks to queue
[2026-05-02T17:21:36.970+0000] {logging_mixin.py:188} INFO - [2026-05-02T17:21:36.969+0000] {dagbag.py:538} INFO - Filling up the DagBag from /opt/airflow/dags/f1_pipeline_dag.py
[2026-05-02T17:21:37.011+0000] {processor.py:840} INFO - DAG(s) 'f1_bigdata_pipeline' retrieved from /opt/airflow/dags/f1_pipeline_dag.py
[2026-05-02T17:21:37.048+0000] {logging_mixin.py:188} INFO - [2026-05-02T17:21:37.048+0000] {dag.py:3036} INFO - Sync 1 DAGs
[2026-05-02T17:21:37.065+0000] {logging_mixin.py:188} INFO - [2026-05-02T17:21:37.064+0000] {dag.py:3823} INFO - Setting next_dagrun for f1_bigdata_pipeline to 2026-04-27 06:00:00+00:00, run_after=2026-05-04 06:00:00+00:00
[2026-05-02T17:21:37.074+0000] {processor.py:183} INFO - Processing /opt/airflow/dags/f1_pipeline_dag.py took 0.112 seconds
[2026-05-02T17:22:07.415+0000] {processor.py:161} INFO - Started process (PID=1370) to work on /opt/airflow/dags/f1_pipeline_dag.py
[2026-05-02T17:22:07.416+0000] {processor.py:830} INFO - Processing file /opt/airflow/dags/f1_pipeline_dag.py for tasks to queue
[2026-05-02T17:22:07.417+0000] {logging_mixin.py:188} INFO - [2026-05-02T17:22:07.417+0000] {dagbag.py:538} INFO - Filling up the DagBag from /opt/airflow/dags/f1_pipeline_dag.py
[2026-05-02T17:22:07.438+0000] {processor.py:840} INFO - DAG(s) 'f1_bigdata_pipeline' retrieved from /opt/airflow/dags/f1_pipeline_dag.py
[2026-05-02T17:22:07.477+0000] {logging_mixin.py:188} INFO - [2026-05-02T17:22:07.477+0000] {dag.py:3036} INFO - Sync 1 DAGs
[2026-05-02T17:22:07.492+0000] {logging_mixin.py:188} INFO - [2026-05-02T17:22:07.492+0000] {dag.py:3823} INFO - Setting next_dagrun for f1_bigdata_pipeline to 2026-04-27 06:00:00+00:00, run_after=2026-05-04 06:00:00+00:00
[2026-05-02T17:22:07.501+0000] {processor.py:183} INFO - Processing /opt/airflow/dags/f1_pipeline_dag.py took 0.093 seconds
[2026-05-02T17:22:37.744+0000] {processor.py:161} INFO - Started process (PID=1375) to work on /opt/airflow/dags/f1_pipeline_dag.py
[2026-05-02T17:22:37.746+0000] {processor.py:830} INFO - Processing file /opt/airflow/dags/f1_pipeline_dag.py for tasks to queue
[2026-05-02T17:22:37.747+0000] {logging_mixin.py:188} INFO - [2026-05-02T17:22:37.746+0000] {dagbag.py:538} INFO - Filling up the DagBag from /opt/airflow/dags/f1_pipeline_dag.py
[2026-05-02T17:22:37.776+0000] {processor.py:840} INFO - DAG(s) 'f1_bigdata_pipeline' retrieved from /opt/airflow/dags/f1_pipeline_dag.py
[2026-05-02T17:22:37.825+0000] {logging_mixin.py:188} INFO - [2026-05-02T17:22:37.825+0000] {dag.py:3036} INFO - Sync 1 DAGs
[2026-05-02T17:22:37.837+0000] {logging_mixin.py:188} INFO - [2026-05-02T17:22:37.837+0000] {dag.py:3823} INFO - Setting next_dagrun for f1_bigdata_pipeline to 2026-04-27 06:00:00+00:00, run_after=2026-05-04 06:00:00+00:00
[2026-05-02T17:22:37.845+0000] {processor.py:183} INFO - Processing /opt/airflow/dags/f1_pipeline_dag.py took 0.109 seconds
[2026-05-02T17:23:08.190+0000] {processor.py:161} INFO - Started process (PID=1380) to work on /opt/airflow/dags/f1_pipeline_dag.py
[2026-05-02T17:23:08.191+0000] {processor.py:830} INFO - Processing file /opt/airflow/dags/f1_pipeline_dag.py for tasks to queue
[2026-05-02T17:23:08.195+0000] {logging_mixin.py:188} INFO - [2026-05-02T17:23:08.194+0000] {dagbag.py:538} INFO - Filling up the DagBag from /opt/airflow/dags/f1_pipeline_dag.py
[2026-05-02T17:23:08.228+0000] {processor.py:840} INFO - DAG(s) 'f1_bigdata_pipeline' retrieved from /opt/airflow/dags/f1_pipeline_dag.py
[2026-05-02T17:23:08.260+0000] {logging_mixin.py:188} INFO - [2026-05-02T17:23:08.259+0000] {dag.py:3036} INFO - Sync 1 DAGs
[2026-05-02T17:23:08.300+0000] {logging_mixin.py:188} INFO - [2026-05-02T17:23:08.300+0000] {dag.py:3823} INFO - Setting next_dagrun for f1_bigdata_pipeline to 2026-04-27 06:00:00+00:00, run_after=2026-05-04 06:00:00+00:00
[2026-05-02T17:23:08.312+0000] {processor.py:183} INFO - Processing /opt/airflow/dags/f1_pipeline_dag.py took 0.130 seconds
[2026-05-02T17:23:38.677+0000] {processor.py:161} INFO - Started process (PID=1385) to work on /opt/airflow/dags/f1_pipeline_dag.py
[2026-05-02T17:23:38.679+0000] {processor.py:830} INFO - Processing file /opt/airflow/dags/f1_pipeline_dag.py for tasks to queue
[2026-05-02T17:23:38.685+0000] {logging_mixin.py:188} INFO - [2026-05-02T17:23:38.681+0000] {dagbag.py:538} INFO - Filling up the DagBag from /opt/airflow/dags/f1_pipeline_dag.py
[2026-05-02T17:23:38.708+0000] {processor.py:840} INFO - DAG(s) 'f1_bigdata_pipeline' retrieved from /opt/airflow/dags/f1_pipeline_dag.py
[2026-05-02T17:23:38.745+0000] {logging_mixin.py:188} INFO - [2026-05-02T17:23:38.745+0000] {dag.py:3036} INFO - Sync 1 DAGs
[2026-05-02T17:23:38.761+0000] {logging_mixin.py:188} INFO - [2026-05-02T17:23:38.761+0000] {dag.py:3823} INFO - Setting next_dagrun for f1_bigdata_pipeline to 2026-04-27 06:00:00+00:00, run_after=2026-05-04 06:00:00+00:00
[2026-05-02T17:23:38.769+0000] {processor.py:183} INFO - Processing /opt/airflow/dags/f1_pipeline_dag.py took 0.118 seconds
[2026-05-02T17:24:08.988+0000] {processor.py:161} INFO - Started process (PID=1390) to work on /opt/airflow/dags/f1_pipeline_dag.py
[2026-05-02T17:24:08.989+0000] {processor.py:830} INFO - Processing file /opt/airflow/dags/f1_pipeline_dag.py for tasks to queue
[2026-05-02T17:24:08.990+0000] {logging_mixin.py:188} INFO - [2026-05-02T17:24:08.990+0000] {dagbag.py:538} INFO - Filling up the DagBag from /opt/airflow/dags/f1_pipeline_dag.py
[2026-05-02T17:24:09.005+0000] {processor.py:840} INFO - DAG(s) 'f1_bigdata_pipeline' retrieved from /opt/airflow/dags/f1_pipeline_dag.py
[2026-05-02T17:24:09.028+0000] {logging_mixin.py:188} INFO - [2026-05-02T17:24:09.028+0000] {dag.py:3036} INFO - Sync 1 DAGs
[2026-05-02T17:24:09.042+0000] {logging_mixin.py:188} INFO - [2026-05-02T17:24:09.041+0000] {dag.py:3823} INFO - Setting next_dagrun for f1_bigdata_pipeline to 2026-04-27 06:00:00+00:00, run_after=2026-05-04 06:00:00+00:00
[2026-05-02T17:24:09.073+0000] {processor.py:183} INFO - Processing /opt/airflow/dags/f1_pipeline_dag.py took 0.089 seconds
[2026-05-02T17:24:39.414+0000] {processor.py:161} INFO - Started process (PID=1395) to work on /opt/airflow/dags/f1_pipeline_dag.py
[2026-05-02T17:24:39.416+0000] {processor.py:830} INFO - Processing file /opt/airflow/dags/f1_pipeline_dag.py for tasks to queue
[2026-05-02T17:24:39.417+0000] {logging_mixin.py:188} INFO - [2026-05-02T17:24:39.416+0000] {dagbag.py:538} INFO - Filling up the DagBag from /opt/airflow/dags/f1_pipeline_dag.py
[2026-05-02T17:24:39.448+0000] {processor.py:840} INFO - DAG(s) 'f1_bigdata_pipeline' retrieved from /opt/airflow/dags/f1_pipeline_dag.py
[2026-05-02T17:24:39.526+0000] {logging_mixin.py:188} INFO - [2026-05-02T17:24:39.526+0000] {dag.py:3036} INFO - Sync 1 DAGs
[2026-05-02T17:24:39.562+0000] {logging_mixin.py:188} INFO - [2026-05-02T17:24:39.561+0000] {dag.py:3823} INFO - Setting next_dagrun for f1_bigdata_pipeline to 2026-04-27 06:00:00+00:00, run_after=2026-05-04 06:00:00+00:00
[2026-05-02T17:24:39.573+0000] {processor.py:183} INFO - Processing /opt/airflow/dags/f1_pipeline_dag.py took 0.166 seconds
[2026-05-02T17:25:09.870+0000] {processor.py:161} INFO - Started process (PID=1400) to work on /opt/airflow/dags/f1_pipeline_dag.py
[2026-05-02T17:25:09.871+0000] {processor.py:830} INFO - Processing file /opt/airflow/dags/f1_pipeline_dag.py for tasks to queue
[2026-05-02T17:25:09.872+0000] {logging_mixin.py:188} INFO - [2026-05-02T17:25:09.872+0000] {dagbag.py:538} INFO - Filling up the DagBag from /opt/airflow/dags/f1_pipeline_dag.py
[2026-05-02T17:25:09.907+0000] {processor.py:840} INFO - DAG(s) 'f1_bigdata_pipeline' retrieved from /opt/airflow/dags/f1_pipeline_dag.py
[2026-05-02T17:25:10.000+0000] {logging_mixin.py:188} INFO - [2026-05-02T17:25:10.000+0000] {dag.py:3036} INFO - Sync 1 DAGs
[2026-05-02T17:25:10.030+0000] {logging_mixin.py:188} INFO - [2026-05-02T17:25:10.030+0000] {dag.py:3823} INFO - Setting next_dagrun for f1_bigdata_pipeline to 2026-04-27 06:00:00+00:00, run_after=2026-05-04 06:00:00+00:00
[2026-05-02T17:25:10.053+0000] {processor.py:183} INFO - Processing /opt/airflow/dags/f1_pipeline_dag.py took 0.190 seconds
[2026-05-02T17:25:40.522+0000] {processor.py:161} INFO - Started process (PID=1405) to work on /opt/airflow/dags/f1_pipeline_dag.py
[2026-05-02T17:25:40.524+0000] {processor.py:830} INFO - Processing file /opt/airflow/dags/f1_pipeline_dag.py for tasks to queue
[2026-05-02T17:25:40.525+0000] {logging_mixin.py:188} INFO - [2026-05-02T17:25:40.525+0000] {dagbag.py:538} INFO - Filling up the DagBag from /opt/airflow/dags/f1_pipeline_dag.py
[2026-05-02T17:25:40.556+0000] {processor.py:840} INFO - DAG(s) 'f1_bigdata_pipeline' retrieved from /opt/airflow/dags/f1_pipeline_dag.py
[2026-05-02T17:25:40.586+0000] {logging_mixin.py:188} INFO - [2026-05-02T17:25:40.586+0000] {dag.py:3036} INFO - Sync 1 DAGs
[2026-05-02T17:25:40.642+0000] {logging_mixin.py:188} INFO - [2026-05-02T17:25:40.642+0000] {dag.py:3823} INFO - Setting next_dagrun for f1_bigdata_pipeline to 2026-04-27 06:00:00+00:00, run_after=2026-05-04 06:00:00+00:00
[2026-05-02T17:25:40.665+0000] {processor.py:183} INFO - Processing /opt/airflow/dags/f1_pipeline_dag.py took 0.149 seconds
[2026-05-02T17:26:10.889+0000] {processor.py:161} INFO - Started process (PID=1410) to work on /opt/airflow/dags/f1_pipeline_dag.py
[2026-05-02T17:26:10.890+0000] {processor.py:830} INFO - Processing file /opt/airflow/dags/f1_pipeline_dag.py for tasks to queue
[2026-05-02T17:26:10.891+0000] {logging_mixin.py:188} INFO - [2026-05-02T17:26:10.890+0000] {dagbag.py:538} INFO - Filling up the DagBag from /opt/airflow/dags/f1_pipeline_dag.py
[2026-05-02T17:26:10.927+0000] {processor.py:840} INFO - DAG(s) 'f1_bigdata_pipeline' retrieved from /opt/airflow/dags/f1_pipeline_dag.py
[2026-05-02T17:26:10.949+0000] {logging_mixin.py:188} INFO - [2026-05-02T17:26:10.949+0000] {dag.py:3036} INFO - Sync 1 DAGs
[2026-05-02T17:26:10.962+0000] {logging_mixin.py:188} INFO - [2026-05-02T17:26:10.962+0000] {dag.py:3823} INFO - Setting next_dagrun for f1_bigdata_pipeline to 2026-04-27 06:00:00+00:00, run_after=2026-05-04 06:00:00+00:00
[2026-05-02T17:26:10.971+0000] {processor.py:183} INFO - Processing /opt/airflow/dags/f1_pipeline_dag.py took 0.087 seconds
[2026-05-02T17:26:41.208+0000] {processor.py:161} INFO - Started process (PID=1415) to work on /opt/airflow/dags/f1_pipeline_dag.py
[2026-05-02T17:26:41.209+0000] {processor.py:830} INFO - Processing file /opt/airflow/dags/f1_pipeline_dag.py for tasks to queue
[2026-05-02T17:26:41.210+0000] {logging_mixin.py:188} INFO - [2026-05-02T17:26:41.209+0000] {dagbag.py:538} INFO - Filling up the DagBag from /opt/airflow/dags/f1_pipeline_dag.py
[2026-05-02T17:26:41.225+0000] {processor.py:840} INFO - DAG(s) 'f1_bigdata_pipeline' retrieved from /opt/airflow/dags/f1_pipeline_dag.py
[2026-05-02T17:26:41.264+0000] {logging_mixin.py:188} INFO - [2026-05-02T17:26:41.264+0000] {dag.py:3036} INFO - Sync 1 DAGs
[2026-05-02T17:26:41.284+0000] {logging_mixin.py:188} INFO - [2026-05-02T17:26:41.284+0000] {dag.py:3823} INFO - Setting next_dagrun for f1_bigdata_pipeline to 2026-04-27 06:00:00+00:00, run_after=2026-05-04 06:00:00+00:00
[2026-05-02T17:26:41.299+0000] {processor.py:183} INFO - Processing /opt/airflow/dags/f1_pipeline_dag.py took 0.095 seconds
[2026-05-02T17:27:11.599+0000] {processor.py:161} INFO - Started process (PID=1420) to work on /opt/airflow/dags/f1_pipeline_dag.py
[2026-05-02T17:27:11.601+0000] {processor.py:830} INFO - Processing file /opt/airflow/dags/f1_pipeline_dag.py for tasks to queue
[2026-05-02T17:27:11.602+0000] {logging_mixin.py:188} INFO - [2026-05-02T17:27:11.602+0000] {dagbag.py:538} INFO - Filling up the DagBag from /opt/airflow/dags/f1_pipeline_dag.py
[2026-05-02T17:27:11.646+0000] {processor.py:840} INFO - DAG(s) 'f1_bigdata_pipeline' retrieved from /opt/airflow/dags/f1_pipeline_dag.py
[2026-05-02T17:27:11.667+0000] {logging_mixin.py:188} INFO - [2026-05-02T17:27:11.667+0000] {dag.py:3036} INFO - Sync 1 DAGs
[2026-05-02T17:27:11.681+0000] {logging_mixin.py:188} INFO - [2026-05-02T17:27:11.681+0000] {dag.py:3823} INFO - Setting next_dagrun for f1_bigdata_pipeline to 2026-04-27 06:00:00+00:00, run_after=2026-05-04 06:00:00+00:00
[2026-05-02T17:27:11.689+0000] {processor.py:183} INFO - Processing /opt/airflow/dags/f1_pipeline_dag.py took 0.098 seconds
[2026-05-02T17:27:41.968+0000] {processor.py:161} INFO - Started process (PID=1425) to work on /opt/airflow/dags/f1_pipeline_dag.py
[2026-05-02T17:27:41.979+0000] {processor.py:830} INFO - Processing file /opt/airflow/dags/f1_pipeline_dag.py for tasks to queue
[2026-05-02T17:27:41.989+0000] {logging_mixin.py:188} INFO - [2026-05-02T17:27:41.984+0000] {dagbag.py:538} INFO - Filling up the DagBag from /opt/airflow/dags/f1_pipeline_dag.py
[2026-05-02T17:27:42.010+0000] {processor.py:840} INFO - DAG(s) 'f1_bigdata_pipeline' retrieved from /opt/airflow/dags/f1_pipeline_dag.py
[2026-05-02T17:27:42.029+0000] {logging_mixin.py:188} INFO - [2026-05-02T17:27:42.029+0000] {dag.py:3036} INFO - Sync 1 DAGs
[2026-05-02T17:27:42.042+0000] {logging_mixin.py:188} INFO - [2026-05-02T17:27:42.042+0000] {dag.py:3823} INFO - Setting next_dagrun for f1_bigdata_pipeline to 2026-04-27 06:00:00+00:00, run_after=2026-05-04 06:00:00+00:00
[2026-05-02T17:27:42.053+0000] {processor.py:183} INFO - Processing /opt/airflow/dags/f1_pipeline_dag.py took 0.092 seconds
[2026-05-02T17:28:12.292+0000] {processor.py:161} INFO - Started process (PID=1430) to work on /opt/airflow/dags/f1_pipeline_dag.py
[2026-05-02T17:28:12.293+0000] {processor.py:830} INFO - Processing file /opt/airflow/dags/f1_pipeline_dag.py for tasks to queue
[2026-05-02T17:28:12.294+0000] {logging_mixin.py:188} INFO - [2026-05-02T17:28:12.293+0000] {dagbag.py:538} INFO - Filling up the DagBag from /opt/airflow/dags/f1_pipeline_dag.py
[2026-05-02T17:28:12.308+0000] {processor.py:840} INFO - DAG(s) 'f1_bigdata_pipeline' retrieved from /opt/airflow/dags/f1_pipeline_dag.py
[2026-05-02T17:28:12.331+0000] {logging_mixin.py:188} INFO - [2026-05-02T17:28:12.331+0000] {dag.py:3036} INFO - Sync 1 DAGs
[2026-05-02T17:28:12.342+0000] {logging_mixin.py:188} INFO - [2026-05-02T17:28:12.342+0000] {dag.py:3823} INFO - Setting next_dagrun for f1_bigdata_pipeline to 2026-04-27 06:00:00+00:00, run_after=2026-05-04 06:00:00+00:00
[2026-05-02T17:28:12.353+0000] {processor.py:183} INFO - Processing /opt/airflow/dags/f1_pipeline_dag.py took 0.066 seconds
[2026-05-02T17:28:42.753+0000] {processor.py:161} INFO - Started process (PID=1435) to work on /opt/airflow/dags/f1_pipeline_dag.py
[2026-05-02T17:28:42.755+0000] {processor.py:830} INFO - Processing file /opt/airflow/dags/f1_pipeline_dag.py for tasks to queue
[2026-05-02T17:28:42.758+0000] {logging_mixin.py:188} INFO - [2026-05-02T17:28:42.757+0000] {dagbag.py:538} INFO - Filling up the DagBag from /opt/airflow/dags/f1_pipeline_dag.py
[2026-05-02T17:28:42.807+0000] {processor.py:840} INFO - DAG(s) 'f1_bigdata_pipeline' retrieved from /opt/airflow/dags/f1_pipeline_dag.py
[2026-05-02T17:28:42.838+0000] {logging_mixin.py:188} INFO - [2026-05-02T17:28:42.837+0000] {dag.py:3036} INFO - Sync 1 DAGs
[2026-05-02T17:28:42.865+0000] {logging_mixin.py:188} INFO - [2026-05-02T17:28:42.865+0000] {dag.py:3823} INFO - Setting next_dagrun for f1_bigdata_pipeline to 2026-04-27 06:00:00+00:00, run_after=2026-05-04 06:00:00+00:00
[2026-05-02T17:28:42.874+0000] {processor.py:183} INFO - Processing /opt/airflow/dags/f1_pipeline_dag.py took 0.127 seconds
[2026-05-02T17:29:13.240+0000] {processor.py:161} INFO - Started process (PID=1440) to work on /opt/airflow/dags/f1_pipeline_dag.py
[2026-05-02T17:29:13.241+0000] {processor.py:830} INFO - Processing file /opt/airflow/dags/f1_pipeline_dag.py for tasks to queue
[2026-05-02T17:29:13.242+0000] {logging_mixin.py:188} INFO - [2026-05-02T17:29:13.242+0000] {dagbag.py:538} INFO - Filling up the DagBag from /opt/airflow/dags/f1_pipeline_dag.py
[2026-05-02T17:29:13.263+0000] {processor.py:840} INFO - DAG(s) 'f1_bigdata_pipeline' retrieved from /opt/airflow/dags/f1_pipeline_dag.py
[2026-05-02T17:29:13.291+0000] {logging_mixin.py:188} INFO - [2026-05-02T17:29:13.291+0000] {dag.py:3036} INFO - Sync 1 DAGs
[2026-05-02T17:29:13.306+0000] {logging_mixin.py:188} INFO - [2026-05-02T17:29:13.306+0000] {dag.py:3823} INFO - Setting next_dagrun for f1_bigdata_pipeline to 2026-04-27 06:00:00+00:00, run_after=2026-05-04 06:00:00+00:00
[2026-05-02T17:29:13.315+0000] {processor.py:183} INFO - Processing /opt/airflow/dags/f1_pipeline_dag.py took 0.090 seconds
[2026-05-02T17:29:43.615+0000] {processor.py:161} INFO - Started process (PID=1445) to work on /opt/airflow/dags/f1_pipeline_dag.py
[2026-05-02T17:29:43.617+0000] {processor.py:830} INFO - Processing file /opt/airflow/dags/f1_pipeline_dag.py for tasks to queue
[2026-05-02T17:29:43.619+0000] {logging_mixin.py:188} INFO - [2026-05-02T17:29:43.618+0000] {dagbag.py:538} INFO - Filling up the DagBag from /opt/airflow/dags/f1_pipeline_dag.py
[2026-05-02T17:29:43.644+0000] {processor.py:840} INFO - DAG(s) 'f1_bigdata_pipeline' retrieved from /opt/airflow/dags/f1_pipeline_dag.py
[2026-05-02T17:29:43.665+0000] {logging_mixin.py:188} INFO - [2026-05-02T17:29:43.665+0000] {dag.py:3036} INFO - Sync 1 DAGs
[2026-05-02T17:29:43.679+0000] {logging_mixin.py:188} INFO - [2026-05-02T17:29:43.678+0000] {dag.py:3823} INFO - Setting next_dagrun for f1_bigdata_pipeline to 2026-04-27 06:00:00+00:00, run_after=2026-05-04 06:00:00+00:00
[2026-05-02T17:29:43.687+0000] {processor.py:183} INFO - Processing /opt/airflow/dags/f1_pipeline_dag.py took 0.092 seconds
[2026-05-02T17:30:14.012+0000] {processor.py:161} INFO - Started process (PID=1450) to work on /opt/airflow/dags/f1_pipeline_dag.py
[2026-05-02T17:30:14.013+0000] {processor.py:830} INFO - Processing file /opt/airflow/dags/f1_pipeline_dag.py for tasks to queue
[2026-05-02T17:30:14.014+0000] {logging_mixin.py:188} INFO - [2026-05-02T17:30:14.013+0000] {dagbag.py:538} INFO - Filling up the DagBag from /opt/airflow/dags/f1_pipeline_dag.py
[2026-05-02T17:30:14.047+0000] {processor.py:840} INFO - DAG(s) 'f1_bigdata_pipeline' retrieved from /opt/airflow/dags/f1_pipeline_dag.py
[2026-05-02T17:30:14.080+0000] {logging_mixin.py:188} INFO - [2026-05-02T17:30:14.080+0000] {dag.py:3036} INFO - Sync 1 DAGs
[2026-05-02T17:30:14.092+0000] {logging_mixin.py:188} INFO - [2026-05-02T17:30:14.092+0000] {dag.py:3823} INFO - Setting next_dagrun for f1_bigdata_pipeline to 2026-04-27 06:00:00+00:00, run_after=2026-05-04 06:00:00+00:00
[2026-05-02T17:30:14.100+0000] {processor.py:183} INFO - Processing /opt/airflow/dags/f1_pipeline_dag.py took 0.095 seconds
[2026-05-02T17:30:44.344+0000] {processor.py:161} INFO - Started process (PID=1455) to work on /opt/airflow/dags/f1_pipeline_dag.py
[2026-05-02T17:30:44.345+0000] {processor.py:830} INFO - Processing file /opt/airflow/dags/f1_pipeline_dag.py for tasks to queue
[2026-05-02T17:30:44.347+0000] {logging_mixin.py:188} INFO - [2026-05-02T17:30:44.346+0000] {dagbag.py:538} INFO - Filling up the DagBag from /opt/airflow/dags/f1_pipeline_dag.py
[2026-05-02T17:30:44.386+0000] {processor.py:840} INFO - DAG(s) 'f1_bigdata_pipeline' retrieved from /opt/airflow/dags/f1_pipeline_dag.py
[2026-05-02T17:30:44.406+0000] {logging_mixin.py:188} INFO - [2026-05-02T17:30:44.406+0000] {dag.py:3036} INFO - Sync 1 DAGs
[2026-05-02T17:30:44.419+0000] {logging_mixin.py:188} INFO - [2026-05-02T17:30:44.419+0000] {dag.py:3823} INFO - Setting next_dagrun for f1_bigdata_pipeline to 2026-04-27 06:00:00+00:00, run_after=2026-05-04 06:00:00+00:00
[2026-05-02T17:30:44.428+0000] {processor.py:183} INFO - Processing /opt/airflow/dags/f1_pipeline_dag.py took 0.092 seconds
[2026-05-02T17:31:14.726+0000] {processor.py:161} INFO - Started process (PID=1460) to work on /opt/airflow/dags/f1_pipeline_dag.py
[2026-05-02T17:31:14.728+0000] {processor.py:830} INFO - Processing file /opt/airflow/dags/f1_pipeline_dag.py for tasks to queue
[2026-05-02T17:31:14.729+0000] {logging_mixin.py:188} INFO - [2026-05-02T17:31:14.729+0000] {dagbag.py:538} INFO - Filling up the DagBag from /opt/airflow/dags/f1_pipeline_dag.py
[2026-05-02T17:31:14.760+0000] {processor.py:840} INFO - DAG(s) 'f1_bigdata_pipeline' retrieved from /opt/airflow/dags/f1_pipeline_dag.py
[2026-05-02T17:31:14.793+0000] {logging_mixin.py:188} INFO - [2026-05-02T17:31:14.792+0000] {dag.py:3036} INFO - Sync 1 DAGs
[2026-05-02T17:31:14.804+0000] {logging_mixin.py:188} INFO - [2026-05-02T17:31:14.804+0000] {dag.py:3823} INFO - Setting next_dagrun for f1_bigdata_pipeline to 2026-04-27 06:00:00+00:00, run_after=2026-05-04 06:00:00+00:00
[2026-05-02T17:31:14.811+0000] {processor.py:183} INFO - Processing /opt/airflow/dags/f1_pipeline_dag.py took 0.108 seconds
[2026-05-02T17:31:45.058+0000] {processor.py:161} INFO - Started process (PID=1465) to work on /opt/airflow/dags/f1_pipeline_dag.py
[2026-05-02T17:31:45.061+0000] {processor.py:830} INFO - Processing file /opt/airflow/dags/f1_pipeline_dag.py for tasks to queue
[2026-05-02T17:31:45.064+0000] {logging_mixin.py:188} INFO - [2026-05-02T17:31:45.062+0000] {dagbag.py:538} INFO - Filling up the DagBag from /opt/airflow/dags/f1_pipeline_dag.py
[2026-05-02T17:31:45.102+0000] {processor.py:840} INFO - DAG(s) 'f1_bigdata_pipeline' retrieved from /opt/airflow/dags/f1_pipeline_dag.py
[2026-05-02T17:31:45.123+0000] {logging_mixin.py:188} INFO - [2026-05-02T17:31:45.123+0000] {dag.py:3036} INFO - Sync 1 DAGs
[2026-05-02T17:31:45.134+0000] {logging_mixin.py:188} INFO - [2026-05-02T17:31:45.134+0000] {dag.py:3823} INFO - Setting next_dagrun for f1_bigdata_pipeline to 2026-04-27 06:00:00+00:00, run_after=2026-05-04 06:00:00+00:00
[2026-05-02T17:31:45.142+0000] {processor.py:183} INFO - Processing /opt/airflow/dags/f1_pipeline_dag.py took 0.095 seconds
[2026-05-02T17:32:15.414+0000] {processor.py:161} INFO - Started process (PID=1470) to work on /opt/airflow/dags/f1_pipeline_dag.py
[2026-05-02T17:32:15.415+0000] {processor.py:830} INFO - Processing file /opt/airflow/dags/f1_pipeline_dag.py for tasks to queue
[2026-05-02T17:32:15.416+0000] {logging_mixin.py:188} INFO - [2026-05-02T17:32:15.416+0000] {dagbag.py:538} INFO - Filling up the DagBag from /opt/airflow/dags/f1_pipeline_dag.py
[2026-05-02T17:32:15.452+0000] {processor.py:840} INFO - DAG(s) 'f1_bigdata_pipeline' retrieved from /opt/airflow/dags/f1_pipeline_dag.py
[2026-05-02T17:32:15.483+0000] {logging_mixin.py:188} INFO - [2026-05-02T17:32:15.483+0000] {dag.py:3036} INFO - Sync 1 DAGs
[2026-05-02T17:32:15.508+0000] {logging_mixin.py:188} INFO - [2026-05-02T17:32:15.508+0000] {dag.py:3823} INFO - Setting next_dagrun for f1_bigdata_pipeline to 2026-04-27 06:00:00+00:00, run_after=2026-05-04 06:00:00+00:00
[2026-05-02T17:32:15.525+0000] {processor.py:183} INFO - Processing /opt/airflow/dags/f1_pipeline_dag.py took 0.118 seconds
[2026-05-02T17:32:45.750+0000] {processor.py:161} INFO - Started process (PID=1475) to work on /opt/airflow/dags/f1_pipeline_dag.py
[2026-05-02T17:32:45.751+0000] {processor.py:830} INFO - Processing file /opt/airflow/dags/f1_pipeline_dag.py for tasks to queue
[2026-05-02T17:32:45.752+0000] {logging_mixin.py:188} INFO - [2026-05-02T17:32:45.751+0000] {dagbag.py:538} INFO - Filling up the DagBag from /opt/airflow/dags/f1_pipeline_dag.py
[2026-05-02T17:32:45.790+0000] {processor.py:840} INFO - DAG(s) 'f1_bigdata_pipeline' retrieved from /opt/airflow/dags/f1_pipeline_dag.py
[2026-05-02T17:32:45.815+0000] {logging_mixin.py:188} INFO - [2026-05-02T17:32:45.815+0000] {dag.py:3036} INFO - Sync 1 DAGs
[2026-05-02T17:32:45.827+0000] {logging_mixin.py:188} INFO - [2026-05-02T17:32:45.827+0000] {dag.py:3823} INFO - Setting next_dagrun for f1_bigdata_pipeline to 2026-04-27 06:00:00+00:00, run_after=2026-05-04 06:00:00+00:00
[2026-05-02T17:32:45.836+0000] {processor.py:183} INFO - Processing /opt/airflow/dags/f1_pipeline_dag.py took 0.092 seconds
[2026-05-02T17:33:16.280+0000] {processor.py:161} INFO - Started process (PID=1480) to work on /opt/airflow/dags/f1_pipeline_dag.py
[2026-05-02T17:33:16.282+0000] {processor.py:830} INFO - Processing file /opt/airflow/dags/f1_pipeline_dag.py for tasks to queue
[2026-05-02T17:33:16.283+0000] {logging_mixin.py:188} INFO - [2026-05-02T17:33:16.282+0000] {dagbag.py:538} INFO - Filling up the DagBag from /opt/airflow/dags/f1_pipeline_dag.py
[2026-05-02T17:33:16.303+0000] {processor.py:840} INFO - DAG(s) 'f1_bigdata_pipeline' retrieved from /opt/airflow/dags/f1_pipeline_dag.py
[2026-05-02T17:33:16.345+0000] {logging_mixin.py:188} INFO - [2026-05-02T17:33:16.345+0000] {dag.py:3036} INFO - Sync 1 DAGs
[2026-05-02T17:33:16.365+0000] {logging_mixin.py:188} INFO - [2026-05-02T17:33:16.365+0000] {dag.py:3823} INFO - Setting next_dagrun for f1_bigdata_pipeline to 2026-04-27 06:00:00+00:00, run_after=2026-05-04 06:00:00+00:00
[2026-05-02T17:33:16.374+0000] {processor.py:183} INFO - Processing /opt/airflow/dags/f1_pipeline_dag.py took 0.099 seconds
[2026-05-02T17:33:46.694+0000] {processor.py:161} INFO - Started process (PID=1485) to work on /opt/airflow/dags/f1_pipeline_dag.py
[2026-05-02T17:33:46.695+0000] {processor.py:830} INFO - Processing file /opt/airflow/dags/f1_pipeline_dag.py for tasks to queue
[2026-05-02T17:33:46.697+0000] {logging_mixin.py:188} INFO - [2026-05-02T17:33:46.696+0000] {dagbag.py:538} INFO - Filling up the DagBag from /opt/airflow/dags/f1_pipeline_dag.py
[2026-05-02T17:33:46.721+0000] {processor.py:840} INFO - DAG(s) 'f1_bigdata_pipeline' retrieved from /opt/airflow/dags/f1_pipeline_dag.py
[2026-05-02T17:33:46.742+0000] {logging_mixin.py:188} INFO - [2026-05-02T17:33:46.742+0000] {dag.py:3036} INFO - Sync 1 DAGs
[2026-05-02T17:33:46.755+0000] {logging_mixin.py:188} INFO - [2026-05-02T17:33:46.755+0000] {dag.py:3823} INFO - Setting next_dagrun for f1_bigdata_pipeline to 2026-04-27 06:00:00+00:00, run_after=2026-05-04 06:00:00+00:00
[2026-05-02T17:33:46.762+0000] {processor.py:183} INFO - Processing /opt/airflow/dags/f1_pipeline_dag.py took 0.089 seconds
[2026-05-02T17:34:17.215+0000] {processor.py:161} INFO - Started process (PID=1490) to work on /opt/airflow/dags/f1_pipeline_dag.py
[2026-05-02T17:34:17.216+0000] {processor.py:830} INFO - Processing file /opt/airflow/dags/f1_pipeline_dag.py for tasks to queue
[2026-05-02T17:34:17.217+0000] {logging_mixin.py:188} INFO - [2026-05-02T17:34:17.217+0000] {dagbag.py:538} INFO - Filling up the DagBag from /opt/airflow/dags/f1_pipeline_dag.py
[2026-05-02T17:34:17.238+0000] {processor.py:840} INFO - DAG(s) 'f1_bigdata_pipeline' retrieved from /opt/airflow/dags/f1_pipeline_dag.py
[2026-05-02T17:34:17.293+0000] {logging_mixin.py:188} INFO - [2026-05-02T17:34:17.293+0000] {dag.py:3036} INFO - Sync 1 DAGs
[2026-05-02T17:34:17.323+0000] {logging_mixin.py:188} INFO - [2026-05-02T17:34:17.322+0000] {dag.py:3823} INFO - Setting next_dagrun for f1_bigdata_pipeline to 2026-04-27 06:00:00+00:00, run_after=2026-05-04 06:00:00+00:00
[2026-05-02T17:34:17.335+0000] {processor.py:183} INFO - Processing /opt/airflow/dags/f1_pipeline_dag.py took 0.126 seconds
[2026-05-02T17:34:48.405+0000] {processor.py:161} INFO - Started process (PID=1495) to work on /opt/airflow/dags/f1_pipeline_dag.py
[2026-05-02T17:34:48.408+0000] {processor.py:830} INFO - Processing file /opt/airflow/dags/f1_pipeline_dag.py for tasks to queue
[2026-05-02T17:34:48.409+0000] {logging_mixin.py:188} INFO - [2026-05-02T17:34:48.409+0000] {dagbag.py:538} INFO - Filling up the DagBag from /opt/airflow/dags/f1_pipeline_dag.py
[2026-05-02T17:34:48.441+0000] {processor.py:840} INFO - DAG(s) 'f1_bigdata_pipeline' retrieved from /opt/airflow/dags/f1_pipeline_dag.py
[2026-05-02T17:34:48.491+0000] {logging_mixin.py:188} INFO - [2026-05-02T17:34:48.491+0000] {dag.py:3036} INFO - Sync 1 DAGs
[2026-05-02T17:34:48.518+0000] {logging_mixin.py:188} INFO - [2026-05-02T17:34:48.518+0000] {dag.py:3823} INFO - Setting next_dagrun for f1_bigdata_pipeline to 2026-04-27 06:00:00+00:00, run_after=2026-05-04 06:00:00+00:00
[2026-05-02T17:34:48.537+0000] {processor.py:183} INFO - Processing /opt/airflow/dags/f1_pipeline_dag.py took 0.144 seconds
[2026-05-02T17:35:18.910+0000] {processor.py:161} INFO - Started process (PID=1500) to work on /opt/airflow/dags/f1_pipeline_dag.py
[2026-05-02T17:35:18.913+0000] {processor.py:830} INFO - Processing file /opt/airflow/dags/f1_pipeline_dag.py for tasks to queue
[2026-05-02T17:35:18.914+0000] {logging_mixin.py:188} INFO - [2026-05-02T17:35:18.914+0000] {dagbag.py:538} INFO - Filling up the DagBag from /opt/airflow/dags/f1_pipeline_dag.py
[2026-05-02T17:35:18.935+0000] {processor.py:840} INFO - DAG(s) 'f1_bigdata_pipeline' retrieved from /opt/airflow/dags/f1_pipeline_dag.py
[2026-05-02T17:35:18.960+0000] {logging_mixin.py:188} INFO - [2026-05-02T17:35:18.960+0000] {dag.py:3036} INFO - Sync 1 DAGs
[2026-05-02T17:35:18.975+0000] {logging_mixin.py:188} INFO - [2026-05-02T17:35:18.974+0000] {dag.py:3823} INFO - Setting next_dagrun for f1_bigdata_pipeline to 2026-04-27 06:00:00+00:00, run_after=2026-05-04 06:00:00+00:00
[2026-05-02T17:35:18.983+0000] {processor.py:183} INFO - Processing /opt/airflow/dags/f1_pipeline_dag.py took 0.089 seconds
[2026-05-02T17:35:49.323+0000] {processor.py:161} INFO - Started process (PID=1505) to work on /opt/airflow/dags/f1_pipeline_dag.py
[2026-05-02T17:35:49.325+0000] {processor.py:830} INFO - Processing file /opt/airflow/dags/f1_pipeline_dag.py for tasks to queue
[2026-05-02T17:35:49.326+0000] {logging_mixin.py:188} INFO - [2026-05-02T17:35:49.325+0000] {dagbag.py:538} INFO - Filling up the DagBag from /opt/airflow/dags/f1_pipeline_dag.py
[2026-05-02T17:35:49.346+0000] {processor.py:840} INFO - DAG(s) 'f1_bigdata_pipeline' retrieved from /opt/airflow/dags/f1_pipeline_dag.py
[2026-05-02T17:35:49.387+0000] {logging_mixin.py:188} INFO - [2026-05-02T17:35:49.387+0000] {dag.py:3036} INFO - Sync 1 DAGs
[2026-05-02T17:35:49.400+0000] {logging_mixin.py:188} INFO - [2026-05-02T17:35:49.399+0000] {dag.py:3823} INFO - Setting next_dagrun for f1_bigdata_pipeline to 2026-04-27 06:00:00+00:00, run_after=2026-05-04 06:00:00+00:00
[2026-05-02T17:35:49.410+0000] {processor.py:183} INFO - Processing /opt/airflow/dags/f1_pipeline_dag.py took 0.090 seconds
[2026-05-02T17:36:19.775+0000] {processor.py:161} INFO - Started process (PID=1510) to work on /opt/airflow/dags/f1_pipeline_dag.py
[2026-05-02T17:36:19.776+0000] {processor.py:830} INFO - Processing file /opt/airflow/dags/f1_pipeline_dag.py for tasks to queue
[2026-05-02T17:36:19.777+0000] {logging_mixin.py:188} INFO - [2026-05-02T17:36:19.777+0000] {dagbag.py:538} INFO - Filling up the DagBag from /opt/airflow/dags/f1_pipeline_dag.py
[2026-05-02T17:36:19.798+0000] {processor.py:840} INFO - DAG(s) 'f1_bigdata_pipeline' retrieved from /opt/airflow/dags/f1_pipeline_dag.py
[2026-05-02T17:36:19.836+0000] {logging_mixin.py:188} INFO - [2026-05-02T17:36:19.836+0000] {dag.py:3036} INFO - Sync 1 DAGs
[2026-05-02T17:36:19.857+0000] {logging_mixin.py:188} INFO - [2026-05-02T17:36:19.857+0000] {dag.py:3823} INFO - Setting next_dagrun for f1_bigdata_pipeline to 2026-04-27 06:00:00+00:00, run_after=2026-05-04 06:00:00+00:00
[2026-05-02T17:36:19.868+0000] {processor.py:183} INFO - Processing /opt/airflow/dags/f1_pipeline_dag.py took 0.106 seconds
[2026-05-02T17:36:50.243+0000] {processor.py:161} INFO - Started process (PID=1515) to work on /opt/airflow/dags/f1_pipeline_dag.py
[2026-05-02T17:36:50.245+0000] {processor.py:830} INFO - Processing file /opt/airflow/dags/f1_pipeline_dag.py for tasks to queue
[2026-05-02T17:36:50.246+0000] {logging_mixin.py:188} INFO - [2026-05-02T17:36:50.246+0000] {dagbag.py:538} INFO - Filling up the DagBag from /opt/airflow/dags/f1_pipeline_dag.py
[2026-05-02T17:36:50.288+0000] {processor.py:840} INFO - DAG(s) 'f1_bigdata_pipeline' retrieved from /opt/airflow/dags/f1_pipeline_dag.py
[2026-05-02T17:36:50.340+0000] {logging_mixin.py:188} INFO - [2026-05-02T17:36:50.340+0000] {dag.py:3036} INFO - Sync 1 DAGs
[2026-05-02T17:36:50.358+0000] {logging_mixin.py:188} INFO - [2026-05-02T17:36:50.358+0000] {dag.py:3823} INFO - Setting next_dagrun for f1_bigdata_pipeline to 2026-04-27 06:00:00+00:00, run_after=2026-05-04 06:00:00+00:00
[2026-05-02T17:36:50.368+0000] {processor.py:183} INFO - Processing /opt/airflow/dags/f1_pipeline_dag.py took 0.134 seconds
[2026-05-02T17:37:20.842+0000] {processor.py:161} INFO - Started process (PID=1520) to work on /opt/airflow/dags/f1_pipeline_dag.py
[2026-05-02T17:37:20.843+0000] {processor.py:830} INFO - Processing file /opt/airflow/dags/f1_pipeline_dag.py for tasks to queue
[2026-05-02T17:37:20.845+0000] {logging_mixin.py:188} INFO - [2026-05-02T17:37:20.844+0000] {dagbag.py:538} INFO - Filling up the DagBag from /opt/airflow/dags/f1_pipeline_dag.py
[2026-05-02T17:37:20.875+0000] {processor.py:840} INFO - DAG(s) 'f1_bigdata_pipeline' retrieved from /opt/airflow/dags/f1_pipeline_dag.py
[2026-05-02T17:37:20.899+0000] {logging_mixin.py:188} INFO - [2026-05-02T17:37:20.899+0000] {dag.py:3036} INFO - Sync 1 DAGs
[2026-05-02T17:37:20.911+0000] {logging_mixin.py:188} INFO - [2026-05-02T17:37:20.911+0000] {dag.py:3823} INFO - Setting next_dagrun for f1_bigdata_pipeline to 2026-04-27 06:00:00+00:00, run_after=2026-05-04 06:00:00+00:00
[2026-05-02T17:37:20.919+0000] {processor.py:183} INFO - Processing /opt/airflow/dags/f1_pipeline_dag.py took 0.084 seconds
[2026-05-02T17:37:51.169+0000] {processor.py:161} INFO - Started process (PID=1525) to work on /opt/airflow/dags/f1_pipeline_dag.py
[2026-05-02T17:37:51.171+0000] {processor.py:830} INFO - Processing file /opt/airflow/dags/f1_pipeline_dag.py for tasks to queue
[2026-05-02T17:37:51.172+0000] {logging_mixin.py:188} INFO - [2026-05-02T17:37:51.171+0000] {dagbag.py:538} INFO - Filling up the DagBag from /opt/airflow/dags/f1_pipeline_dag.py
[2026-05-02T17:37:51.191+0000] {processor.py:840} INFO - DAG(s) 'f1_bigdata_pipeline' retrieved from /opt/airflow/dags/f1_pipeline_dag.py
[2026-05-02T17:37:51.213+0000] {logging_mixin.py:188} INFO - [2026-05-02T17:37:51.213+0000] {dag.py:3036} INFO - Sync 1 DAGs
[2026-05-02T17:37:51.225+0000] {logging_mixin.py:188} INFO - [2026-05-02T17:37:51.225+0000] {dag.py:3823} INFO - Setting next_dagrun for f1_bigdata_pipeline to 2026-04-27 06:00:00+00:00, run_after=2026-05-04 06:00:00+00:00
[2026-05-02T17:37:51.233+0000] {processor.py:183} INFO - Processing /opt/airflow/dags/f1_pipeline_dag.py took 0.068 seconds
[2026-05-02T17:38:21.587+0000] {processor.py:161} INFO - Started process (PID=1530) to work on /opt/airflow/dags/f1_pipeline_dag.py
[2026-05-02T17:38:21.589+0000] {processor.py:830} INFO - Processing file /opt/airflow/dags/f1_pipeline_dag.py for tasks to queue
[2026-05-02T17:38:21.591+0000] {logging_mixin.py:188} INFO - [2026-05-02T17:38:21.590+0000] {dagbag.py:538} INFO - Filling up the DagBag from /opt/airflow/dags/f1_pipeline_dag.py
[2026-05-02T17:38:21.637+0000] {processor.py:840} INFO - DAG(s) 'f1_bigdata_pipeline' retrieved from /opt/airflow/dags/f1_pipeline_dag.py
[2026-05-02T17:38:21.669+0000] {logging_mixin.py:188} INFO - [2026-05-02T17:38:21.669+0000] {dag.py:3036} INFO - Sync 1 DAGs
[2026-05-02T17:38:21.681+0000] {logging_mixin.py:188} INFO - [2026-05-02T17:38:21.681+0000] {dag.py:3823} INFO - Setting next_dagrun for f1_bigdata_pipeline to 2026-04-27 06:00:00+00:00, run_after=2026-05-04 06:00:00+00:00
[2026-05-02T17:38:21.689+0000] {processor.py:183} INFO - Processing /opt/airflow/dags/f1_pipeline_dag.py took 0.109 seconds
[2026-05-02T17:38:52.012+0000] {processor.py:161} INFO - Started process (PID=1535) to work on /opt/airflow/dags/f1_pipeline_dag.py
[2026-05-02T17:38:52.014+0000] {processor.py:830} INFO - Processing file /opt/airflow/dags/f1_pipeline_dag.py for tasks to queue
[2026-05-02T17:38:52.015+0000] {logging_mixin.py:188} INFO - [2026-05-02T17:38:52.015+0000] {dagbag.py:538} INFO - Filling up the DagBag from /opt/airflow/dags/f1_pipeline_dag.py
[2026-05-02T17:38:52.032+0000] {processor.py:840} INFO - DAG(s) 'f1_bigdata_pipeline' retrieved from /opt/airflow/dags/f1_pipeline_dag.py
[2026-05-02T17:38:52.054+0000] {logging_mixin.py:188} INFO - [2026-05-02T17:38:52.054+0000] {dag.py:3036} INFO - Sync 1 DAGs
[2026-05-02T17:38:52.079+0000] {logging_mixin.py:188} INFO - [2026-05-02T17:38:52.079+0000] {dag.py:3823} INFO - Setting next_dagrun for f1_bigdata_pipeline to 2026-04-27 06:00:00+00:00, run_after=2026-05-04 06:00:00+00:00
[2026-05-02T17:38:52.087+0000] {processor.py:183} INFO - Processing /opt/airflow/dags/f1_pipeline_dag.py took 0.079 seconds
[2026-05-02T17:39:22.350+0000] {processor.py:161} INFO - Started process (PID=1540) to work on /opt/airflow/dags/f1_pipeline_dag.py
[2026-05-02T17:39:22.352+0000] {processor.py:830} INFO - Processing file /opt/airflow/dags/f1_pipeline_dag.py for tasks to queue
[2026-05-02T17:39:22.353+0000] {logging_mixin.py:188} INFO - [2026-05-02T17:39:22.353+0000] {dagbag.py:538} INFO - Filling up the DagBag from /opt/airflow/dags/f1_pipeline_dag.py
[2026-05-02T17:39:22.390+0000] {processor.py:840} INFO - DAG(s) 'f1_bigdata_pipeline' retrieved from /opt/airflow/dags/f1_pipeline_dag.py
[2026-05-02T17:39:22.428+0000] {logging_mixin.py:188} INFO - [2026-05-02T17:39:22.427+0000] {dag.py:3036} INFO - Sync 1 DAGs
[2026-05-02T17:39:22.452+0000] {logging_mixin.py:188} INFO - [2026-05-02T17:39:22.451+0000] {dag.py:3823} INFO - Setting next_dagrun for f1_bigdata_pipeline to 2026-04-27 06:00:00+00:00, run_after=2026-05-04 06:00:00+00:00
[2026-05-02T17:39:22.479+0000] {processor.py:183} INFO - Processing /opt/airflow/dags/f1_pipeline_dag.py took 0.137 seconds
[2026-05-02T17:39:52.851+0000] {processor.py:161} INFO - Started process (PID=1545) to work on /opt/airflow/dags/f1_pipeline_dag.py
[2026-05-02T17:39:52.853+0000] {processor.py:830} INFO - Processing file /opt/airflow/dags/f1_pipeline_dag.py for tasks to queue
[2026-05-02T17:39:52.854+0000] {logging_mixin.py:188} INFO - [2026-05-02T17:39:52.853+0000] {dagbag.py:538} INFO - Filling up the DagBag from /opt/airflow/dags/f1_pipeline_dag.py
[2026-05-02T17:39:52.882+0000] {processor.py:840} INFO - DAG(s) 'f1_bigdata_pipeline' retrieved from /opt/airflow/dags/f1_pipeline_dag.py
[2026-05-02T17:39:52.933+0000] {logging_mixin.py:188} INFO - [2026-05-02T17:39:52.933+0000] {dag.py:3036} INFO - Sync 1 DAGs
[2026-05-02T17:39:52.948+0000] {logging_mixin.py:188} INFO - [2026-05-02T17:39:52.948+0000] {dag.py:3823} INFO - Setting next_dagrun for f1_bigdata_pipeline to 2026-04-27 06:00:00+00:00, run_after=2026-05-04 06:00:00+00:00
[2026-05-02T17:39:52.957+0000] {processor.py:183} INFO - Processing /opt/airflow/dags/f1_pipeline_dag.py took 0.112 seconds
[2026-05-02T17:40:23.357+0000] {processor.py:161} INFO - Started process (PID=1550) to work on /opt/airflow/dags/f1_pipeline_dag.py
[2026-05-02T17:40:23.359+0000] {processor.py:830} INFO - Processing file /opt/airflow/dags/f1_pipeline_dag.py for tasks to queue
[2026-05-02T17:40:23.362+0000] {logging_mixin.py:188} INFO - [2026-05-02T17:40:23.360+0000] {dagbag.py:538} INFO - Filling up the DagBag from /opt/airflow/dags/f1_pipeline_dag.py
[2026-05-02T17:40:23.394+0000] {processor.py:840} INFO - DAG(s) 'f1_bigdata_pipeline' retrieved from /opt/airflow/dags/f1_pipeline_dag.py
[2026-05-02T17:40:23.428+0000] {logging_mixin.py:188} INFO - [2026-05-02T17:40:23.428+0000] {dag.py:3036} INFO - Sync 1 DAGs
[2026-05-02T17:40:23.441+0000] {logging_mixin.py:188} INFO - [2026-05-02T17:40:23.441+0000] {dag.py:3823} INFO - Setting next_dagrun for f1_bigdata_pipeline to 2026-04-27 06:00:00+00:00, run_after=2026-05-04 06:00:00+00:00
[2026-05-02T17:40:23.459+0000] {processor.py:183} INFO - Processing /opt/airflow/dags/f1_pipeline_dag.py took 0.109 seconds
[2026-05-02T17:40:53.972+0000] {processor.py:161} INFO - Started process (PID=1555) to work on /opt/airflow/dags/f1_pipeline_dag.py
[2026-05-02T17:40:53.974+0000] {processor.py:830} INFO - Processing file /opt/airflow/dags/f1_pipeline_dag.py for tasks to queue
[2026-05-02T17:40:53.975+0000] {logging_mixin.py:188} INFO - [2026-05-02T17:40:53.975+0000] {dagbag.py:538} INFO - Filling up the DagBag from /opt/airflow/dags/f1_pipeline_dag.py
[2026-05-02T17:40:54.025+0000] {processor.py:840} INFO - DAG(s) 'f1_bigdata_pipeline' retrieved from /opt/airflow/dags/f1_pipeline_dag.py
[2026-05-02T17:40:54.073+0000] {logging_mixin.py:188} INFO - [2026-05-02T17:40:54.073+0000] {dag.py:3036} INFO - Sync 1 DAGs
[2026-05-02T17:40:54.105+0000] {logging_mixin.py:188} INFO - [2026-05-02T17:40:54.105+0000] {dag.py:3823} INFO - Setting next_dagrun for f1_bigdata_pipeline to 2026-04-27 06:00:00+00:00, run_after=2026-05-04 06:00:00+00:00
[2026-05-02T17:40:54.115+0000] {processor.py:183} INFO - Processing /opt/airflow/dags/f1_pipeline_dag.py took 0.151 seconds
[2026-05-02T17:41:24.511+0000] {processor.py:161} INFO - Started process (PID=1560) to work on /opt/airflow/dags/f1_pipeline_dag.py
[2026-05-02T17:41:24.514+0000] {processor.py:830} INFO - Processing file /opt/airflow/dags/f1_pipeline_dag.py for tasks to queue
[2026-05-02T17:41:24.515+0000] {logging_mixin.py:188} INFO - [2026-05-02T17:41:24.514+0000] {dagbag.py:538} INFO - Filling up the DagBag from /opt/airflow/dags/f1_pipeline_dag.py
[2026-05-02T17:41:24.553+0000] {processor.py:840} INFO - DAG(s) 'f1_bigdata_pipeline' retrieved from /opt/airflow/dags/f1_pipeline_dag.py
[2026-05-02T17:41:24.576+0000] {logging_mixin.py:188} INFO - [2026-05-02T17:41:24.576+0000] {dag.py:3036} INFO - Sync 1 DAGs
[2026-05-02T17:41:24.590+0000] {logging_mixin.py:188} INFO - [2026-05-02T17:41:24.590+0000] {dag.py:3823} INFO - Setting next_dagrun for f1_bigdata_pipeline to 2026-04-27 06:00:00+00:00, run_after=2026-05-04 06:00:00+00:00
[2026-05-02T17:41:24.598+0000] {processor.py:183} INFO - Processing /opt/airflow/dags/f1_pipeline_dag.py took 0.096 seconds
[2026-05-02T17:41:54.944+0000] {processor.py:161} INFO - Started process (PID=1565) to work on /opt/airflow/dags/f1_pipeline_dag.py
[2026-05-02T17:41:54.957+0000] {processor.py:830} INFO - Processing file /opt/airflow/dags/f1_pipeline_dag.py for tasks to queue
[2026-05-02T17:41:54.961+0000] {logging_mixin.py:188} INFO - [2026-05-02T17:41:54.959+0000] {dagbag.py:538} INFO - Filling up the DagBag from /opt/airflow/dags/f1_pipeline_dag.py
[2026-05-02T17:41:54.982+0000] {processor.py:840} INFO - DAG(s) 'f1_bigdata_pipeline' retrieved from /opt/airflow/dags/f1_pipeline_dag.py
[2026-05-02T17:41:55.007+0000] {logging_mixin.py:188} INFO - [2026-05-02T17:41:55.007+0000] {dag.py:3036} INFO - Sync 1 DAGs
[2026-05-02T17:41:55.025+0000] {logging_mixin.py:188} INFO - [2026-05-02T17:41:55.025+0000] {dag.py:3823} INFO - Setting next_dagrun for f1_bigdata_pipeline to 2026-04-27 06:00:00+00:00, run_after=2026-05-04 06:00:00+00:00
[2026-05-02T17:41:55.033+0000] {processor.py:183} INFO - Processing /opt/airflow/dags/f1_pipeline_dag.py took 0.097 seconds
[2026-05-02T17:42:25.375+0000] {processor.py:161} INFO - Started process (PID=1570) to work on /opt/airflow/dags/f1_pipeline_dag.py
[2026-05-02T17:42:25.377+0000] {processor.py:830} INFO - Processing file /opt/airflow/dags/f1_pipeline_dag.py for tasks to queue
[2026-05-02T17:42:25.379+0000] {logging_mixin.py:188} INFO - [2026-05-02T17:42:25.378+0000] {dagbag.py:538} INFO - Filling up the DagBag from /opt/airflow/dags/f1_pipeline_dag.py
[2026-05-02T17:42:25.418+0000] {processor.py:840} INFO - DAG(s) 'f1_bigdata_pipeline' retrieved from /opt/airflow/dags/f1_pipeline_dag.py
[2026-05-02T17:42:25.442+0000] {logging_mixin.py:188} INFO - [2026-05-02T17:42:25.442+0000] {dag.py:3036} INFO - Sync 1 DAGs
[2026-05-02T17:42:25.455+0000] {logging_mixin.py:188} INFO - [2026-05-02T17:42:25.455+0000] {dag.py:3823} INFO - Setting next_dagrun for f1_bigdata_pipeline to 2026-04-27 06:00:00+00:00, run_after=2026-05-04 06:00:00+00:00
[2026-05-02T17:42:25.472+0000] {processor.py:183} INFO - Processing /opt/airflow/dags/f1_pipeline_dag.py took 0.105 seconds
[2026-05-02T17:42:55.865+0000] {processor.py:161} INFO - Started process (PID=1575) to work on /opt/airflow/dags/f1_pipeline_dag.py
[2026-05-02T17:42:55.866+0000] {processor.py:830} INFO - Processing file /opt/airflow/dags/f1_pipeline_dag.py for tasks to queue
[2026-05-02T17:42:55.867+0000] {logging_mixin.py:188} INFO - [2026-05-02T17:42:55.866+0000] {dagbag.py:538} INFO - Filling up the DagBag from /opt/airflow/dags/f1_pipeline_dag.py
[2026-05-02T17:42:55.879+0000] {processor.py:840} INFO - DAG(s) 'f1_bigdata_pipeline' retrieved from /opt/airflow/dags/f1_pipeline_dag.py
[2026-05-02T17:42:55.913+0000] {logging_mixin.py:188} INFO - [2026-05-02T17:42:55.913+0000] {dag.py:3036} INFO - Sync 1 DAGs
[2026-05-02T17:42:55.931+0000] {logging_mixin.py:188} INFO - [2026-05-02T17:42:55.931+0000] {dag.py:3823} INFO - Setting next_dagrun for f1_bigdata_pipeline to 2026-04-27 06:00:00+00:00, run_after=2026-05-04 06:00:00+00:00
[2026-05-02T17:42:55.941+0000] {processor.py:183} INFO - Processing /opt/airflow/dags/f1_pipeline_dag.py took 0.080 seconds
[2026-05-02T17:43:26.379+0000] {processor.py:161} INFO - Started process (PID=1580) to work on /opt/airflow/dags/f1_pipeline_dag.py
[2026-05-02T17:43:26.381+0000] {processor.py:830} INFO - Processing file /opt/airflow/dags/f1_pipeline_dag.py for tasks to queue
[2026-05-02T17:43:26.382+0000] {logging_mixin.py:188} INFO - [2026-05-02T17:43:26.382+0000] {dagbag.py:538} INFO - Filling up the DagBag from /opt/airflow/dags/f1_pipeline_dag.py
[2026-05-02T17:43:26.402+0000] {processor.py:840} INFO - DAG(s) 'f1_bigdata_pipeline' retrieved from /opt/airflow/dags/f1_pipeline_dag.py
[2026-05-02T17:43:26.456+0000] {logging_mixin.py:188} INFO - [2026-05-02T17:43:26.455+0000] {dag.py:3036} INFO - Sync 1 DAGs
[2026-05-02T17:43:26.469+0000] {logging_mixin.py:188} INFO - [2026-05-02T17:43:26.469+0000] {dag.py:3823} INFO - Setting next_dagrun for f1_bigdata_pipeline to 2026-04-27 06:00:00+00:00, run_after=2026-05-04 06:00:00+00:00
[2026-05-02T17:43:26.477+0000] {processor.py:183} INFO - Processing /opt/airflow/dags/f1_pipeline_dag.py took 0.117 seconds
[2026-05-02T17:43:56.708+0000] {processor.py:161} INFO - Started process (PID=1585) to work on /opt/airflow/dags/f1_pipeline_dag.py
[2026-05-02T17:43:56.715+0000] {processor.py:830} INFO - Processing file /opt/airflow/dags/f1_pipeline_dag.py for tasks to queue
[2026-05-02T17:43:56.719+0000] {logging_mixin.py:188} INFO - [2026-05-02T17:43:56.716+0000] {dagbag.py:538} INFO - Filling up the DagBag from /opt/airflow/dags/f1_pipeline_dag.py
[2026-05-02T17:43:56.773+0000] {processor.py:840} INFO - DAG(s) 'f1_bigdata_pipeline' retrieved from /opt/airflow/dags/f1_pipeline_dag.py
[2026-05-02T17:43:56.811+0000] {logging_mixin.py:188} INFO - [2026-05-02T17:43:56.811+0000] {dag.py:3036} INFO - Sync 1 DAGs
[2026-05-02T17:43:56.836+0000] {logging_mixin.py:188} INFO - [2026-05-02T17:43:56.836+0000] {dag.py:3823} INFO - Setting next_dagrun for f1_bigdata_pipeline to 2026-04-27 06:00:00+00:00, run_after=2026-05-04 06:00:00+00:00
[2026-05-02T17:43:56.845+0000] {processor.py:183} INFO - Processing /opt/airflow/dags/f1_pipeline_dag.py took 0.146 seconds
[2026-05-02T17:44:27.499+0000] {processor.py:161} INFO - Started process (PID=1590) to work on /opt/airflow/dags/f1_pipeline_dag.py
[2026-05-02T17:44:27.503+0000] {processor.py:830} INFO - Processing file /opt/airflow/dags/f1_pipeline_dag.py for tasks to queue
[2026-05-02T17:44:27.513+0000] {logging_mixin.py:188} INFO - [2026-05-02T17:44:27.512+0000] {dagbag.py:538} INFO - Filling up the DagBag from /opt/airflow/dags/f1_pipeline_dag.py
[2026-05-02T17:44:27.698+0000] {processor.py:840} INFO - DAG(s) 'f1_bigdata_pipeline' retrieved from /opt/airflow/dags/f1_pipeline_dag.py
[2026-05-02T17:44:27.938+0000] {logging_mixin.py:188} INFO - [2026-05-02T17:44:27.938+0000] {dag.py:3036} INFO - Sync 1 DAGs
[2026-05-02T17:44:27.991+0000] {logging_mixin.py:188} INFO - [2026-05-02T17:44:27.991+0000] {dag.py:3823} INFO - Setting next_dagrun for f1_bigdata_pipeline to 2026-04-27 06:00:00+00:00, run_after=2026-05-04 06:00:00+00:00
[2026-05-02T17:44:28.004+0000] {processor.py:183} INFO - Processing /opt/airflow/dags/f1_pipeline_dag.py took 0.519 seconds
[2026-05-02T17:44:58.313+0000] {processor.py:161} INFO - Started process (PID=1595) to work on /opt/airflow/dags/f1_pipeline_dag.py
[2026-05-02T17:44:58.316+0000] {processor.py:830} INFO - Processing file /opt/airflow/dags/f1_pipeline_dag.py for tasks to queue
[2026-05-02T17:44:58.317+0000] {logging_mixin.py:188} INFO - [2026-05-02T17:44:58.317+0000] {dagbag.py:538} INFO - Filling up the DagBag from /opt/airflow/dags/f1_pipeline_dag.py
[2026-05-02T17:44:58.357+0000] {processor.py:840} INFO - DAG(s) 'f1_bigdata_pipeline' retrieved from /opt/airflow/dags/f1_pipeline_dag.py
[2026-05-02T17:44:58.385+0000] {logging_mixin.py:188} INFO - [2026-05-02T17:44:58.385+0000] {dag.py:3036} INFO - Sync 1 DAGs
[2026-05-02T17:44:58.401+0000] {logging_mixin.py:188} INFO - [2026-05-02T17:44:58.401+0000] {dag.py:3823} INFO - Setting next_dagrun for f1_bigdata_pipeline to 2026-04-27 06:00:00+00:00, run_after=2026-05-04 06:00:00+00:00
[2026-05-02T17:44:58.410+0000] {processor.py:183} INFO - Processing /opt/airflow/dags/f1_pipeline_dag.py took 0.107 seconds
[2026-05-02T17:45:28.847+0000] {processor.py:161} INFO - Started process (PID=1600) to work on /opt/airflow/dags/f1_pipeline_dag.py
[2026-05-02T17:45:28.858+0000] {processor.py:830} INFO - Processing file /opt/airflow/dags/f1_pipeline_dag.py for tasks to queue
[2026-05-02T17:45:28.863+0000] {logging_mixin.py:188} INFO - [2026-05-02T17:45:28.859+0000] {dagbag.py:538} INFO - Filling up the DagBag from /opt/airflow/dags/f1_pipeline_dag.py
[2026-05-02T17:45:28.886+0000] {processor.py:840} INFO - DAG(s) 'f1_bigdata_pipeline' retrieved from /opt/airflow/dags/f1_pipeline_dag.py
[2026-05-02T17:45:28.914+0000] {logging_mixin.py:188} INFO - [2026-05-02T17:45:28.913+0000] {dag.py:3036} INFO - Sync 1 DAGs
[2026-05-02T17:45:28.928+0000] {logging_mixin.py:188} INFO - [2026-05-02T17:45:28.928+0000] {dag.py:3823} INFO - Setting next_dagrun for f1_bigdata_pipeline to 2026-04-27 06:00:00+00:00, run_after=2026-05-04 06:00:00+00:00
[2026-05-02T17:45:28.937+0000] {processor.py:183} INFO - Processing /opt/airflow/dags/f1_pipeline_dag.py took 0.096 seconds
[2026-05-02T17:45:59.277+0000] {processor.py:161} INFO - Started process (PID=1605) to work on /opt/airflow/dags/f1_pipeline_dag.py
[2026-05-02T17:45:59.279+0000] {processor.py:830} INFO - Processing file /opt/airflow/dags/f1_pipeline_dag.py for tasks to queue
[2026-05-02T17:45:59.280+0000] {logging_mixin.py:188} INFO - [2026-05-02T17:45:59.279+0000] {dagbag.py:538} INFO - Filling up the DagBag from /opt/airflow/dags/f1_pipeline_dag.py
[2026-05-02T17:45:59.301+0000] {processor.py:840} INFO - DAG(s) 'f1_bigdata_pipeline' retrieved from /opt/airflow/dags/f1_pipeline_dag.py
[2026-05-02T17:45:59.342+0000] {logging_mixin.py:188} INFO - [2026-05-02T17:45:59.342+0000] {dag.py:3036} INFO - Sync 1 DAGs
[2026-05-02T17:45:59.355+0000] {logging_mixin.py:188} INFO - [2026-05-02T17:45:59.354+0000] {dag.py:3823} INFO - Setting next_dagrun for f1_bigdata_pipeline to 2026-04-27 06:00:00+00:00, run_after=2026-05-04 06:00:00+00:00
[2026-05-02T17:45:59.363+0000] {processor.py:183} INFO - Processing /opt/airflow/dags/f1_pipeline_dag.py took 0.093 seconds
[2026-05-02T17:46:29.885+0000] {processor.py:161} INFO - Started process (PID=1610) to work on /opt/airflow/dags/f1_pipeline_dag.py
[2026-05-02T17:46:29.886+0000] {processor.py:830} INFO - Processing file /opt/airflow/dags/f1_pipeline_dag.py for tasks to queue
[2026-05-02T17:46:29.888+0000] {logging_mixin.py:188} INFO - [2026-05-02T17:46:29.887+0000] {dagbag.py:538} INFO - Filling up the DagBag from /opt/airflow/dags/f1_pipeline_dag.py
[2026-05-02T17:46:29.904+0000] {processor.py:840} INFO - DAG(s) 'f1_bigdata_pipeline' retrieved from /opt/airflow/dags/f1_pipeline_dag.py
[2026-05-02T17:46:29.925+0000] {logging_mixin.py:188} INFO - [2026-05-02T17:46:29.925+0000] {dag.py:3036} INFO - Sync 1 DAGs
[2026-05-02T17:46:29.941+0000] {logging_mixin.py:188} INFO - [2026-05-02T17:46:29.941+0000] {dag.py:3823} INFO - Setting next_dagrun for f1_bigdata_pipeline to 2026-04-27 06:00:00+00:00, run_after=2026-05-04 06:00:00+00:00
[2026-05-02T17:46:29.950+0000] {processor.py:183} INFO - Processing /opt/airflow/dags/f1_pipeline_dag.py took 0.071 seconds
[2026-05-02T17:47:00.279+0000] {processor.py:161} INFO - Started process (PID=1615) to work on /opt/airflow/dags/f1_pipeline_dag.py
[2026-05-02T17:47:00.280+0000] {processor.py:830} INFO - Processing file /opt/airflow/dags/f1_pipeline_dag.py for tasks to queue
[2026-05-02T17:47:00.281+0000] {logging_mixin.py:188} INFO - [2026-05-02T17:47:00.280+0000] {dagbag.py:538} INFO - Filling up the DagBag from /opt/airflow/dags/f1_pipeline_dag.py
[2026-05-02T17:47:00.320+0000] {processor.py:840} INFO - DAG(s) 'f1_bigdata_pipeline' retrieved from /opt/airflow/dags/f1_pipeline_dag.py
[2026-05-02T17:47:00.343+0000] {logging_mixin.py:188} INFO - [2026-05-02T17:47:00.343+0000] {dag.py:3036} INFO - Sync 1 DAGs
[2026-05-02T17:47:00.356+0000] {logging_mixin.py:188} INFO - [2026-05-02T17:47:00.356+0000] {dag.py:3823} INFO - Setting next_dagrun for f1_bigdata_pipeline to 2026-04-27 06:00:00+00:00, run_after=2026-05-04 06:00:00+00:00
[2026-05-02T17:47:00.366+0000] {processor.py:183} INFO - Processing /opt/airflow/dags/f1_pipeline_dag.py took 0.089 seconds
[2026-05-02T17:47:30.735+0000] {processor.py:161} INFO - Started process (PID=1620) to work on /opt/airflow/dags/f1_pipeline_dag.py
[2026-05-02T17:47:30.737+0000] {processor.py:830} INFO - Processing file /opt/airflow/dags/f1_pipeline_dag.py for tasks to queue
[2026-05-02T17:47:30.738+0000] {logging_mixin.py:188} INFO - [2026-05-02T17:47:30.737+0000] {dagbag.py:538} INFO - Filling up the DagBag from /opt/airflow/dags/f1_pipeline_dag.py
[2026-05-02T17:47:30.765+0000] {processor.py:840} INFO - DAG(s) 'f1_bigdata_pipeline' retrieved from /opt/airflow/dags/f1_pipeline_dag.py
[2026-05-02T17:47:30.789+0000] {logging_mixin.py:188} INFO - [2026-05-02T17:47:30.789+0000] {dag.py:3036} INFO - Sync 1 DAGs
[2026-05-02T17:47:30.803+0000] {logging_mixin.py:188} INFO - [2026-05-02T17:47:30.803+0000] {dag.py:3823} INFO - Setting next_dagrun for f1_bigdata_pipeline to 2026-04-27 06:00:00+00:00, run_after=2026-05-04 06:00:00+00:00
[2026-05-02T17:47:30.812+0000] {processor.py:183} INFO - Processing /opt/airflow/dags/f1_pipeline_dag.py took 0.085 seconds
[2026-05-02T17:48:01.238+0000] {processor.py:161} INFO - Started process (PID=1625) to work on /opt/airflow/dags/f1_pipeline_dag.py
[2026-05-02T17:48:01.240+0000] {processor.py:830} INFO - Processing file /opt/airflow/dags/f1_pipeline_dag.py for tasks to queue
[2026-05-02T17:48:01.241+0000] {logging_mixin.py:188} INFO - [2026-05-02T17:48:01.241+0000] {dagbag.py:538} INFO - Filling up the DagBag from /opt/airflow/dags/f1_pipeline_dag.py
[2026-05-02T17:48:01.262+0000] {processor.py:840} INFO - DAG(s) 'f1_bigdata_pipeline' retrieved from /opt/airflow/dags/f1_pipeline_dag.py
[2026-05-02T17:48:01.298+0000] {logging_mixin.py:188} INFO - [2026-05-02T17:48:01.298+0000] {dag.py:3036} INFO - Sync 1 DAGs
[2026-05-02T17:48:01.313+0000] {logging_mixin.py:188} INFO - [2026-05-02T17:48:01.313+0000] {dag.py:3823} INFO - Setting next_dagrun for f1_bigdata_pipeline to 2026-04-27 06:00:00+00:00, run_after=2026-05-04 06:00:00+00:00
[2026-05-02T17:48:01.328+0000] {processor.py:183} INFO - Processing /opt/airflow/dags/f1_pipeline_dag.py took 0.101 seconds
[2026-05-02T17:48:31.688+0000] {processor.py:161} INFO - Started process (PID=1630) to work on /opt/airflow/dags/f1_pipeline_dag.py
[2026-05-02T17:48:31.690+0000] {processor.py:830} INFO - Processing file /opt/airflow/dags/f1_pipeline_dag.py for tasks to queue
[2026-05-02T17:48:31.691+0000] {logging_mixin.py:188} INFO - [2026-05-02T17:48:31.691+0000] {dagbag.py:538} INFO - Filling up the DagBag from /opt/airflow/dags/f1_pipeline_dag.py
[2026-05-02T17:48:31.713+0000] {processor.py:840} INFO - DAG(s) 'f1_bigdata_pipeline' retrieved from /opt/airflow/dags/f1_pipeline_dag.py
[2026-05-02T17:48:31.775+0000] {logging_mixin.py:188} INFO - [2026-05-02T17:48:31.775+0000] {dag.py:3036} INFO - Sync 1 DAGs
[2026-05-02T17:48:31.792+0000] {logging_mixin.py:188} INFO - [2026-05-02T17:48:31.792+0000] {dag.py:3823} INFO - Setting next_dagrun for f1_bigdata_pipeline to 2026-04-27 06:00:00+00:00, run_after=2026-05-04 06:00:00+00:00
[2026-05-02T17:48:31.804+0000] {processor.py:183} INFO - Processing /opt/airflow/dags/f1_pipeline_dag.py took 0.122 seconds
[2026-05-02T17:49:02.039+0000] {processor.py:161} INFO - Started process (PID=1635) to work on /opt/airflow/dags/f1_pipeline_dag.py
[2026-05-02T17:49:02.041+0000] {processor.py:830} INFO - Processing file /opt/airflow/dags/f1_pipeline_dag.py for tasks to queue
[2026-05-02T17:49:02.042+0000] {logging_mixin.py:188} INFO - [2026-05-02T17:49:02.042+0000] {dagbag.py:538} INFO - Filling up the DagBag from /opt/airflow/dags/f1_pipeline_dag.py
[2026-05-02T17:49:02.064+0000] {processor.py:840} INFO - DAG(s) 'f1_bigdata_pipeline' retrieved from /opt/airflow/dags/f1_pipeline_dag.py
[2026-05-02T17:49:02.106+0000] {logging_mixin.py:188} INFO - [2026-05-02T17:49:02.106+0000] {dag.py:3036} INFO - Sync 1 DAGs
[2026-05-02T17:49:02.120+0000] {logging_mixin.py:188} INFO - [2026-05-02T17:49:02.120+0000] {dag.py:3823} INFO - Setting next_dagrun for f1_bigdata_pipeline to 2026-04-27 06:00:00+00:00, run_after=2026-05-04 06:00:00+00:00
[2026-05-02T17:49:02.138+0000] {processor.py:183} INFO - Processing /opt/airflow/dags/f1_pipeline_dag.py took 0.110 seconds
[2026-05-02T17:49:32.450+0000] {processor.py:161} INFO - Started process (PID=1640) to work on /opt/airflow/dags/f1_pipeline_dag.py
[2026-05-02T17:49:32.452+0000] {processor.py:830} INFO - Processing file /opt/airflow/dags/f1_pipeline_dag.py for tasks to queue
[2026-05-02T17:49:32.454+0000] {logging_mixin.py:188} INFO - [2026-05-02T17:49:32.453+0000] {dagbag.py:538} INFO - Filling up the DagBag from /opt/airflow/dags/f1_pipeline_dag.py
[2026-05-02T17:49:32.490+0000] {processor.py:840} INFO - DAG(s) 'f1_bigdata_pipeline' retrieved from /opt/airflow/dags/f1_pipeline_dag.py
[2026-05-02T17:49:32.527+0000] {logging_mixin.py:188} INFO - [2026-05-02T17:49:32.527+0000] {dag.py:3036} INFO - Sync 1 DAGs
[2026-05-02T17:49:32.542+0000] {logging_mixin.py:188} INFO - [2026-05-02T17:49:32.542+0000] {dag.py:3823} INFO - Setting next_dagrun for f1_bigdata_pipeline to 2026-04-27 06:00:00+00:00, run_after=2026-05-04 06:00:00+00:00
[2026-05-02T17:49:32.550+0000] {processor.py:183} INFO - Processing /opt/airflow/dags/f1_pipeline_dag.py took 0.108 seconds
[2026-05-02T17:50:02.892+0000] {processor.py:161} INFO - Started process (PID=1645) to work on /opt/airflow/dags/f1_pipeline_dag.py
[2026-05-02T17:50:02.894+0000] {processor.py:830} INFO - Processing file /opt/airflow/dags/f1_pipeline_dag.py for tasks to queue
[2026-05-02T17:50:02.895+0000] {logging_mixin.py:188} INFO - [2026-05-02T17:50:02.895+0000] {dagbag.py:538} INFO - Filling up the DagBag from /opt/airflow/dags/f1_pipeline_dag.py
[2026-05-02T17:50:02.924+0000] {processor.py:840} INFO - DAG(s) 'f1_bigdata_pipeline' retrieved from /opt/airflow/dags/f1_pipeline_dag.py
[2026-05-02T17:50:02.958+0000] {logging_mixin.py:188} INFO - [2026-05-02T17:50:02.957+0000] {dag.py:3036} INFO - Sync 1 DAGs
[2026-05-02T17:50:02.972+0000] {logging_mixin.py:188} INFO - [2026-05-02T17:50:02.972+0000] {dag.py:3823} INFO - Setting next_dagrun for f1_bigdata_pipeline to 2026-04-27 06:00:00+00:00, run_after=2026-05-04 06:00:00+00:00
[2026-05-02T17:50:02.982+0000] {processor.py:183} INFO - Processing /opt/airflow/dags/f1_pipeline_dag.py took 0.096 seconds
[2026-05-02T17:50:33.304+0000] {processor.py:161} INFO - Started process (PID=1650) to work on /opt/airflow/dags/f1_pipeline_dag.py
[2026-05-02T17:50:33.308+0000] {processor.py:830} INFO - Processing file /opt/airflow/dags/f1_pipeline_dag.py for tasks to queue
[2026-05-02T17:50:33.321+0000] {logging_mixin.py:188} INFO - [2026-05-02T17:50:33.318+0000] {dagbag.py:538} INFO - Filling up the DagBag from /opt/airflow/dags/f1_pipeline_dag.py
[2026-05-02T17:50:33.339+0000] {processor.py:840} INFO - DAG(s) 'f1_bigdata_pipeline' retrieved from /opt/airflow/dags/f1_pipeline_dag.py
[2026-05-02T17:50:33.376+0000] {logging_mixin.py:188} INFO - [2026-05-02T17:50:33.376+0000] {dag.py:3036} INFO - Sync 1 DAGs
[2026-05-02T17:50:33.395+0000] {logging_mixin.py:188} INFO - [2026-05-02T17:50:33.395+0000] {dag.py:3823} INFO - Setting next_dagrun for f1_bigdata_pipeline to 2026-04-27 06:00:00+00:00, run_after=2026-05-04 06:00:00+00:00
[2026-05-02T17:50:33.405+0000] {processor.py:183} INFO - Processing /opt/airflow/dags/f1_pipeline_dag.py took 0.110 seconds
[2026-05-02T17:51:03.864+0000] {processor.py:161} INFO - Started process (PID=1655) to work on /opt/airflow/dags/f1_pipeline_dag.py
[2026-05-02T17:51:03.865+0000] {processor.py:830} INFO - Processing file /opt/airflow/dags/f1_pipeline_dag.py for tasks to queue
[2026-05-02T17:51:03.867+0000] {logging_mixin.py:188} INFO - [2026-05-02T17:51:03.866+0000] {dagbag.py:538} INFO - Filling up the DagBag from /opt/airflow/dags/f1_pipeline_dag.py
[2026-05-02T17:51:03.902+0000] {processor.py:840} INFO - DAG(s) 'f1_bigdata_pipeline' retrieved from /opt/airflow/dags/f1_pipeline_dag.py
[2026-05-02T17:51:03.938+0000] {logging_mixin.py:188} INFO - [2026-05-02T17:51:03.938+0000] {dag.py:3036} INFO - Sync 1 DAGs
[2026-05-02T17:51:03.975+0000] {logging_mixin.py:188} INFO - [2026-05-02T17:51:03.975+0000] {dag.py:3823} INFO - Setting next_dagrun for f1_bigdata_pipeline to 2026-04-27 06:00:00+00:00, run_after=2026-05-04 06:00:00+00:00
[2026-05-02T17:51:03.996+0000] {processor.py:183} INFO - Processing /opt/airflow/dags/f1_pipeline_dag.py took 0.138 seconds
[2026-05-02T17:51:34.266+0000] {processor.py:161} INFO - Started process (PID=1660) to work on /opt/airflow/dags/f1_pipeline_dag.py
[2026-05-02T17:51:34.271+0000] {processor.py:830} INFO - Processing file /opt/airflow/dags/f1_pipeline_dag.py for tasks to queue
[2026-05-02T17:51:34.272+0000] {logging_mixin.py:188} INFO - [2026-05-02T17:51:34.272+0000] {dagbag.py:538} INFO - Filling up the DagBag from /opt/airflow/dags/f1_pipeline_dag.py
[2026-05-02T17:51:34.309+0000] {processor.py:840} INFO - DAG(s) 'f1_bigdata_pipeline' retrieved from /opt/airflow/dags/f1_pipeline_dag.py
[2026-05-02T17:51:34.340+0000] {logging_mixin.py:188} INFO - [2026-05-02T17:51:34.339+0000] {dag.py:3036} INFO - Sync 1 DAGs
[2026-05-02T17:51:34.367+0000] {logging_mixin.py:188} INFO - [2026-05-02T17:51:34.367+0000] {dag.py:3823} INFO - Setting next_dagrun for f1_bigdata_pipeline to 2026-04-27 06:00:00+00:00, run_after=2026-05-04 06:00:00+00:00
[2026-05-02T17:51:34.375+0000] {processor.py:183} INFO - Processing /opt/airflow/dags/f1_pipeline_dag.py took 0.116 seconds
[2026-05-02T17:52:04.660+0000] {processor.py:161} INFO - Started process (PID=1665) to work on /opt/airflow/dags/f1_pipeline_dag.py
[2026-05-02T17:52:04.663+0000] {processor.py:830} INFO - Processing file /opt/airflow/dags/f1_pipeline_dag.py for tasks to queue
[2026-05-02T17:52:04.665+0000] {logging_mixin.py:188} INFO - [2026-05-02T17:52:04.664+0000] {dagbag.py:538} INFO - Filling up the DagBag from /opt/airflow/dags/f1_pipeline_dag.py
[2026-05-02T17:52:04.702+0000] {processor.py:840} INFO - DAG(s) 'f1_bigdata_pipeline' retrieved from /opt/airflow/dags/f1_pipeline_dag.py
[2026-05-02T17:52:04.744+0000] {logging_mixin.py:188} INFO - [2026-05-02T17:52:04.744+0000] {dag.py:3036} INFO - Sync 1 DAGs
[2026-05-02T17:52:04.766+0000] {logging_mixin.py:188} INFO - [2026-05-02T17:52:04.766+0000] {dag.py:3823} INFO - Setting next_dagrun for f1_bigdata_pipeline to 2026-04-27 06:00:00+00:00, run_after=2026-05-04 06:00:00+00:00
[2026-05-02T17:52:04.775+0000] {processor.py:183} INFO - Processing /opt/airflow/dags/f1_pipeline_dag.py took 0.121 seconds
[2026-05-02T17:52:35.107+0000] {processor.py:161} INFO - Started process (PID=1670) to work on /opt/airflow/dags/f1_pipeline_dag.py
[2026-05-02T17:52:35.108+0000] {processor.py:830} INFO - Processing file /opt/airflow/dags/f1_pipeline_dag.py for tasks to queue
[2026-05-02T17:52:35.109+0000] {logging_mixin.py:188} INFO - [2026-05-02T17:52:35.108+0000] {dagbag.py:538} INFO - Filling up the DagBag from /opt/airflow/dags/f1_pipeline_dag.py
[2026-05-02T17:52:35.126+0000] {processor.py:840} INFO - DAG(s) 'f1_bigdata_pipeline' retrieved from /opt/airflow/dags/f1_pipeline_dag.py
[2026-05-02T17:52:35.150+0000] {logging_mixin.py:188} INFO - [2026-05-02T17:52:35.150+0000] {dag.py:3036} INFO - Sync 1 DAGs
[2026-05-02T17:52:35.163+0000] {logging_mixin.py:188} INFO - [2026-05-02T17:52:35.163+0000] {dag.py:3823} INFO - Setting next_dagrun for f1_bigdata_pipeline to 2026-04-27 06:00:00+00:00, run_after=2026-05-04 06:00:00+00:00
[2026-05-02T17:52:35.172+0000] {processor.py:183} INFO - Processing /opt/airflow/dags/f1_pipeline_dag.py took 0.073 seconds
[2026-05-02T17:53:05.520+0000] {processor.py:161} INFO - Started process (PID=1675) to work on /opt/airflow/dags/f1_pipeline_dag.py
[2026-05-02T17:53:05.522+0000] {processor.py:830} INFO - Processing file /opt/airflow/dags/f1_pipeline_dag.py for tasks to queue
[2026-05-02T17:53:05.524+0000] {logging_mixin.py:188} INFO - [2026-05-02T17:53:05.523+0000] {dagbag.py:538} INFO - Filling up the DagBag from /opt/airflow/dags/f1_pipeline_dag.py
[2026-05-02T17:53:05.545+0000] {processor.py:840} INFO - DAG(s) 'f1_bigdata_pipeline' retrieved from /opt/airflow/dags/f1_pipeline_dag.py
[2026-05-02T17:53:05.566+0000] {logging_mixin.py:188} INFO - [2026-05-02T17:53:05.566+0000] {dag.py:3036} INFO - Sync 1 DAGs
[2026-05-02T17:53:05.579+0000] {logging_mixin.py:188} INFO - [2026-05-02T17:53:05.579+0000] {dag.py:3823} INFO - Setting next_dagrun for f1_bigdata_pipeline to 2026-04-27 06:00:00+00:00, run_after=2026-05-04 06:00:00+00:00
[2026-05-02T17:53:05.591+0000] {processor.py:183} INFO - Processing /opt/airflow/dags/f1_pipeline_dag.py took 0.079 seconds
[2026-05-02T17:53:35.986+0000] {processor.py:161} INFO - Started process (PID=1680) to work on /opt/airflow/dags/f1_pipeline_dag.py
[2026-05-02T17:53:35.990+0000] {processor.py:830} INFO - Processing file /opt/airflow/dags/f1_pipeline_dag.py for tasks to queue
[2026-05-02T17:53:35.995+0000] {logging_mixin.py:188} INFO - [2026-05-02T17:53:35.993+0000] {dagbag.py:538} INFO - Filling up the DagBag from /opt/airflow/dags/f1_pipeline_dag.py
[2026-05-02T17:53:36.037+0000] {processor.py:840} INFO - DAG(s) 'f1_bigdata_pipeline' retrieved from /opt/airflow/dags/f1_pipeline_dag.py
[2026-05-02T17:53:36.121+0000] {logging_mixin.py:188} INFO - [2026-05-02T17:53:36.121+0000] {dag.py:3036} INFO - Sync 1 DAGs
[2026-05-02T17:53:36.145+0000] {logging_mixin.py:188} INFO - [2026-05-02T17:53:36.145+0000] {dag.py:3823} INFO - Setting next_dagrun for f1_bigdata_pipeline to 2026-04-27 06:00:00+00:00, run_after=2026-05-04 06:00:00+00:00
[2026-05-02T17:53:36.154+0000] {processor.py:183} INFO - Processing /opt/airflow/dags/f1_pipeline_dag.py took 0.175 seconds
[2026-05-02T17:54:06.552+0000] {processor.py:161} INFO - Started process (PID=1685) to work on /opt/airflow/dags/f1_pipeline_dag.py
[2026-05-02T17:54:06.554+0000] {processor.py:830} INFO - Processing file /opt/airflow/dags/f1_pipeline_dag.py for tasks to queue
[2026-05-02T17:54:06.555+0000] {logging_mixin.py:188} INFO - [2026-05-02T17:54:06.554+0000] {dagbag.py:538} INFO - Filling up the DagBag from /opt/airflow/dags/f1_pipeline_dag.py
[2026-05-02T17:54:06.596+0000] {processor.py:840} INFO - DAG(s) 'f1_bigdata_pipeline' retrieved from /opt/airflow/dags/f1_pipeline_dag.py
[2026-05-02T17:54:06.648+0000] {logging_mixin.py:188} INFO - [2026-05-02T17:54:06.648+0000] {dag.py:3036} INFO - Sync 1 DAGs
[2026-05-02T17:54:06.679+0000] {logging_mixin.py:188} INFO - [2026-05-02T17:54:06.679+0000] {dag.py:3823} INFO - Setting next_dagrun for f1_bigdata_pipeline to 2026-04-27 06:00:00+00:00, run_after=2026-05-04 06:00:00+00:00
[2026-05-02T17:54:06.693+0000] {processor.py:183} INFO - Processing /opt/airflow/dags/f1_pipeline_dag.py took 0.144 seconds
[2026-05-02T17:54:37.169+0000] {processor.py:161} INFO - Started process (PID=1690) to work on /opt/airflow/dags/f1_pipeline_dag.py
[2026-05-02T17:54:37.170+0000] {processor.py:830} INFO - Processing file /opt/airflow/dags/f1_pipeline_dag.py for tasks to queue
[2026-05-02T17:54:37.171+0000] {logging_mixin.py:188} INFO - [2026-05-02T17:54:37.170+0000] {dagbag.py:538} INFO - Filling up the DagBag from /opt/airflow/dags/f1_pipeline_dag.py
[2026-05-02T17:54:37.193+0000] {processor.py:840} INFO - DAG(s) 'f1_bigdata_pipeline' retrieved from /opt/airflow/dags/f1_pipeline_dag.py
[2026-05-02T17:54:37.220+0000] {logging_mixin.py:188} INFO - [2026-05-02T17:54:37.220+0000] {dag.py:3036} INFO - Sync 1 DAGs
[2026-05-02T17:54:37.233+0000] {logging_mixin.py:188} INFO - [2026-05-02T17:54:37.233+0000] {dag.py:3823} INFO - Setting next_dagrun for f1_bigdata_pipeline to 2026-04-27 06:00:00+00:00, run_after=2026-05-04 06:00:00+00:00
[2026-05-02T17:54:37.240+0000] {processor.py:183} INFO - Processing /opt/airflow/dags/f1_pipeline_dag.py took 0.077 seconds
[2026-05-02T17:55:07.834+0000] {processor.py:161} INFO - Started process (PID=1695) to work on /opt/airflow/dags/f1_pipeline_dag.py
[2026-05-02T17:55:07.836+0000] {processor.py:830} INFO - Processing file /opt/airflow/dags/f1_pipeline_dag.py for tasks to queue
[2026-05-02T17:55:07.837+0000] {logging_mixin.py:188} INFO - [2026-05-02T17:55:07.837+0000] {dagbag.py:538} INFO - Filling up the DagBag from /opt/airflow/dags/f1_pipeline_dag.py
[2026-05-02T17:55:07.859+0000] {processor.py:840} INFO - DAG(s) 'f1_bigdata_pipeline' retrieved from /opt/airflow/dags/f1_pipeline_dag.py
[2026-05-02T17:55:07.896+0000] {logging_mixin.py:188} INFO - [2026-05-02T17:55:07.895+0000] {dag.py:3036} INFO - Sync 1 DAGs
[2026-05-02T17:55:07.912+0000] {logging_mixin.py:188} INFO - [2026-05-02T17:55:07.912+0000] {dag.py:3823} INFO - Setting next_dagrun for f1_bigdata_pipeline to 2026-04-27 06:00:00+00:00, run_after=2026-05-04 06:00:00+00:00
[2026-05-02T17:55:07.921+0000] {processor.py:183} INFO - Processing /opt/airflow/dags/f1_pipeline_dag.py took 0.102 seconds
[2026-05-02T17:55:38.335+0000] {processor.py:161} INFO - Started process (PID=1700) to work on /opt/airflow/dags/f1_pipeline_dag.py
[2026-05-02T17:55:38.338+0000] {processor.py:830} INFO - Processing file /opt/airflow/dags/f1_pipeline_dag.py for tasks to queue
[2026-05-02T17:55:38.340+0000] {logging_mixin.py:188} INFO - [2026-05-02T17:55:38.339+0000] {dagbag.py:538} INFO - Filling up the DagBag from /opt/airflow/dags/f1_pipeline_dag.py
[2026-05-02T17:55:38.358+0000] {processor.py:840} INFO - DAG(s) 'f1_bigdata_pipeline' retrieved from /opt/airflow/dags/f1_pipeline_dag.py
[2026-05-02T17:55:38.380+0000] {logging_mixin.py:188} INFO - [2026-05-02T17:55:38.380+0000] {dag.py:3036} INFO - Sync 1 DAGs
[2026-05-02T17:55:38.392+0000] {logging_mixin.py:188} INFO - [2026-05-02T17:55:38.392+0000] {dag.py:3823} INFO - Setting next_dagrun for f1_bigdata_pipeline to 2026-04-27 06:00:00+00:00, run_after=2026-05-04 06:00:00+00:00
[2026-05-02T17:55:38.400+0000] {processor.py:183} INFO - Processing /opt/airflow/dags/f1_pipeline_dag.py took 0.088 seconds
[2026-05-02T17:56:08.682+0000] {processor.py:161} INFO - Started process (PID=1705) to work on /opt/airflow/dags/f1_pipeline_dag.py
[2026-05-02T17:56:08.685+0000] {processor.py:830} INFO - Processing file /opt/airflow/dags/f1_pipeline_dag.py for tasks to queue
[2026-05-02T17:56:08.687+0000] {logging_mixin.py:188} INFO - [2026-05-02T17:56:08.686+0000] {dagbag.py:538} INFO - Filling up the DagBag from /opt/airflow/dags/f1_pipeline_dag.py
[2026-05-02T17:56:08.704+0000] {processor.py:840} INFO - DAG(s) 'f1_bigdata_pipeline' retrieved from /opt/airflow/dags/f1_pipeline_dag.py
[2026-05-02T17:56:08.724+0000] {logging_mixin.py:188} INFO - [2026-05-02T17:56:08.724+0000] {dag.py:3036} INFO - Sync 1 DAGs
[2026-05-02T17:56:08.737+0000] {logging_mixin.py:188} INFO - [2026-05-02T17:56:08.737+0000] {dag.py:3823} INFO - Setting next_dagrun for f1_bigdata_pipeline to 2026-04-27 06:00:00+00:00, run_after=2026-05-04 06:00:00+00:00
[2026-05-02T17:56:08.755+0000] {processor.py:183} INFO - Processing /opt/airflow/dags/f1_pipeline_dag.py took 0.080 seconds
[2026-05-02T17:56:39.077+0000] {processor.py:161} INFO - Started process (PID=1710) to work on /opt/airflow/dags/f1_pipeline_dag.py
[2026-05-02T17:56:39.080+0000] {processor.py:830} INFO - Processing file /opt/airflow/dags/f1_pipeline_dag.py for tasks to queue
[2026-05-02T17:56:39.082+0000] {logging_mixin.py:188} INFO - [2026-05-02T17:56:39.081+0000] {dagbag.py:538} INFO - Filling up the DagBag from /opt/airflow/dags/f1_pipeline_dag.py
[2026-05-02T17:56:39.100+0000] {processor.py:840} INFO - DAG(s) 'f1_bigdata_pipeline' retrieved from /opt/airflow/dags/f1_pipeline_dag.py
[2026-05-02T17:56:39.123+0000] {logging_mixin.py:188} INFO - [2026-05-02T17:56:39.123+0000] {dag.py:3036} INFO - Sync 1 DAGs
[2026-05-02T17:56:39.137+0000] {logging_mixin.py:188} INFO - [2026-05-02T17:56:39.137+0000] {dag.py:3823} INFO - Setting next_dagrun for f1_bigdata_pipeline to 2026-04-27 06:00:00+00:00, run_after=2026-05-04 06:00:00+00:00
[2026-05-02T17:56:39.147+0000] {processor.py:183} INFO - Processing /opt/airflow/dags/f1_pipeline_dag.py took 0.079 seconds
[2026-05-02T17:57:09.372+0000] {processor.py:161} INFO - Started process (PID=1715) to work on /opt/airflow/dags/f1_pipeline_dag.py
[2026-05-02T17:57:09.377+0000] {processor.py:830} INFO - Processing file /opt/airflow/dags/f1_pipeline_dag.py for tasks to queue
[2026-05-02T17:57:09.377+0000] {logging_mixin.py:188} INFO - [2026-05-02T17:57:09.377+0000] {dagbag.py:538} INFO - Filling up the DagBag from /opt/airflow/dags/f1_pipeline_dag.py
[2026-05-02T17:57:09.389+0000] {processor.py:840} INFO - DAG(s) 'f1_bigdata_pipeline' retrieved from /opt/airflow/dags/f1_pipeline_dag.py
[2026-05-02T17:57:09.431+0000] {logging_mixin.py:188} INFO - [2026-05-02T17:57:09.431+0000] {dag.py:3036} INFO - Sync 1 DAGs
[2026-05-02T17:57:09.455+0000] {logging_mixin.py:188} INFO - [2026-05-02T17:57:09.455+0000] {dag.py:3823} INFO - Setting next_dagrun for f1_bigdata_pipeline to 2026-04-27 06:00:00+00:00, run_after=2026-05-04 06:00:00+00:00
[2026-05-02T17:57:09.465+0000] {processor.py:183} INFO - Processing /opt/airflow/dags/f1_pipeline_dag.py took 0.096 seconds
[2026-05-02T17:57:39.661+0000] {processor.py:161} INFO - Started process (PID=1720) to work on /opt/airflow/dags/f1_pipeline_dag.py
[2026-05-02T17:57:39.663+0000] {processor.py:830} INFO - Processing file /opt/airflow/dags/f1_pipeline_dag.py for tasks to queue
[2026-05-02T17:57:39.664+0000] {logging_mixin.py:188} INFO - [2026-05-02T17:57:39.664+0000] {dagbag.py:538} INFO - Filling up the DagBag from /opt/airflow/dags/f1_pipeline_dag.py
[2026-05-02T17:57:39.710+0000] {processor.py:840} INFO - DAG(s) 'f1_bigdata_pipeline' retrieved from /opt/airflow/dags/f1_pipeline_dag.py
[2026-05-02T17:57:39.732+0000] {logging_mixin.py:188} INFO - [2026-05-02T17:57:39.732+0000] {dag.py:3036} INFO - Sync 1 DAGs
[2026-05-02T17:57:39.746+0000] {logging_mixin.py:188} INFO - [2026-05-02T17:57:39.745+0000] {dag.py:3823} INFO - Setting next_dagrun for f1_bigdata_pipeline to 2026-04-27 06:00:00+00:00, run_after=2026-05-04 06:00:00+00:00
[2026-05-02T17:57:39.753+0000] {processor.py:183} INFO - Processing /opt/airflow/dags/f1_pipeline_dag.py took 0.098 seconds
[2026-05-02T17:58:10.039+0000] {processor.py:161} INFO - Started process (PID=1725) to work on /opt/airflow/dags/f1_pipeline_dag.py
[2026-05-02T17:58:10.040+0000] {processor.py:830} INFO - Processing file /opt/airflow/dags/f1_pipeline_dag.py for tasks to queue
[2026-05-02T17:58:10.041+0000] {logging_mixin.py:188} INFO - [2026-05-02T17:58:10.041+0000] {dagbag.py:538} INFO - Filling up the DagBag from /opt/airflow/dags/f1_pipeline_dag.py
[2026-05-02T17:58:10.061+0000] {processor.py:840} INFO - DAG(s) 'f1_bigdata_pipeline' retrieved from /opt/airflow/dags/f1_pipeline_dag.py
[2026-05-02T17:58:10.108+0000] {logging_mixin.py:188} INFO - [2026-05-02T17:58:10.107+0000] {dag.py:3036} INFO - Sync 1 DAGs
[2026-05-02T17:58:10.122+0000] {logging_mixin.py:188} INFO - [2026-05-02T17:58:10.122+0000] {dag.py:3823} INFO - Setting next_dagrun for f1_bigdata_pipeline to 2026-04-27 06:00:00+00:00, run_after=2026-05-04 06:00:00+00:00
[2026-05-02T17:58:10.131+0000] {processor.py:183} INFO - Processing /opt/airflow/dags/f1_pipeline_dag.py took 0.098 seconds
[2026-05-02T17:58:40.490+0000] {processor.py:161} INFO - Started process (PID=1730) to work on /opt/airflow/dags/f1_pipeline_dag.py
[2026-05-02T17:58:40.493+0000] {processor.py:830} INFO - Processing file /opt/airflow/dags/f1_pipeline_dag.py for tasks to queue
[2026-05-02T17:58:40.495+0000] {logging_mixin.py:188} INFO - [2026-05-02T17:58:40.494+0000] {dagbag.py:538} INFO - Filling up the DagBag from /opt/airflow/dags/f1_pipeline_dag.py
[2026-05-02T17:58:40.527+0000] {processor.py:840} INFO - DAG(s) 'f1_bigdata_pipeline' retrieved from /opt/airflow/dags/f1_pipeline_dag.py
[2026-05-02T17:58:40.553+0000] {logging_mixin.py:188} INFO - [2026-05-02T17:58:40.553+0000] {dag.py:3036} INFO - Sync 1 DAGs
[2026-05-02T17:58:40.575+0000] {logging_mixin.py:188} INFO - [2026-05-02T17:58:40.575+0000] {dag.py:3823} INFO - Setting next_dagrun for f1_bigdata_pipeline to 2026-04-27 06:00:00+00:00, run_after=2026-05-04 06:00:00+00:00
[2026-05-02T17:58:40.594+0000] {processor.py:183} INFO - Processing /opt/airflow/dags/f1_pipeline_dag.py took 0.114 seconds
[2026-05-02T17:59:10.891+0000] {processor.py:161} INFO - Started process (PID=1735) to work on /opt/airflow/dags/f1_pipeline_dag.py
[2026-05-02T17:59:10.892+0000] {processor.py:830} INFO - Processing file /opt/airflow/dags/f1_pipeline_dag.py for tasks to queue
[2026-05-02T17:59:10.893+0000] {logging_mixin.py:188} INFO - [2026-05-02T17:59:10.892+0000] {dagbag.py:538} INFO - Filling up the DagBag from /opt/airflow/dags/f1_pipeline_dag.py
[2026-05-02T17:59:10.938+0000] {processor.py:840} INFO - DAG(s) 'f1_bigdata_pipeline' retrieved from /opt/airflow/dags/f1_pipeline_dag.py
[2026-05-02T17:59:10.967+0000] {logging_mixin.py:188} INFO - [2026-05-02T17:59:10.966+0000] {dag.py:3036} INFO - Sync 1 DAGs
[2026-05-02T17:59:10.981+0000] {logging_mixin.py:188} INFO - [2026-05-02T17:59:10.981+0000] {dag.py:3823} INFO - Setting next_dagrun for f1_bigdata_pipeline to 2026-04-27 06:00:00+00:00, run_after=2026-05-04 06:00:00+00:00
[2026-05-02T17:59:10.990+0000] {processor.py:183} INFO - Processing /opt/airflow/dags/f1_pipeline_dag.py took 0.104 seconds
[2026-05-02T17:59:41.344+0000] {processor.py:161} INFO - Started process (PID=1740) to work on /opt/airflow/dags/f1_pipeline_dag.py
[2026-05-02T17:59:41.346+0000] {processor.py:830} INFO - Processing file /opt/airflow/dags/f1_pipeline_dag.py for tasks to queue
[2026-05-02T17:59:41.347+0000] {logging_mixin.py:188} INFO - [2026-05-02T17:59:41.346+0000] {dagbag.py:538} INFO - Filling up the DagBag from /opt/airflow/dags/f1_pipeline_dag.py
[2026-05-02T17:59:41.381+0000] {processor.py:840} INFO - DAG(s) 'f1_bigdata_pipeline' retrieved from /opt/airflow/dags/f1_pipeline_dag.py
[2026-05-02T17:59:41.407+0000] {logging_mixin.py:188} INFO - [2026-05-02T17:59:41.407+0000] {dag.py:3036} INFO - Sync 1 DAGs
[2026-05-02T17:59:41.420+0000] {logging_mixin.py:188} INFO - [2026-05-02T17:59:41.420+0000] {dag.py:3823} INFO - Setting next_dagrun for f1_bigdata_pipeline to 2026-04-27 06:00:00+00:00, run_after=2026-05-04 06:00:00+00:00
[2026-05-02T17:59:41.431+0000] {processor.py:183} INFO - Processing /opt/airflow/dags/f1_pipeline_dag.py took 0.094 seconds
[2026-05-02T18:00:11.744+0000] {processor.py:161} INFO - Started process (PID=1745) to work on /opt/airflow/dags/f1_pipeline_dag.py
[2026-05-02T18:00:11.746+0000] {processor.py:830} INFO - Processing file /opt/airflow/dags/f1_pipeline_dag.py for tasks to queue
[2026-05-02T18:00:11.747+0000] {logging_mixin.py:188} INFO - [2026-05-02T18:00:11.746+0000] {dagbag.py:538} INFO - Filling up the DagBag from /opt/airflow/dags/f1_pipeline_dag.py
[2026-05-02T18:00:11.764+0000] {processor.py:840} INFO - DAG(s) 'f1_bigdata_pipeline' retrieved from /opt/airflow/dags/f1_pipeline_dag.py
[2026-05-02T18:00:11.789+0000] {logging_mixin.py:188} INFO - [2026-05-02T18:00:11.789+0000] {dag.py:3036} INFO - Sync 1 DAGs
[2026-05-02T18:00:11.815+0000] {logging_mixin.py:188} INFO - [2026-05-02T18:00:11.815+0000] {dag.py:3823} INFO - Setting next_dagrun for f1_bigdata_pipeline to 2026-04-27 06:00:00+00:00, run_after=2026-05-04 06:00:00+00:00
[2026-05-02T18:00:11.827+0000] {processor.py:183} INFO - Processing /opt/airflow/dags/f1_pipeline_dag.py took 0.091 seconds
[2026-05-02T18:00:42.272+0000] {processor.py:161} INFO - Started process (PID=1750) to work on /opt/airflow/dags/f1_pipeline_dag.py
[2026-05-02T18:00:42.277+0000] {processor.py:830} INFO - Processing file /opt/airflow/dags/f1_pipeline_dag.py for tasks to queue
[2026-05-02T18:00:42.285+0000] {logging_mixin.py:188} INFO - [2026-05-02T18:00:42.279+0000] {dagbag.py:538} INFO - Filling up the DagBag from /opt/airflow/dags/f1_pipeline_dag.py
[2026-05-02T18:00:42.391+0000] {processor.py:840} INFO - DAG(s) 'f1_bigdata_pipeline' retrieved from /opt/airflow/dags/f1_pipeline_dag.py
[2026-05-02T18:00:42.452+0000] {logging_mixin.py:188} INFO - [2026-05-02T18:00:42.452+0000] {dag.py:3036} INFO - Sync 1 DAGs
[2026-05-02T18:00:42.480+0000] {logging_mixin.py:188} INFO - [2026-05-02T18:00:42.480+0000] {dag.py:3823} INFO - Setting next_dagrun for f1_bigdata_pipeline to 2026-04-27 06:00:00+00:00, run_after=2026-05-04 06:00:00+00:00
[2026-05-02T18:00:42.492+0000] {processor.py:183} INFO - Processing /opt/airflow/dags/f1_pipeline_dag.py took 0.228 seconds
[2026-05-02T18:01:12.715+0000] {processor.py:161} INFO - Started process (PID=1755) to work on /opt/airflow/dags/f1_pipeline_dag.py
[2026-05-02T18:01:12.719+0000] {processor.py:830} INFO - Processing file /opt/airflow/dags/f1_pipeline_dag.py for tasks to queue
[2026-05-02T18:01:12.723+0000] {logging_mixin.py:188} INFO - [2026-05-02T18:01:12.722+0000] {dagbag.py:538} INFO - Filling up the DagBag from /opt/airflow/dags/f1_pipeline_dag.py
[2026-05-02T18:01:12.738+0000] {processor.py:840} INFO - DAG(s) 'f1_bigdata_pipeline' retrieved from /opt/airflow/dags/f1_pipeline_dag.py
[2026-05-02T18:01:12.763+0000] {logging_mixin.py:188} INFO - [2026-05-02T18:01:12.763+0000] {dag.py:3036} INFO - Sync 1 DAGs
[2026-05-02T18:01:12.776+0000] {logging_mixin.py:188} INFO - [2026-05-02T18:01:12.776+0000] {dag.py:3823} INFO - Setting next_dagrun for f1_bigdata_pipeline to 2026-04-27 06:00:00+00:00, run_after=2026-05-04 06:00:00+00:00
[2026-05-02T18:01:12.784+0000] {processor.py:183} INFO - Processing /opt/airflow/dags/f1_pipeline_dag.py took 0.085 seconds
[2026-05-02T18:01:43.172+0000] {processor.py:161} INFO - Started process (PID=1760) to work on /opt/airflow/dags/f1_pipeline_dag.py
[2026-05-02T18:01:43.173+0000] {processor.py:830} INFO - Processing file /opt/airflow/dags/f1_pipeline_dag.py for tasks to queue
[2026-05-02T18:01:43.174+0000] {logging_mixin.py:188} INFO - [2026-05-02T18:01:43.174+0000] {dagbag.py:538} INFO - Filling up the DagBag from /opt/airflow/dags/f1_pipeline_dag.py
[2026-05-02T18:01:43.189+0000] {processor.py:840} INFO - DAG(s) 'f1_bigdata_pipeline' retrieved from /opt/airflow/dags/f1_pipeline_dag.py
[2026-05-02T18:01:43.221+0000] {logging_mixin.py:188} INFO - [2026-05-02T18:01:43.221+0000] {dag.py:3036} INFO - Sync 1 DAGs
[2026-05-02T18:01:43.241+0000] {logging_mixin.py:188} INFO - [2026-05-02T18:01:43.240+0000] {dag.py:3823} INFO - Setting next_dagrun for f1_bigdata_pipeline to 2026-04-27 06:00:00+00:00, run_after=2026-05-04 06:00:00+00:00
[2026-05-02T18:01:43.250+0000] {processor.py:183} INFO - Processing /opt/airflow/dags/f1_pipeline_dag.py took 0.083 seconds
[2026-05-02T18:02:13.593+0000] {processor.py:161} INFO - Started process (PID=1765) to work on /opt/airflow/dags/f1_pipeline_dag.py
[2026-05-02T18:02:13.595+0000] {processor.py:830} INFO - Processing file /opt/airflow/dags/f1_pipeline_dag.py for tasks to queue
[2026-05-02T18:02:13.598+0000] {logging_mixin.py:188} INFO - [2026-05-02T18:02:13.596+0000] {dagbag.py:538} INFO - Filling up the DagBag from /opt/airflow/dags/f1_pipeline_dag.py
[2026-05-02T18:02:13.615+0000] {processor.py:840} INFO - DAG(s) 'f1_bigdata_pipeline' retrieved from /opt/airflow/dags/f1_pipeline_dag.py
[2026-05-02T18:02:13.643+0000] {logging_mixin.py:188} INFO - [2026-05-02T18:02:13.642+0000] {dag.py:3036} INFO - Sync 1 DAGs
[2026-05-02T18:02:13.698+0000] {logging_mixin.py:188} INFO - [2026-05-02T18:02:13.697+0000] {dag.py:3823} INFO - Setting next_dagrun for f1_bigdata_pipeline to 2026-04-27 06:00:00+00:00, run_after=2026-05-04 06:00:00+00:00
[2026-05-02T18:02:13.715+0000] {processor.py:183} INFO - Processing /opt/airflow/dags/f1_pipeline_dag.py took 0.135 seconds
[2026-05-02T18:02:44.117+0000] {processor.py:161} INFO - Started process (PID=1770) to work on /opt/airflow/dags/f1_pipeline_dag.py
[2026-05-02T18:02:44.120+0000] {processor.py:830} INFO - Processing file /opt/airflow/dags/f1_pipeline_dag.py for tasks to queue
[2026-05-02T18:02:44.121+0000] {logging_mixin.py:188} INFO - [2026-05-02T18:02:44.120+0000] {dagbag.py:538} INFO - Filling up the DagBag from /opt/airflow/dags/f1_pipeline_dag.py
[2026-05-02T18:02:44.156+0000] {processor.py:840} INFO - DAG(s) 'f1_bigdata_pipeline' retrieved from /opt/airflow/dags/f1_pipeline_dag.py
[2026-05-02T18:02:44.186+0000] {logging_mixin.py:188} INFO - [2026-05-02T18:02:44.185+0000] {dag.py:3036} INFO - Sync 1 DAGs
[2026-05-02T18:02:44.202+0000] {logging_mixin.py:188} INFO - [2026-05-02T18:02:44.202+0000] {dag.py:3823} INFO - Setting next_dagrun for f1_bigdata_pipeline to 2026-04-27 06:00:00+00:00, run_after=2026-05-04 06:00:00+00:00
[2026-05-02T18:02:44.212+0000] {processor.py:183} INFO - Processing /opt/airflow/dags/f1_pipeline_dag.py took 0.100 seconds
[2026-05-02T18:03:15.302+0000] {processor.py:161} INFO - Started process (PID=1775) to work on /opt/airflow/dags/f1_pipeline_dag.py
[2026-05-02T18:03:15.305+0000] {processor.py:830} INFO - Processing file /opt/airflow/dags/f1_pipeline_dag.py for tasks to queue
[2026-05-02T18:03:15.314+0000] {logging_mixin.py:188} INFO - [2026-05-02T18:03:15.308+0000] {dagbag.py:538} INFO - Filling up the DagBag from /opt/airflow/dags/f1_pipeline_dag.py
[2026-05-02T18:03:15.596+0000] {processor.py:840} INFO - DAG(s) 'f1_bigdata_pipeline' retrieved from /opt/airflow/dags/f1_pipeline_dag.py
[2026-05-02T18:03:16.167+0000] {logging_mixin.py:188} INFO - [2026-05-02T18:03:16.166+0000] {dag.py:3036} INFO - Sync 1 DAGs
[2026-05-02T18:03:16.211+0000] {logging_mixin.py:188} INFO - [2026-05-02T18:03:16.211+0000] {dag.py:3823} INFO - Setting next_dagrun for f1_bigdata_pipeline to 2026-04-27 06:00:00+00:00, run_after=2026-05-04 06:00:00+00:00
[2026-05-02T18:03:16.279+0000] {processor.py:183} INFO - Processing /opt/airflow/dags/f1_pipeline_dag.py took 0.995 seconds
[2026-05-02T18:03:46.730+0000] {processor.py:161} INFO - Started process (PID=1780) to work on /opt/airflow/dags/f1_pipeline_dag.py
[2026-05-02T18:03:46.731+0000] {processor.py:830} INFO - Processing file /opt/airflow/dags/f1_pipeline_dag.py for tasks to queue
[2026-05-02T18:03:46.732+0000] {logging_mixin.py:188} INFO - [2026-05-02T18:03:46.732+0000] {dagbag.py:538} INFO - Filling up the DagBag from /opt/airflow/dags/f1_pipeline_dag.py
[2026-05-02T18:03:46.750+0000] {processor.py:840} INFO - DAG(s) 'f1_bigdata_pipeline' retrieved from /opt/airflow/dags/f1_pipeline_dag.py
[2026-05-02T18:03:46.774+0000] {logging_mixin.py:188} INFO - [2026-05-02T18:03:46.774+0000] {dag.py:3036} INFO - Sync 1 DAGs
[2026-05-02T18:03:46.791+0000] {logging_mixin.py:188} INFO - [2026-05-02T18:03:46.791+0000] {dag.py:3823} INFO - Setting next_dagrun for f1_bigdata_pipeline to 2026-04-27 06:00:00+00:00, run_after=2026-05-04 06:00:00+00:00
[2026-05-02T18:03:46.801+0000] {processor.py:183} INFO - Processing /opt/airflow/dags/f1_pipeline_dag.py took 0.077 seconds
[2026-05-02T18:04:17.097+0000] {processor.py:161} INFO - Started process (PID=1785) to work on /opt/airflow/dags/f1_pipeline_dag.py
[2026-05-02T18:04:17.098+0000] {processor.py:830} INFO - Processing file /opt/airflow/dags/f1_pipeline_dag.py for tasks to queue
[2026-05-02T18:04:17.099+0000] {logging_mixin.py:188} INFO - [2026-05-02T18:04:17.099+0000] {dagbag.py:538} INFO - Filling up the DagBag from /opt/airflow/dags/f1_pipeline_dag.py
[2026-05-02T18:04:17.132+0000] {processor.py:840} INFO - DAG(s) 'f1_bigdata_pipeline' retrieved from /opt/airflow/dags/f1_pipeline_dag.py
[2026-05-02T18:04:17.171+0000] {logging_mixin.py:188} INFO - [2026-05-02T18:04:17.171+0000] {dag.py:3036} INFO - Sync 1 DAGs
[2026-05-02T18:04:17.187+0000] {logging_mixin.py:188} INFO - [2026-05-02T18:04:17.187+0000] {dag.py:3823} INFO - Setting next_dagrun for f1_bigdata_pipeline to 2026-04-27 06:00:00+00:00, run_after=2026-05-04 06:00:00+00:00
[2026-05-02T18:04:17.197+0000] {processor.py:183} INFO - Processing /opt/airflow/dags/f1_pipeline_dag.py took 0.104 seconds
[2026-05-02T18:04:47.749+0000] {processor.py:161} INFO - Started process (PID=1790) to work on /opt/airflow/dags/f1_pipeline_dag.py
[2026-05-02T18:04:47.753+0000] {processor.py:830} INFO - Processing file /opt/airflow/dags/f1_pipeline_dag.py for tasks to queue
[2026-05-02T18:04:47.757+0000] {logging_mixin.py:188} INFO - [2026-05-02T18:04:47.755+0000] {dagbag.py:538} INFO - Filling up the DagBag from /opt/airflow/dags/f1_pipeline_dag.py
[2026-05-02T18:04:47.782+0000] {processor.py:840} INFO - DAG(s) 'f1_bigdata_pipeline' retrieved from /opt/airflow/dags/f1_pipeline_dag.py
[2026-05-02T18:04:47.808+0000] {logging_mixin.py:188} INFO - [2026-05-02T18:04:47.808+0000] {dag.py:3036} INFO - Sync 1 DAGs
[2026-05-02T18:04:47.832+0000] {logging_mixin.py:188} INFO - [2026-05-02T18:04:47.832+0000] {dag.py:3823} INFO - Setting next_dagrun for f1_bigdata_pipeline to 2026-04-27 06:00:00+00:00, run_after=2026-05-04 06:00:00+00:00
[2026-05-02T18:04:47.858+0000] {processor.py:183} INFO - Processing /opt/airflow/dags/f1_pipeline_dag.py took 0.119 seconds
[2026-05-02T18:05:18.142+0000] {processor.py:161} INFO - Started process (PID=1795) to work on /opt/airflow/dags/f1_pipeline_dag.py
[2026-05-02T18:05:18.143+0000] {processor.py:830} INFO - Processing file /opt/airflow/dags/f1_pipeline_dag.py for tasks to queue
[2026-05-02T18:05:18.144+0000] {logging_mixin.py:188} INFO - [2026-05-02T18:05:18.144+0000] {dagbag.py:538} INFO - Filling up the DagBag from /opt/airflow/dags/f1_pipeline_dag.py
[2026-05-02T18:05:18.157+0000] {processor.py:840} INFO - DAG(s) 'f1_bigdata_pipeline' retrieved from /opt/airflow/dags/f1_pipeline_dag.py
[2026-05-02T18:05:18.181+0000] {logging_mixin.py:188} INFO - [2026-05-02T18:05:18.181+0000] {dag.py:3036} INFO - Sync 1 DAGs
[2026-05-02T18:05:18.195+0000] {logging_mixin.py:188} INFO - [2026-05-02T18:05:18.195+0000] {dag.py:3823} INFO - Setting next_dagrun for f1_bigdata_pipeline to 2026-04-27 06:00:00+00:00, run_after=2026-05-04 06:00:00+00:00
[2026-05-02T18:05:18.203+0000] {processor.py:183} INFO - Processing /opt/airflow/dags/f1_pipeline_dag.py took 0.064 seconds
[2026-05-02T18:05:48.582+0000] {processor.py:161} INFO - Started process (PID=1800) to work on /opt/airflow/dags/f1_pipeline_dag.py
[2026-05-02T18:05:48.583+0000] {processor.py:830} INFO - Processing file /opt/airflow/dags/f1_pipeline_dag.py for tasks to queue
[2026-05-02T18:05:48.583+0000] {logging_mixin.py:188} INFO - [2026-05-02T18:05:48.583+0000] {dagbag.py:538} INFO - Filling up the DagBag from /opt/airflow/dags/f1_pipeline_dag.py
[2026-05-02T18:05:48.596+0000] {processor.py:840} INFO - DAG(s) 'f1_bigdata_pipeline' retrieved from /opt/airflow/dags/f1_pipeline_dag.py
[2026-05-02T18:05:48.628+0000] {logging_mixin.py:188} INFO - [2026-05-02T18:05:48.628+0000] {dag.py:3036} INFO - Sync 1 DAGs
[2026-05-02T18:05:48.650+0000] {logging_mixin.py:188} INFO - [2026-05-02T18:05:48.650+0000] {dag.py:3823} INFO - Setting next_dagrun for f1_bigdata_pipeline to 2026-04-27 06:00:00+00:00, run_after=2026-05-04 06:00:00+00:00
[2026-05-02T18:05:48.658+0000] {processor.py:183} INFO - Processing /opt/airflow/dags/f1_pipeline_dag.py took 0.079 seconds
[2026-05-02T18:06:18.943+0000] {processor.py:161} INFO - Started process (PID=1805) to work on /opt/airflow/dags/f1_pipeline_dag.py
[2026-05-02T18:06:18.945+0000] {processor.py:830} INFO - Processing file /opt/airflow/dags/f1_pipeline_dag.py for tasks to queue
[2026-05-02T18:06:18.946+0000] {logging_mixin.py:188} INFO - [2026-05-02T18:06:18.945+0000] {dagbag.py:538} INFO - Filling up the DagBag from /opt/airflow/dags/f1_pipeline_dag.py
[2026-05-02T18:06:18.965+0000] {processor.py:840} INFO - DAG(s) 'f1_bigdata_pipeline' retrieved from /opt/airflow/dags/f1_pipeline_dag.py
[2026-05-02T18:06:19.005+0000] {logging_mixin.py:188} INFO - [2026-05-02T18:06:19.005+0000] {dag.py:3036} INFO - Sync 1 DAGs
[2026-05-02T18:06:19.020+0000] {logging_mixin.py:188} INFO - [2026-05-02T18:06:19.020+0000] {dag.py:3823} INFO - Setting next_dagrun for f1_bigdata_pipeline to 2026-04-27 06:00:00+00:00, run_after=2026-05-04 06:00:00+00:00
[2026-05-02T18:06:19.028+0000] {processor.py:183} INFO - Processing /opt/airflow/dags/f1_pipeline_dag.py took 0.090 seconds
[2026-05-02T18:06:49.260+0000] {processor.py:161} INFO - Started process (PID=1810) to work on /opt/airflow/dags/f1_pipeline_dag.py
[2026-05-02T18:06:49.262+0000] {processor.py:830} INFO - Processing file /opt/airflow/dags/f1_pipeline_dag.py for tasks to queue
[2026-05-02T18:06:49.264+0000] {logging_mixin.py:188} INFO - [2026-05-02T18:06:49.263+0000] {dagbag.py:538} INFO - Filling up the DagBag from /opt/airflow/dags/f1_pipeline_dag.py
[2026-05-02T18:06:49.285+0000] {processor.py:840} INFO - DAG(s) 'f1_bigdata_pipeline' retrieved from /opt/airflow/dags/f1_pipeline_dag.py
[2026-05-02T18:06:49.309+0000] {logging_mixin.py:188} INFO - [2026-05-02T18:06:49.309+0000] {dag.py:3036} INFO - Sync 1 DAGs
[2026-05-02T18:06:49.339+0000] {logging_mixin.py:188} INFO - [2026-05-02T18:06:49.339+0000] {dag.py:3823} INFO - Setting next_dagrun for f1_bigdata_pipeline to 2026-04-27 06:00:00+00:00, run_after=2026-05-04 06:00:00+00:00
[2026-05-02T18:06:49.355+0000] {processor.py:183} INFO - Processing /opt/airflow/dags/f1_pipeline_dag.py took 0.106 seconds
[2026-05-02T18:07:19.653+0000] {processor.py:161} INFO - Started process (PID=1815) to work on /opt/airflow/dags/f1_pipeline_dag.py
[2026-05-02T18:07:19.656+0000] {processor.py:830} INFO - Processing file /opt/airflow/dags/f1_pipeline_dag.py for tasks to queue
[2026-05-02T18:07:19.657+0000] {logging_mixin.py:188} INFO - [2026-05-02T18:07:19.656+0000] {dagbag.py:538} INFO - Filling up the DagBag from /opt/airflow/dags/f1_pipeline_dag.py
[2026-05-02T18:07:19.675+0000] {processor.py:840} INFO - DAG(s) 'f1_bigdata_pipeline' retrieved from /opt/airflow/dags/f1_pipeline_dag.py
[2026-05-02T18:07:19.708+0000] {logging_mixin.py:188} INFO - [2026-05-02T18:07:19.708+0000] {dag.py:3036} INFO - Sync 1 DAGs
[2026-05-02T18:07:19.723+0000] {logging_mixin.py:188} INFO - [2026-05-02T18:07:19.723+0000] {dag.py:3823} INFO - Setting next_dagrun for f1_bigdata_pipeline to 2026-04-27 06:00:00+00:00, run_after=2026-05-04 06:00:00+00:00
[2026-05-02T18:07:19.731+0000] {processor.py:183} INFO - Processing /opt/airflow/dags/f1_pipeline_dag.py took 0.095 seconds
[2026-05-02T18:07:50.166+0000] {processor.py:161} INFO - Started process (PID=1820) to work on /opt/airflow/dags/f1_pipeline_dag.py
[2026-05-02T18:07:50.167+0000] {processor.py:830} INFO - Processing file /opt/airflow/dags/f1_pipeline_dag.py for tasks to queue
[2026-05-02T18:07:50.168+0000] {logging_mixin.py:188} INFO - [2026-05-02T18:07:50.167+0000] {dagbag.py:538} INFO - Filling up the DagBag from /opt/airflow/dags/f1_pipeline_dag.py
[2026-05-02T18:07:50.182+0000] {processor.py:840} INFO - DAG(s) 'f1_bigdata_pipeline' retrieved from /opt/airflow/dags/f1_pipeline_dag.py
[2026-05-02T18:07:50.219+0000] {logging_mixin.py:188} INFO - [2026-05-02T18:07:50.218+0000] {dag.py:3036} INFO - Sync 1 DAGs
[2026-05-02T18:07:50.237+0000] {logging_mixin.py:188} INFO - [2026-05-02T18:07:50.236+0000] {dag.py:3823} INFO - Setting next_dagrun for f1_bigdata_pipeline to 2026-04-27 06:00:00+00:00, run_after=2026-05-04 06:00:00+00:00
[2026-05-02T18:07:50.245+0000] {processor.py:183} INFO - Processing /opt/airflow/dags/f1_pipeline_dag.py took 0.082 seconds
[2026-05-02T18:08:20.583+0000] {processor.py:161} INFO - Started process (PID=1825) to work on /opt/airflow/dags/f1_pipeline_dag.py
[2026-05-02T18:08:20.585+0000] {processor.py:830} INFO - Processing file /opt/airflow/dags/f1_pipeline_dag.py for tasks to queue
[2026-05-02T18:08:20.586+0000] {logging_mixin.py:188} INFO - [2026-05-02T18:08:20.585+0000] {dagbag.py:538} INFO - Filling up the DagBag from /opt/airflow/dags/f1_pipeline_dag.py
[2026-05-02T18:08:20.604+0000] {processor.py:840} INFO - DAG(s) 'f1_bigdata_pipeline' retrieved from /opt/airflow/dags/f1_pipeline_dag.py
[2026-05-02T18:08:20.627+0000] {logging_mixin.py:188} INFO - [2026-05-02T18:08:20.627+0000] {dag.py:3036} INFO - Sync 1 DAGs
[2026-05-02T18:08:20.641+0000] {logging_mixin.py:188} INFO - [2026-05-02T18:08:20.641+0000] {dag.py:3823} INFO - Setting next_dagrun for f1_bigdata_pipeline to 2026-04-27 06:00:00+00:00, run_after=2026-05-04 06:00:00+00:00
[2026-05-02T18:08:20.649+0000] {processor.py:183} INFO - Processing /opt/airflow/dags/f1_pipeline_dag.py took 0.071 seconds
[2026-05-02T18:08:50.987+0000] {processor.py:161} INFO - Started process (PID=1830) to work on /opt/airflow/dags/f1_pipeline_dag.py
[2026-05-02T18:08:50.990+0000] {processor.py:830} INFO - Processing file /opt/airflow/dags/f1_pipeline_dag.py for tasks to queue
[2026-05-02T18:08:50.991+0000] {logging_mixin.py:188} INFO - [2026-05-02T18:08:50.990+0000] {dagbag.py:538} INFO - Filling up the DagBag from /opt/airflow/dags/f1_pipeline_dag.py
[2026-05-02T18:08:51.008+0000] {processor.py:840} INFO - DAG(s) 'f1_bigdata_pipeline' retrieved from /opt/airflow/dags/f1_pipeline_dag.py
[2026-05-02T18:08:51.035+0000] {logging_mixin.py:188} INFO - [2026-05-02T18:08:51.035+0000] {dag.py:3036} INFO - Sync 1 DAGs
[2026-05-02T18:08:51.049+0000] {logging_mixin.py:188} INFO - [2026-05-02T18:08:51.049+0000] {dag.py:3823} INFO - Setting next_dagrun for f1_bigdata_pipeline to 2026-04-27 06:00:00+00:00, run_after=2026-05-04 06:00:00+00:00
[2026-05-02T18:08:51.061+0000] {processor.py:183} INFO - Processing /opt/airflow/dags/f1_pipeline_dag.py took 0.081 seconds
[2026-05-02T18:09:21.328+0000] {processor.py:161} INFO - Started process (PID=1835) to work on /opt/airflow/dags/f1_pipeline_dag.py
[2026-05-02T18:09:21.329+0000] {processor.py:830} INFO - Processing file /opt/airflow/dags/f1_pipeline_dag.py for tasks to queue
[2026-05-02T18:09:21.330+0000] {logging_mixin.py:188} INFO - [2026-05-02T18:09:21.330+0000] {dagbag.py:538} INFO - Filling up the DagBag from /opt/airflow/dags/f1_pipeline_dag.py
[2026-05-02T18:09:21.348+0000] {processor.py:840} INFO - DAG(s) 'f1_bigdata_pipeline' retrieved from /opt/airflow/dags/f1_pipeline_dag.py
[2026-05-02T18:09:21.390+0000] {logging_mixin.py:188} INFO - [2026-05-02T18:09:21.390+0000] {dag.py:3036} INFO - Sync 1 DAGs
[2026-05-02T18:09:21.404+0000] {logging_mixin.py:188} INFO - [2026-05-02T18:09:21.403+0000] {dag.py:3823} INFO - Setting next_dagrun for f1_bigdata_pipeline to 2026-04-27 06:00:00+00:00, run_after=2026-05-04 06:00:00+00:00
[2026-05-02T18:09:21.412+0000] {processor.py:183} INFO - Processing /opt/airflow/dags/f1_pipeline_dag.py took 0.089 seconds
[2026-05-02T18:09:51.739+0000] {processor.py:161} INFO - Started process (PID=1840) to work on /opt/airflow/dags/f1_pipeline_dag.py
[2026-05-02T18:09:51.740+0000] {processor.py:830} INFO - Processing file /opt/airflow/dags/f1_pipeline_dag.py for tasks to queue
[2026-05-02T18:09:51.741+0000] {logging_mixin.py:188} INFO - [2026-05-02T18:09:51.740+0000] {dagbag.py:538} INFO - Filling up the DagBag from /opt/airflow/dags/f1_pipeline_dag.py
[2026-05-02T18:09:51.759+0000] {processor.py:840} INFO - DAG(s) 'f1_bigdata_pipeline' retrieved from /opt/airflow/dags/f1_pipeline_dag.py
[2026-05-02T18:09:51.795+0000] {logging_mixin.py:188} INFO - [2026-05-02T18:09:51.795+0000] {dag.py:3036} INFO - Sync 1 DAGs
[2026-05-02T18:09:51.809+0000] {logging_mixin.py:188} INFO - [2026-05-02T18:09:51.809+0000] {dag.py:3823} INFO - Setting next_dagrun for f1_bigdata_pipeline to 2026-04-27 06:00:00+00:00, run_after=2026-05-04 06:00:00+00:00
[2026-05-02T18:09:51.817+0000] {processor.py:183} INFO - Processing /opt/airflow/dags/f1_pipeline_dag.py took 0.084 seconds
[2026-05-02T18:10:22.140+0000] {processor.py:161} INFO - Started process (PID=1845) to work on /opt/airflow/dags/f1_pipeline_dag.py
[2026-05-02T18:10:22.142+0000] {processor.py:830} INFO - Processing file /opt/airflow/dags/f1_pipeline_dag.py for tasks to queue
[2026-05-02T18:10:22.143+0000] {logging_mixin.py:188} INFO - [2026-05-02T18:10:22.142+0000] {dagbag.py:538} INFO - Filling up the DagBag from /opt/airflow/dags/f1_pipeline_dag.py
[2026-05-02T18:10:22.158+0000] {processor.py:840} INFO - DAG(s) 'f1_bigdata_pipeline' retrieved from /opt/airflow/dags/f1_pipeline_dag.py
[2026-05-02T18:10:22.206+0000] {logging_mixin.py:188} INFO - [2026-05-02T18:10:22.206+0000] {dag.py:3036} INFO - Sync 1 DAGs
[2026-05-02T18:10:22.222+0000] {logging_mixin.py:188} INFO - [2026-05-02T18:10:22.222+0000] {dag.py:3823} INFO - Setting next_dagrun for f1_bigdata_pipeline to 2026-04-27 06:00:00+00:00, run_after=2026-05-04 06:00:00+00:00
[2026-05-02T18:10:22.232+0000] {processor.py:183} INFO - Processing /opt/airflow/dags/f1_pipeline_dag.py took 0.099 seconds
[2026-05-02T18:10:52.508+0000] {processor.py:161} INFO - Started process (PID=1850) to work on /opt/airflow/dags/f1_pipeline_dag.py
[2026-05-02T18:10:52.510+0000] {processor.py:830} INFO - Processing file /opt/airflow/dags/f1_pipeline_dag.py for tasks to queue
[2026-05-02T18:10:52.511+0000] {logging_mixin.py:188} INFO - [2026-05-02T18:10:52.511+0000] {dagbag.py:538} INFO - Filling up the DagBag from /opt/airflow/dags/f1_pipeline_dag.py
[2026-05-02T18:10:52.529+0000] {processor.py:840} INFO - DAG(s) 'f1_bigdata_pipeline' retrieved from /opt/airflow/dags/f1_pipeline_dag.py
[2026-05-02T18:10:52.550+0000] {logging_mixin.py:188} INFO - [2026-05-02T18:10:52.550+0000] {dag.py:3036} INFO - Sync 1 DAGs
[2026-05-02T18:10:52.563+0000] {logging_mixin.py:188} INFO - [2026-05-02T18:10:52.563+0000] {dag.py:3823} INFO - Setting next_dagrun for f1_bigdata_pipeline to 2026-04-27 06:00:00+00:00, run_after=2026-05-04 06:00:00+00:00
[2026-05-02T18:10:52.571+0000] {processor.py:183} INFO - Processing /opt/airflow/dags/f1_pipeline_dag.py took 0.070 seconds
[2026-05-02T18:11:22.931+0000] {processor.py:161} INFO - Started process (PID=1855) to work on /opt/airflow/dags/f1_pipeline_dag.py
[2026-05-02T18:11:22.933+0000] {processor.py:830} INFO - Processing file /opt/airflow/dags/f1_pipeline_dag.py for tasks to queue
[2026-05-02T18:11:22.934+0000] {logging_mixin.py:188} INFO - [2026-05-02T18:11:22.934+0000] {dagbag.py:538} INFO - Filling up the DagBag from /opt/airflow/dags/f1_pipeline_dag.py
[2026-05-02T18:11:22.954+0000] {processor.py:840} INFO - DAG(s) 'f1_bigdata_pipeline' retrieved from /opt/airflow/dags/f1_pipeline_dag.py
[2026-05-02T18:11:22.998+0000] {logging_mixin.py:188} INFO - [2026-05-02T18:11:22.998+0000] {dag.py:3036} INFO - Sync 1 DAGs
[2026-05-02T18:11:23.023+0000] {logging_mixin.py:188} INFO - [2026-05-02T18:11:23.023+0000] {dag.py:3823} INFO - Setting next_dagrun for f1_bigdata_pipeline to 2026-04-27 06:00:00+00:00, run_after=2026-05-04 06:00:00+00:00
[2026-05-02T18:11:23.032+0000] {processor.py:183} INFO - Processing /opt/airflow/dags/f1_pipeline_dag.py took 0.120 seconds
[2026-05-02T18:11:54.628+0000] {processor.py:161} INFO - Started process (PID=1860) to work on /opt/airflow/dags/f1_pipeline_dag.py
[2026-05-02T18:11:54.652+0000] {processor.py:830} INFO - Processing file /opt/airflow/dags/f1_pipeline_dag.py for tasks to queue
[2026-05-02T18:11:54.676+0000] {logging_mixin.py:188} INFO - [2026-05-02T18:11:54.663+0000] {dagbag.py:538} INFO - Filling up the DagBag from /opt/airflow/dags/f1_pipeline_dag.py
[2026-05-02T18:11:54.977+0000] {processor.py:840} INFO - DAG(s) 'f1_bigdata_pipeline' retrieved from /opt/airflow/dags/f1_pipeline_dag.py
[2026-05-02T18:11:55.343+0000] {logging_mixin.py:188} INFO - [2026-05-02T18:11:55.343+0000] {dag.py:3036} INFO - Sync 1 DAGs
[2026-05-02T18:11:55.469+0000] {logging_mixin.py:188} INFO - [2026-05-02T18:11:55.469+0000] {dag.py:3823} INFO - Setting next_dagrun for f1_bigdata_pipeline to 2026-04-27 06:00:00+00:00, run_after=2026-05-04 06:00:00+00:00
[2026-05-02T18:11:55.521+0000] {processor.py:183} INFO - Processing /opt/airflow/dags/f1_pipeline_dag.py took 1.181 seconds
[2026-05-02T18:12:25.895+0000] {processor.py:161} INFO - Started process (PID=1865) to work on /opt/airflow/dags/f1_pipeline_dag.py
[2026-05-02T18:12:25.898+0000] {processor.py:830} INFO - Processing file /opt/airflow/dags/f1_pipeline_dag.py for tasks to queue
[2026-05-02T18:12:25.902+0000] {logging_mixin.py:188} INFO - [2026-05-02T18:12:25.899+0000] {dagbag.py:538} INFO - Filling up the DagBag from /opt/airflow/dags/f1_pipeline_dag.py
[2026-05-02T18:12:25.946+0000] {processor.py:840} INFO - DAG(s) 'f1_bigdata_pipeline' retrieved from /opt/airflow/dags/f1_pipeline_dag.py
[2026-05-02T18:12:25.993+0000] {logging_mixin.py:188} INFO - [2026-05-02T18:12:25.992+0000] {dag.py:3036} INFO - Sync 1 DAGs
[2026-05-02T18:12:26.008+0000] {logging_mixin.py:188} INFO - [2026-05-02T18:12:26.008+0000] {dag.py:3823} INFO - Setting next_dagrun for f1_bigdata_pipeline to 2026-04-27 06:00:00+00:00, run_after=2026-05-04 06:00:00+00:00
[2026-05-02T18:12:26.026+0000] {processor.py:183} INFO - Processing /opt/airflow/dags/f1_pipeline_dag.py took 0.141 seconds
[2026-05-02T18:12:56.563+0000] {processor.py:161} INFO - Started process (PID=1870) to work on /opt/airflow/dags/f1_pipeline_dag.py
[2026-05-02T18:12:56.575+0000] {processor.py:830} INFO - Processing file /opt/airflow/dags/f1_pipeline_dag.py for tasks to queue
[2026-05-02T18:12:56.578+0000] {logging_mixin.py:188} INFO - [2026-05-02T18:12:56.577+0000] {dagbag.py:538} INFO - Filling up the DagBag from /opt/airflow/dags/f1_pipeline_dag.py
[2026-05-02T18:12:56.604+0000] {processor.py:840} INFO - DAG(s) 'f1_bigdata_pipeline' retrieved from /opt/airflow/dags/f1_pipeline_dag.py
[2026-05-02T18:12:56.643+0000] {logging_mixin.py:188} INFO - [2026-05-02T18:12:56.642+0000] {dag.py:3036} INFO - Sync 1 DAGs
[2026-05-02T18:12:56.658+0000] {logging_mixin.py:188} INFO - [2026-05-02T18:12:56.658+0000] {dag.py:3823} INFO - Setting next_dagrun for f1_bigdata_pipeline to 2026-04-27 06:00:00+00:00, run_after=2026-05-04 06:00:00+00:00
[2026-05-02T18:12:56.667+0000] {processor.py:183} INFO - Processing /opt/airflow/dags/f1_pipeline_dag.py took 0.125 seconds
[2026-05-02T18:13:26.953+0000] {processor.py:161} INFO - Started process (PID=1875) to work on /opt/airflow/dags/f1_pipeline_dag.py
[2026-05-02T18:13:26.954+0000] {processor.py:830} INFO - Processing file /opt/airflow/dags/f1_pipeline_dag.py for tasks to queue
[2026-05-02T18:13:26.956+0000] {logging_mixin.py:188} INFO - [2026-05-02T18:13:26.955+0000] {dagbag.py:538} INFO - Filling up the DagBag from /opt/airflow/dags/f1_pipeline_dag.py
[2026-05-02T18:13:26.991+0000] {processor.py:840} INFO - DAG(s) 'f1_bigdata_pipeline' retrieved from /opt/airflow/dags/f1_pipeline_dag.py
[2026-05-02T18:13:27.020+0000] {logging_mixin.py:188} INFO - [2026-05-02T18:13:27.020+0000] {dag.py:3036} INFO - Sync 1 DAGs
[2026-05-02T18:13:27.050+0000] {logging_mixin.py:188} INFO - [2026-05-02T18:13:27.050+0000] {dag.py:3823} INFO - Setting next_dagrun for f1_bigdata_pipeline to 2026-04-27 06:00:00+00:00, run_after=2026-05-04 06:00:00+00:00
[2026-05-02T18:13:27.059+0000] {processor.py:183} INFO - Processing /opt/airflow/dags/f1_pipeline_dag.py took 0.111 seconds
[2026-05-02T18:13:58.022+0000] {processor.py:161} INFO - Started process (PID=1880) to work on /opt/airflow/dags/f1_pipeline_dag.py
[2026-05-02T18:13:58.024+0000] {processor.py:830} INFO - Processing file /opt/airflow/dags/f1_pipeline_dag.py for tasks to queue
[2026-05-02T18:13:58.025+0000] {logging_mixin.py:188} INFO - [2026-05-02T18:13:58.024+0000] {dagbag.py:538} INFO - Filling up the DagBag from /opt/airflow/dags/f1_pipeline_dag.py
[2026-05-02T18:13:58.054+0000] {processor.py:840} INFO - DAG(s) 'f1_bigdata_pipeline' retrieved from /opt/airflow/dags/f1_pipeline_dag.py
[2026-05-02T18:13:58.078+0000] {logging_mixin.py:188} INFO - [2026-05-02T18:13:58.078+0000] {dag.py:3036} INFO - Sync 1 DAGs
[2026-05-02T18:13:58.112+0000] {logging_mixin.py:188} INFO - [2026-05-02T18:13:58.111+0000] {dag.py:3823} INFO - Setting next_dagrun for f1_bigdata_pipeline to 2026-04-27 06:00:00+00:00, run_after=2026-05-04 06:00:00+00:00
[2026-05-02T18:13:58.132+0000] {processor.py:183} INFO - Processing /opt/airflow/dags/f1_pipeline_dag.py took 0.113 seconds
[2026-05-02T18:14:28.436+0000] {processor.py:161} INFO - Started process (PID=1885) to work on /opt/airflow/dags/f1_pipeline_dag.py
[2026-05-02T18:14:28.439+0000] {processor.py:830} INFO - Processing file /opt/airflow/dags/f1_pipeline_dag.py for tasks to queue
[2026-05-02T18:14:28.445+0000] {logging_mixin.py:188} INFO - [2026-05-02T18:14:28.442+0000] {dagbag.py:538} INFO - Filling up the DagBag from /opt/airflow/dags/f1_pipeline_dag.py
[2026-05-02T18:14:28.476+0000] {processor.py:840} INFO - DAG(s) 'f1_bigdata_pipeline' retrieved from /opt/airflow/dags/f1_pipeline_dag.py
[2026-05-02T18:14:28.512+0000] {logging_mixin.py:188} INFO - [2026-05-02T18:14:28.511+0000] {dag.py:3036} INFO - Sync 1 DAGs
[2026-05-02T18:14:28.528+0000] {logging_mixin.py:188} INFO - [2026-05-02T18:14:28.528+0000] {dag.py:3823} INFO - Setting next_dagrun for f1_bigdata_pipeline to 2026-04-27 06:00:00+00:00, run_after=2026-05-04 06:00:00+00:00
[2026-05-02T18:14:28.537+0000] {processor.py:183} INFO - Processing /opt/airflow/dags/f1_pipeline_dag.py took 0.110 seconds
[2026-05-02T18:14:58.798+0000] {processor.py:161} INFO - Started process (PID=1890) to work on /opt/airflow/dags/f1_pipeline_dag.py
[2026-05-02T18:14:58.800+0000] {processor.py:830} INFO - Processing file /opt/airflow/dags/f1_pipeline_dag.py for tasks to queue
[2026-05-02T18:14:58.802+0000] {logging_mixin.py:188} INFO - [2026-05-02T18:14:58.801+0000] {dagbag.py:538} INFO - Filling up the DagBag from /opt/airflow/dags/f1_pipeline_dag.py
[2026-05-02T18:14:58.822+0000] {processor.py:840} INFO - DAG(s) 'f1_bigdata_pipeline' retrieved from /opt/airflow/dags/f1_pipeline_dag.py
[2026-05-02T18:14:58.848+0000] {logging_mixin.py:188} INFO - [2026-05-02T18:14:58.848+0000] {dag.py:3036} INFO - Sync 1 DAGs
[2026-05-02T18:14:58.861+0000] {logging_mixin.py:188} INFO - [2026-05-02T18:14:58.861+0000] {dag.py:3823} INFO - Setting next_dagrun for f1_bigdata_pipeline to 2026-04-27 06:00:00+00:00, run_after=2026-05-04 06:00:00+00:00
[2026-05-02T18:14:58.869+0000] {processor.py:183} INFO - Processing /opt/airflow/dags/f1_pipeline_dag.py took 0.077 seconds
[2026-05-02T18:15:29.419+0000] {processor.py:161} INFO - Started process (PID=1895) to work on /opt/airflow/dags/f1_pipeline_dag.py
[2026-05-02T18:15:29.421+0000] {processor.py:830} INFO - Processing file /opt/airflow/dags/f1_pipeline_dag.py for tasks to queue
[2026-05-02T18:15:29.424+0000] {logging_mixin.py:188} INFO - [2026-05-02T18:15:29.422+0000] {dagbag.py:538} INFO - Filling up the DagBag from /opt/airflow/dags/f1_pipeline_dag.py
[2026-05-02T18:15:29.476+0000] {processor.py:840} INFO - DAG(s) 'f1_bigdata_pipeline' retrieved from /opt/airflow/dags/f1_pipeline_dag.py
[2026-05-02T18:15:29.544+0000] {logging_mixin.py:188} INFO - [2026-05-02T18:15:29.544+0000] {dag.py:3036} INFO - Sync 1 DAGs
[2026-05-02T18:15:29.562+0000] {logging_mixin.py:188} INFO - [2026-05-02T18:15:29.562+0000] {dag.py:3823} INFO - Setting next_dagrun for f1_bigdata_pipeline to 2026-04-27 06:00:00+00:00, run_after=2026-05-04 06:00:00+00:00
[2026-05-02T18:15:29.570+0000] {processor.py:183} INFO - Processing /opt/airflow/dags/f1_pipeline_dag.py took 0.162 seconds
[2026-05-02T18:15:59.845+0000] {processor.py:161} INFO - Started process (PID=1900) to work on /opt/airflow/dags/f1_pipeline_dag.py
[2026-05-02T18:15:59.847+0000] {processor.py:830} INFO - Processing file /opt/airflow/dags/f1_pipeline_dag.py for tasks to queue
[2026-05-02T18:15:59.848+0000] {logging_mixin.py:188} INFO - [2026-05-02T18:15:59.847+0000] {dagbag.py:538} INFO - Filling up the DagBag from /opt/airflow/dags/f1_pipeline_dag.py
[2026-05-02T18:15:59.869+0000] {processor.py:840} INFO - DAG(s) 'f1_bigdata_pipeline' retrieved from /opt/airflow/dags/f1_pipeline_dag.py
[2026-05-02T18:15:59.907+0000] {logging_mixin.py:188} INFO - [2026-05-02T18:15:59.907+0000] {dag.py:3036} INFO - Sync 1 DAGs
[2026-05-02T18:15:59.931+0000] {logging_mixin.py:188} INFO - [2026-05-02T18:15:59.931+0000] {dag.py:3823} INFO - Setting next_dagrun for f1_bigdata_pipeline to 2026-04-27 06:00:00+00:00, run_after=2026-05-04 06:00:00+00:00
[2026-05-02T18:15:59.945+0000] {processor.py:183} INFO - Processing /opt/airflow/dags/f1_pipeline_dag.py took 0.106 seconds
[2026-05-02T18:16:30.308+0000] {processor.py:161} INFO - Started process (PID=1905) to work on /opt/airflow/dags/f1_pipeline_dag.py
[2026-05-02T18:16:30.315+0000] {processor.py:830} INFO - Processing file /opt/airflow/dags/f1_pipeline_dag.py for tasks to queue
[2026-05-02T18:16:30.317+0000] {logging_mixin.py:188} INFO - [2026-05-02T18:16:30.316+0000] {dagbag.py:538} INFO - Filling up the DagBag from /opt/airflow/dags/f1_pipeline_dag.py
[2026-05-02T18:16:30.334+0000] {processor.py:840} INFO - DAG(s) 'f1_bigdata_pipeline' retrieved from /opt/airflow/dags/f1_pipeline_dag.py
[2026-05-02T18:16:30.367+0000] {logging_mixin.py:188} INFO - [2026-05-02T18:16:30.367+0000] {dag.py:3036} INFO - Sync 1 DAGs
[2026-05-02T18:16:30.382+0000] {logging_mixin.py:188} INFO - [2026-05-02T18:16:30.382+0000] {dag.py:3823} INFO - Setting next_dagrun for f1_bigdata_pipeline to 2026-04-27 06:00:00+00:00, run_after=2026-05-04 06:00:00+00:00
[2026-05-02T18:16:30.390+0000] {processor.py:183} INFO - Processing /opt/airflow/dags/f1_pipeline_dag.py took 0.102 seconds
[2026-05-02T18:17:01.156+0000] {processor.py:161} INFO - Started process (PID=1910) to work on /opt/airflow/dags/f1_pipeline_dag.py
[2026-05-02T18:17:01.158+0000] {processor.py:830} INFO - Processing file /opt/airflow/dags/f1_pipeline_dag.py for tasks to queue
[2026-05-02T18:17:01.159+0000] {logging_mixin.py:188} INFO - [2026-05-02T18:17:01.159+0000] {dagbag.py:538} INFO - Filling up the DagBag from /opt/airflow/dags/f1_pipeline_dag.py
[2026-05-02T18:17:01.192+0000] {processor.py:840} INFO - DAG(s) 'f1_bigdata_pipeline' retrieved from /opt/airflow/dags/f1_pipeline_dag.py
[2026-05-02T18:17:01.223+0000] {logging_mixin.py:188} INFO - [2026-05-02T18:17:01.222+0000] {dag.py:3036} INFO - Sync 1 DAGs
[2026-05-02T18:17:01.237+0000] {logging_mixin.py:188} INFO - [2026-05-02T18:17:01.237+0000] {dag.py:3823} INFO - Setting next_dagrun for f1_bigdata_pipeline to 2026-04-27 06:00:00+00:00, run_after=2026-05-04 06:00:00+00:00
[2026-05-02T18:17:01.248+0000] {processor.py:183} INFO - Processing /opt/airflow/dags/f1_pipeline_dag.py took 0.099 seconds
[2026-05-02T18:17:31.662+0000] {processor.py:161} INFO - Started process (PID=1915) to work on /opt/airflow/dags/f1_pipeline_dag.py
[2026-05-02T18:17:31.667+0000] {processor.py:830} INFO - Processing file /opt/airflow/dags/f1_pipeline_dag.py for tasks to queue
[2026-05-02T18:17:31.668+0000] {logging_mixin.py:188} INFO - [2026-05-02T18:17:31.668+0000] {dagbag.py:538} INFO - Filling up the DagBag from /opt/airflow/dags/f1_pipeline_dag.py
[2026-05-02T18:17:31.685+0000] {processor.py:840} INFO - DAG(s) 'f1_bigdata_pipeline' retrieved from /opt/airflow/dags/f1_pipeline_dag.py
[2026-05-02T18:17:31.730+0000] {logging_mixin.py:188} INFO - [2026-05-02T18:17:31.730+0000] {dag.py:3036} INFO - Sync 1 DAGs
[2026-05-02T18:17:31.749+0000] {logging_mixin.py:188} INFO - [2026-05-02T18:17:31.748+0000] {dag.py:3823} INFO - Setting next_dagrun for f1_bigdata_pipeline to 2026-04-27 06:00:00+00:00, run_after=2026-05-04 06:00:00+00:00
[2026-05-02T18:17:31.764+0000] {processor.py:183} INFO - Processing /opt/airflow/dags/f1_pipeline_dag.py took 0.114 seconds
[2026-05-02T18:18:02.144+0000] {processor.py:161} INFO - Started process (PID=1920) to work on /opt/airflow/dags/f1_pipeline_dag.py
[2026-05-02T18:18:02.146+0000] {processor.py:830} INFO - Processing file /opt/airflow/dags/f1_pipeline_dag.py for tasks to queue
[2026-05-02T18:18:02.148+0000] {logging_mixin.py:188} INFO - [2026-05-02T18:18:02.147+0000] {dagbag.py:538} INFO - Filling up the DagBag from /opt/airflow/dags/f1_pipeline_dag.py
[2026-05-02T18:18:02.184+0000] {processor.py:840} INFO - DAG(s) 'f1_bigdata_pipeline' retrieved from /opt/airflow/dags/f1_pipeline_dag.py
[2026-05-02T18:18:02.244+0000] {logging_mixin.py:188} INFO - [2026-05-02T18:18:02.244+0000] {dag.py:3036} INFO - Sync 1 DAGs
[2026-05-02T18:18:02.262+0000] {logging_mixin.py:188} INFO - [2026-05-02T18:18:02.262+0000] {dag.py:3823} INFO - Setting next_dagrun for f1_bigdata_pipeline to 2026-04-27 06:00:00+00:00, run_after=2026-05-04 06:00:00+00:00
[2026-05-02T18:18:02.282+0000] {processor.py:183} INFO - Processing /opt/airflow/dags/f1_pipeline_dag.py took 0.147 seconds
[2026-05-02T18:18:32.490+0000] {processor.py:161} INFO - Started process (PID=1925) to work on /opt/airflow/dags/f1_pipeline_dag.py
[2026-05-02T18:18:32.492+0000] {processor.py:830} INFO - Processing file /opt/airflow/dags/f1_pipeline_dag.py for tasks to queue
[2026-05-02T18:18:32.493+0000] {logging_mixin.py:188} INFO - [2026-05-02T18:18:32.493+0000] {dagbag.py:538} INFO - Filling up the DagBag from /opt/airflow/dags/f1_pipeline_dag.py
[2026-05-02T18:18:32.522+0000] {processor.py:840} INFO - DAG(s) 'f1_bigdata_pipeline' retrieved from /opt/airflow/dags/f1_pipeline_dag.py
[2026-05-02T18:18:32.544+0000] {logging_mixin.py:188} INFO - [2026-05-02T18:18:32.544+0000] {dag.py:3036} INFO - Sync 1 DAGs
[2026-05-02T18:18:32.559+0000] {logging_mixin.py:188} INFO - [2026-05-02T18:18:32.559+0000] {dag.py:3823} INFO - Setting next_dagrun for f1_bigdata_pipeline to 2026-04-27 06:00:00+00:00, run_after=2026-05-04 06:00:00+00:00
[2026-05-02T18:18:32.568+0000] {processor.py:183} INFO - Processing /opt/airflow/dags/f1_pipeline_dag.py took 0.082 seconds
[2026-05-02T18:19:02.944+0000] {processor.py:161} INFO - Started process (PID=1930) to work on /opt/airflow/dags/f1_pipeline_dag.py
[2026-05-02T18:19:02.945+0000] {processor.py:830} INFO - Processing file /opt/airflow/dags/f1_pipeline_dag.py for tasks to queue
[2026-05-02T18:19:02.946+0000] {logging_mixin.py:188} INFO - [2026-05-02T18:19:02.946+0000] {dagbag.py:538} INFO - Filling up the DagBag from /opt/airflow/dags/f1_pipeline_dag.py
[2026-05-02T18:19:02.978+0000] {processor.py:840} INFO - DAG(s) 'f1_bigdata_pipeline' retrieved from /opt/airflow/dags/f1_pipeline_dag.py
[2026-05-02T18:19:03.004+0000] {logging_mixin.py:188} INFO - [2026-05-02T18:19:03.004+0000] {dag.py:3036} INFO - Sync 1 DAGs
[2026-05-02T18:19:03.015+0000] {logging_mixin.py:188} INFO - [2026-05-02T18:19:03.014+0000] {dag.py:3823} INFO - Setting next_dagrun for f1_bigdata_pipeline to 2026-04-27 06:00:00+00:00, run_after=2026-05-04 06:00:00+00:00
[2026-05-02T18:19:03.022+0000] {processor.py:183} INFO - Processing /opt/airflow/dags/f1_pipeline_dag.py took 0.083 seconds
[2026-05-02T18:19:33.303+0000] {processor.py:161} INFO - Started process (PID=1935) to work on /opt/airflow/dags/f1_pipeline_dag.py
[2026-05-02T18:19:33.306+0000] {processor.py:830} INFO - Processing file /opt/airflow/dags/f1_pipeline_dag.py for tasks to queue
[2026-05-02T18:19:33.307+0000] {logging_mixin.py:188} INFO - [2026-05-02T18:19:33.306+0000] {dagbag.py:538} INFO - Filling up the DagBag from /opt/airflow/dags/f1_pipeline_dag.py
[2026-05-02T18:19:33.326+0000] {processor.py:840} INFO - DAG(s) 'f1_bigdata_pipeline' retrieved from /opt/airflow/dags/f1_pipeline_dag.py
[2026-05-02T18:19:33.375+0000] {logging_mixin.py:188} INFO - [2026-05-02T18:19:33.375+0000] {dag.py:3036} INFO - Sync 1 DAGs
[2026-05-02T18:19:33.405+0000] {logging_mixin.py:188} INFO - [2026-05-02T18:19:33.405+0000] {dag.py:3823} INFO - Setting next_dagrun for f1_bigdata_pipeline to 2026-04-27 06:00:00+00:00, run_after=2026-05-04 06:00:00+00:00
[2026-05-02T18:19:33.420+0000] {processor.py:183} INFO - Processing /opt/airflow/dags/f1_pipeline_dag.py took 0.122 seconds
[2026-05-02T18:20:03.895+0000] {processor.py:161} INFO - Started process (PID=1940) to work on /opt/airflow/dags/f1_pipeline_dag.py
[2026-05-02T18:20:03.897+0000] {processor.py:830} INFO - Processing file /opt/airflow/dags/f1_pipeline_dag.py for tasks to queue
[2026-05-02T18:20:03.899+0000] {logging_mixin.py:188} INFO - [2026-05-02T18:20:03.898+0000] {dagbag.py:538} INFO - Filling up the DagBag from /opt/airflow/dags/f1_pipeline_dag.py
[2026-05-02T18:20:03.920+0000] {processor.py:840} INFO - DAG(s) 'f1_bigdata_pipeline' retrieved from /opt/airflow/dags/f1_pipeline_dag.py
[2026-05-02T18:20:03.979+0000] {logging_mixin.py:188} INFO - [2026-05-02T18:20:03.978+0000] {dag.py:3036} INFO - Sync 1 DAGs
[2026-05-02T18:20:04.017+0000] {logging_mixin.py:188} INFO - [2026-05-02T18:20:04.017+0000] {dag.py:3823} INFO - Setting next_dagrun for f1_bigdata_pipeline to 2026-04-27 06:00:00+00:00, run_after=2026-05-04 06:00:00+00:00
[2026-05-02T18:20:04.027+0000] {processor.py:183} INFO - Processing /opt/airflow/dags/f1_pipeline_dag.py took 0.138 seconds
[2026-05-02T18:20:34.616+0000] {processor.py:161} INFO - Started process (PID=1945) to work on /opt/airflow/dags/f1_pipeline_dag.py
[2026-05-02T18:20:34.618+0000] {processor.py:830} INFO - Processing file /opt/airflow/dags/f1_pipeline_dag.py for tasks to queue
[2026-05-02T18:20:34.619+0000] {logging_mixin.py:188} INFO - [2026-05-02T18:20:34.618+0000] {dagbag.py:538} INFO - Filling up the DagBag from /opt/airflow/dags/f1_pipeline_dag.py
[2026-05-02T18:20:34.643+0000] {processor.py:840} INFO - DAG(s) 'f1_bigdata_pipeline' retrieved from /opt/airflow/dags/f1_pipeline_dag.py
[2026-05-02T18:20:34.691+0000] {logging_mixin.py:188} INFO - [2026-05-02T18:20:34.691+0000] {dag.py:3036} INFO - Sync 1 DAGs
[2026-05-02T18:20:34.708+0000] {logging_mixin.py:188} INFO - [2026-05-02T18:20:34.708+0000] {dag.py:3823} INFO - Setting next_dagrun for f1_bigdata_pipeline to 2026-04-27 06:00:00+00:00, run_after=2026-05-04 06:00:00+00:00
[2026-05-02T18:20:34.717+0000] {processor.py:183} INFO - Processing /opt/airflow/dags/f1_pipeline_dag.py took 0.110 seconds
[2026-05-02T18:21:05.040+0000] {processor.py:161} INFO - Started process (PID=1950) to work on /opt/airflow/dags/f1_pipeline_dag.py
[2026-05-02T18:21:05.042+0000] {processor.py:830} INFO - Processing file /opt/airflow/dags/f1_pipeline_dag.py for tasks to queue
[2026-05-02T18:21:05.043+0000] {logging_mixin.py:188} INFO - [2026-05-02T18:21:05.042+0000] {dagbag.py:538} INFO - Filling up the DagBag from /opt/airflow/dags/f1_pipeline_dag.py
[2026-05-02T18:21:05.089+0000] {processor.py:840} INFO - DAG(s) 'f1_bigdata_pipeline' retrieved from /opt/airflow/dags/f1_pipeline_dag.py
[2026-05-02T18:21:05.131+0000] {logging_mixin.py:188} INFO - [2026-05-02T18:21:05.131+0000] {dag.py:3036} INFO - Sync 1 DAGs
[2026-05-02T18:21:05.147+0000] {logging_mixin.py:188} INFO - [2026-05-02T18:21:05.147+0000] {dag.py:3823} INFO - Setting next_dagrun for f1_bigdata_pipeline to 2026-04-27 06:00:00+00:00, run_after=2026-05-04 06:00:00+00:00
[2026-05-02T18:21:05.156+0000] {processor.py:183} INFO - Processing /opt/airflow/dags/f1_pipeline_dag.py took 0.122 seconds
[2026-05-02T18:21:35.399+0000] {processor.py:161} INFO - Started process (PID=1955) to work on /opt/airflow/dags/f1_pipeline_dag.py
[2026-05-02T18:21:35.401+0000] {processor.py:830} INFO - Processing file /opt/airflow/dags/f1_pipeline_dag.py for tasks to queue
[2026-05-02T18:21:35.402+0000] {logging_mixin.py:188} INFO - [2026-05-02T18:21:35.402+0000] {dagbag.py:538} INFO - Filling up the DagBag from /opt/airflow/dags/f1_pipeline_dag.py
[2026-05-02T18:21:35.443+0000] {processor.py:840} INFO - DAG(s) 'f1_bigdata_pipeline' retrieved from /opt/airflow/dags/f1_pipeline_dag.py
[2026-05-02T18:21:35.483+0000] {logging_mixin.py:188} INFO - [2026-05-02T18:21:35.483+0000] {dag.py:3036} INFO - Sync 1 DAGs
[2026-05-02T18:21:35.494+0000] {logging_mixin.py:188} INFO - [2026-05-02T18:21:35.494+0000] {dag.py:3823} INFO - Setting next_dagrun for f1_bigdata_pipeline to 2026-04-27 06:00:00+00:00, run_after=2026-05-04 06:00:00+00:00
[2026-05-02T18:21:35.502+0000] {processor.py:183} INFO - Processing /opt/airflow/dags/f1_pipeline_dag.py took 0.109 seconds
[2026-05-02T18:22:06.221+0000] {processor.py:161} INFO - Started process (PID=1960) to work on /opt/airflow/dags/f1_pipeline_dag.py
[2026-05-02T18:22:06.223+0000] {processor.py:830} INFO - Processing file /opt/airflow/dags/f1_pipeline_dag.py for tasks to queue
[2026-05-02T18:22:06.225+0000] {logging_mixin.py:188} INFO - [2026-05-02T18:22:06.224+0000] {dagbag.py:538} INFO - Filling up the DagBag from /opt/airflow/dags/f1_pipeline_dag.py
[2026-05-02T18:22:06.248+0000] {processor.py:840} INFO - DAG(s) 'f1_bigdata_pipeline' retrieved from /opt/airflow/dags/f1_pipeline_dag.py
[2026-05-02T18:22:06.308+0000] {logging_mixin.py:188} INFO - [2026-05-02T18:22:06.307+0000] {dag.py:3036} INFO - Sync 1 DAGs
[2026-05-02T18:22:06.341+0000] {logging_mixin.py:188} INFO - [2026-05-02T18:22:06.341+0000] {dag.py:3823} INFO - Setting next_dagrun for f1_bigdata_pipeline to 2026-04-27 06:00:00+00:00, run_after=2026-05-04 06:00:00+00:00
[2026-05-02T18:22:06.354+0000] {processor.py:183} INFO - Processing /opt/airflow/dags/f1_pipeline_dag.py took 0.144 seconds
[2026-05-02T18:22:36.733+0000] {processor.py:161} INFO - Started process (PID=1965) to work on /opt/airflow/dags/f1_pipeline_dag.py
[2026-05-02T18:22:36.735+0000] {processor.py:830} INFO - Processing file /opt/airflow/dags/f1_pipeline_dag.py for tasks to queue
[2026-05-02T18:22:36.736+0000] {logging_mixin.py:188} INFO - [2026-05-02T18:22:36.736+0000] {dagbag.py:538} INFO - Filling up the DagBag from /opt/airflow/dags/f1_pipeline_dag.py
[2026-05-02T18:22:36.756+0000] {processor.py:840} INFO - DAG(s) 'f1_bigdata_pipeline' retrieved from /opt/airflow/dags/f1_pipeline_dag.py
[2026-05-02T18:22:36.823+0000] {logging_mixin.py:188} INFO - [2026-05-02T18:22:36.822+0000] {dag.py:3036} INFO - Sync 1 DAGs
[2026-05-02T18:22:36.838+0000] {logging_mixin.py:188} INFO - [2026-05-02T18:22:36.838+0000] {dag.py:3823} INFO - Setting next_dagrun for f1_bigdata_pipeline to 2026-04-27 06:00:00+00:00, run_after=2026-05-04 06:00:00+00:00
[2026-05-02T18:22:36.847+0000] {processor.py:183} INFO - Processing /opt/airflow/dags/f1_pipeline_dag.py took 0.116 seconds
[2026-05-02T18:23:07.174+0000] {processor.py:161} INFO - Started process (PID=1970) to work on /opt/airflow/dags/f1_pipeline_dag.py
[2026-05-02T18:23:07.177+0000] {processor.py:830} INFO - Processing file /opt/airflow/dags/f1_pipeline_dag.py for tasks to queue
[2026-05-02T18:23:07.181+0000] {logging_mixin.py:188} INFO - [2026-05-02T18:23:07.178+0000] {dagbag.py:538} INFO - Filling up the DagBag from /opt/airflow/dags/f1_pipeline_dag.py
[2026-05-02T18:23:07.224+0000] {processor.py:840} INFO - DAG(s) 'f1_bigdata_pipeline' retrieved from /opt/airflow/dags/f1_pipeline_dag.py
[2026-05-02T18:23:07.249+0000] {logging_mixin.py:188} INFO - [2026-05-02T18:23:07.249+0000] {dag.py:3036} INFO - Sync 1 DAGs
[2026-05-02T18:23:07.261+0000] {logging_mixin.py:188} INFO - [2026-05-02T18:23:07.261+0000] {dag.py:3823} INFO - Setting next_dagrun for f1_bigdata_pipeline to 2026-04-27 06:00:00+00:00, run_after=2026-05-04 06:00:00+00:00
[2026-05-02T18:23:07.269+0000] {processor.py:183} INFO - Processing /opt/airflow/dags/f1_pipeline_dag.py took 0.103 seconds
[2026-05-02T18:23:37.540+0000] {processor.py:161} INFO - Started process (PID=1975) to work on /opt/airflow/dags/f1_pipeline_dag.py
[2026-05-02T18:23:37.542+0000] {processor.py:830} INFO - Processing file /opt/airflow/dags/f1_pipeline_dag.py for tasks to queue
[2026-05-02T18:23:37.544+0000] {logging_mixin.py:188} INFO - [2026-05-02T18:23:37.543+0000] {dagbag.py:538} INFO - Filling up the DagBag from /opt/airflow/dags/f1_pipeline_dag.py
[2026-05-02T18:23:37.565+0000] {processor.py:840} INFO - DAG(s) 'f1_bigdata_pipeline' retrieved from /opt/airflow/dags/f1_pipeline_dag.py
[2026-05-02T18:23:37.611+0000] {logging_mixin.py:188} INFO - [2026-05-02T18:23:37.611+0000] {dag.py:3036} INFO - Sync 1 DAGs
[2026-05-02T18:23:37.630+0000] {logging_mixin.py:188} INFO - [2026-05-02T18:23:37.629+0000] {dag.py:3823} INFO - Setting next_dagrun for f1_bigdata_pipeline to 2026-04-27 06:00:00+00:00, run_after=2026-05-04 06:00:00+00:00
[2026-05-02T18:23:37.642+0000] {processor.py:183} INFO - Processing /opt/airflow/dags/f1_pipeline_dag.py took 0.109 seconds
[2026-05-02T18:24:07.940+0000] {processor.py:161} INFO - Started process (PID=1980) to work on /opt/airflow/dags/f1_pipeline_dag.py
[2026-05-02T18:24:07.943+0000] {processor.py:830} INFO - Processing file /opt/airflow/dags/f1_pipeline_dag.py for tasks to queue
[2026-05-02T18:24:07.944+0000] {logging_mixin.py:188} INFO - [2026-05-02T18:24:07.943+0000] {dagbag.py:538} INFO - Filling up the DagBag from /opt/airflow/dags/f1_pipeline_dag.py
[2026-05-02T18:24:07.969+0000] {processor.py:840} INFO - DAG(s) 'f1_bigdata_pipeline' retrieved from /opt/airflow/dags/f1_pipeline_dag.py
[2026-05-02T18:24:08.022+0000] {logging_mixin.py:188} INFO - [2026-05-02T18:24:08.022+0000] {dag.py:3036} INFO - Sync 1 DAGs
[2026-05-02T18:24:08.040+0000] {logging_mixin.py:188} INFO - [2026-05-02T18:24:08.040+0000] {dag.py:3823} INFO - Setting next_dagrun for f1_bigdata_pipeline to 2026-04-27 06:00:00+00:00, run_after=2026-05-04 06:00:00+00:00
[2026-05-02T18:24:08.049+0000] {processor.py:183} INFO - Processing /opt/airflow/dags/f1_pipeline_dag.py took 0.117 seconds
[2026-05-02T18:24:38.372+0000] {processor.py:161} INFO - Started process (PID=1985) to work on /opt/airflow/dags/f1_pipeline_dag.py
[2026-05-02T18:24:38.374+0000] {processor.py:830} INFO - Processing file /opt/airflow/dags/f1_pipeline_dag.py for tasks to queue
[2026-05-02T18:24:38.375+0000] {logging_mixin.py:188} INFO - [2026-05-02T18:24:38.375+0000] {dagbag.py:538} INFO - Filling up the DagBag from /opt/airflow/dags/f1_pipeline_dag.py
[2026-05-02T18:24:38.396+0000] {processor.py:840} INFO - DAG(s) 'f1_bigdata_pipeline' retrieved from /opt/airflow/dags/f1_pipeline_dag.py
[2026-05-02T18:24:38.461+0000] {logging_mixin.py:188} INFO - [2026-05-02T18:24:38.461+0000] {dag.py:3036} INFO - Sync 1 DAGs
[2026-05-02T18:24:38.480+0000] {logging_mixin.py:188} INFO - [2026-05-02T18:24:38.480+0000] {dag.py:3823} INFO - Setting next_dagrun for f1_bigdata_pipeline to 2026-04-27 06:00:00+00:00, run_after=2026-05-04 06:00:00+00:00
[2026-05-02T18:24:38.497+0000] {processor.py:183} INFO - Processing /opt/airflow/dags/f1_pipeline_dag.py took 0.131 seconds
[2026-05-02T18:25:08.842+0000] {processor.py:161} INFO - Started process (PID=1990) to work on /opt/airflow/dags/f1_pipeline_dag.py
[2026-05-02T18:25:08.846+0000] {processor.py:830} INFO - Processing file /opt/airflow/dags/f1_pipeline_dag.py for tasks to queue
[2026-05-02T18:25:08.847+0000] {logging_mixin.py:188} INFO - [2026-05-02T18:25:08.847+0000] {dagbag.py:538} INFO - Filling up the DagBag from /opt/airflow/dags/f1_pipeline_dag.py
[2026-05-02T18:25:08.870+0000] {processor.py:840} INFO - DAG(s) 'f1_bigdata_pipeline' retrieved from /opt/airflow/dags/f1_pipeline_dag.py
[2026-05-02T18:25:08.917+0000] {logging_mixin.py:188} INFO - [2026-05-02T18:25:08.917+0000] {dag.py:3036} INFO - Sync 1 DAGs
[2026-05-02T18:25:08.941+0000] {logging_mixin.py:188} INFO - [2026-05-02T18:25:08.941+0000] {dag.py:3823} INFO - Setting next_dagrun for f1_bigdata_pipeline to 2026-04-27 06:00:00+00:00, run_after=2026-05-04 06:00:00+00:00
[2026-05-02T18:25:08.949+0000] {processor.py:183} INFO - Processing /opt/airflow/dags/f1_pipeline_dag.py took 0.113 seconds
[2026-05-02T18:25:39.259+0000] {processor.py:161} INFO - Started process (PID=1995) to work on /opt/airflow/dags/f1_pipeline_dag.py
[2026-05-02T18:25:39.262+0000] {processor.py:830} INFO - Processing file /opt/airflow/dags/f1_pipeline_dag.py for tasks to queue
[2026-05-02T18:25:39.263+0000] {logging_mixin.py:188} INFO - [2026-05-02T18:25:39.262+0000] {dagbag.py:538} INFO - Filling up the DagBag from /opt/airflow/dags/f1_pipeline_dag.py
[2026-05-02T18:25:39.302+0000] {processor.py:840} INFO - DAG(s) 'f1_bigdata_pipeline' retrieved from /opt/airflow/dags/f1_pipeline_dag.py
[2026-05-02T18:25:39.332+0000] {logging_mixin.py:188} INFO - [2026-05-02T18:25:39.332+0000] {dag.py:3036} INFO - Sync 1 DAGs
[2026-05-02T18:25:39.344+0000] {logging_mixin.py:188} INFO - [2026-05-02T18:25:39.344+0000] {dag.py:3823} INFO - Setting next_dagrun for f1_bigdata_pipeline to 2026-04-27 06:00:00+00:00, run_after=2026-05-04 06:00:00+00:00
[2026-05-02T18:25:39.351+0000] {processor.py:183} INFO - Processing /opt/airflow/dags/f1_pipeline_dag.py took 0.098 seconds
[2026-05-02T18:26:09.808+0000] {processor.py:161} INFO - Started process (PID=2000) to work on /opt/airflow/dags/f1_pipeline_dag.py
[2026-05-02T18:26:09.810+0000] {processor.py:830} INFO - Processing file /opt/airflow/dags/f1_pipeline_dag.py for tasks to queue
[2026-05-02T18:26:09.812+0000] {logging_mixin.py:188} INFO - [2026-05-02T18:26:09.811+0000] {dagbag.py:538} INFO - Filling up the DagBag from /opt/airflow/dags/f1_pipeline_dag.py
[2026-05-02T18:26:09.842+0000] {processor.py:840} INFO - DAG(s) 'f1_bigdata_pipeline' retrieved from /opt/airflow/dags/f1_pipeline_dag.py
[2026-05-02T18:26:09.864+0000] {logging_mixin.py:188} INFO - [2026-05-02T18:26:09.864+0000] {dag.py:3036} INFO - Sync 1 DAGs
[2026-05-02T18:26:09.878+0000] {logging_mixin.py:188} INFO - [2026-05-02T18:26:09.878+0000] {dag.py:3823} INFO - Setting next_dagrun for f1_bigdata_pipeline to 2026-04-27 06:00:00+00:00, run_after=2026-05-04 06:00:00+00:00
[2026-05-02T18:26:09.893+0000] {processor.py:183} INFO - Processing /opt/airflow/dags/f1_pipeline_dag.py took 0.091 seconds
[2026-05-02T18:26:40.206+0000] {processor.py:161} INFO - Started process (PID=2005) to work on /opt/airflow/dags/f1_pipeline_dag.py
[2026-05-02T18:26:40.209+0000] {processor.py:830} INFO - Processing file /opt/airflow/dags/f1_pipeline_dag.py for tasks to queue
[2026-05-02T18:26:40.210+0000] {logging_mixin.py:188} INFO - [2026-05-02T18:26:40.209+0000] {dagbag.py:538} INFO - Filling up the DagBag from /opt/airflow/dags/f1_pipeline_dag.py
[2026-05-02T18:26:40.237+0000] {processor.py:840} INFO - DAG(s) 'f1_bigdata_pipeline' retrieved from /opt/airflow/dags/f1_pipeline_dag.py
[2026-05-02T18:26:40.286+0000] {logging_mixin.py:188} INFO - [2026-05-02T18:26:40.286+0000] {dag.py:3036} INFO - Sync 1 DAGs
[2026-05-02T18:26:40.322+0000] {logging_mixin.py:188} INFO - [2026-05-02T18:26:40.322+0000] {dag.py:3823} INFO - Setting next_dagrun for f1_bigdata_pipeline to 2026-04-27 06:00:00+00:00, run_after=2026-05-04 06:00:00+00:00
[2026-05-02T18:26:40.342+0000] {processor.py:183} INFO - Processing /opt/airflow/dags/f1_pipeline_dag.py took 0.143 seconds
[2026-05-02T18:27:10.551+0000] {processor.py:161} INFO - Started process (PID=2010) to work on /opt/airflow/dags/f1_pipeline_dag.py
[2026-05-02T18:27:10.554+0000] {processor.py:830} INFO - Processing file /opt/airflow/dags/f1_pipeline_dag.py for tasks to queue
[2026-05-02T18:27:10.556+0000] {logging_mixin.py:188} INFO - [2026-05-02T18:27:10.555+0000] {dagbag.py:538} INFO - Filling up the DagBag from /opt/airflow/dags/f1_pipeline_dag.py
[2026-05-02T18:27:10.589+0000] {processor.py:840} INFO - DAG(s) 'f1_bigdata_pipeline' retrieved from /opt/airflow/dags/f1_pipeline_dag.py
[2026-05-02T18:27:10.635+0000] {logging_mixin.py:188} INFO - [2026-05-02T18:27:10.635+0000] {dag.py:3036} INFO - Sync 1 DAGs
[2026-05-02T18:27:10.661+0000] {logging_mixin.py:188} INFO - [2026-05-02T18:27:10.660+0000] {dag.py:3823} INFO - Setting next_dagrun for f1_bigdata_pipeline to 2026-04-27 06:00:00+00:00, run_after=2026-05-04 06:00:00+00:00
[2026-05-02T18:27:10.670+0000] {processor.py:183} INFO - Processing /opt/airflow/dags/f1_pipeline_dag.py took 0.127 seconds
[2026-05-02T18:27:40.955+0000] {processor.py:161} INFO - Started process (PID=2015) to work on /opt/airflow/dags/f1_pipeline_dag.py
[2026-05-02T18:27:40.960+0000] {processor.py:830} INFO - Processing file /opt/airflow/dags/f1_pipeline_dag.py for tasks to queue
[2026-05-02T18:27:40.962+0000] {logging_mixin.py:188} INFO - [2026-05-02T18:27:40.961+0000] {dagbag.py:538} INFO - Filling up the DagBag from /opt/airflow/dags/f1_pipeline_dag.py
[2026-05-02T18:27:40.992+0000] {processor.py:840} INFO - DAG(s) 'f1_bigdata_pipeline' retrieved from /opt/airflow/dags/f1_pipeline_dag.py
[2026-05-02T18:27:41.031+0000] {logging_mixin.py:188} INFO - [2026-05-02T18:27:41.031+0000] {dag.py:3036} INFO - Sync 1 DAGs
[2026-05-02T18:27:41.048+0000] {logging_mixin.py:188} INFO - [2026-05-02T18:27:41.048+0000] {dag.py:3823} INFO - Setting next_dagrun for f1_bigdata_pipeline to 2026-04-27 06:00:00+00:00, run_after=2026-05-04 06:00:00+00:00
[2026-05-02T18:27:41.057+0000] {processor.py:183} INFO - Processing /opt/airflow/dags/f1_pipeline_dag.py took 0.113 seconds
[2026-05-02T18:28:11.419+0000] {processor.py:161} INFO - Started process (PID=2020) to work on /opt/airflow/dags/f1_pipeline_dag.py
[2026-05-02T18:28:11.421+0000] {processor.py:830} INFO - Processing file /opt/airflow/dags/f1_pipeline_dag.py for tasks to queue
[2026-05-02T18:28:11.422+0000] {logging_mixin.py:188} INFO - [2026-05-02T18:28:11.422+0000] {dagbag.py:538} INFO - Filling up the DagBag from /opt/airflow/dags/f1_pipeline_dag.py
[2026-05-02T18:28:11.446+0000] {processor.py:840} INFO - DAG(s) 'f1_bigdata_pipeline' retrieved from /opt/airflow/dags/f1_pipeline_dag.py
[2026-05-02T18:28:11.483+0000] {logging_mixin.py:188} INFO - [2026-05-02T18:28:11.483+0000] {dag.py:3036} INFO - Sync 1 DAGs
[2026-05-02T18:28:11.499+0000] {logging_mixin.py:188} INFO - [2026-05-02T18:28:11.499+0000] {dag.py:3823} INFO - Setting next_dagrun for f1_bigdata_pipeline to 2026-04-27 06:00:00+00:00, run_after=2026-05-04 06:00:00+00:00
[2026-05-02T18:28:11.509+0000] {processor.py:183} INFO - Processing /opt/airflow/dags/f1_pipeline_dag.py took 0.099 seconds
[2026-05-02T18:28:41.901+0000] {processor.py:161} INFO - Started process (PID=2025) to work on /opt/airflow/dags/f1_pipeline_dag.py
[2026-05-02T18:28:41.904+0000] {processor.py:830} INFO - Processing file /opt/airflow/dags/f1_pipeline_dag.py for tasks to queue
[2026-05-02T18:28:41.905+0000] {logging_mixin.py:188} INFO - [2026-05-02T18:28:41.905+0000] {dagbag.py:538} INFO - Filling up the DagBag from /opt/airflow/dags/f1_pipeline_dag.py
[2026-05-02T18:28:41.925+0000] {processor.py:840} INFO - DAG(s) 'f1_bigdata_pipeline' retrieved from /opt/airflow/dags/f1_pipeline_dag.py
[2026-05-02T18:28:41.957+0000] {logging_mixin.py:188} INFO - [2026-05-02T18:28:41.957+0000] {dag.py:3036} INFO - Sync 1 DAGs
[2026-05-02T18:28:41.975+0000] {logging_mixin.py:188} INFO - [2026-05-02T18:28:41.974+0000] {dag.py:3823} INFO - Setting next_dagrun for f1_bigdata_pipeline to 2026-04-27 06:00:00+00:00, run_after=2026-05-04 06:00:00+00:00
[2026-05-02T18:28:41.994+0000] {processor.py:183} INFO - Processing /opt/airflow/dags/f1_pipeline_dag.py took 0.101 seconds
[2026-05-02T18:29:12.231+0000] {processor.py:161} INFO - Started process (PID=2030) to work on /opt/airflow/dags/f1_pipeline_dag.py
[2026-05-02T18:29:12.233+0000] {processor.py:830} INFO - Processing file /opt/airflow/dags/f1_pipeline_dag.py for tasks to queue
[2026-05-02T18:29:12.234+0000] {logging_mixin.py:188} INFO - [2026-05-02T18:29:12.233+0000] {dagbag.py:538} INFO - Filling up the DagBag from /opt/airflow/dags/f1_pipeline_dag.py
[2026-05-02T18:29:12.255+0000] {processor.py:840} INFO - DAG(s) 'f1_bigdata_pipeline' retrieved from /opt/airflow/dags/f1_pipeline_dag.py
[2026-05-02T18:29:12.289+0000] {logging_mixin.py:188} INFO - [2026-05-02T18:29:12.289+0000] {dag.py:3036} INFO - Sync 1 DAGs
[2026-05-02T18:29:12.303+0000] {logging_mixin.py:188} INFO - [2026-05-02T18:29:12.302+0000] {dag.py:3823} INFO - Setting next_dagrun for f1_bigdata_pipeline to 2026-04-27 06:00:00+00:00, run_after=2026-05-04 06:00:00+00:00
[2026-05-02T18:29:12.312+0000] {processor.py:183} INFO - Processing /opt/airflow/dags/f1_pipeline_dag.py took 0.088 seconds
[2026-05-02T18:29:42.721+0000] {processor.py:161} INFO - Started process (PID=2035) to work on /opt/airflow/dags/f1_pipeline_dag.py
[2026-05-02T18:29:42.723+0000] {processor.py:830} INFO - Processing file /opt/airflow/dags/f1_pipeline_dag.py for tasks to queue
[2026-05-02T18:29:42.724+0000] {logging_mixin.py:188} INFO - [2026-05-02T18:29:42.723+0000] {dagbag.py:538} INFO - Filling up the DagBag from /opt/airflow/dags/f1_pipeline_dag.py
[2026-05-02T18:29:42.746+0000] {processor.py:840} INFO - DAG(s) 'f1_bigdata_pipeline' retrieved from /opt/airflow/dags/f1_pipeline_dag.py
[2026-05-02T18:29:42.769+0000] {logging_mixin.py:188} INFO - [2026-05-02T18:29:42.769+0000] {dag.py:3036} INFO - Sync 1 DAGs
[2026-05-02T18:29:42.781+0000] {logging_mixin.py:188} INFO - [2026-05-02T18:29:42.781+0000] {dag.py:3823} INFO - Setting next_dagrun for f1_bigdata_pipeline to 2026-04-27 06:00:00+00:00, run_after=2026-05-04 06:00:00+00:00
[2026-05-02T18:29:42.789+0000] {processor.py:183} INFO - Processing /opt/airflow/dags/f1_pipeline_dag.py took 0.081 seconds
[2026-05-02T18:30:13.115+0000] {processor.py:161} INFO - Started process (PID=2040) to work on /opt/airflow/dags/f1_pipeline_dag.py
[2026-05-02T18:30:13.119+0000] {processor.py:830} INFO - Processing file /opt/airflow/dags/f1_pipeline_dag.py for tasks to queue
[2026-05-02T18:30:13.122+0000] {logging_mixin.py:188} INFO - [2026-05-02T18:30:13.120+0000] {dagbag.py:538} INFO - Filling up the DagBag from /opt/airflow/dags/f1_pipeline_dag.py
[2026-05-02T18:30:13.154+0000] {processor.py:840} INFO - DAG(s) 'f1_bigdata_pipeline' retrieved from /opt/airflow/dags/f1_pipeline_dag.py
[2026-05-02T18:30:13.179+0000] {logging_mixin.py:188} INFO - [2026-05-02T18:30:13.179+0000] {dag.py:3036} INFO - Sync 1 DAGs
[2026-05-02T18:30:13.199+0000] {logging_mixin.py:188} INFO - [2026-05-02T18:30:13.199+0000] {dag.py:3823} INFO - Setting next_dagrun for f1_bigdata_pipeline to 2026-04-27 06:00:00+00:00, run_after=2026-05-04 06:00:00+00:00
[2026-05-02T18:30:13.207+0000] {processor.py:183} INFO - Processing /opt/airflow/dags/f1_pipeline_dag.py took 0.104 seconds
[2026-05-02T18:30:43.457+0000] {processor.py:161} INFO - Started process (PID=2045) to work on /opt/airflow/dags/f1_pipeline_dag.py
[2026-05-02T18:30:43.459+0000] {processor.py:830} INFO - Processing file /opt/airflow/dags/f1_pipeline_dag.py for tasks to queue
[2026-05-02T18:30:43.460+0000] {logging_mixin.py:188} INFO - [2026-05-02T18:30:43.460+0000] {dagbag.py:538} INFO - Filling up the DagBag from /opt/airflow/dags/f1_pipeline_dag.py
[2026-05-02T18:30:43.500+0000] {processor.py:840} INFO - DAG(s) 'f1_bigdata_pipeline' retrieved from /opt/airflow/dags/f1_pipeline_dag.py
[2026-05-02T18:30:43.560+0000] {logging_mixin.py:188} INFO - [2026-05-02T18:30:43.560+0000] {dag.py:3036} INFO - Sync 1 DAGs
[2026-05-02T18:30:43.578+0000] {logging_mixin.py:188} INFO - [2026-05-02T18:30:43.578+0000] {dag.py:3823} INFO - Setting next_dagrun for f1_bigdata_pipeline to 2026-04-27 06:00:00+00:00, run_after=2026-05-04 06:00:00+00:00
[2026-05-02T18:30:43.589+0000] {processor.py:183} INFO - Processing /opt/airflow/dags/f1_pipeline_dag.py took 0.138 seconds
[2026-05-02T18:31:13.957+0000] {processor.py:161} INFO - Started process (PID=2050) to work on /opt/airflow/dags/f1_pipeline_dag.py
[2026-05-02T18:31:13.961+0000] {processor.py:830} INFO - Processing file /opt/airflow/dags/f1_pipeline_dag.py for tasks to queue
[2026-05-02T18:31:13.966+0000] {logging_mixin.py:188} INFO - [2026-05-02T18:31:13.964+0000] {dagbag.py:538} INFO - Filling up the DagBag from /opt/airflow/dags/f1_pipeline_dag.py
[2026-05-02T18:31:14.013+0000] {processor.py:840} INFO - DAG(s) 'f1_bigdata_pipeline' retrieved from /opt/airflow/dags/f1_pipeline_dag.py
[2026-05-02T18:31:14.078+0000] {logging_mixin.py:188} INFO - [2026-05-02T18:31:14.078+0000] {dag.py:3036} INFO - Sync 1 DAGs
[2026-05-02T18:31:14.108+0000] {logging_mixin.py:188} INFO - [2026-05-02T18:31:14.108+0000] {dag.py:3823} INFO - Setting next_dagrun for f1_bigdata_pipeline to 2026-04-27 06:00:00+00:00, run_after=2026-05-04 06:00:00+00:00
[2026-05-02T18:31:14.120+0000] {processor.py:183} INFO - Processing /opt/airflow/dags/f1_pipeline_dag.py took 0.174 seconds
[2026-05-02T18:31:44.659+0000] {processor.py:161} INFO - Started process (PID=2055) to work on /opt/airflow/dags/f1_pipeline_dag.py
[2026-05-02T18:31:44.663+0000] {processor.py:830} INFO - Processing file /opt/airflow/dags/f1_pipeline_dag.py for tasks to queue
[2026-05-02T18:31:44.665+0000] {logging_mixin.py:188} INFO - [2026-05-02T18:31:44.664+0000] {dagbag.py:538} INFO - Filling up the DagBag from /opt/airflow/dags/f1_pipeline_dag.py
[2026-05-02T18:31:44.692+0000] {processor.py:840} INFO - DAG(s) 'f1_bigdata_pipeline' retrieved from /opt/airflow/dags/f1_pipeline_dag.py
[2026-05-02T18:31:44.745+0000] {logging_mixin.py:188} INFO - [2026-05-02T18:31:44.745+0000] {dag.py:3036} INFO - Sync 1 DAGs
[2026-05-02T18:31:44.761+0000] {logging_mixin.py:188} INFO - [2026-05-02T18:31:44.761+0000] {dag.py:3823} INFO - Setting next_dagrun for f1_bigdata_pipeline to 2026-04-27 06:00:00+00:00, run_after=2026-05-04 06:00:00+00:00
[2026-05-02T18:31:44.770+0000] {processor.py:183} INFO - Processing /opt/airflow/dags/f1_pipeline_dag.py took 0.118 seconds
[2026-05-02T18:32:15.073+0000] {processor.py:161} INFO - Started process (PID=2060) to work on /opt/airflow/dags/f1_pipeline_dag.py
[2026-05-02T18:32:15.076+0000] {processor.py:830} INFO - Processing file /opt/airflow/dags/f1_pipeline_dag.py for tasks to queue
[2026-05-02T18:32:15.077+0000] {logging_mixin.py:188} INFO - [2026-05-02T18:32:15.077+0000] {dagbag.py:538} INFO - Filling up the DagBag from /opt/airflow/dags/f1_pipeline_dag.py
[2026-05-02T18:32:15.100+0000] {processor.py:840} INFO - DAG(s) 'f1_bigdata_pipeline' retrieved from /opt/airflow/dags/f1_pipeline_dag.py
[2026-05-02T18:32:16.590+0000] {logging_mixin.py:188} INFO - [2026-05-02T18:32:16.590+0000] {dag.py:3036} INFO - Sync 1 DAGs
[2026-05-02T18:32:16.606+0000] {logging_mixin.py:188} INFO - [2026-05-02T18:32:16.606+0000] {dag.py:3823} INFO - Setting next_dagrun for f1_bigdata_pipeline to 2026-04-27 06:00:00+00:00, run_after=2026-05-04 06:00:00+00:00
[2026-05-02T18:32:16.614+0000] {processor.py:183} INFO - Processing /opt/airflow/dags/f1_pipeline_dag.py took 1.547 seconds
[2026-05-02T18:32:46.915+0000] {processor.py:161} INFO - Started process (PID=2065) to work on /opt/airflow/dags/f1_pipeline_dag.py
[2026-05-02T18:32:46.917+0000] {processor.py:830} INFO - Processing file /opt/airflow/dags/f1_pipeline_dag.py for tasks to queue
[2026-05-02T18:32:46.919+0000] {logging_mixin.py:188} INFO - [2026-05-02T18:32:46.918+0000] {dagbag.py:538} INFO - Filling up the DagBag from /opt/airflow/dags/f1_pipeline_dag.py
[2026-05-02T18:32:46.945+0000] {processor.py:840} INFO - DAG(s) 'f1_bigdata_pipeline' retrieved from /opt/airflow/dags/f1_pipeline_dag.py
[2026-05-02T18:32:46.985+0000] {logging_mixin.py:188} INFO - [2026-05-02T18:32:46.985+0000] {dag.py:3036} INFO - Sync 1 DAGs
[2026-05-02T18:32:47.030+0000] {logging_mixin.py:188} INFO - [2026-05-02T18:32:47.027+0000] {dag.py:3823} INFO - Setting next_dagrun for f1_bigdata_pipeline to 2026-04-27 06:00:00+00:00, run_after=2026-05-04 06:00:00+00:00
[2026-05-02T18:32:47.051+0000] {processor.py:183} INFO - Processing /opt/airflow/dags/f1_pipeline_dag.py took 0.144 seconds
[2026-05-02T18:33:17.294+0000] {processor.py:161} INFO - Started process (PID=2070) to work on /opt/airflow/dags/f1_pipeline_dag.py
[2026-05-02T18:33:17.296+0000] {processor.py:830} INFO - Processing file /opt/airflow/dags/f1_pipeline_dag.py for tasks to queue
[2026-05-02T18:33:17.298+0000] {logging_mixin.py:188} INFO - [2026-05-02T18:33:17.297+0000] {dagbag.py:538} INFO - Filling up the DagBag from /opt/airflow/dags/f1_pipeline_dag.py
[2026-05-02T18:33:17.332+0000] {processor.py:840} INFO - DAG(s) 'f1_bigdata_pipeline' retrieved from /opt/airflow/dags/f1_pipeline_dag.py
[2026-05-02T18:33:17.382+0000] {logging_mixin.py:188} INFO - [2026-05-02T18:33:17.381+0000] {dag.py:3036} INFO - Sync 1 DAGs
[2026-05-02T18:33:17.397+0000] {logging_mixin.py:188} INFO - [2026-05-02T18:33:17.397+0000] {dag.py:3823} INFO - Setting next_dagrun for f1_bigdata_pipeline to 2026-04-27 06:00:00+00:00, run_after=2026-05-04 06:00:00+00:00
[2026-05-02T18:33:17.406+0000] {processor.py:183} INFO - Processing /opt/airflow/dags/f1_pipeline_dag.py took 0.118 seconds
[2026-05-02T18:33:47.750+0000] {processor.py:161} INFO - Started process (PID=2075) to work on /opt/airflow/dags/f1_pipeline_dag.py
[2026-05-02T18:33:47.753+0000] {processor.py:830} INFO - Processing file /opt/airflow/dags/f1_pipeline_dag.py for tasks to queue
[2026-05-02T18:33:47.755+0000] {logging_mixin.py:188} INFO - [2026-05-02T18:33:47.754+0000] {dagbag.py:538} INFO - Filling up the DagBag from /opt/airflow/dags/f1_pipeline_dag.py
[2026-05-02T18:33:47.793+0000] {processor.py:840} INFO - DAG(s) 'f1_bigdata_pipeline' retrieved from /opt/airflow/dags/f1_pipeline_dag.py
[2026-05-02T18:33:47.838+0000] {logging_mixin.py:188} INFO - [2026-05-02T18:33:47.838+0000] {dag.py:3036} INFO - Sync 1 DAGs
[2026-05-02T18:33:47.852+0000] {logging_mixin.py:188} INFO - [2026-05-02T18:33:47.852+0000] {dag.py:3823} INFO - Setting next_dagrun for f1_bigdata_pipeline to 2026-04-27 06:00:00+00:00, run_after=2026-05-04 06:00:00+00:00
[2026-05-02T18:33:47.862+0000] {processor.py:183} INFO - Processing /opt/airflow/dags/f1_pipeline_dag.py took 0.121 seconds
[2026-05-02T18:34:18.136+0000] {processor.py:161} INFO - Started process (PID=2080) to work on /opt/airflow/dags/f1_pipeline_dag.py
[2026-05-02T18:34:18.137+0000] {processor.py:830} INFO - Processing file /opt/airflow/dags/f1_pipeline_dag.py for tasks to queue
[2026-05-02T18:34:18.138+0000] {logging_mixin.py:188} INFO - [2026-05-02T18:34:18.138+0000] {dagbag.py:538} INFO - Filling up the DagBag from /opt/airflow/dags/f1_pipeline_dag.py
[2026-05-02T18:34:18.179+0000] {processor.py:840} INFO - DAG(s) 'f1_bigdata_pipeline' retrieved from /opt/airflow/dags/f1_pipeline_dag.py
[2026-05-02T18:34:18.233+0000] {logging_mixin.py:188} INFO - [2026-05-02T18:34:18.233+0000] {dag.py:3036} INFO - Sync 1 DAGs
[2026-05-02T18:34:18.245+0000] {logging_mixin.py:188} INFO - [2026-05-02T18:34:18.245+0000] {dag.py:3823} INFO - Setting next_dagrun for f1_bigdata_pipeline to 2026-04-27 06:00:00+00:00, run_after=2026-05-04 06:00:00+00:00
[2026-05-02T18:34:18.255+0000] {processor.py:183} INFO - Processing /opt/airflow/dags/f1_pipeline_dag.py took 0.123 seconds
[2026-05-02T18:34:48.526+0000] {processor.py:161} INFO - Started process (PID=2085) to work on /opt/airflow/dags/f1_pipeline_dag.py
[2026-05-02T18:34:48.529+0000] {processor.py:830} INFO - Processing file /opt/airflow/dags/f1_pipeline_dag.py for tasks to queue
[2026-05-02T18:34:48.532+0000] {logging_mixin.py:188} INFO - [2026-05-02T18:34:48.530+0000] {dagbag.py:538} INFO - Filling up the DagBag from /opt/airflow/dags/f1_pipeline_dag.py
[2026-05-02T18:34:48.561+0000] {processor.py:840} INFO - DAG(s) 'f1_bigdata_pipeline' retrieved from /opt/airflow/dags/f1_pipeline_dag.py
[2026-05-02T18:34:48.593+0000] {logging_mixin.py:188} INFO - [2026-05-02T18:34:48.593+0000] {dag.py:3036} INFO - Sync 1 DAGs
[2026-05-02T18:34:48.605+0000] {logging_mixin.py:188} INFO - [2026-05-02T18:34:48.605+0000] {dag.py:3823} INFO - Setting next_dagrun for f1_bigdata_pipeline to 2026-04-27 06:00:00+00:00, run_after=2026-05-04 06:00:00+00:00
[2026-05-02T18:34:48.613+0000] {processor.py:183} INFO - Processing /opt/airflow/dags/f1_pipeline_dag.py took 0.093 seconds
[2026-05-02T18:35:19.104+0000] {processor.py:161} INFO - Started process (PID=2090) to work on /opt/airflow/dags/f1_pipeline_dag.py
[2026-05-02T18:35:19.107+0000] {processor.py:830} INFO - Processing file /opt/airflow/dags/f1_pipeline_dag.py for tasks to queue
[2026-05-02T18:35:19.108+0000] {logging_mixin.py:188} INFO - [2026-05-02T18:35:19.107+0000] {dagbag.py:538} INFO - Filling up the DagBag from /opt/airflow/dags/f1_pipeline_dag.py
[2026-05-02T18:35:19.131+0000] {processor.py:840} INFO - DAG(s) 'f1_bigdata_pipeline' retrieved from /opt/airflow/dags/f1_pipeline_dag.py
[2026-05-02T18:35:19.181+0000] {logging_mixin.py:188} INFO - [2026-05-02T18:35:19.181+0000] {dag.py:3036} INFO - Sync 1 DAGs
[2026-05-02T18:35:19.193+0000] {logging_mixin.py:188} INFO - [2026-05-02T18:35:19.193+0000] {dag.py:3823} INFO - Setting next_dagrun for f1_bigdata_pipeline to 2026-04-27 06:00:00+00:00, run_after=2026-05-04 06:00:00+00:00
[2026-05-02T18:35:19.201+0000] {processor.py:183} INFO - Processing /opt/airflow/dags/f1_pipeline_dag.py took 0.104 seconds
[2026-05-02T18:35:49.473+0000] {processor.py:161} INFO - Started process (PID=2095) to work on /opt/airflow/dags/f1_pipeline_dag.py
[2026-05-02T18:35:49.475+0000] {processor.py:830} INFO - Processing file /opt/airflow/dags/f1_pipeline_dag.py for tasks to queue
[2026-05-02T18:35:49.480+0000] {logging_mixin.py:188} INFO - [2026-05-02T18:35:49.477+0000] {dagbag.py:538} INFO - Filling up the DagBag from /opt/airflow/dags/f1_pipeline_dag.py
[2026-05-02T18:35:49.534+0000] {processor.py:840} INFO - DAG(s) 'f1_bigdata_pipeline' retrieved from /opt/airflow/dags/f1_pipeline_dag.py
[2026-05-02T18:35:49.585+0000] {logging_mixin.py:188} INFO - [2026-05-02T18:35:49.585+0000] {dag.py:3036} INFO - Sync 1 DAGs
[2026-05-02T18:35:49.601+0000] {logging_mixin.py:188} INFO - [2026-05-02T18:35:49.601+0000] {dag.py:3823} INFO - Setting next_dagrun for f1_bigdata_pipeline to 2026-04-27 06:00:00+00:00, run_after=2026-05-04 06:00:00+00:00
[2026-05-02T18:35:49.609+0000] {processor.py:183} INFO - Processing /opt/airflow/dags/f1_pipeline_dag.py took 0.143 seconds
[2026-05-02T18:36:20.038+0000] {processor.py:161} INFO - Started process (PID=2100) to work on /opt/airflow/dags/f1_pipeline_dag.py
[2026-05-02T18:36:20.041+0000] {processor.py:830} INFO - Processing file /opt/airflow/dags/f1_pipeline_dag.py for tasks to queue
[2026-05-02T18:36:20.042+0000] {logging_mixin.py:188} INFO - [2026-05-02T18:36:20.042+0000] {dagbag.py:538} INFO - Filling up the DagBag from /opt/airflow/dags/f1_pipeline_dag.py
[2026-05-02T18:36:20.073+0000] {processor.py:840} INFO - DAG(s) 'f1_bigdata_pipeline' retrieved from /opt/airflow/dags/f1_pipeline_dag.py
[2026-05-02T18:36:20.152+0000] {logging_mixin.py:188} INFO - [2026-05-02T18:36:20.152+0000] {dag.py:3036} INFO - Sync 1 DAGs
[2026-05-02T18:36:20.177+0000] {logging_mixin.py:188} INFO - [2026-05-02T18:36:20.177+0000] {dag.py:3823} INFO - Setting next_dagrun for f1_bigdata_pipeline to 2026-04-27 06:00:00+00:00, run_after=2026-05-04 06:00:00+00:00
[2026-05-02T18:36:20.187+0000] {processor.py:183} INFO - Processing /opt/airflow/dags/f1_pipeline_dag.py took 0.156 seconds
[2026-05-02T18:36:50.619+0000] {processor.py:161} INFO - Started process (PID=2105) to work on /opt/airflow/dags/f1_pipeline_dag.py
[2026-05-02T18:36:50.623+0000] {processor.py:830} INFO - Processing file /opt/airflow/dags/f1_pipeline_dag.py for tasks to queue
[2026-05-02T18:36:50.624+0000] {logging_mixin.py:188} INFO - [2026-05-02T18:36:50.624+0000] {dagbag.py:538} INFO - Filling up the DagBag from /opt/airflow/dags/f1_pipeline_dag.py
[2026-05-02T18:36:50.648+0000] {processor.py:840} INFO - DAG(s) 'f1_bigdata_pipeline' retrieved from /opt/airflow/dags/f1_pipeline_dag.py
[2026-05-02T18:36:50.715+0000] {logging_mixin.py:188} INFO - [2026-05-02T18:36:50.715+0000] {dag.py:3036} INFO - Sync 1 DAGs
[2026-05-02T18:36:50.729+0000] {logging_mixin.py:188} INFO - [2026-05-02T18:36:50.729+0000] {dag.py:3823} INFO - Setting next_dagrun for f1_bigdata_pipeline to 2026-04-27 06:00:00+00:00, run_after=2026-05-04 06:00:00+00:00
[2026-05-02T18:36:50.748+0000] {processor.py:183} INFO - Processing /opt/airflow/dags/f1_pipeline_dag.py took 0.143 seconds
[2026-05-02T18:37:20.980+0000] {processor.py:161} INFO - Started process (PID=2110) to work on /opt/airflow/dags/f1_pipeline_dag.py
[2026-05-02T18:37:20.983+0000] {processor.py:830} INFO - Processing file /opt/airflow/dags/f1_pipeline_dag.py for tasks to queue
[2026-05-02T18:37:20.985+0000] {logging_mixin.py:188} INFO - [2026-05-02T18:37:20.984+0000] {dagbag.py:538} INFO - Filling up the DagBag from /opt/airflow/dags/f1_pipeline_dag.py
[2026-05-02T18:37:21.018+0000] {processor.py:840} INFO - DAG(s) 'f1_bigdata_pipeline' retrieved from /opt/airflow/dags/f1_pipeline_dag.py
[2026-05-02T18:37:21.051+0000] {logging_mixin.py:188} INFO - [2026-05-02T18:37:21.051+0000] {dag.py:3036} INFO - Sync 1 DAGs
[2026-05-02T18:37:21.064+0000] {logging_mixin.py:188} INFO - [2026-05-02T18:37:21.063+0000] {dag.py:3823} INFO - Setting next_dagrun for f1_bigdata_pipeline to 2026-04-27 06:00:00+00:00, run_after=2026-05-04 06:00:00+00:00
[2026-05-02T18:37:21.071+0000] {processor.py:183} INFO - Processing /opt/airflow/dags/f1_pipeline_dag.py took 0.102 seconds
[2026-05-02T18:37:51.423+0000] {processor.py:161} INFO - Started process (PID=2115) to work on /opt/airflow/dags/f1_pipeline_dag.py
[2026-05-02T18:37:51.426+0000] {processor.py:830} INFO - Processing file /opt/airflow/dags/f1_pipeline_dag.py for tasks to queue
[2026-05-02T18:37:51.427+0000] {logging_mixin.py:188} INFO - [2026-05-02T18:37:51.427+0000] {dagbag.py:538} INFO - Filling up the DagBag from /opt/airflow/dags/f1_pipeline_dag.py
[2026-05-02T18:37:51.445+0000] {processor.py:840} INFO - DAG(s) 'f1_bigdata_pipeline' retrieved from /opt/airflow/dags/f1_pipeline_dag.py
[2026-05-02T18:37:51.509+0000] {logging_mixin.py:188} INFO - [2026-05-02T18:37:51.509+0000] {dag.py:3036} INFO - Sync 1 DAGs
[2026-05-02T18:37:51.524+0000] {logging_mixin.py:188} INFO - [2026-05-02T18:37:51.523+0000] {dag.py:3823} INFO - Setting next_dagrun for f1_bigdata_pipeline to 2026-04-27 06:00:00+00:00, run_after=2026-05-04 06:00:00+00:00
[2026-05-02T18:37:51.534+0000] {processor.py:183} INFO - Processing /opt/airflow/dags/f1_pipeline_dag.py took 0.118 seconds
[2026-05-02T18:38:21.785+0000] {processor.py:161} INFO - Started process (PID=2120) to work on /opt/airflow/dags/f1_pipeline_dag.py
[2026-05-02T18:38:21.789+0000] {processor.py:830} INFO - Processing file /opt/airflow/dags/f1_pipeline_dag.py for tasks to queue
[2026-05-02T18:38:21.790+0000] {logging_mixin.py:188} INFO - [2026-05-02T18:38:21.790+0000] {dagbag.py:538} INFO - Filling up the DagBag from /opt/airflow/dags/f1_pipeline_dag.py
[2026-05-02T18:38:21.828+0000] {processor.py:840} INFO - DAG(s) 'f1_bigdata_pipeline' retrieved from /opt/airflow/dags/f1_pipeline_dag.py
[2026-05-02T18:38:21.861+0000] {logging_mixin.py:188} INFO - [2026-05-02T18:38:21.861+0000] {dag.py:3036} INFO - Sync 1 DAGs
[2026-05-02T18:38:21.873+0000] {logging_mixin.py:188} INFO - [2026-05-02T18:38:21.873+0000] {dag.py:3823} INFO - Setting next_dagrun for f1_bigdata_pipeline to 2026-04-27 06:00:00+00:00, run_after=2026-05-04 06:00:00+00:00
[2026-05-02T18:38:21.880+0000] {processor.py:183} INFO - Processing /opt/airflow/dags/f1_pipeline_dag.py took 0.103 seconds
[2026-05-02T18:38:52.190+0000] {processor.py:161} INFO - Started process (PID=2125) to work on /opt/airflow/dags/f1_pipeline_dag.py
[2026-05-02T18:38:52.192+0000] {processor.py:830} INFO - Processing file /opt/airflow/dags/f1_pipeline_dag.py for tasks to queue
[2026-05-02T18:38:52.194+0000] {logging_mixin.py:188} INFO - [2026-05-02T18:38:52.193+0000] {dagbag.py:538} INFO - Filling up the DagBag from /opt/airflow/dags/f1_pipeline_dag.py
[2026-05-02T18:38:52.241+0000] {processor.py:840} INFO - DAG(s) 'f1_bigdata_pipeline' retrieved from /opt/airflow/dags/f1_pipeline_dag.py
[2026-05-02T18:38:52.271+0000] {logging_mixin.py:188} INFO - [2026-05-02T18:38:52.271+0000] {dag.py:3036} INFO - Sync 1 DAGs
[2026-05-02T18:38:52.284+0000] {logging_mixin.py:188} INFO - [2026-05-02T18:38:52.284+0000] {dag.py:3823} INFO - Setting next_dagrun for f1_bigdata_pipeline to 2026-04-27 06:00:00+00:00, run_after=2026-05-04 06:00:00+00:00
[2026-05-02T18:38:52.293+0000] {processor.py:183} INFO - Processing /opt/airflow/dags/f1_pipeline_dag.py took 0.108 seconds
[2026-05-02T18:39:22.538+0000] {processor.py:161} INFO - Started process (PID=2130) to work on /opt/airflow/dags/f1_pipeline_dag.py
[2026-05-02T18:39:22.540+0000] {processor.py:830} INFO - Processing file /opt/airflow/dags/f1_pipeline_dag.py for tasks to queue
[2026-05-02T18:39:22.541+0000] {logging_mixin.py:188} INFO - [2026-05-02T18:39:22.540+0000] {dagbag.py:538} INFO - Filling up the DagBag from /opt/airflow/dags/f1_pipeline_dag.py
[2026-05-02T18:39:22.568+0000] {processor.py:840} INFO - DAG(s) 'f1_bigdata_pipeline' retrieved from /opt/airflow/dags/f1_pipeline_dag.py
[2026-05-02T18:39:22.600+0000] {logging_mixin.py:188} INFO - [2026-05-02T18:39:22.600+0000] {dag.py:3036} INFO - Sync 1 DAGs
[2026-05-02T18:39:22.612+0000] {logging_mixin.py:188} INFO - [2026-05-02T18:39:22.612+0000] {dag.py:3823} INFO - Setting next_dagrun for f1_bigdata_pipeline to 2026-04-27 06:00:00+00:00, run_after=2026-05-04 06:00:00+00:00
[2026-05-02T18:39:22.621+0000] {processor.py:183} INFO - Processing /opt/airflow/dags/f1_pipeline_dag.py took 0.087 seconds
[2026-05-02T18:39:52.951+0000] {processor.py:161} INFO - Started process (PID=2135) to work on /opt/airflow/dags/f1_pipeline_dag.py
[2026-05-02T18:39:52.953+0000] {processor.py:830} INFO - Processing file /opt/airflow/dags/f1_pipeline_dag.py for tasks to queue
[2026-05-02T18:39:52.954+0000] {logging_mixin.py:188} INFO - [2026-05-02T18:39:52.953+0000] {dagbag.py:538} INFO - Filling up the DagBag from /opt/airflow/dags/f1_pipeline_dag.py
[2026-05-02T18:39:53.004+0000] {processor.py:840} INFO - DAG(s) 'f1_bigdata_pipeline' retrieved from /opt/airflow/dags/f1_pipeline_dag.py
[2026-05-02T18:39:53.054+0000] {logging_mixin.py:188} INFO - [2026-05-02T18:39:53.053+0000] {dag.py:3036} INFO - Sync 1 DAGs
[2026-05-02T18:39:53.069+0000] {logging_mixin.py:188} INFO - [2026-05-02T18:39:53.069+0000] {dag.py:3823} INFO - Setting next_dagrun for f1_bigdata_pipeline to 2026-04-27 06:00:00+00:00, run_after=2026-05-04 06:00:00+00:00
[2026-05-02T18:39:53.080+0000] {processor.py:183} INFO - Processing /opt/airflow/dags/f1_pipeline_dag.py took 0.142 seconds
[2026-05-02T18:40:23.407+0000] {processor.py:161} INFO - Started process (PID=2140) to work on /opt/airflow/dags/f1_pipeline_dag.py
[2026-05-02T18:40:23.409+0000] {processor.py:830} INFO - Processing file /opt/airflow/dags/f1_pipeline_dag.py for tasks to queue
[2026-05-02T18:40:23.411+0000] {logging_mixin.py:188} INFO - [2026-05-02T18:40:23.410+0000] {dagbag.py:538} INFO - Filling up the DagBag from /opt/airflow/dags/f1_pipeline_dag.py
[2026-05-02T18:40:23.443+0000] {processor.py:840} INFO - DAG(s) 'f1_bigdata_pipeline' retrieved from /opt/airflow/dags/f1_pipeline_dag.py
[2026-05-02T18:40:23.481+0000] {logging_mixin.py:188} INFO - [2026-05-02T18:40:23.480+0000] {dag.py:3036} INFO - Sync 1 DAGs
[2026-05-02T18:40:23.493+0000] {logging_mixin.py:188} INFO - [2026-05-02T18:40:23.493+0000] {dag.py:3823} INFO - Setting next_dagrun for f1_bigdata_pipeline to 2026-04-27 06:00:00+00:00, run_after=2026-05-04 06:00:00+00:00
[2026-05-02T18:40:23.501+0000] {processor.py:183} INFO - Processing /opt/airflow/dags/f1_pipeline_dag.py took 0.108 seconds
[2026-05-02T18:40:53.855+0000] {processor.py:161} INFO - Started process (PID=2145) to work on /opt/airflow/dags/f1_pipeline_dag.py
[2026-05-02T18:40:53.857+0000] {processor.py:830} INFO - Processing file /opt/airflow/dags/f1_pipeline_dag.py for tasks to queue
[2026-05-02T18:40:53.858+0000] {logging_mixin.py:188} INFO - [2026-05-02T18:40:53.858+0000] {dagbag.py:538} INFO - Filling up the DagBag from /opt/airflow/dags/f1_pipeline_dag.py
[2026-05-02T18:40:53.910+0000] {processor.py:840} INFO - DAG(s) 'f1_bigdata_pipeline' retrieved from /opt/airflow/dags/f1_pipeline_dag.py
[2026-05-02T18:40:53.958+0000] {logging_mixin.py:188} INFO - [2026-05-02T18:40:53.958+0000] {dag.py:3036} INFO - Sync 1 DAGs
[2026-05-02T18:40:53.986+0000] {logging_mixin.py:188} INFO - [2026-05-02T18:40:53.986+0000] {dag.py:3823} INFO - Setting next_dagrun for f1_bigdata_pipeline to 2026-04-27 06:00:00+00:00, run_after=2026-05-04 06:00:00+00:00
[2026-05-02T18:40:53.997+0000] {processor.py:183} INFO - Processing /opt/airflow/dags/f1_pipeline_dag.py took 0.148 seconds
[2026-05-02T18:41:24.453+0000] {processor.py:161} INFO - Started process (PID=2150) to work on /opt/airflow/dags/f1_pipeline_dag.py
[2026-05-02T18:41:24.455+0000] {processor.py:830} INFO - Processing file /opt/airflow/dags/f1_pipeline_dag.py for tasks to queue
[2026-05-02T18:41:24.457+0000] {logging_mixin.py:188} INFO - [2026-05-02T18:41:24.456+0000] {dagbag.py:538} INFO - Filling up the DagBag from /opt/airflow/dags/f1_pipeline_dag.py
[2026-05-02T18:41:24.499+0000] {processor.py:840} INFO - DAG(s) 'f1_bigdata_pipeline' retrieved from /opt/airflow/dags/f1_pipeline_dag.py
[2026-05-02T18:41:24.536+0000] {logging_mixin.py:188} INFO - [2026-05-02T18:41:24.535+0000] {dag.py:3036} INFO - Sync 1 DAGs
[2026-05-02T18:41:24.571+0000] {logging_mixin.py:188} INFO - [2026-05-02T18:41:24.571+0000] {dag.py:3823} INFO - Setting next_dagrun for f1_bigdata_pipeline to 2026-04-27 06:00:00+00:00, run_after=2026-05-04 06:00:00+00:00
[2026-05-02T18:41:24.592+0000] {processor.py:183} INFO - Processing /opt/airflow/dags/f1_pipeline_dag.py took 0.146 seconds
[2026-05-02T18:41:54.955+0000] {processor.py:161} INFO - Started process (PID=2155) to work on /opt/airflow/dags/f1_pipeline_dag.py
[2026-05-02T18:41:54.956+0000] {processor.py:830} INFO - Processing file /opt/airflow/dags/f1_pipeline_dag.py for tasks to queue
[2026-05-02T18:41:54.958+0000] {logging_mixin.py:188} INFO - [2026-05-02T18:41:54.957+0000] {dagbag.py:538} INFO - Filling up the DagBag from /opt/airflow/dags/f1_pipeline_dag.py
[2026-05-02T18:41:54.986+0000] {processor.py:840} INFO - DAG(s) 'f1_bigdata_pipeline' retrieved from /opt/airflow/dags/f1_pipeline_dag.py
[2026-05-02T18:41:55.016+0000] {logging_mixin.py:188} INFO - [2026-05-02T18:41:55.016+0000] {dag.py:3036} INFO - Sync 1 DAGs
[2026-05-02T18:41:55.031+0000] {logging_mixin.py:188} INFO - [2026-05-02T18:41:55.031+0000] {dag.py:3823} INFO - Setting next_dagrun for f1_bigdata_pipeline to 2026-04-27 06:00:00+00:00, run_after=2026-05-04 06:00:00+00:00
[2026-05-02T18:41:55.040+0000] {processor.py:183} INFO - Processing /opt/airflow/dags/f1_pipeline_dag.py took 0.090 seconds
[2026-05-02T18:42:25.376+0000] {processor.py:161} INFO - Started process (PID=2160) to work on /opt/airflow/dags/f1_pipeline_dag.py
[2026-05-02T18:42:25.378+0000] {processor.py:830} INFO - Processing file /opt/airflow/dags/f1_pipeline_dag.py for tasks to queue
[2026-05-02T18:42:25.381+0000] {logging_mixin.py:188} INFO - [2026-05-02T18:42:25.380+0000] {dagbag.py:538} INFO - Filling up the DagBag from /opt/airflow/dags/f1_pipeline_dag.py
[2026-05-02T18:42:25.426+0000] {processor.py:840} INFO - DAG(s) 'f1_bigdata_pipeline' retrieved from /opt/airflow/dags/f1_pipeline_dag.py
[2026-05-02T18:42:25.459+0000] {logging_mixin.py:188} INFO - [2026-05-02T18:42:25.459+0000] {dag.py:3036} INFO - Sync 1 DAGs
[2026-05-02T18:42:25.541+0000] {logging_mixin.py:188} INFO - [2026-05-02T18:42:25.540+0000] {dag.py:3823} INFO - Setting next_dagrun for f1_bigdata_pipeline to 2026-04-27 06:00:00+00:00, run_after=2026-05-04 06:00:00+00:00
[2026-05-02T18:42:25.581+0000] {processor.py:183} INFO - Processing /opt/airflow/dags/f1_pipeline_dag.py took 0.210 seconds
[2026-05-02T18:42:55.799+0000] {processor.py:161} INFO - Started process (PID=2165) to work on /opt/airflow/dags/f1_pipeline_dag.py
[2026-05-02T18:42:55.803+0000] {processor.py:830} INFO - Processing file /opt/airflow/dags/f1_pipeline_dag.py for tasks to queue
[2026-05-02T18:42:55.805+0000] {logging_mixin.py:188} INFO - [2026-05-02T18:42:55.804+0000] {dagbag.py:538} INFO - Filling up the DagBag from /opt/airflow/dags/f1_pipeline_dag.py
[2026-05-02T18:42:55.845+0000] {processor.py:840} INFO - DAG(s) 'f1_bigdata_pipeline' retrieved from /opt/airflow/dags/f1_pipeline_dag.py
[2026-05-02T18:42:55.870+0000] {logging_mixin.py:188} INFO - [2026-05-02T18:42:55.870+0000] {dag.py:3036} INFO - Sync 1 DAGs
[2026-05-02T18:42:55.889+0000] {logging_mixin.py:188} INFO - [2026-05-02T18:42:55.889+0000] {dag.py:3823} INFO - Setting next_dagrun for f1_bigdata_pipeline to 2026-04-27 06:00:00+00:00, run_after=2026-05-04 06:00:00+00:00
[2026-05-02T18:42:55.897+0000] {processor.py:183} INFO - Processing /opt/airflow/dags/f1_pipeline_dag.py took 0.115 seconds
[2026-05-02T18:43:26.336+0000] {processor.py:161} INFO - Started process (PID=2170) to work on /opt/airflow/dags/f1_pipeline_dag.py
[2026-05-02T18:43:26.337+0000] {processor.py:830} INFO - Processing file /opt/airflow/dags/f1_pipeline_dag.py for tasks to queue
[2026-05-02T18:43:26.338+0000] {logging_mixin.py:188} INFO - [2026-05-02T18:43:26.338+0000] {dagbag.py:538} INFO - Filling up the DagBag from /opt/airflow/dags/f1_pipeline_dag.py
[2026-05-02T18:43:26.364+0000] {processor.py:840} INFO - DAG(s) 'f1_bigdata_pipeline' retrieved from /opt/airflow/dags/f1_pipeline_dag.py
[2026-05-02T18:43:26.388+0000] {logging_mixin.py:188} INFO - [2026-05-02T18:43:26.388+0000] {dag.py:3036} INFO - Sync 1 DAGs
[2026-05-02T18:43:26.410+0000] {logging_mixin.py:188} INFO - [2026-05-02T18:43:26.409+0000] {dag.py:3823} INFO - Setting next_dagrun for f1_bigdata_pipeline to 2026-04-27 06:00:00+00:00, run_after=2026-05-04 06:00:00+00:00
[2026-05-02T18:43:26.419+0000] {processor.py:183} INFO - Processing /opt/airflow/dags/f1_pipeline_dag.py took 0.088 seconds
[2026-05-02T18:43:56.824+0000] {processor.py:161} INFO - Started process (PID=2175) to work on /opt/airflow/dags/f1_pipeline_dag.py
[2026-05-02T18:43:56.828+0000] {processor.py:830} INFO - Processing file /opt/airflow/dags/f1_pipeline_dag.py for tasks to queue
[2026-05-02T18:43:56.832+0000] {logging_mixin.py:188} INFO - [2026-05-02T18:43:56.830+0000] {dagbag.py:538} INFO - Filling up the DagBag from /opt/airflow/dags/f1_pipeline_dag.py
[2026-05-02T18:43:56.871+0000] {processor.py:840} INFO - DAG(s) 'f1_bigdata_pipeline' retrieved from /opt/airflow/dags/f1_pipeline_dag.py
[2026-05-02T18:43:56.898+0000] {logging_mixin.py:188} INFO - [2026-05-02T18:43:56.898+0000] {dag.py:3036} INFO - Sync 1 DAGs
[2026-05-02T18:43:56.917+0000] {logging_mixin.py:188} INFO - [2026-05-02T18:43:56.917+0000] {dag.py:3823} INFO - Setting next_dagrun for f1_bigdata_pipeline to 2026-04-27 06:00:00+00:00, run_after=2026-05-04 06:00:00+00:00
[2026-05-02T18:43:56.930+0000] {processor.py:183} INFO - Processing /opt/airflow/dags/f1_pipeline_dag.py took 0.114 seconds
[2026-05-02T18:44:27.407+0000] {processor.py:161} INFO - Started process (PID=2180) to work on /opt/airflow/dags/f1_pipeline_dag.py
[2026-05-02T18:44:27.409+0000] {processor.py:830} INFO - Processing file /opt/airflow/dags/f1_pipeline_dag.py for tasks to queue
[2026-05-02T18:44:27.410+0000] {logging_mixin.py:188} INFO - [2026-05-02T18:44:27.410+0000] {dagbag.py:538} INFO - Filling up the DagBag from /opt/airflow/dags/f1_pipeline_dag.py
[2026-05-02T18:44:27.443+0000] {processor.py:840} INFO - DAG(s) 'f1_bigdata_pipeline' retrieved from /opt/airflow/dags/f1_pipeline_dag.py
[2026-05-02T18:44:27.491+0000] {logging_mixin.py:188} INFO - [2026-05-02T18:44:27.491+0000] {dag.py:3036} INFO - Sync 1 DAGs
[2026-05-02T18:44:27.508+0000] {logging_mixin.py:188} INFO - [2026-05-02T18:44:27.507+0000] {dag.py:3823} INFO - Setting next_dagrun for f1_bigdata_pipeline to 2026-04-27 06:00:00+00:00, run_after=2026-05-04 06:00:00+00:00
[2026-05-02T18:44:27.523+0000] {processor.py:183} INFO - Processing /opt/airflow/dags/f1_pipeline_dag.py took 0.129 seconds
[2026-05-02T18:44:57.792+0000] {processor.py:161} INFO - Started process (PID=2185) to work on /opt/airflow/dags/f1_pipeline_dag.py
[2026-05-02T18:44:57.795+0000] {processor.py:830} INFO - Processing file /opt/airflow/dags/f1_pipeline_dag.py for tasks to queue
[2026-05-02T18:44:57.796+0000] {logging_mixin.py:188} INFO - [2026-05-02T18:44:57.796+0000] {dagbag.py:538} INFO - Filling up the DagBag from /opt/airflow/dags/f1_pipeline_dag.py
[2026-05-02T18:44:57.810+0000] {processor.py:840} INFO - DAG(s) 'f1_bigdata_pipeline' retrieved from /opt/airflow/dags/f1_pipeline_dag.py
[2026-05-02T18:44:57.831+0000] {logging_mixin.py:188} INFO - [2026-05-02T18:44:57.831+0000] {dag.py:3036} INFO - Sync 1 DAGs
[2026-05-02T18:44:57.844+0000] {logging_mixin.py:188} INFO - [2026-05-02T18:44:57.844+0000] {dag.py:3823} INFO - Setting next_dagrun for f1_bigdata_pipeline to 2026-04-27 06:00:00+00:00, run_after=2026-05-04 06:00:00+00:00
[2026-05-02T18:44:57.852+0000] {processor.py:183} INFO - Processing /opt/airflow/dags/f1_pipeline_dag.py took 0.081 seconds
[2026-05-02T18:45:28.271+0000] {processor.py:161} INFO - Started process (PID=2190) to work on /opt/airflow/dags/f1_pipeline_dag.py
[2026-05-02T18:45:28.276+0000] {processor.py:830} INFO - Processing file /opt/airflow/dags/f1_pipeline_dag.py for tasks to queue
[2026-05-02T18:45:28.279+0000] {logging_mixin.py:188} INFO - [2026-05-02T18:45:28.276+0000] {dagbag.py:538} INFO - Filling up the DagBag from /opt/airflow/dags/f1_pipeline_dag.py
[2026-05-02T18:45:28.297+0000] {processor.py:840} INFO - DAG(s) 'f1_bigdata_pipeline' retrieved from /opt/airflow/dags/f1_pipeline_dag.py
[2026-05-02T18:45:28.321+0000] {logging_mixin.py:188} INFO - [2026-05-02T18:45:28.321+0000] {dag.py:3036} INFO - Sync 1 DAGs
[2026-05-02T18:45:28.334+0000] {logging_mixin.py:188} INFO - [2026-05-02T18:45:28.334+0000] {dag.py:3823} INFO - Setting next_dagrun for f1_bigdata_pipeline to 2026-04-27 06:00:00+00:00, run_after=2026-05-04 06:00:00+00:00
[2026-05-02T18:45:28.343+0000] {processor.py:183} INFO - Processing /opt/airflow/dags/f1_pipeline_dag.py took 0.076 seconds
[2026-05-02T18:45:58.740+0000] {processor.py:161} INFO - Started process (PID=2195) to work on /opt/airflow/dags/f1_pipeline_dag.py
[2026-05-02T18:45:58.742+0000] {processor.py:830} INFO - Processing file /opt/airflow/dags/f1_pipeline_dag.py for tasks to queue
[2026-05-02T18:45:58.743+0000] {logging_mixin.py:188} INFO - [2026-05-02T18:45:58.743+0000] {dagbag.py:538} INFO - Filling up the DagBag from /opt/airflow/dags/f1_pipeline_dag.py
[2026-05-02T18:45:58.763+0000] {processor.py:840} INFO - DAG(s) 'f1_bigdata_pipeline' retrieved from /opt/airflow/dags/f1_pipeline_dag.py
[2026-05-02T18:45:58.794+0000] {logging_mixin.py:188} INFO - [2026-05-02T18:45:58.794+0000] {dag.py:3036} INFO - Sync 1 DAGs
[2026-05-02T18:45:58.810+0000] {logging_mixin.py:188} INFO - [2026-05-02T18:45:58.810+0000] {dag.py:3823} INFO - Setting next_dagrun for f1_bigdata_pipeline to 2026-04-27 06:00:00+00:00, run_after=2026-05-04 06:00:00+00:00
[2026-05-02T18:45:58.825+0000] {processor.py:183} INFO - Processing /opt/airflow/dags/f1_pipeline_dag.py took 0.107 seconds
[2026-05-02T18:46:29.230+0000] {processor.py:161} INFO - Started process (PID=2200) to work on /opt/airflow/dags/f1_pipeline_dag.py
[2026-05-02T18:46:29.233+0000] {processor.py:830} INFO - Processing file /opt/airflow/dags/f1_pipeline_dag.py for tasks to queue
[2026-05-02T18:46:29.234+0000] {logging_mixin.py:188} INFO - [2026-05-02T18:46:29.233+0000] {dagbag.py:538} INFO - Filling up the DagBag from /opt/airflow/dags/f1_pipeline_dag.py
[2026-05-02T18:46:29.269+0000] {processor.py:840} INFO - DAG(s) 'f1_bigdata_pipeline' retrieved from /opt/airflow/dags/f1_pipeline_dag.py
[2026-05-02T18:46:29.297+0000] {logging_mixin.py:188} INFO - [2026-05-02T18:46:29.296+0000] {dag.py:3036} INFO - Sync 1 DAGs
[2026-05-02T18:46:29.310+0000] {logging_mixin.py:188} INFO - [2026-05-02T18:46:29.310+0000] {dag.py:3823} INFO - Setting next_dagrun for f1_bigdata_pipeline to 2026-04-27 06:00:00+00:00, run_after=2026-05-04 06:00:00+00:00
[2026-05-02T18:46:29.319+0000] {processor.py:183} INFO - Processing /opt/airflow/dags/f1_pipeline_dag.py took 0.097 seconds
[2026-05-02T18:46:59.655+0000] {processor.py:161} INFO - Started process (PID=2205) to work on /opt/airflow/dags/f1_pipeline_dag.py
[2026-05-02T18:46:59.657+0000] {processor.py:830} INFO - Processing file /opt/airflow/dags/f1_pipeline_dag.py for tasks to queue
[2026-05-02T18:46:59.658+0000] {logging_mixin.py:188} INFO - [2026-05-02T18:46:59.657+0000] {dagbag.py:538} INFO - Filling up the DagBag from /opt/airflow/dags/f1_pipeline_dag.py
[2026-05-02T18:46:59.677+0000] {processor.py:840} INFO - DAG(s) 'f1_bigdata_pipeline' retrieved from /opt/airflow/dags/f1_pipeline_dag.py
[2026-05-02T18:46:59.710+0000] {logging_mixin.py:188} INFO - [2026-05-02T18:46:59.710+0000] {dag.py:3036} INFO - Sync 1 DAGs
[2026-05-02T18:46:59.730+0000] {logging_mixin.py:188} INFO - [2026-05-02T18:46:59.730+0000] {dag.py:3823} INFO - Setting next_dagrun for f1_bigdata_pipeline to 2026-04-27 06:00:00+00:00, run_after=2026-05-04 06:00:00+00:00
[2026-05-02T18:46:59.742+0000] {processor.py:183} INFO - Processing /opt/airflow/dags/f1_pipeline_dag.py took 0.092 seconds
[2026-05-02T18:47:30.081+0000] {processor.py:161} INFO - Started process (PID=2210) to work on /opt/airflow/dags/f1_pipeline_dag.py
[2026-05-02T18:47:30.084+0000] {processor.py:830} INFO - Processing file /opt/airflow/dags/f1_pipeline_dag.py for tasks to queue
[2026-05-02T18:47:30.085+0000] {logging_mixin.py:188} INFO - [2026-05-02T18:47:30.084+0000] {dagbag.py:538} INFO - Filling up the DagBag from /opt/airflow/dags/f1_pipeline_dag.py
[2026-05-02T18:47:30.103+0000] {processor.py:840} INFO - DAG(s) 'f1_bigdata_pipeline' retrieved from /opt/airflow/dags/f1_pipeline_dag.py
[2026-05-02T18:47:30.139+0000] {logging_mixin.py:188} INFO - [2026-05-02T18:47:30.138+0000] {dag.py:3036} INFO - Sync 1 DAGs
[2026-05-02T18:47:30.154+0000] {logging_mixin.py:188} INFO - [2026-05-02T18:47:30.154+0000] {dag.py:3823} INFO - Setting next_dagrun for f1_bigdata_pipeline to 2026-04-27 06:00:00+00:00, run_after=2026-05-04 06:00:00+00:00
[2026-05-02T18:47:30.163+0000] {processor.py:183} INFO - Processing /opt/airflow/dags/f1_pipeline_dag.py took 0.087 seconds
[2026-05-02T18:48:00.400+0000] {processor.py:161} INFO - Started process (PID=2215) to work on /opt/airflow/dags/f1_pipeline_dag.py
[2026-05-02T18:48:00.401+0000] {processor.py:830} INFO - Processing file /opt/airflow/dags/f1_pipeline_dag.py for tasks to queue
[2026-05-02T18:48:00.402+0000] {logging_mixin.py:188} INFO - [2026-05-02T18:48:00.402+0000] {dagbag.py:538} INFO - Filling up the DagBag from /opt/airflow/dags/f1_pipeline_dag.py
[2026-05-02T18:48:00.416+0000] {processor.py:840} INFO - DAG(s) 'f1_bigdata_pipeline' retrieved from /opt/airflow/dags/f1_pipeline_dag.py
[2026-05-02T18:48:00.436+0000] {logging_mixin.py:188} INFO - [2026-05-02T18:48:00.436+0000] {dag.py:3036} INFO - Sync 1 DAGs
[2026-05-02T18:48:00.449+0000] {logging_mixin.py:188} INFO - [2026-05-02T18:48:00.449+0000] {dag.py:3823} INFO - Setting next_dagrun for f1_bigdata_pipeline to 2026-04-27 06:00:00+00:00, run_after=2026-05-04 06:00:00+00:00
[2026-05-02T18:48:00.458+0000] {processor.py:183} INFO - Processing /opt/airflow/dags/f1_pipeline_dag.py took 0.079 seconds
[2026-05-02T18:48:30.806+0000] {processor.py:161} INFO - Started process (PID=2220) to work on /opt/airflow/dags/f1_pipeline_dag.py
[2026-05-02T18:48:30.808+0000] {processor.py:830} INFO - Processing file /opt/airflow/dags/f1_pipeline_dag.py for tasks to queue
[2026-05-02T18:48:30.809+0000] {logging_mixin.py:188} INFO - [2026-05-02T18:48:30.808+0000] {dagbag.py:538} INFO - Filling up the DagBag from /opt/airflow/dags/f1_pipeline_dag.py
[2026-05-02T18:48:30.833+0000] {processor.py:840} INFO - DAG(s) 'f1_bigdata_pipeline' retrieved from /opt/airflow/dags/f1_pipeline_dag.py
[2026-05-02T18:48:30.856+0000] {logging_mixin.py:188} INFO - [2026-05-02T18:48:30.856+0000] {dag.py:3036} INFO - Sync 1 DAGs
[2026-05-02T18:48:30.876+0000] {logging_mixin.py:188} INFO - [2026-05-02T18:48:30.876+0000] {dag.py:3823} INFO - Setting next_dagrun for f1_bigdata_pipeline to 2026-04-27 06:00:00+00:00, run_after=2026-05-04 06:00:00+00:00
[2026-05-02T18:48:30.884+0000] {processor.py:183} INFO - Processing /opt/airflow/dags/f1_pipeline_dag.py took 0.083 seconds
[2026-05-02T18:49:01.155+0000] {processor.py:161} INFO - Started process (PID=2225) to work on /opt/airflow/dags/f1_pipeline_dag.py
[2026-05-02T18:49:01.157+0000] {processor.py:830} INFO - Processing file /opt/airflow/dags/f1_pipeline_dag.py for tasks to queue
[2026-05-02T18:49:01.158+0000] {logging_mixin.py:188} INFO - [2026-05-02T18:49:01.158+0000] {dagbag.py:538} INFO - Filling up the DagBag from /opt/airflow/dags/f1_pipeline_dag.py
[2026-05-02T18:49:01.184+0000] {processor.py:840} INFO - DAG(s) 'f1_bigdata_pipeline' retrieved from /opt/airflow/dags/f1_pipeline_dag.py
[2026-05-02T18:49:01.212+0000] {logging_mixin.py:188} INFO - [2026-05-02T18:49:01.212+0000] {dag.py:3036} INFO - Sync 1 DAGs
[2026-05-02T18:49:01.225+0000] {logging_mixin.py:188} INFO - [2026-05-02T18:49:01.224+0000] {dag.py:3823} INFO - Setting next_dagrun for f1_bigdata_pipeline to 2026-04-27 06:00:00+00:00, run_after=2026-05-04 06:00:00+00:00
[2026-05-02T18:49:01.233+0000] {processor.py:183} INFO - Processing /opt/airflow/dags/f1_pipeline_dag.py took 0.083 seconds
[2026-05-02T18:49:31.515+0000] {processor.py:161} INFO - Started process (PID=2230) to work on /opt/airflow/dags/f1_pipeline_dag.py
[2026-05-02T18:49:31.517+0000] {processor.py:830} INFO - Processing file /opt/airflow/dags/f1_pipeline_dag.py for tasks to queue
[2026-05-02T18:49:31.518+0000] {logging_mixin.py:188} INFO - [2026-05-02T18:49:31.517+0000] {dagbag.py:538} INFO - Filling up the DagBag from /opt/airflow/dags/f1_pipeline_dag.py
[2026-05-02T18:49:31.537+0000] {processor.py:840} INFO - DAG(s) 'f1_bigdata_pipeline' retrieved from /opt/airflow/dags/f1_pipeline_dag.py
[2026-05-02T18:49:31.559+0000] {logging_mixin.py:188} INFO - [2026-05-02T18:49:31.559+0000] {dag.py:3036} INFO - Sync 1 DAGs
[2026-05-02T18:49:31.575+0000] {logging_mixin.py:188} INFO - [2026-05-02T18:49:31.575+0000] {dag.py:3823} INFO - Setting next_dagrun for f1_bigdata_pipeline to 2026-04-27 06:00:00+00:00, run_after=2026-05-04 06:00:00+00:00
[2026-05-02T18:49:31.590+0000] {processor.py:183} INFO - Processing /opt/airflow/dags/f1_pipeline_dag.py took 0.073 seconds
[2026-05-02T18:50:01.941+0000] {processor.py:161} INFO - Started process (PID=2235) to work on /opt/airflow/dags/f1_pipeline_dag.py
[2026-05-02T18:50:01.943+0000] {processor.py:830} INFO - Processing file /opt/airflow/dags/f1_pipeline_dag.py for tasks to queue
[2026-05-02T18:50:01.944+0000] {logging_mixin.py:188} INFO - [2026-05-02T18:50:01.944+0000] {dagbag.py:538} INFO - Filling up the DagBag from /opt/airflow/dags/f1_pipeline_dag.py
[2026-05-02T18:50:01.978+0000] {processor.py:840} INFO - DAG(s) 'f1_bigdata_pipeline' retrieved from /opt/airflow/dags/f1_pipeline_dag.py
[2026-05-02T18:50:02.037+0000] {logging_mixin.py:188} INFO - [2026-05-02T18:50:02.036+0000] {dag.py:3036} INFO - Sync 1 DAGs
[2026-05-02T18:50:02.051+0000] {logging_mixin.py:188} INFO - [2026-05-02T18:50:02.051+0000] {dag.py:3823} INFO - Setting next_dagrun for f1_bigdata_pipeline to 2026-04-27 06:00:00+00:00, run_after=2026-05-04 06:00:00+00:00
[2026-05-02T18:50:02.060+0000] {processor.py:183} INFO - Processing /opt/airflow/dags/f1_pipeline_dag.py took 0.125 seconds
[2026-05-02T18:50:32.512+0000] {processor.py:161} INFO - Started process (PID=2240) to work on /opt/airflow/dags/f1_pipeline_dag.py
[2026-05-02T18:50:32.516+0000] {processor.py:830} INFO - Processing file /opt/airflow/dags/f1_pipeline_dag.py for tasks to queue
[2026-05-02T18:50:32.517+0000] {logging_mixin.py:188} INFO - [2026-05-02T18:50:32.517+0000] {dagbag.py:538} INFO - Filling up the DagBag from /opt/airflow/dags/f1_pipeline_dag.py
[2026-05-02T18:50:32.539+0000] {processor.py:840} INFO - DAG(s) 'f1_bigdata_pipeline' retrieved from /opt/airflow/dags/f1_pipeline_dag.py
[2026-05-02T18:50:32.586+0000] {logging_mixin.py:188} INFO - [2026-05-02T18:50:32.585+0000] {dag.py:3036} INFO - Sync 1 DAGs
[2026-05-02T18:50:32.603+0000] {logging_mixin.py:188} INFO - [2026-05-02T18:50:32.603+0000] {dag.py:3823} INFO - Setting next_dagrun for f1_bigdata_pipeline to 2026-04-27 06:00:00+00:00, run_after=2026-05-04 06:00:00+00:00
[2026-05-02T18:50:32.612+0000] {processor.py:183} INFO - Processing /opt/airflow/dags/f1_pipeline_dag.py took 0.107 seconds
[2026-05-02T18:51:02.957+0000] {processor.py:161} INFO - Started process (PID=2245) to work on /opt/airflow/dags/f1_pipeline_dag.py
[2026-05-02T18:51:02.959+0000] {processor.py:830} INFO - Processing file /opt/airflow/dags/f1_pipeline_dag.py for tasks to queue
[2026-05-02T18:51:02.960+0000] {logging_mixin.py:188} INFO - [2026-05-02T18:51:02.960+0000] {dagbag.py:538} INFO - Filling up the DagBag from /opt/airflow/dags/f1_pipeline_dag.py
[2026-05-02T18:51:02.985+0000] {processor.py:840} INFO - DAG(s) 'f1_bigdata_pipeline' retrieved from /opt/airflow/dags/f1_pipeline_dag.py
[2026-05-02T18:51:03.020+0000] {logging_mixin.py:188} INFO - [2026-05-02T18:51:03.020+0000] {dag.py:3036} INFO - Sync 1 DAGs
[2026-05-02T18:51:03.040+0000] {logging_mixin.py:188} INFO - [2026-05-02T18:51:03.040+0000] {dag.py:3823} INFO - Setting next_dagrun for f1_bigdata_pipeline to 2026-04-27 06:00:00+00:00, run_after=2026-05-04 06:00:00+00:00
[2026-05-02T18:51:03.048+0000] {processor.py:183} INFO - Processing /opt/airflow/dags/f1_pipeline_dag.py took 0.097 seconds
[2026-05-02T18:51:33.314+0000] {processor.py:161} INFO - Started process (PID=2250) to work on /opt/airflow/dags/f1_pipeline_dag.py
[2026-05-02T18:51:33.316+0000] {processor.py:830} INFO - Processing file /opt/airflow/dags/f1_pipeline_dag.py for tasks to queue
[2026-05-02T18:51:33.318+0000] {logging_mixin.py:188} INFO - [2026-05-02T18:51:33.317+0000] {dagbag.py:538} INFO - Filling up the DagBag from /opt/airflow/dags/f1_pipeline_dag.py
[2026-05-02T18:51:33.348+0000] {processor.py:840} INFO - DAG(s) 'f1_bigdata_pipeline' retrieved from /opt/airflow/dags/f1_pipeline_dag.py
[2026-05-02T18:51:33.371+0000] {logging_mixin.py:188} INFO - [2026-05-02T18:51:33.371+0000] {dag.py:3036} INFO - Sync 1 DAGs
[2026-05-02T18:51:33.384+0000] {logging_mixin.py:188} INFO - [2026-05-02T18:51:33.384+0000] {dag.py:3823} INFO - Setting next_dagrun for f1_bigdata_pipeline to 2026-04-27 06:00:00+00:00, run_after=2026-05-04 06:00:00+00:00
[2026-05-02T18:51:33.392+0000] {processor.py:183} INFO - Processing /opt/airflow/dags/f1_pipeline_dag.py took 0.087 seconds
[2026-05-02T18:52:03.735+0000] {processor.py:161} INFO - Started process (PID=2255) to work on /opt/airflow/dags/f1_pipeline_dag.py
[2026-05-02T18:52:03.737+0000] {processor.py:830} INFO - Processing file /opt/airflow/dags/f1_pipeline_dag.py for tasks to queue
[2026-05-02T18:52:03.739+0000] {logging_mixin.py:188} INFO - [2026-05-02T18:52:03.738+0000] {dagbag.py:538} INFO - Filling up the DagBag from /opt/airflow/dags/f1_pipeline_dag.py
[2026-05-02T18:52:03.759+0000] {processor.py:840} INFO - DAG(s) 'f1_bigdata_pipeline' retrieved from /opt/airflow/dags/f1_pipeline_dag.py
[2026-05-02T18:52:03.799+0000] {logging_mixin.py:188} INFO - [2026-05-02T18:52:03.799+0000] {dag.py:3036} INFO - Sync 1 DAGs
[2026-05-02T18:52:03.813+0000] {logging_mixin.py:188} INFO - [2026-05-02T18:52:03.813+0000] {dag.py:3823} INFO - Setting next_dagrun for f1_bigdata_pipeline to 2026-04-27 06:00:00+00:00, run_after=2026-05-04 06:00:00+00:00
[2026-05-02T18:52:03.824+0000] {processor.py:183} INFO - Processing /opt/airflow/dags/f1_pipeline_dag.py took 0.096 seconds
[2026-05-02T18:52:34.208+0000] {processor.py:161} INFO - Started process (PID=2260) to work on /opt/airflow/dags/f1_pipeline_dag.py
[2026-05-02T18:52:34.210+0000] {processor.py:830} INFO - Processing file /opt/airflow/dags/f1_pipeline_dag.py for tasks to queue
[2026-05-02T18:52:34.220+0000] {logging_mixin.py:188} INFO - [2026-05-02T18:52:34.211+0000] {dagbag.py:538} INFO - Filling up the DagBag from /opt/airflow/dags/f1_pipeline_dag.py
[2026-05-02T18:52:34.251+0000] {processor.py:840} INFO - DAG(s) 'f1_bigdata_pipeline' retrieved from /opt/airflow/dags/f1_pipeline_dag.py
[2026-05-02T18:52:34.271+0000] {logging_mixin.py:188} INFO - [2026-05-02T18:52:34.271+0000] {dag.py:3036} INFO - Sync 1 DAGs
[2026-05-02T18:52:34.284+0000] {logging_mixin.py:188} INFO - [2026-05-02T18:52:34.284+0000] {dag.py:3823} INFO - Setting next_dagrun for f1_bigdata_pipeline to 2026-04-27 06:00:00+00:00, run_after=2026-05-04 06:00:00+00:00
[2026-05-02T18:52:34.292+0000] {processor.py:183} INFO - Processing /opt/airflow/dags/f1_pipeline_dag.py took 0.093 seconds
[2026-05-02T19:08:51.955+0000] {processor.py:161} INFO - Started process (PID=2265) to work on /opt/airflow/dags/f1_pipeline_dag.py
[2026-05-02T19:08:51.957+0000] {processor.py:830} INFO - Processing file /opt/airflow/dags/f1_pipeline_dag.py for tasks to queue
[2026-05-02T19:08:51.959+0000] {logging_mixin.py:188} INFO - [2026-05-02T19:08:51.958+0000] {dagbag.py:538} INFO - Filling up the DagBag from /opt/airflow/dags/f1_pipeline_dag.py
[2026-05-02T19:08:51.998+0000] {processor.py:840} INFO - DAG(s) 'f1_bigdata_pipeline' retrieved from /opt/airflow/dags/f1_pipeline_dag.py
[2026-05-02T19:08:52.059+0000] {logging_mixin.py:188} INFO - [2026-05-02T19:08:52.058+0000] {dag.py:3036} INFO - Sync 1 DAGs
[2026-05-02T19:08:52.125+0000] {logging_mixin.py:188} INFO - [2026-05-02T19:08:52.125+0000] {dag.py:3823} INFO - Setting next_dagrun for f1_bigdata_pipeline to 2026-04-27 06:00:00+00:00, run_after=2026-05-04 06:00:00+00:00
[2026-05-02T19:08:52.146+0000] {processor.py:183} INFO - Processing /opt/airflow/dags/f1_pipeline_dag.py took 0.211 seconds
[2026-05-02T19:09:22.390+0000] {processor.py:161} INFO - Started process (PID=2272) to work on /opt/airflow/dags/f1_pipeline_dag.py
[2026-05-02T19:09:22.392+0000] {processor.py:830} INFO - Processing file /opt/airflow/dags/f1_pipeline_dag.py for tasks to queue
[2026-05-02T19:09:22.393+0000] {logging_mixin.py:188} INFO - [2026-05-02T19:09:22.393+0000] {dagbag.py:538} INFO - Filling up the DagBag from /opt/airflow/dags/f1_pipeline_dag.py
[2026-05-02T19:09:22.412+0000] {processor.py:840} INFO - DAG(s) 'f1_bigdata_pipeline' retrieved from /opt/airflow/dags/f1_pipeline_dag.py
[2026-05-02T19:09:22.438+0000] {logging_mixin.py:188} INFO - [2026-05-02T19:09:22.438+0000] {dag.py:3036} INFO - Sync 1 DAGs
[2026-05-02T19:09:22.453+0000] {logging_mixin.py:188} INFO - [2026-05-02T19:09:22.453+0000] {dag.py:3823} INFO - Setting next_dagrun for f1_bigdata_pipeline to 2026-04-27 06:00:00+00:00, run_after=2026-05-04 06:00:00+00:00
[2026-05-02T19:09:22.461+0000] {processor.py:183} INFO - Processing /opt/airflow/dags/f1_pipeline_dag.py took 0.094 seconds
[2026-05-02T19:09:52.860+0000] {processor.py:161} INFO - Started process (PID=2277) to work on /opt/airflow/dags/f1_pipeline_dag.py
[2026-05-02T19:09:52.863+0000] {processor.py:830} INFO - Processing file /opt/airflow/dags/f1_pipeline_dag.py for tasks to queue
[2026-05-02T19:09:52.865+0000] {logging_mixin.py:188} INFO - [2026-05-02T19:09:52.864+0000] {dagbag.py:538} INFO - Filling up the DagBag from /opt/airflow/dags/f1_pipeline_dag.py
[2026-05-02T19:09:52.899+0000] {processor.py:840} INFO - DAG(s) 'f1_bigdata_pipeline' retrieved from /opt/airflow/dags/f1_pipeline_dag.py
[2026-05-02T19:09:52.946+0000] {logging_mixin.py:188} INFO - [2026-05-02T19:09:52.946+0000] {dag.py:3036} INFO - Sync 1 DAGs
[2026-05-02T19:09:52.964+0000] {logging_mixin.py:188} INFO - [2026-05-02T19:09:52.963+0000] {dag.py:3823} INFO - Setting next_dagrun for f1_bigdata_pipeline to 2026-04-27 06:00:00+00:00, run_after=2026-05-04 06:00:00+00:00
[2026-05-02T19:09:52.976+0000] {processor.py:183} INFO - Processing /opt/airflow/dags/f1_pipeline_dag.py took 0.121 seconds
[2026-05-02T19:10:23.351+0000] {processor.py:161} INFO - Started process (PID=2282) to work on /opt/airflow/dags/f1_pipeline_dag.py
[2026-05-02T19:10:23.352+0000] {processor.py:830} INFO - Processing file /opt/airflow/dags/f1_pipeline_dag.py for tasks to queue
[2026-05-02T19:10:23.354+0000] {logging_mixin.py:188} INFO - [2026-05-02T19:10:23.353+0000] {dagbag.py:538} INFO - Filling up the DagBag from /opt/airflow/dags/f1_pipeline_dag.py
[2026-05-02T19:10:23.366+0000] {processor.py:840} INFO - DAG(s) 'f1_bigdata_pipeline' retrieved from /opt/airflow/dags/f1_pipeline_dag.py
[2026-05-02T19:10:23.403+0000] {logging_mixin.py:188} INFO - [2026-05-02T19:10:23.403+0000] {dag.py:3036} INFO - Sync 1 DAGs
[2026-05-02T19:10:23.416+0000] {logging_mixin.py:188} INFO - [2026-05-02T19:10:23.416+0000] {dag.py:3823} INFO - Setting next_dagrun for f1_bigdata_pipeline to 2026-04-27 06:00:00+00:00, run_after=2026-05-04 06:00:00+00:00
[2026-05-02T19:10:23.424+0000] {processor.py:183} INFO - Processing /opt/airflow/dags/f1_pipeline_dag.py took 0.079 seconds
[2026-05-02T19:10:53.783+0000] {processor.py:161} INFO - Started process (PID=2287) to work on /opt/airflow/dags/f1_pipeline_dag.py
[2026-05-02T19:10:53.785+0000] {processor.py:830} INFO - Processing file /opt/airflow/dags/f1_pipeline_dag.py for tasks to queue
[2026-05-02T19:10:53.787+0000] {logging_mixin.py:188} INFO - [2026-05-02T19:10:53.786+0000] {dagbag.py:538} INFO - Filling up the DagBag from /opt/airflow/dags/f1_pipeline_dag.py
[2026-05-02T19:10:53.830+0000] {processor.py:840} INFO - DAG(s) 'f1_bigdata_pipeline' retrieved from /opt/airflow/dags/f1_pipeline_dag.py
[2026-05-02T19:10:53.856+0000] {logging_mixin.py:188} INFO - [2026-05-02T19:10:53.856+0000] {dag.py:3036} INFO - Sync 1 DAGs
[2026-05-02T19:10:53.883+0000] {logging_mixin.py:188} INFO - [2026-05-02T19:10:53.882+0000] {dag.py:3823} INFO - Setting next_dagrun for f1_bigdata_pipeline to 2026-04-27 06:00:00+00:00, run_after=2026-05-04 06:00:00+00:00
[2026-05-02T19:10:53.891+0000] {processor.py:183} INFO - Processing /opt/airflow/dags/f1_pipeline_dag.py took 0.115 seconds
[2026-05-02T19:11:24.166+0000] {processor.py:161} INFO - Started process (PID=2292) to work on /opt/airflow/dags/f1_pipeline_dag.py
[2026-05-02T19:11:24.167+0000] {processor.py:830} INFO - Processing file /opt/airflow/dags/f1_pipeline_dag.py for tasks to queue
[2026-05-02T19:11:24.168+0000] {logging_mixin.py:188} INFO - [2026-05-02T19:11:24.168+0000] {dagbag.py:538} INFO - Filling up the DagBag from /opt/airflow/dags/f1_pipeline_dag.py
[2026-05-02T19:11:24.187+0000] {processor.py:840} INFO - DAG(s) 'f1_bigdata_pipeline' retrieved from /opt/airflow/dags/f1_pipeline_dag.py
[2026-05-02T19:11:24.230+0000] {logging_mixin.py:188} INFO - [2026-05-02T19:11:24.230+0000] {dag.py:3036} INFO - Sync 1 DAGs
[2026-05-02T19:11:24.244+0000] {logging_mixin.py:188} INFO - [2026-05-02T19:11:24.244+0000] {dag.py:3823} INFO - Setting next_dagrun for f1_bigdata_pipeline to 2026-04-27 06:00:00+00:00, run_after=2026-05-04 06:00:00+00:00
[2026-05-02T19:11:24.256+0000] {processor.py:183} INFO - Processing /opt/airflow/dags/f1_pipeline_dag.py took 0.096 seconds
[2026-05-02T19:11:54.708+0000] {processor.py:161} INFO - Started process (PID=2297) to work on /opt/airflow/dags/f1_pipeline_dag.py
[2026-05-02T19:11:54.710+0000] {processor.py:830} INFO - Processing file /opt/airflow/dags/f1_pipeline_dag.py for tasks to queue
[2026-05-02T19:11:54.711+0000] {logging_mixin.py:188} INFO - [2026-05-02T19:11:54.711+0000] {dagbag.py:538} INFO - Filling up the DagBag from /opt/airflow/dags/f1_pipeline_dag.py
[2026-05-02T19:11:54.728+0000] {processor.py:840} INFO - DAG(s) 'f1_bigdata_pipeline' retrieved from /opt/airflow/dags/f1_pipeline_dag.py
[2026-05-02T19:11:54.749+0000] {logging_mixin.py:188} INFO - [2026-05-02T19:11:54.749+0000] {dag.py:3036} INFO - Sync 1 DAGs
[2026-05-02T19:11:54.771+0000] {logging_mixin.py:188} INFO - [2026-05-02T19:11:54.771+0000] {dag.py:3823} INFO - Setting next_dagrun for f1_bigdata_pipeline to 2026-04-27 06:00:00+00:00, run_after=2026-05-04 06:00:00+00:00
[2026-05-02T19:11:54.799+0000] {processor.py:183} INFO - Processing /opt/airflow/dags/f1_pipeline_dag.py took 0.098 seconds
[2026-05-02T19:12:25.057+0000] {processor.py:161} INFO - Started process (PID=2302) to work on /opt/airflow/dags/f1_pipeline_dag.py
[2026-05-02T19:12:25.058+0000] {processor.py:830} INFO - Processing file /opt/airflow/dags/f1_pipeline_dag.py for tasks to queue
[2026-05-02T19:12:25.060+0000] {logging_mixin.py:188} INFO - [2026-05-02T19:12:25.059+0000] {dagbag.py:538} INFO - Filling up the DagBag from /opt/airflow/dags/f1_pipeline_dag.py
[2026-05-02T19:12:25.092+0000] {processor.py:840} INFO - DAG(s) 'f1_bigdata_pipeline' retrieved from /opt/airflow/dags/f1_pipeline_dag.py
[2026-05-02T19:12:25.118+0000] {logging_mixin.py:188} INFO - [2026-05-02T19:12:25.118+0000] {dag.py:3036} INFO - Sync 1 DAGs
[2026-05-02T19:12:25.132+0000] {logging_mixin.py:188} INFO - [2026-05-02T19:12:25.132+0000] {dag.py:3823} INFO - Setting next_dagrun for f1_bigdata_pipeline to 2026-04-27 06:00:00+00:00, run_after=2026-05-04 06:00:00+00:00
[2026-05-02T19:12:25.141+0000] {processor.py:183} INFO - Processing /opt/airflow/dags/f1_pipeline_dag.py took 0.092 seconds
[2026-05-02T19:12:55.386+0000] {processor.py:161} INFO - Started process (PID=2307) to work on /opt/airflow/dags/f1_pipeline_dag.py
[2026-05-02T19:12:55.389+0000] {processor.py:830} INFO - Processing file /opt/airflow/dags/f1_pipeline_dag.py for tasks to queue
[2026-05-02T19:12:55.390+0000] {logging_mixin.py:188} INFO - [2026-05-02T19:12:55.389+0000] {dagbag.py:538} INFO - Filling up the DagBag from /opt/airflow/dags/f1_pipeline_dag.py
[2026-05-02T19:12:55.407+0000] {processor.py:840} INFO - DAG(s) 'f1_bigdata_pipeline' retrieved from /opt/airflow/dags/f1_pipeline_dag.py
[2026-05-02T19:12:55.448+0000] {logging_mixin.py:188} INFO - [2026-05-02T19:12:55.448+0000] {dag.py:3036} INFO - Sync 1 DAGs
[2026-05-02T19:12:55.462+0000] {logging_mixin.py:188} INFO - [2026-05-02T19:12:55.462+0000] {dag.py:3823} INFO - Setting next_dagrun for f1_bigdata_pipeline to 2026-04-27 06:00:00+00:00, run_after=2026-05-04 06:00:00+00:00
[2026-05-02T19:12:55.470+0000] {processor.py:183} INFO - Processing /opt/airflow/dags/f1_pipeline_dag.py took 0.089 seconds
[2026-05-02T19:13:25.768+0000] {processor.py:161} INFO - Started process (PID=2312) to work on /opt/airflow/dags/f1_pipeline_dag.py
[2026-05-02T19:13:25.770+0000] {processor.py:830} INFO - Processing file /opt/airflow/dags/f1_pipeline_dag.py for tasks to queue
[2026-05-02T19:13:25.771+0000] {logging_mixin.py:188} INFO - [2026-05-02T19:13:25.771+0000] {dagbag.py:538} INFO - Filling up the DagBag from /opt/airflow/dags/f1_pipeline_dag.py
[2026-05-02T19:13:25.790+0000] {processor.py:840} INFO - DAG(s) 'f1_bigdata_pipeline' retrieved from /opt/airflow/dags/f1_pipeline_dag.py
[2026-05-02T19:13:25.813+0000] {logging_mixin.py:188} INFO - [2026-05-02T19:13:25.813+0000] {dag.py:3036} INFO - Sync 1 DAGs
[2026-05-02T19:13:25.826+0000] {logging_mixin.py:188} INFO - [2026-05-02T19:13:25.826+0000] {dag.py:3823} INFO - Setting next_dagrun for f1_bigdata_pipeline to 2026-04-27 06:00:00+00:00, run_after=2026-05-04 06:00:00+00:00
[2026-05-02T19:13:25.836+0000] {processor.py:183} INFO - Processing /opt/airflow/dags/f1_pipeline_dag.py took 0.073 seconds
[2026-05-02T19:13:56.128+0000] {processor.py:161} INFO - Started process (PID=2317) to work on /opt/airflow/dags/f1_pipeline_dag.py
[2026-05-02T19:13:56.131+0000] {processor.py:830} INFO - Processing file /opt/airflow/dags/f1_pipeline_dag.py for tasks to queue
[2026-05-02T19:13:56.132+0000] {logging_mixin.py:188} INFO - [2026-05-02T19:13:56.131+0000] {dagbag.py:538} INFO - Filling up the DagBag from /opt/airflow/dags/f1_pipeline_dag.py
[2026-05-02T19:13:56.148+0000] {processor.py:840} INFO - DAG(s) 'f1_bigdata_pipeline' retrieved from /opt/airflow/dags/f1_pipeline_dag.py
[2026-05-02T19:13:56.170+0000] {logging_mixin.py:188} INFO - [2026-05-02T19:13:56.170+0000] {dag.py:3036} INFO - Sync 1 DAGs
[2026-05-02T19:13:56.183+0000] {logging_mixin.py:188} INFO - [2026-05-02T19:13:56.183+0000] {dag.py:3823} INFO - Setting next_dagrun for f1_bigdata_pipeline to 2026-04-27 06:00:00+00:00, run_after=2026-05-04 06:00:00+00:00
[2026-05-02T19:13:56.192+0000] {processor.py:183} INFO - Processing /opt/airflow/dags/f1_pipeline_dag.py took 0.069 seconds
[2026-05-02T19:14:26.441+0000] {processor.py:161} INFO - Started process (PID=2322) to work on /opt/airflow/dags/f1_pipeline_dag.py
[2026-05-02T19:14:26.443+0000] {processor.py:830} INFO - Processing file /opt/airflow/dags/f1_pipeline_dag.py for tasks to queue
[2026-05-02T19:14:26.444+0000] {logging_mixin.py:188} INFO - [2026-05-02T19:14:26.443+0000] {dagbag.py:538} INFO - Filling up the DagBag from /opt/airflow/dags/f1_pipeline_dag.py
[2026-05-02T19:14:26.474+0000] {processor.py:840} INFO - DAG(s) 'f1_bigdata_pipeline' retrieved from /opt/airflow/dags/f1_pipeline_dag.py
[2026-05-02T19:14:26.498+0000] {logging_mixin.py:188} INFO - [2026-05-02T19:14:26.498+0000] {dag.py:3036} INFO - Sync 1 DAGs
[2026-05-02T19:14:26.512+0000] {logging_mixin.py:188} INFO - [2026-05-02T19:14:26.512+0000] {dag.py:3823} INFO - Setting next_dagrun for f1_bigdata_pipeline to 2026-04-27 06:00:00+00:00, run_after=2026-05-04 06:00:00+00:00
[2026-05-02T19:14:26.520+0000] {processor.py:183} INFO - Processing /opt/airflow/dags/f1_pipeline_dag.py took 0.082 seconds
[2026-05-02T19:14:56.812+0000] {processor.py:161} INFO - Started process (PID=2327) to work on /opt/airflow/dags/f1_pipeline_dag.py
[2026-05-02T19:14:56.814+0000] {processor.py:830} INFO - Processing file /opt/airflow/dags/f1_pipeline_dag.py for tasks to queue
[2026-05-02T19:14:56.815+0000] {logging_mixin.py:188} INFO - [2026-05-02T19:14:56.814+0000] {dagbag.py:538} INFO - Filling up the DagBag from /opt/airflow/dags/f1_pipeline_dag.py
[2026-05-02T19:14:56.849+0000] {processor.py:840} INFO - DAG(s) 'f1_bigdata_pipeline' retrieved from /opt/airflow/dags/f1_pipeline_dag.py
[2026-05-02T19:14:56.874+0000] {logging_mixin.py:188} INFO - [2026-05-02T19:14:56.874+0000] {dag.py:3036} INFO - Sync 1 DAGs
[2026-05-02T19:14:56.888+0000] {logging_mixin.py:188} INFO - [2026-05-02T19:14:56.888+0000] {dag.py:3823} INFO - Setting next_dagrun for f1_bigdata_pipeline to 2026-04-27 06:00:00+00:00, run_after=2026-05-04 06:00:00+00:00
[2026-05-02T19:14:56.896+0000] {processor.py:183} INFO - Processing /opt/airflow/dags/f1_pipeline_dag.py took 0.089 seconds
[2026-05-02T19:15:27.161+0000] {processor.py:161} INFO - Started process (PID=2332) to work on /opt/airflow/dags/f1_pipeline_dag.py
[2026-05-02T19:15:27.162+0000] {processor.py:830} INFO - Processing file /opt/airflow/dags/f1_pipeline_dag.py for tasks to queue
[2026-05-02T19:15:27.164+0000] {logging_mixin.py:188} INFO - [2026-05-02T19:15:27.163+0000] {dagbag.py:538} INFO - Filling up the DagBag from /opt/airflow/dags/f1_pipeline_dag.py
[2026-05-02T19:15:27.198+0000] {processor.py:840} INFO - DAG(s) 'f1_bigdata_pipeline' retrieved from /opt/airflow/dags/f1_pipeline_dag.py
[2026-05-02T19:15:27.221+0000] {logging_mixin.py:188} INFO - [2026-05-02T19:15:27.221+0000] {dag.py:3036} INFO - Sync 1 DAGs
[2026-05-02T19:15:27.234+0000] {logging_mixin.py:188} INFO - [2026-05-02T19:15:27.234+0000] {dag.py:3823} INFO - Setting next_dagrun for f1_bigdata_pipeline to 2026-04-27 06:00:00+00:00, run_after=2026-05-04 06:00:00+00:00
[2026-05-02T19:15:27.243+0000] {processor.py:183} INFO - Processing /opt/airflow/dags/f1_pipeline_dag.py took 0.086 seconds
[2026-05-02T19:15:57.715+0000] {processor.py:161} INFO - Started process (PID=2337) to work on /opt/airflow/dags/f1_pipeline_dag.py
[2026-05-02T19:15:57.717+0000] {processor.py:830} INFO - Processing file /opt/airflow/dags/f1_pipeline_dag.py for tasks to queue
[2026-05-02T19:15:57.718+0000] {logging_mixin.py:188} INFO - [2026-05-02T19:15:57.717+0000] {dagbag.py:538} INFO - Filling up the DagBag from /opt/airflow/dags/f1_pipeline_dag.py
[2026-05-02T19:15:57.735+0000] {processor.py:840} INFO - DAG(s) 'f1_bigdata_pipeline' retrieved from /opt/airflow/dags/f1_pipeline_dag.py
[2026-05-02T19:15:57.759+0000] {logging_mixin.py:188} INFO - [2026-05-02T19:15:57.758+0000] {dag.py:3036} INFO - Sync 1 DAGs
[2026-05-02T19:15:57.771+0000] {logging_mixin.py:188} INFO - [2026-05-02T19:15:57.771+0000] {dag.py:3823} INFO - Setting next_dagrun for f1_bigdata_pipeline to 2026-04-27 06:00:00+00:00, run_after=2026-05-04 06:00:00+00:00
[2026-05-02T19:15:57.792+0000] {processor.py:183} INFO - Processing /opt/airflow/dags/f1_pipeline_dag.py took 0.082 seconds
[2026-05-02T19:16:28.052+0000] {processor.py:161} INFO - Started process (PID=2342) to work on /opt/airflow/dags/f1_pipeline_dag.py
[2026-05-02T19:16:28.053+0000] {processor.py:830} INFO - Processing file /opt/airflow/dags/f1_pipeline_dag.py for tasks to queue
[2026-05-02T19:16:28.054+0000] {logging_mixin.py:188} INFO - [2026-05-02T19:16:28.053+0000] {dagbag.py:538} INFO - Filling up the DagBag from /opt/airflow/dags/f1_pipeline_dag.py
[2026-05-02T19:16:28.074+0000] {processor.py:840} INFO - DAG(s) 'f1_bigdata_pipeline' retrieved from /opt/airflow/dags/f1_pipeline_dag.py
[2026-05-02T19:16:28.148+0000] {logging_mixin.py:188} INFO - [2026-05-02T19:16:28.148+0000] {dag.py:3036} INFO - Sync 1 DAGs
[2026-05-02T19:16:28.163+0000] {logging_mixin.py:188} INFO - [2026-05-02T19:16:28.163+0000] {dag.py:3823} INFO - Setting next_dagrun for f1_bigdata_pipeline to 2026-04-27 06:00:00+00:00, run_after=2026-05-04 06:00:00+00:00
[2026-05-02T19:16:28.171+0000] {processor.py:183} INFO - Processing /opt/airflow/dags/f1_pipeline_dag.py took 0.125 seconds
[2026-05-02T19:16:58.428+0000] {processor.py:161} INFO - Started process (PID=2347) to work on /opt/airflow/dags/f1_pipeline_dag.py
[2026-05-02T19:16:58.428+0000] {processor.py:830} INFO - Processing file /opt/airflow/dags/f1_pipeline_dag.py for tasks to queue
[2026-05-02T19:16:58.429+0000] {logging_mixin.py:188} INFO - [2026-05-02T19:16:58.429+0000] {dagbag.py:538} INFO - Filling up the DagBag from /opt/airflow/dags/f1_pipeline_dag.py
[2026-05-02T19:16:58.442+0000] {processor.py:840} INFO - DAG(s) 'f1_bigdata_pipeline' retrieved from /opt/airflow/dags/f1_pipeline_dag.py
[2026-05-02T19:16:58.465+0000] {logging_mixin.py:188} INFO - [2026-05-02T19:16:58.465+0000] {dag.py:3036} INFO - Sync 1 DAGs
[2026-05-02T19:16:58.478+0000] {logging_mixin.py:188} INFO - [2026-05-02T19:16:58.478+0000] {dag.py:3823} INFO - Setting next_dagrun for f1_bigdata_pipeline to 2026-04-27 06:00:00+00:00, run_after=2026-05-04 06:00:00+00:00
[2026-05-02T19:16:58.486+0000] {processor.py:183} INFO - Processing /opt/airflow/dags/f1_pipeline_dag.py took 0.062 seconds
[2026-05-02T19:17:28.841+0000] {processor.py:161} INFO - Started process (PID=2352) to work on /opt/airflow/dags/f1_pipeline_dag.py
[2026-05-02T19:17:28.843+0000] {processor.py:830} INFO - Processing file /opt/airflow/dags/f1_pipeline_dag.py for tasks to queue
[2026-05-02T19:17:28.844+0000] {logging_mixin.py:188} INFO - [2026-05-02T19:17:28.844+0000] {dagbag.py:538} INFO - Filling up the DagBag from /opt/airflow/dags/f1_pipeline_dag.py
[2026-05-02T19:17:28.863+0000] {processor.py:840} INFO - DAG(s) 'f1_bigdata_pipeline' retrieved from /opt/airflow/dags/f1_pipeline_dag.py
[2026-05-02T19:17:28.889+0000] {logging_mixin.py:188} INFO - [2026-05-02T19:17:28.889+0000] {dag.py:3036} INFO - Sync 1 DAGs
[2026-05-02T19:17:28.903+0000] {logging_mixin.py:188} INFO - [2026-05-02T19:17:28.903+0000] {dag.py:3823} INFO - Setting next_dagrun for f1_bigdata_pipeline to 2026-04-27 06:00:00+00:00, run_after=2026-05-04 06:00:00+00:00
[2026-05-02T19:17:28.925+0000] {processor.py:183} INFO - Processing /opt/airflow/dags/f1_pipeline_dag.py took 0.090 seconds
[2026-05-02T19:19:10.871+0000] {processor.py:161} INFO - Started process (PID=2357) to work on /opt/airflow/dags/f1_pipeline_dag.py
[2026-05-02T19:19:10.874+0000] {processor.py:830} INFO - Processing file /opt/airflow/dags/f1_pipeline_dag.py for tasks to queue
[2026-05-02T19:19:10.878+0000] {logging_mixin.py:188} INFO - [2026-05-02T19:19:10.877+0000] {dagbag.py:538} INFO - Filling up the DagBag from /opt/airflow/dags/f1_pipeline_dag.py
[2026-05-02T19:19:10.920+0000] {processor.py:840} INFO - DAG(s) 'f1_bigdata_pipeline' retrieved from /opt/airflow/dags/f1_pipeline_dag.py
[2026-05-02T19:19:11.047+0000] {logging_mixin.py:188} INFO - [2026-05-02T19:19:11.047+0000] {dag.py:3036} INFO - Sync 1 DAGs
[2026-05-02T19:19:11.098+0000] {logging_mixin.py:188} INFO - [2026-05-02T19:19:11.098+0000] {dag.py:3823} INFO - Setting next_dagrun for f1_bigdata_pipeline to 2026-04-27 06:00:00+00:00, run_after=2026-05-04 06:00:00+00:00
[2026-05-02T19:19:11.180+0000] {processor.py:183} INFO - Processing /opt/airflow/dags/f1_pipeline_dag.py took 0.315 seconds
[2026-05-02T19:21:55.401+0000] {processor.py:161} INFO - Started process (PID=2364) to work on /opt/airflow/dags/f1_pipeline_dag.py
[2026-05-02T19:21:55.408+0000] {processor.py:830} INFO - Processing file /opt/airflow/dags/f1_pipeline_dag.py for tasks to queue
[2026-05-02T19:21:55.409+0000] {logging_mixin.py:188} INFO - [2026-05-02T19:21:55.409+0000] {dagbag.py:538} INFO - Filling up the DagBag from /opt/airflow/dags/f1_pipeline_dag.py
[2026-05-02T19:21:55.483+0000] {processor.py:840} INFO - DAG(s) 'f1_bigdata_pipeline' retrieved from /opt/airflow/dags/f1_pipeline_dag.py
[2026-05-02T19:21:55.600+0000] {logging_mixin.py:188} INFO - [2026-05-02T19:21:55.600+0000] {dag.py:3036} INFO - Sync 1 DAGs
[2026-05-02T19:21:55.624+0000] {logging_mixin.py:188} INFO - [2026-05-02T19:21:55.624+0000] {dag.py:3823} INFO - Setting next_dagrun for f1_bigdata_pipeline to 2026-04-27 06:00:00+00:00, run_after=2026-05-04 06:00:00+00:00
[2026-05-02T19:21:55.649+0000] {processor.py:183} INFO - Processing /opt/airflow/dags/f1_pipeline_dag.py took 0.286 seconds
[2026-05-02T19:22:25.752+0000] {processor.py:161} INFO - Started process (PID=2371) to work on /opt/airflow/dags/f1_pipeline_dag.py
[2026-05-02T19:22:25.754+0000] {processor.py:830} INFO - Processing file /opt/airflow/dags/f1_pipeline_dag.py for tasks to queue
[2026-05-02T19:22:25.756+0000] {logging_mixin.py:188} INFO - [2026-05-02T19:22:25.755+0000] {dagbag.py:538} INFO - Filling up the DagBag from /opt/airflow/dags/f1_pipeline_dag.py
[2026-05-02T19:22:25.792+0000] {processor.py:840} INFO - DAG(s) 'f1_bigdata_pipeline' retrieved from /opt/airflow/dags/f1_pipeline_dag.py
[2026-05-02T19:22:25.840+0000] {logging_mixin.py:188} INFO - [2026-05-02T19:22:25.840+0000] {dag.py:3036} INFO - Sync 1 DAGs
[2026-05-02T19:22:25.858+0000] {logging_mixin.py:188} INFO - [2026-05-02T19:22:25.857+0000] {dag.py:3823} INFO - Setting next_dagrun for f1_bigdata_pipeline to 2026-04-27 06:00:00+00:00, run_after=2026-05-04 06:00:00+00:00
[2026-05-02T19:22:25.867+0000] {processor.py:183} INFO - Processing /opt/airflow/dags/f1_pipeline_dag.py took 0.125 seconds
[2026-05-02T19:22:56.132+0000] {processor.py:161} INFO - Started process (PID=2376) to work on /opt/airflow/dags/f1_pipeline_dag.py
[2026-05-02T19:22:56.135+0000] {processor.py:830} INFO - Processing file /opt/airflow/dags/f1_pipeline_dag.py for tasks to queue
[2026-05-02T19:22:56.136+0000] {logging_mixin.py:188} INFO - [2026-05-02T19:22:56.136+0000] {dagbag.py:538} INFO - Filling up the DagBag from /opt/airflow/dags/f1_pipeline_dag.py
[2026-05-02T19:22:56.163+0000] {processor.py:840} INFO - DAG(s) 'f1_bigdata_pipeline' retrieved from /opt/airflow/dags/f1_pipeline_dag.py
[2026-05-02T19:22:56.184+0000] {logging_mixin.py:188} INFO - [2026-05-02T19:22:56.184+0000] {dag.py:3036} INFO - Sync 1 DAGs
[2026-05-02T19:22:56.197+0000] {logging_mixin.py:188} INFO - [2026-05-02T19:22:56.197+0000] {dag.py:3823} INFO - Setting next_dagrun for f1_bigdata_pipeline to 2026-04-27 06:00:00+00:00, run_after=2026-05-04 06:00:00+00:00
[2026-05-02T19:22:56.219+0000] {processor.py:183} INFO - Processing /opt/airflow/dags/f1_pipeline_dag.py took 0.092 seconds
[2026-05-02T19:23:26.527+0000] {processor.py:161} INFO - Started process (PID=2381) to work on /opt/airflow/dags/f1_pipeline_dag.py
[2026-05-02T19:23:26.530+0000] {processor.py:830} INFO - Processing file /opt/airflow/dags/f1_pipeline_dag.py for tasks to queue
[2026-05-02T19:23:26.532+0000] {logging_mixin.py:188} INFO - [2026-05-02T19:23:26.531+0000] {dagbag.py:538} INFO - Filling up the DagBag from /opt/airflow/dags/f1_pipeline_dag.py
[2026-05-02T19:23:26.570+0000] {processor.py:840} INFO - DAG(s) 'f1_bigdata_pipeline' retrieved from /opt/airflow/dags/f1_pipeline_dag.py
[2026-05-02T19:23:26.591+0000] {logging_mixin.py:188} INFO - [2026-05-02T19:23:26.591+0000] {dag.py:3036} INFO - Sync 1 DAGs
[2026-05-02T19:23:26.604+0000] {logging_mixin.py:188} INFO - [2026-05-02T19:23:26.604+0000] {dag.py:3823} INFO - Setting next_dagrun for f1_bigdata_pipeline to 2026-04-27 06:00:00+00:00, run_after=2026-05-04 06:00:00+00:00
[2026-05-02T19:23:26.612+0000] {processor.py:183} INFO - Processing /opt/airflow/dags/f1_pipeline_dag.py took 0.095 seconds
[2026-05-02T19:23:56.897+0000] {processor.py:161} INFO - Started process (PID=2386) to work on /opt/airflow/dags/f1_pipeline_dag.py
[2026-05-02T19:23:56.899+0000] {processor.py:830} INFO - Processing file /opt/airflow/dags/f1_pipeline_dag.py for tasks to queue
[2026-05-02T19:23:56.900+0000] {logging_mixin.py:188} INFO - [2026-05-02T19:23:56.899+0000] {dagbag.py:538} INFO - Filling up the DagBag from /opt/airflow/dags/f1_pipeline_dag.py
[2026-05-02T19:23:56.919+0000] {processor.py:840} INFO - DAG(s) 'f1_bigdata_pipeline' retrieved from /opt/airflow/dags/f1_pipeline_dag.py
[2026-05-02T19:23:56.964+0000] {logging_mixin.py:188} INFO - [2026-05-02T19:23:56.964+0000] {dag.py:3036} INFO - Sync 1 DAGs
[2026-05-02T19:23:56.978+0000] {logging_mixin.py:188} INFO - [2026-05-02T19:23:56.977+0000] {dag.py:3823} INFO - Setting next_dagrun for f1_bigdata_pipeline to 2026-04-27 06:00:00+00:00, run_after=2026-05-04 06:00:00+00:00
[2026-05-02T19:23:56.996+0000] {processor.py:183} INFO - Processing /opt/airflow/dags/f1_pipeline_dag.py took 0.104 seconds
[2026-05-02T19:24:27.333+0000] {processor.py:161} INFO - Started process (PID=2391) to work on /opt/airflow/dags/f1_pipeline_dag.py
[2026-05-02T19:24:27.335+0000] {processor.py:830} INFO - Processing file /opt/airflow/dags/f1_pipeline_dag.py for tasks to queue
[2026-05-02T19:24:27.336+0000] {logging_mixin.py:188} INFO - [2026-05-02T19:24:27.335+0000] {dagbag.py:538} INFO - Filling up the DagBag from /opt/airflow/dags/f1_pipeline_dag.py
[2026-05-02T19:24:27.364+0000] {processor.py:840} INFO - DAG(s) 'f1_bigdata_pipeline' retrieved from /opt/airflow/dags/f1_pipeline_dag.py
[2026-05-02T19:24:27.400+0000] {logging_mixin.py:188} INFO - [2026-05-02T19:24:27.400+0000] {dag.py:3036} INFO - Sync 1 DAGs
[2026-05-02T19:24:27.415+0000] {logging_mixin.py:188} INFO - [2026-05-02T19:24:27.415+0000] {dag.py:3823} INFO - Setting next_dagrun for f1_bigdata_pipeline to 2026-04-27 06:00:00+00:00, run_after=2026-05-04 06:00:00+00:00
[2026-05-02T19:24:27.423+0000] {processor.py:183} INFO - Processing /opt/airflow/dags/f1_pipeline_dag.py took 0.096 seconds
[2026-05-02T19:24:57.781+0000] {processor.py:161} INFO - Started process (PID=2396) to work on /opt/airflow/dags/f1_pipeline_dag.py
[2026-05-02T19:24:57.783+0000] {processor.py:830} INFO - Processing file /opt/airflow/dags/f1_pipeline_dag.py for tasks to queue
[2026-05-02T19:24:57.784+0000] {logging_mixin.py:188} INFO - [2026-05-02T19:24:57.784+0000] {dagbag.py:538} INFO - Filling up the DagBag from /opt/airflow/dags/f1_pipeline_dag.py
[2026-05-02T19:24:57.807+0000] {processor.py:840} INFO - DAG(s) 'f1_bigdata_pipeline' retrieved from /opt/airflow/dags/f1_pipeline_dag.py
[2026-05-02T19:24:57.849+0000] {logging_mixin.py:188} INFO - [2026-05-02T19:24:57.849+0000] {dag.py:3036} INFO - Sync 1 DAGs
[2026-05-02T19:24:57.865+0000] {logging_mixin.py:188} INFO - [2026-05-02T19:24:57.865+0000] {dag.py:3823} INFO - Setting next_dagrun for f1_bigdata_pipeline to 2026-04-27 06:00:00+00:00, run_after=2026-05-04 06:00:00+00:00
[2026-05-02T19:24:57.874+0000] {processor.py:183} INFO - Processing /opt/airflow/dags/f1_pipeline_dag.py took 0.099 seconds
[2026-05-02T19:25:28.240+0000] {processor.py:161} INFO - Started process (PID=2401) to work on /opt/airflow/dags/f1_pipeline_dag.py
[2026-05-02T19:25:28.242+0000] {processor.py:830} INFO - Processing file /opt/airflow/dags/f1_pipeline_dag.py for tasks to queue
[2026-05-02T19:25:28.243+0000] {logging_mixin.py:188} INFO - [2026-05-02T19:25:28.243+0000] {dagbag.py:538} INFO - Filling up the DagBag from /opt/airflow/dags/f1_pipeline_dag.py
[2026-05-02T19:25:28.273+0000] {processor.py:840} INFO - DAG(s) 'f1_bigdata_pipeline' retrieved from /opt/airflow/dags/f1_pipeline_dag.py
[2026-05-02T19:25:28.389+0000] {logging_mixin.py:188} INFO - [2026-05-02T19:25:28.389+0000] {dag.py:3036} INFO - Sync 1 DAGs
[2026-05-02T19:25:28.423+0000] {logging_mixin.py:188} INFO - [2026-05-02T19:25:28.423+0000] {dag.py:3823} INFO - Setting next_dagrun for f1_bigdata_pipeline to 2026-04-27 06:00:00+00:00, run_after=2026-05-04 06:00:00+00:00
[2026-05-02T19:25:28.435+0000] {processor.py:183} INFO - Processing /opt/airflow/dags/f1_pipeline_dag.py took 0.202 seconds
[2026-05-02T19:25:58.556+0000] {processor.py:161} INFO - Started process (PID=2406) to work on /opt/airflow/dags/f1_pipeline_dag.py
[2026-05-02T19:25:58.558+0000] {processor.py:830} INFO - Processing file /opt/airflow/dags/f1_pipeline_dag.py for tasks to queue
[2026-05-02T19:25:58.559+0000] {logging_mixin.py:188} INFO - [2026-05-02T19:25:58.558+0000] {dagbag.py:538} INFO - Filling up the DagBag from /opt/airflow/dags/f1_pipeline_dag.py
[2026-05-02T19:25:58.593+0000] {processor.py:840} INFO - DAG(s) 'f1_bigdata_pipeline' retrieved from /opt/airflow/dags/f1_pipeline_dag.py
[2026-05-02T19:25:58.618+0000] {logging_mixin.py:188} INFO - [2026-05-02T19:25:58.618+0000] {dag.py:3036} INFO - Sync 1 DAGs
[2026-05-02T19:25:58.632+0000] {logging_mixin.py:188} INFO - [2026-05-02T19:25:58.632+0000] {dag.py:3823} INFO - Setting next_dagrun for f1_bigdata_pipeline to 2026-04-27 06:00:00+00:00, run_after=2026-05-04 06:00:00+00:00
[2026-05-02T19:25:58.641+0000] {processor.py:183} INFO - Processing /opt/airflow/dags/f1_pipeline_dag.py took 0.092 seconds
[2026-05-02T19:26:29.010+0000] {processor.py:161} INFO - Started process (PID=2411) to work on /opt/airflow/dags/f1_pipeline_dag.py
[2026-05-02T19:26:29.012+0000] {processor.py:830} INFO - Processing file /opt/airflow/dags/f1_pipeline_dag.py for tasks to queue
[2026-05-02T19:26:29.013+0000] {logging_mixin.py:188} INFO - [2026-05-02T19:26:29.012+0000] {dagbag.py:538} INFO - Filling up the DagBag from /opt/airflow/dags/f1_pipeline_dag.py
[2026-05-02T19:26:29.031+0000] {processor.py:840} INFO - DAG(s) 'f1_bigdata_pipeline' retrieved from /opt/airflow/dags/f1_pipeline_dag.py
[2026-05-02T19:26:29.072+0000] {logging_mixin.py:188} INFO - [2026-05-02T19:26:29.072+0000] {dag.py:3036} INFO - Sync 1 DAGs
[2026-05-02T19:26:29.086+0000] {logging_mixin.py:188} INFO - [2026-05-02T19:26:29.085+0000] {dag.py:3823} INFO - Setting next_dagrun for f1_bigdata_pipeline to 2026-04-27 06:00:00+00:00, run_after=2026-05-04 06:00:00+00:00
[2026-05-02T19:26:29.094+0000] {processor.py:183} INFO - Processing /opt/airflow/dags/f1_pipeline_dag.py took 0.091 seconds
[2026-05-02T19:26:59.333+0000] {processor.py:161} INFO - Started process (PID=2416) to work on /opt/airflow/dags/f1_pipeline_dag.py
[2026-05-02T19:26:59.344+0000] {processor.py:830} INFO - Processing file /opt/airflow/dags/f1_pipeline_dag.py for tasks to queue
[2026-05-02T19:26:59.346+0000] {logging_mixin.py:188} INFO - [2026-05-02T19:26:59.345+0000] {dagbag.py:538} INFO - Filling up the DagBag from /opt/airflow/dags/f1_pipeline_dag.py
[2026-05-02T19:26:59.366+0000] {processor.py:840} INFO - DAG(s) 'f1_bigdata_pipeline' retrieved from /opt/airflow/dags/f1_pipeline_dag.py
[2026-05-02T19:26:59.389+0000] {logging_mixin.py:188} INFO - [2026-05-02T19:26:59.389+0000] {dag.py:3036} INFO - Sync 1 DAGs
[2026-05-02T19:26:59.415+0000] {logging_mixin.py:188} INFO - [2026-05-02T19:26:59.415+0000] {dag.py:3823} INFO - Setting next_dagrun for f1_bigdata_pipeline to 2026-04-27 06:00:00+00:00, run_after=2026-05-04 06:00:00+00:00
[2026-05-02T19:26:59.424+0000] {processor.py:183} INFO - Processing /opt/airflow/dags/f1_pipeline_dag.py took 0.104 seconds
[2026-05-02T19:27:29.696+0000] {processor.py:161} INFO - Started process (PID=2421) to work on /opt/airflow/dags/f1_pipeline_dag.py
[2026-05-02T19:27:29.698+0000] {processor.py:830} INFO - Processing file /opt/airflow/dags/f1_pipeline_dag.py for tasks to queue
[2026-05-02T19:27:29.700+0000] {logging_mixin.py:188} INFO - [2026-05-02T19:27:29.699+0000] {dagbag.py:538} INFO - Filling up the DagBag from /opt/airflow/dags/f1_pipeline_dag.py
[2026-05-02T19:27:29.717+0000] {processor.py:840} INFO - DAG(s) 'f1_bigdata_pipeline' retrieved from /opt/airflow/dags/f1_pipeline_dag.py
[2026-05-02T19:27:29.756+0000] {logging_mixin.py:188} INFO - [2026-05-02T19:27:29.756+0000] {dag.py:3036} INFO - Sync 1 DAGs
[2026-05-02T19:27:29.770+0000] {logging_mixin.py:188} INFO - [2026-05-02T19:27:29.770+0000] {dag.py:3823} INFO - Setting next_dagrun for f1_bigdata_pipeline to 2026-04-27 06:00:00+00:00, run_after=2026-05-04 06:00:00+00:00
[2026-05-02T19:27:29.778+0000] {processor.py:183} INFO - Processing /opt/airflow/dags/f1_pipeline_dag.py took 0.088 seconds
[2026-05-02T19:28:00.043+0000] {processor.py:161} INFO - Started process (PID=2426) to work on /opt/airflow/dags/f1_pipeline_dag.py
[2026-05-02T19:28:00.045+0000] {processor.py:830} INFO - Processing file /opt/airflow/dags/f1_pipeline_dag.py for tasks to queue
[2026-05-02T19:28:00.050+0000] {logging_mixin.py:188} INFO - [2026-05-02T19:28:00.047+0000] {dagbag.py:538} INFO - Filling up the DagBag from /opt/airflow/dags/f1_pipeline_dag.py
[2026-05-02T19:28:00.075+0000] {processor.py:840} INFO - DAG(s) 'f1_bigdata_pipeline' retrieved from /opt/airflow/dags/f1_pipeline_dag.py
[2026-05-02T19:28:00.118+0000] {logging_mixin.py:188} INFO - [2026-05-02T19:28:00.117+0000] {dag.py:3036} INFO - Sync 1 DAGs
[2026-05-02T19:28:00.135+0000] {logging_mixin.py:188} INFO - [2026-05-02T19:28:00.135+0000] {dag.py:3823} INFO - Setting next_dagrun for f1_bigdata_pipeline to 2026-04-27 06:00:00+00:00, run_after=2026-05-04 06:00:00+00:00
[2026-05-02T19:28:00.145+0000] {processor.py:183} INFO - Processing /opt/airflow/dags/f1_pipeline_dag.py took 0.108 seconds
[2026-05-02T19:28:30.504+0000] {processor.py:161} INFO - Started process (PID=2431) to work on /opt/airflow/dags/f1_pipeline_dag.py
[2026-05-02T19:28:30.506+0000] {processor.py:830} INFO - Processing file /opt/airflow/dags/f1_pipeline_dag.py for tasks to queue
[2026-05-02T19:28:30.507+0000] {logging_mixin.py:188} INFO - [2026-05-02T19:28:30.507+0000] {dagbag.py:538} INFO - Filling up the DagBag from /opt/airflow/dags/f1_pipeline_dag.py
[2026-05-02T19:28:30.529+0000] {processor.py:840} INFO - DAG(s) 'f1_bigdata_pipeline' retrieved from /opt/airflow/dags/f1_pipeline_dag.py
[2026-05-02T19:28:30.574+0000] {logging_mixin.py:188} INFO - [2026-05-02T19:28:30.573+0000] {dag.py:3036} INFO - Sync 1 DAGs
[2026-05-02T19:28:30.588+0000] {logging_mixin.py:188} INFO - [2026-05-02T19:28:30.588+0000] {dag.py:3823} INFO - Setting next_dagrun for f1_bigdata_pipeline to 2026-04-27 06:00:00+00:00, run_after=2026-05-04 06:00:00+00:00
[2026-05-02T19:28:30.597+0000] {processor.py:183} INFO - Processing /opt/airflow/dags/f1_pipeline_dag.py took 0.100 seconds
[2026-05-02T19:29:00.970+0000] {processor.py:161} INFO - Started process (PID=2436) to work on /opt/airflow/dags/f1_pipeline_dag.py
[2026-05-02T19:29:00.974+0000] {processor.py:830} INFO - Processing file /opt/airflow/dags/f1_pipeline_dag.py for tasks to queue
[2026-05-02T19:29:00.976+0000] {logging_mixin.py:188} INFO - [2026-05-02T19:29:00.975+0000] {dagbag.py:538} INFO - Filling up the DagBag from /opt/airflow/dags/f1_pipeline_dag.py
[2026-05-02T19:29:01.006+0000] {processor.py:840} INFO - DAG(s) 'f1_bigdata_pipeline' retrieved from /opt/airflow/dags/f1_pipeline_dag.py
[2026-05-02T19:29:01.036+0000] {logging_mixin.py:188} INFO - [2026-05-02T19:29:01.036+0000] {dag.py:3036} INFO - Sync 1 DAGs
[2026-05-02T19:29:01.057+0000] {logging_mixin.py:188} INFO - [2026-05-02T19:29:01.057+0000] {dag.py:3823} INFO - Setting next_dagrun for f1_bigdata_pipeline to 2026-04-27 06:00:00+00:00, run_after=2026-05-04 06:00:00+00:00
[2026-05-02T19:29:01.068+0000] {processor.py:183} INFO - Processing /opt/airflow/dags/f1_pipeline_dag.py took 0.115 seconds
[2026-05-02T19:29:31.436+0000] {processor.py:161} INFO - Started process (PID=2441) to work on /opt/airflow/dags/f1_pipeline_dag.py
[2026-05-02T19:29:31.440+0000] {processor.py:830} INFO - Processing file /opt/airflow/dags/f1_pipeline_dag.py for tasks to queue
[2026-05-02T19:29:31.440+0000] {logging_mixin.py:188} INFO - [2026-05-02T19:29:31.440+0000] {dagbag.py:538} INFO - Filling up the DagBag from /opt/airflow/dags/f1_pipeline_dag.py
[2026-05-02T19:29:31.470+0000] {processor.py:840} INFO - DAG(s) 'f1_bigdata_pipeline' retrieved from /opt/airflow/dags/f1_pipeline_dag.py
[2026-05-02T19:29:31.557+0000] {logging_mixin.py:188} INFO - [2026-05-02T19:29:31.557+0000] {dag.py:3036} INFO - Sync 1 DAGs
[2026-05-02T19:29:31.583+0000] {logging_mixin.py:188} INFO - [2026-05-02T19:29:31.583+0000] {dag.py:3823} INFO - Setting next_dagrun for f1_bigdata_pipeline to 2026-04-27 06:00:00+00:00, run_after=2026-05-04 06:00:00+00:00
[2026-05-02T19:29:31.605+0000] {processor.py:183} INFO - Processing /opt/airflow/dags/f1_pipeline_dag.py took 0.187 seconds
[2026-05-02T19:30:01.848+0000] {processor.py:161} INFO - Started process (PID=2446) to work on /opt/airflow/dags/f1_pipeline_dag.py
[2026-05-02T19:30:01.850+0000] {processor.py:830} INFO - Processing file /opt/airflow/dags/f1_pipeline_dag.py for tasks to queue
[2026-05-02T19:30:01.851+0000] {logging_mixin.py:188} INFO - [2026-05-02T19:30:01.850+0000] {dagbag.py:538} INFO - Filling up the DagBag from /opt/airflow/dags/f1_pipeline_dag.py
[2026-05-02T19:30:01.879+0000] {processor.py:840} INFO - DAG(s) 'f1_bigdata_pipeline' retrieved from /opt/airflow/dags/f1_pipeline_dag.py
[2026-05-02T19:30:01.916+0000] {logging_mixin.py:188} INFO - [2026-05-02T19:30:01.916+0000] {dag.py:3036} INFO - Sync 1 DAGs
[2026-05-02T19:30:01.931+0000] {logging_mixin.py:188} INFO - [2026-05-02T19:30:01.931+0000] {dag.py:3823} INFO - Setting next_dagrun for f1_bigdata_pipeline to 2026-04-27 06:00:00+00:00, run_after=2026-05-04 06:00:00+00:00
[2026-05-02T19:30:01.940+0000] {processor.py:183} INFO - Processing /opt/airflow/dags/f1_pipeline_dag.py took 0.097 seconds
[2026-05-02T19:30:32.337+0000] {processor.py:161} INFO - Started process (PID=2451) to work on /opt/airflow/dags/f1_pipeline_dag.py
[2026-05-02T19:30:32.339+0000] {processor.py:830} INFO - Processing file /opt/airflow/dags/f1_pipeline_dag.py for tasks to queue
[2026-05-02T19:30:32.340+0000] {logging_mixin.py:188} INFO - [2026-05-02T19:30:32.340+0000] {dagbag.py:538} INFO - Filling up the DagBag from /opt/airflow/dags/f1_pipeline_dag.py
[2026-05-02T19:30:32.361+0000] {processor.py:840} INFO - DAG(s) 'f1_bigdata_pipeline' retrieved from /opt/airflow/dags/f1_pipeline_dag.py
[2026-05-02T19:30:32.398+0000] {logging_mixin.py:188} INFO - [2026-05-02T19:30:32.397+0000] {dag.py:3036} INFO - Sync 1 DAGs
[2026-05-02T19:30:32.413+0000] {logging_mixin.py:188} INFO - [2026-05-02T19:30:32.413+0000] {dag.py:3823} INFO - Setting next_dagrun for f1_bigdata_pipeline to 2026-04-27 06:00:00+00:00, run_after=2026-05-04 06:00:00+00:00
[2026-05-02T19:30:32.423+0000] {processor.py:183} INFO - Processing /opt/airflow/dags/f1_pipeline_dag.py took 0.102 seconds
[2026-05-02T19:31:02.630+0000] {processor.py:161} INFO - Started process (PID=2456) to work on /opt/airflow/dags/f1_pipeline_dag.py
[2026-05-02T19:31:02.632+0000] {processor.py:830} INFO - Processing file /opt/airflow/dags/f1_pipeline_dag.py for tasks to queue
[2026-05-02T19:31:02.633+0000] {logging_mixin.py:188} INFO - [2026-05-02T19:31:02.632+0000] {dagbag.py:538} INFO - Filling up the DagBag from /opt/airflow/dags/f1_pipeline_dag.py
[2026-05-02T19:31:02.645+0000] {processor.py:840} INFO - DAG(s) 'f1_bigdata_pipeline' retrieved from /opt/airflow/dags/f1_pipeline_dag.py
[2026-05-02T19:31:02.684+0000] {logging_mixin.py:188} INFO - [2026-05-02T19:31:02.684+0000] {dag.py:3036} INFO - Sync 1 DAGs
[2026-05-02T19:31:02.699+0000] {logging_mixin.py:188} INFO - [2026-05-02T19:31:02.699+0000] {dag.py:3823} INFO - Setting next_dagrun for f1_bigdata_pipeline to 2026-04-27 06:00:00+00:00, run_after=2026-05-04 06:00:00+00:00
[2026-05-02T19:31:02.708+0000] {processor.py:183} INFO - Processing /opt/airflow/dags/f1_pipeline_dag.py took 0.082 seconds
[2026-05-02T19:31:32.987+0000] {processor.py:161} INFO - Started process (PID=2461) to work on /opt/airflow/dags/f1_pipeline_dag.py
[2026-05-02T19:31:32.993+0000] {processor.py:830} INFO - Processing file /opt/airflow/dags/f1_pipeline_dag.py for tasks to queue
[2026-05-02T19:31:32.994+0000] {logging_mixin.py:188} INFO - [2026-05-02T19:31:32.993+0000] {dagbag.py:538} INFO - Filling up the DagBag from /opt/airflow/dags/f1_pipeline_dag.py
[2026-05-02T19:31:33.023+0000] {processor.py:840} INFO - DAG(s) 'f1_bigdata_pipeline' retrieved from /opt/airflow/dags/f1_pipeline_dag.py
[2026-05-02T19:31:33.059+0000] {logging_mixin.py:188} INFO - [2026-05-02T19:31:33.059+0000] {dag.py:3036} INFO - Sync 1 DAGs
[2026-05-02T19:31:33.073+0000] {logging_mixin.py:188} INFO - [2026-05-02T19:31:33.073+0000] {dag.py:3823} INFO - Setting next_dagrun for f1_bigdata_pipeline to 2026-04-27 06:00:00+00:00, run_after=2026-05-04 06:00:00+00:00
[2026-05-02T19:31:33.084+0000] {processor.py:183} INFO - Processing /opt/airflow/dags/f1_pipeline_dag.py took 0.102 seconds
[2026-05-02T19:32:03.330+0000] {processor.py:161} INFO - Started process (PID=2466) to work on /opt/airflow/dags/f1_pipeline_dag.py
[2026-05-02T19:32:03.332+0000] {processor.py:830} INFO - Processing file /opt/airflow/dags/f1_pipeline_dag.py for tasks to queue
[2026-05-02T19:32:03.340+0000] {logging_mixin.py:188} INFO - [2026-05-02T19:32:03.336+0000] {dagbag.py:538} INFO - Filling up the DagBag from /opt/airflow/dags/f1_pipeline_dag.py
[2026-05-02T19:32:03.362+0000] {processor.py:840} INFO - DAG(s) 'f1_bigdata_pipeline' retrieved from /opt/airflow/dags/f1_pipeline_dag.py
[2026-05-02T19:32:03.389+0000] {logging_mixin.py:188} INFO - [2026-05-02T19:32:03.389+0000] {dag.py:3036} INFO - Sync 1 DAGs
[2026-05-02T19:32:03.402+0000] {logging_mixin.py:188} INFO - [2026-05-02T19:32:03.402+0000] {dag.py:3823} INFO - Setting next_dagrun for f1_bigdata_pipeline to 2026-04-27 06:00:00+00:00, run_after=2026-05-04 06:00:00+00:00
[2026-05-02T19:32:03.411+0000] {processor.py:183} INFO - Processing /opt/airflow/dags/f1_pipeline_dag.py took 0.085 seconds
[2026-05-02T19:32:33.732+0000] {processor.py:161} INFO - Started process (PID=2471) to work on /opt/airflow/dags/f1_pipeline_dag.py
[2026-05-02T19:32:33.734+0000] {processor.py:830} INFO - Processing file /opt/airflow/dags/f1_pipeline_dag.py for tasks to queue
[2026-05-02T19:32:33.736+0000] {logging_mixin.py:188} INFO - [2026-05-02T19:32:33.735+0000] {dagbag.py:538} INFO - Filling up the DagBag from /opt/airflow/dags/f1_pipeline_dag.py
[2026-05-02T19:32:33.778+0000] {processor.py:840} INFO - DAG(s) 'f1_bigdata_pipeline' retrieved from /opt/airflow/dags/f1_pipeline_dag.py
[2026-05-02T19:32:33.801+0000] {logging_mixin.py:188} INFO - [2026-05-02T19:32:33.800+0000] {dag.py:3036} INFO - Sync 1 DAGs
[2026-05-02T19:32:33.813+0000] {logging_mixin.py:188} INFO - [2026-05-02T19:32:33.813+0000] {dag.py:3823} INFO - Setting next_dagrun for f1_bigdata_pipeline to 2026-04-27 06:00:00+00:00, run_after=2026-05-04 06:00:00+00:00
[2026-05-02T19:32:33.822+0000] {processor.py:183} INFO - Processing /opt/airflow/dags/f1_pipeline_dag.py took 0.099 seconds
[2026-05-02T19:33:04.058+0000] {processor.py:161} INFO - Started process (PID=2476) to work on /opt/airflow/dags/f1_pipeline_dag.py
[2026-05-02T19:33:04.060+0000] {processor.py:830} INFO - Processing file /opt/airflow/dags/f1_pipeline_dag.py for tasks to queue
[2026-05-02T19:33:04.061+0000] {logging_mixin.py:188} INFO - [2026-05-02T19:33:04.061+0000] {dagbag.py:538} INFO - Filling up the DagBag from /opt/airflow/dags/f1_pipeline_dag.py
[2026-05-02T19:33:04.088+0000] {processor.py:840} INFO - DAG(s) 'f1_bigdata_pipeline' retrieved from /opt/airflow/dags/f1_pipeline_dag.py
[2026-05-02T19:33:04.116+0000] {logging_mixin.py:188} INFO - [2026-05-02T19:33:04.116+0000] {dag.py:3036} INFO - Sync 1 DAGs
[2026-05-02T19:33:04.177+0000] {logging_mixin.py:188} INFO - [2026-05-02T19:33:04.177+0000] {dag.py:3823} INFO - Setting next_dagrun for f1_bigdata_pipeline to 2026-04-27 06:00:00+00:00, run_after=2026-05-04 06:00:00+00:00
[2026-05-02T19:33:04.187+0000] {processor.py:183} INFO - Processing /opt/airflow/dags/f1_pipeline_dag.py took 0.137 seconds
[2026-05-02T19:33:34.585+0000] {processor.py:161} INFO - Started process (PID=2481) to work on /opt/airflow/dags/f1_pipeline_dag.py
[2026-05-02T19:33:34.587+0000] {processor.py:830} INFO - Processing file /opt/airflow/dags/f1_pipeline_dag.py for tasks to queue
[2026-05-02T19:33:34.589+0000] {logging_mixin.py:188} INFO - [2026-05-02T19:33:34.588+0000] {dagbag.py:538} INFO - Filling up the DagBag from /opt/airflow/dags/f1_pipeline_dag.py
[2026-05-02T19:33:34.606+0000] {processor.py:840} INFO - DAG(s) 'f1_bigdata_pipeline' retrieved from /opt/airflow/dags/f1_pipeline_dag.py
[2026-05-02T19:33:34.655+0000] {logging_mixin.py:188} INFO - [2026-05-02T19:33:34.655+0000] {dag.py:3036} INFO - Sync 1 DAGs
[2026-05-02T19:33:34.680+0000] {logging_mixin.py:188} INFO - [2026-05-02T19:33:34.679+0000] {dag.py:3823} INFO - Setting next_dagrun for f1_bigdata_pipeline to 2026-04-27 06:00:00+00:00, run_after=2026-05-04 06:00:00+00:00
[2026-05-02T19:33:34.689+0000] {processor.py:183} INFO - Processing /opt/airflow/dags/f1_pipeline_dag.py took 0.116 seconds
[2026-05-02T19:34:04.922+0000] {processor.py:161} INFO - Started process (PID=2486) to work on /opt/airflow/dags/f1_pipeline_dag.py
[2026-05-02T19:34:04.924+0000] {processor.py:830} INFO - Processing file /opt/airflow/dags/f1_pipeline_dag.py for tasks to queue
[2026-05-02T19:34:04.925+0000] {logging_mixin.py:188} INFO - [2026-05-02T19:34:04.925+0000] {dagbag.py:538} INFO - Filling up the DagBag from /opt/airflow/dags/f1_pipeline_dag.py
[2026-05-02T19:34:04.953+0000] {processor.py:840} INFO - DAG(s) 'f1_bigdata_pipeline' retrieved from /opt/airflow/dags/f1_pipeline_dag.py
[2026-05-02T19:34:04.981+0000] {logging_mixin.py:188} INFO - [2026-05-02T19:34:04.981+0000] {dag.py:3036} INFO - Sync 1 DAGs
[2026-05-02T19:34:04.995+0000] {logging_mixin.py:188} INFO - [2026-05-02T19:34:04.995+0000] {dag.py:3823} INFO - Setting next_dagrun for f1_bigdata_pipeline to 2026-04-27 06:00:00+00:00, run_after=2026-05-04 06:00:00+00:00
[2026-05-02T19:34:05.003+0000] {processor.py:183} INFO - Processing /opt/airflow/dags/f1_pipeline_dag.py took 0.087 seconds
[2026-05-02T19:34:35.294+0000] {processor.py:161} INFO - Started process (PID=2491) to work on /opt/airflow/dags/f1_pipeline_dag.py
[2026-05-02T19:34:35.296+0000] {processor.py:830} INFO - Processing file /opt/airflow/dags/f1_pipeline_dag.py for tasks to queue
[2026-05-02T19:34:35.297+0000] {logging_mixin.py:188} INFO - [2026-05-02T19:34:35.297+0000] {dagbag.py:538} INFO - Filling up the DagBag from /opt/airflow/dags/f1_pipeline_dag.py
[2026-05-02T19:34:35.330+0000] {processor.py:840} INFO - DAG(s) 'f1_bigdata_pipeline' retrieved from /opt/airflow/dags/f1_pipeline_dag.py
[2026-05-02T19:34:35.361+0000] {logging_mixin.py:188} INFO - [2026-05-02T19:34:35.361+0000] {dag.py:3036} INFO - Sync 1 DAGs
[2026-05-02T19:34:35.374+0000] {logging_mixin.py:188} INFO - [2026-05-02T19:34:35.374+0000] {dag.py:3823} INFO - Setting next_dagrun for f1_bigdata_pipeline to 2026-04-27 06:00:00+00:00, run_after=2026-05-04 06:00:00+00:00
[2026-05-02T19:34:35.383+0000] {processor.py:183} INFO - Processing /opt/airflow/dags/f1_pipeline_dag.py took 0.094 seconds
[2026-05-02T19:35:05.688+0000] {processor.py:161} INFO - Started process (PID=2496) to work on /opt/airflow/dags/f1_pipeline_dag.py
[2026-05-02T19:35:05.690+0000] {processor.py:830} INFO - Processing file /opt/airflow/dags/f1_pipeline_dag.py for tasks to queue
[2026-05-02T19:35:05.691+0000] {logging_mixin.py:188} INFO - [2026-05-02T19:35:05.690+0000] {dagbag.py:538} INFO - Filling up the DagBag from /opt/airflow/dags/f1_pipeline_dag.py
[2026-05-02T19:35:05.702+0000] {processor.py:840} INFO - DAG(s) 'f1_bigdata_pipeline' retrieved from /opt/airflow/dags/f1_pipeline_dag.py
[2026-05-02T19:35:05.740+0000] {logging_mixin.py:188} INFO - [2026-05-02T19:35:05.740+0000] {dag.py:3036} INFO - Sync 1 DAGs
[2026-05-02T19:35:05.753+0000] {logging_mixin.py:188} INFO - [2026-05-02T19:35:05.753+0000] {dag.py:3823} INFO - Setting next_dagrun for f1_bigdata_pipeline to 2026-04-27 06:00:00+00:00, run_after=2026-05-04 06:00:00+00:00
[2026-05-02T19:35:05.761+0000] {processor.py:183} INFO - Processing /opt/airflow/dags/f1_pipeline_dag.py took 0.077 seconds
[2026-05-02T19:35:36.270+0000] {processor.py:161} INFO - Started process (PID=2501) to work on /opt/airflow/dags/f1_pipeline_dag.py
[2026-05-02T19:35:36.271+0000] {processor.py:830} INFO - Processing file /opt/airflow/dags/f1_pipeline_dag.py for tasks to queue
[2026-05-02T19:35:36.273+0000] {logging_mixin.py:188} INFO - [2026-05-02T19:35:36.272+0000] {dagbag.py:538} INFO - Filling up the DagBag from /opt/airflow/dags/f1_pipeline_dag.py
[2026-05-02T19:35:36.288+0000] {processor.py:840} INFO - DAG(s) 'f1_bigdata_pipeline' retrieved from /opt/airflow/dags/f1_pipeline_dag.py
[2026-05-02T19:35:36.308+0000] {logging_mixin.py:188} INFO - [2026-05-02T19:35:36.308+0000] {dag.py:3036} INFO - Sync 1 DAGs
[2026-05-02T19:35:36.337+0000] {logging_mixin.py:188} INFO - [2026-05-02T19:35:36.337+0000] {dag.py:3823} INFO - Setting next_dagrun for f1_bigdata_pipeline to 2026-04-27 06:00:00+00:00, run_after=2026-05-04 06:00:00+00:00
[2026-05-02T19:35:36.345+0000] {processor.py:183} INFO - Processing /opt/airflow/dags/f1_pipeline_dag.py took 0.080 seconds
[2026-05-02T19:36:06.636+0000] {processor.py:161} INFO - Started process (PID=2506) to work on /opt/airflow/dags/f1_pipeline_dag.py
[2026-05-02T19:36:06.639+0000] {processor.py:830} INFO - Processing file /opt/airflow/dags/f1_pipeline_dag.py for tasks to queue
[2026-05-02T19:36:06.640+0000] {logging_mixin.py:188} INFO - [2026-05-02T19:36:06.639+0000] {dagbag.py:538} INFO - Filling up the DagBag from /opt/airflow/dags/f1_pipeline_dag.py
[2026-05-02T19:36:06.658+0000] {processor.py:840} INFO - DAG(s) 'f1_bigdata_pipeline' retrieved from /opt/airflow/dags/f1_pipeline_dag.py
[2026-05-02T19:36:06.699+0000] {logging_mixin.py:188} INFO - [2026-05-02T19:36:06.699+0000] {dag.py:3036} INFO - Sync 1 DAGs
[2026-05-02T19:36:06.713+0000] {logging_mixin.py:188} INFO - [2026-05-02T19:36:06.713+0000] {dag.py:3823} INFO - Setting next_dagrun for f1_bigdata_pipeline to 2026-04-27 06:00:00+00:00, run_after=2026-05-04 06:00:00+00:00
[2026-05-02T19:36:06.722+0000] {processor.py:183} INFO - Processing /opt/airflow/dags/f1_pipeline_dag.py took 0.091 seconds
[2026-05-02T19:36:37.034+0000] {processor.py:161} INFO - Started process (PID=2511) to work on /opt/airflow/dags/f1_pipeline_dag.py
[2026-05-02T19:36:37.037+0000] {processor.py:830} INFO - Processing file /opt/airflow/dags/f1_pipeline_dag.py for tasks to queue
[2026-05-02T19:36:37.038+0000] {logging_mixin.py:188} INFO - [2026-05-02T19:36:37.038+0000] {dagbag.py:538} INFO - Filling up the DagBag from /opt/airflow/dags/f1_pipeline_dag.py
[2026-05-02T19:36:37.059+0000] {processor.py:840} INFO - DAG(s) 'f1_bigdata_pipeline' retrieved from /opt/airflow/dags/f1_pipeline_dag.py
[2026-05-02T19:36:37.091+0000] {logging_mixin.py:188} INFO - [2026-05-02T19:36:37.091+0000] {dag.py:3036} INFO - Sync 1 DAGs
[2026-05-02T19:36:37.107+0000] {logging_mixin.py:188} INFO - [2026-05-02T19:36:37.106+0000] {dag.py:3823} INFO - Setting next_dagrun for f1_bigdata_pipeline to 2026-04-27 06:00:00+00:00, run_after=2026-05-04 06:00:00+00:00
[2026-05-02T19:36:37.115+0000] {processor.py:183} INFO - Processing /opt/airflow/dags/f1_pipeline_dag.py took 0.110 seconds
[2026-05-02T19:37:07.409+0000] {processor.py:161} INFO - Started process (PID=2516) to work on /opt/airflow/dags/f1_pipeline_dag.py
[2026-05-02T19:37:07.411+0000] {processor.py:830} INFO - Processing file /opt/airflow/dags/f1_pipeline_dag.py for tasks to queue
[2026-05-02T19:37:07.412+0000] {logging_mixin.py:188} INFO - [2026-05-02T19:37:07.412+0000] {dagbag.py:538} INFO - Filling up the DagBag from /opt/airflow/dags/f1_pipeline_dag.py
[2026-05-02T19:37:07.442+0000] {processor.py:840} INFO - DAG(s) 'f1_bigdata_pipeline' retrieved from /opt/airflow/dags/f1_pipeline_dag.py
[2026-05-02T19:37:07.470+0000] {logging_mixin.py:188} INFO - [2026-05-02T19:37:07.470+0000] {dag.py:3036} INFO - Sync 1 DAGs
[2026-05-02T19:37:07.484+0000] {logging_mixin.py:188} INFO - [2026-05-02T19:37:07.484+0000] {dag.py:3823} INFO - Setting next_dagrun for f1_bigdata_pipeline to 2026-04-27 06:00:00+00:00, run_after=2026-05-04 06:00:00+00:00
[2026-05-02T19:37:07.493+0000] {processor.py:183} INFO - Processing /opt/airflow/dags/f1_pipeline_dag.py took 0.089 seconds
[2026-05-02T19:37:37.807+0000] {processor.py:161} INFO - Started process (PID=2521) to work on /opt/airflow/dags/f1_pipeline_dag.py
[2026-05-02T19:37:37.808+0000] {processor.py:830} INFO - Processing file /opt/airflow/dags/f1_pipeline_dag.py for tasks to queue
[2026-05-02T19:37:37.809+0000] {logging_mixin.py:188} INFO - [2026-05-02T19:37:37.809+0000] {dagbag.py:538} INFO - Filling up the DagBag from /opt/airflow/dags/f1_pipeline_dag.py
[2026-05-02T19:37:37.822+0000] {processor.py:840} INFO - DAG(s) 'f1_bigdata_pipeline' retrieved from /opt/airflow/dags/f1_pipeline_dag.py
[2026-05-02T19:37:37.846+0000] {logging_mixin.py:188} INFO - [2026-05-02T19:37:37.846+0000] {dag.py:3036} INFO - Sync 1 DAGs
[2026-05-02T19:37:37.860+0000] {logging_mixin.py:188} INFO - [2026-05-02T19:37:37.860+0000] {dag.py:3823} INFO - Setting next_dagrun for f1_bigdata_pipeline to 2026-04-27 06:00:00+00:00, run_after=2026-05-04 06:00:00+00:00
[2026-05-02T19:37:37.868+0000] {processor.py:183} INFO - Processing /opt/airflow/dags/f1_pipeline_dag.py took 0.072 seconds
[2026-05-02T19:38:08.154+0000] {processor.py:161} INFO - Started process (PID=2526) to work on /opt/airflow/dags/f1_pipeline_dag.py
[2026-05-02T19:38:08.156+0000] {processor.py:830} INFO - Processing file /opt/airflow/dags/f1_pipeline_dag.py for tasks to queue
[2026-05-02T19:38:08.157+0000] {logging_mixin.py:188} INFO - [2026-05-02T19:38:08.157+0000] {dagbag.py:538} INFO - Filling up the DagBag from /opt/airflow/dags/f1_pipeline_dag.py
[2026-05-02T19:38:08.187+0000] {processor.py:840} INFO - DAG(s) 'f1_bigdata_pipeline' retrieved from /opt/airflow/dags/f1_pipeline_dag.py
[2026-05-02T19:38:08.218+0000] {logging_mixin.py:188} INFO - [2026-05-02T19:38:08.218+0000] {dag.py:3036} INFO - Sync 1 DAGs
[2026-05-02T19:38:08.248+0000] {logging_mixin.py:188} INFO - [2026-05-02T19:38:08.247+0000] {dag.py:3823} INFO - Setting next_dagrun for f1_bigdata_pipeline to 2026-04-27 06:00:00+00:00, run_after=2026-05-04 06:00:00+00:00
[2026-05-02T19:38:08.273+0000] {processor.py:183} INFO - Processing /opt/airflow/dags/f1_pipeline_dag.py took 0.127 seconds
[2026-05-02T19:38:38.654+0000] {processor.py:161} INFO - Started process (PID=2531) to work on /opt/airflow/dags/f1_pipeline_dag.py
[2026-05-02T19:38:38.656+0000] {processor.py:830} INFO - Processing file /opt/airflow/dags/f1_pipeline_dag.py for tasks to queue
[2026-05-02T19:38:38.658+0000] {logging_mixin.py:188} INFO - [2026-05-02T19:38:38.657+0000] {dagbag.py:538} INFO - Filling up the DagBag from /opt/airflow/dags/f1_pipeline_dag.py
[2026-05-02T19:38:38.671+0000] {processor.py:840} INFO - DAG(s) 'f1_bigdata_pipeline' retrieved from /opt/airflow/dags/f1_pipeline_dag.py
[2026-05-02T19:38:38.700+0000] {logging_mixin.py:188} INFO - [2026-05-02T19:38:38.700+0000] {dag.py:3036} INFO - Sync 1 DAGs
[2026-05-02T19:38:38.714+0000] {logging_mixin.py:188} INFO - [2026-05-02T19:38:38.714+0000] {dag.py:3823} INFO - Setting next_dagrun for f1_bigdata_pipeline to 2026-04-27 06:00:00+00:00, run_after=2026-05-04 06:00:00+00:00
[2026-05-02T19:38:38.723+0000] {processor.py:183} INFO - Processing /opt/airflow/dags/f1_pipeline_dag.py took 0.074 seconds
[2026-05-02T19:39:08.981+0000] {processor.py:161} INFO - Started process (PID=2536) to work on /opt/airflow/dags/f1_pipeline_dag.py
[2026-05-02T19:39:08.983+0000] {processor.py:830} INFO - Processing file /opt/airflow/dags/f1_pipeline_dag.py for tasks to queue
[2026-05-02T19:39:08.984+0000] {logging_mixin.py:188} INFO - [2026-05-02T19:39:08.983+0000] {dagbag.py:538} INFO - Filling up the DagBag from /opt/airflow/dags/f1_pipeline_dag.py
[2026-05-02T19:39:08.997+0000] {processor.py:840} INFO - DAG(s) 'f1_bigdata_pipeline' retrieved from /opt/airflow/dags/f1_pipeline_dag.py
[2026-05-02T19:39:09.037+0000] {logging_mixin.py:188} INFO - [2026-05-02T19:39:09.037+0000] {dag.py:3036} INFO - Sync 1 DAGs
[2026-05-02T19:39:09.050+0000] {logging_mixin.py:188} INFO - [2026-05-02T19:39:09.050+0000] {dag.py:3823} INFO - Setting next_dagrun for f1_bigdata_pipeline to 2026-04-27 06:00:00+00:00, run_after=2026-05-04 06:00:00+00:00
[2026-05-02T19:39:09.059+0000] {processor.py:183} INFO - Processing /opt/airflow/dags/f1_pipeline_dag.py took 0.082 seconds
[2026-05-02T19:39:39.308+0000] {processor.py:161} INFO - Started process (PID=2541) to work on /opt/airflow/dags/f1_pipeline_dag.py
[2026-05-02T19:39:39.310+0000] {processor.py:830} INFO - Processing file /opt/airflow/dags/f1_pipeline_dag.py for tasks to queue
[2026-05-02T19:39:39.311+0000] {logging_mixin.py:188} INFO - [2026-05-02T19:39:39.311+0000] {dagbag.py:538} INFO - Filling up the DagBag from /opt/airflow/dags/f1_pipeline_dag.py
[2026-05-02T19:39:39.325+0000] {processor.py:840} INFO - DAG(s) 'f1_bigdata_pipeline' retrieved from /opt/airflow/dags/f1_pipeline_dag.py
[2026-05-02T19:39:39.346+0000] {logging_mixin.py:188} INFO - [2026-05-02T19:39:39.346+0000] {dag.py:3036} INFO - Sync 1 DAGs
[2026-05-02T19:39:39.359+0000] {logging_mixin.py:188} INFO - [2026-05-02T19:39:39.359+0000] {dag.py:3823} INFO - Setting next_dagrun for f1_bigdata_pipeline to 2026-04-27 06:00:00+00:00, run_after=2026-05-04 06:00:00+00:00
[2026-05-02T19:39:39.368+0000] {processor.py:183} INFO - Processing /opt/airflow/dags/f1_pipeline_dag.py took 0.064 seconds
[2026-05-02T19:40:09.655+0000] {processor.py:161} INFO - Started process (PID=2546) to work on /opt/airflow/dags/f1_pipeline_dag.py
[2026-05-02T19:40:09.657+0000] {processor.py:830} INFO - Processing file /opt/airflow/dags/f1_pipeline_dag.py for tasks to queue
[2026-05-02T19:40:09.658+0000] {logging_mixin.py:188} INFO - [2026-05-02T19:40:09.658+0000] {dagbag.py:538} INFO - Filling up the DagBag from /opt/airflow/dags/f1_pipeline_dag.py
[2026-05-02T19:40:09.675+0000] {processor.py:840} INFO - DAG(s) 'f1_bigdata_pipeline' retrieved from /opt/airflow/dags/f1_pipeline_dag.py
[2026-05-02T19:40:09.715+0000] {logging_mixin.py:188} INFO - [2026-05-02T19:40:09.715+0000] {dag.py:3036} INFO - Sync 1 DAGs
[2026-05-02T19:40:09.728+0000] {logging_mixin.py:188} INFO - [2026-05-02T19:40:09.728+0000] {dag.py:3823} INFO - Setting next_dagrun for f1_bigdata_pipeline to 2026-04-27 06:00:00+00:00, run_after=2026-05-04 06:00:00+00:00
[2026-05-02T19:40:09.737+0000] {processor.py:183} INFO - Processing /opt/airflow/dags/f1_pipeline_dag.py took 0.088 seconds
[2026-05-02T19:40:40.065+0000] {processor.py:161} INFO - Started process (PID=2551) to work on /opt/airflow/dags/f1_pipeline_dag.py
[2026-05-02T19:40:40.067+0000] {processor.py:830} INFO - Processing file /opt/airflow/dags/f1_pipeline_dag.py for tasks to queue
[2026-05-02T19:40:40.069+0000] {logging_mixin.py:188} INFO - [2026-05-02T19:40:40.068+0000] {dagbag.py:538} INFO - Filling up the DagBag from /opt/airflow/dags/f1_pipeline_dag.py
[2026-05-02T19:40:40.086+0000] {processor.py:840} INFO - DAG(s) 'f1_bigdata_pipeline' retrieved from /opt/airflow/dags/f1_pipeline_dag.py
[2026-05-02T19:40:40.121+0000] {logging_mixin.py:188} INFO - [2026-05-02T19:40:40.121+0000] {dag.py:3036} INFO - Sync 1 DAGs
[2026-05-02T19:40:40.135+0000] {logging_mixin.py:188} INFO - [2026-05-02T19:40:40.135+0000] {dag.py:3823} INFO - Setting next_dagrun for f1_bigdata_pipeline to 2026-04-27 06:00:00+00:00, run_after=2026-05-04 06:00:00+00:00
[2026-05-02T19:40:40.143+0000] {processor.py:183} INFO - Processing /opt/airflow/dags/f1_pipeline_dag.py took 0.085 seconds
[2026-05-02T19:41:10.457+0000] {processor.py:161} INFO - Started process (PID=2556) to work on /opt/airflow/dags/f1_pipeline_dag.py
[2026-05-02T19:41:10.459+0000] {processor.py:830} INFO - Processing file /opt/airflow/dags/f1_pipeline_dag.py for tasks to queue
[2026-05-02T19:41:10.461+0000] {logging_mixin.py:188} INFO - [2026-05-02T19:41:10.460+0000] {dagbag.py:538} INFO - Filling up the DagBag from /opt/airflow/dags/f1_pipeline_dag.py
[2026-05-02T19:41:10.493+0000] {processor.py:840} INFO - DAG(s) 'f1_bigdata_pipeline' retrieved from /opt/airflow/dags/f1_pipeline_dag.py
[2026-05-02T19:41:10.514+0000] {logging_mixin.py:188} INFO - [2026-05-02T19:41:10.513+0000] {dag.py:3036} INFO - Sync 1 DAGs
[2026-05-02T19:41:10.541+0000] {logging_mixin.py:188} INFO - [2026-05-02T19:41:10.541+0000] {dag.py:3823} INFO - Setting next_dagrun for f1_bigdata_pipeline to 2026-04-27 06:00:00+00:00, run_after=2026-05-04 06:00:00+00:00
[2026-05-02T19:41:10.549+0000] {processor.py:183} INFO - Processing /opt/airflow/dags/f1_pipeline_dag.py took 0.097 seconds
[2026-05-02T19:41:40.921+0000] {processor.py:161} INFO - Started process (PID=2561) to work on /opt/airflow/dags/f1_pipeline_dag.py
[2026-05-02T19:41:40.923+0000] {processor.py:830} INFO - Processing file /opt/airflow/dags/f1_pipeline_dag.py for tasks to queue
[2026-05-02T19:41:40.924+0000] {logging_mixin.py:188} INFO - [2026-05-02T19:41:40.923+0000] {dagbag.py:538} INFO - Filling up the DagBag from /opt/airflow/dags/f1_pipeline_dag.py
[2026-05-02T19:41:40.954+0000] {processor.py:840} INFO - DAG(s) 'f1_bigdata_pipeline' retrieved from /opt/airflow/dags/f1_pipeline_dag.py
[2026-05-02T19:41:40.979+0000] {logging_mixin.py:188} INFO - [2026-05-02T19:41:40.979+0000] {dag.py:3036} INFO - Sync 1 DAGs
[2026-05-02T19:41:40.992+0000] {logging_mixin.py:188} INFO - [2026-05-02T19:41:40.992+0000] {dag.py:3823} INFO - Setting next_dagrun for f1_bigdata_pipeline to 2026-04-27 06:00:00+00:00, run_after=2026-05-04 06:00:00+00:00
[2026-05-02T19:41:41.002+0000] {processor.py:183} INFO - Processing /opt/airflow/dags/f1_pipeline_dag.py took 0.086 seconds
[2026-05-02T19:42:11.469+0000] {processor.py:161} INFO - Started process (PID=2566) to work on /opt/airflow/dags/f1_pipeline_dag.py
[2026-05-02T19:42:11.472+0000] {processor.py:830} INFO - Processing file /opt/airflow/dags/f1_pipeline_dag.py for tasks to queue
[2026-05-02T19:42:11.473+0000] {logging_mixin.py:188} INFO - [2026-05-02T19:42:11.473+0000] {dagbag.py:538} INFO - Filling up the DagBag from /opt/airflow/dags/f1_pipeline_dag.py
[2026-05-02T19:42:11.492+0000] {processor.py:840} INFO - DAG(s) 'f1_bigdata_pipeline' retrieved from /opt/airflow/dags/f1_pipeline_dag.py
[2026-05-02T19:42:11.531+0000] {logging_mixin.py:188} INFO - [2026-05-02T19:42:11.530+0000] {dag.py:3036} INFO - Sync 1 DAGs
[2026-05-02T19:42:11.544+0000] {logging_mixin.py:188} INFO - [2026-05-02T19:42:11.544+0000] {dag.py:3823} INFO - Setting next_dagrun for f1_bigdata_pipeline to 2026-04-27 06:00:00+00:00, run_after=2026-05-04 06:00:00+00:00
[2026-05-02T19:42:11.552+0000] {processor.py:183} INFO - Processing /opt/airflow/dags/f1_pipeline_dag.py took 0.091 seconds
[2026-05-02T19:42:41.862+0000] {processor.py:161} INFO - Started process (PID=2571) to work on /opt/airflow/dags/f1_pipeline_dag.py
[2026-05-02T19:42:41.864+0000] {processor.py:830} INFO - Processing file /opt/airflow/dags/f1_pipeline_dag.py for tasks to queue
[2026-05-02T19:42:41.865+0000] {logging_mixin.py:188} INFO - [2026-05-02T19:42:41.865+0000] {dagbag.py:538} INFO - Filling up the DagBag from /opt/airflow/dags/f1_pipeline_dag.py
[2026-05-02T19:42:41.898+0000] {processor.py:840} INFO - DAG(s) 'f1_bigdata_pipeline' retrieved from /opt/airflow/dags/f1_pipeline_dag.py
[2026-05-02T19:42:41.929+0000] {logging_mixin.py:188} INFO - [2026-05-02T19:42:41.929+0000] {dag.py:3036} INFO - Sync 1 DAGs
[2026-05-02T19:42:41.990+0000] {logging_mixin.py:188} INFO - [2026-05-02T19:42:41.990+0000] {dag.py:3823} INFO - Setting next_dagrun for f1_bigdata_pipeline to 2026-04-27 06:00:00+00:00, run_after=2026-05-04 06:00:00+00:00
[2026-05-02T19:42:42.010+0000] {processor.py:183} INFO - Processing /opt/airflow/dags/f1_pipeline_dag.py took 0.153 seconds
[2026-05-02T19:43:12.198+0000] {processor.py:161} INFO - Started process (PID=2576) to work on /opt/airflow/dags/f1_pipeline_dag.py
[2026-05-02T19:43:12.200+0000] {processor.py:830} INFO - Processing file /opt/airflow/dags/f1_pipeline_dag.py for tasks to queue
[2026-05-02T19:43:12.202+0000] {logging_mixin.py:188} INFO - [2026-05-02T19:43:12.201+0000] {dagbag.py:538} INFO - Filling up the DagBag from /opt/airflow/dags/f1_pipeline_dag.py
[2026-05-02T19:43:12.243+0000] {processor.py:840} INFO - DAG(s) 'f1_bigdata_pipeline' retrieved from /opt/airflow/dags/f1_pipeline_dag.py
[2026-05-02T19:43:12.265+0000] {logging_mixin.py:188} INFO - [2026-05-02T19:43:12.265+0000] {dag.py:3036} INFO - Sync 1 DAGs
[2026-05-02T19:43:12.278+0000] {logging_mixin.py:188} INFO - [2026-05-02T19:43:12.278+0000] {dag.py:3823} INFO - Setting next_dagrun for f1_bigdata_pipeline to 2026-04-27 06:00:00+00:00, run_after=2026-05-04 06:00:00+00:00
[2026-05-02T19:43:12.287+0000] {processor.py:183} INFO - Processing /opt/airflow/dags/f1_pipeline_dag.py took 0.096 seconds
[2026-05-02T19:43:42.733+0000] {processor.py:161} INFO - Started process (PID=2581) to work on /opt/airflow/dags/f1_pipeline_dag.py
[2026-05-02T19:43:42.735+0000] {processor.py:830} INFO - Processing file /opt/airflow/dags/f1_pipeline_dag.py for tasks to queue
[2026-05-02T19:43:42.736+0000] {logging_mixin.py:188} INFO - [2026-05-02T19:43:42.736+0000] {dagbag.py:538} INFO - Filling up the DagBag from /opt/airflow/dags/f1_pipeline_dag.py
[2026-05-02T19:43:42.756+0000] {processor.py:840} INFO - DAG(s) 'f1_bigdata_pipeline' retrieved from /opt/airflow/dags/f1_pipeline_dag.py
[2026-05-02T19:43:42.799+0000] {logging_mixin.py:188} INFO - [2026-05-02T19:43:42.799+0000] {dag.py:3036} INFO - Sync 1 DAGs
[2026-05-02T19:43:42.815+0000] {logging_mixin.py:188} INFO - [2026-05-02T19:43:42.814+0000] {dag.py:3823} INFO - Setting next_dagrun for f1_bigdata_pipeline to 2026-04-27 06:00:00+00:00, run_after=2026-05-04 06:00:00+00:00
[2026-05-02T19:43:42.823+0000] {processor.py:183} INFO - Processing /opt/airflow/dags/f1_pipeline_dag.py took 0.096 seconds
[2026-05-02T19:44:13.163+0000] {processor.py:161} INFO - Started process (PID=2586) to work on /opt/airflow/dags/f1_pipeline_dag.py
[2026-05-02T19:44:13.164+0000] {processor.py:830} INFO - Processing file /opt/airflow/dags/f1_pipeline_dag.py for tasks to queue
[2026-05-02T19:44:13.165+0000] {logging_mixin.py:188} INFO - [2026-05-02T19:44:13.165+0000] {dagbag.py:538} INFO - Filling up the DagBag from /opt/airflow/dags/f1_pipeline_dag.py
[2026-05-02T19:44:13.178+0000] {processor.py:840} INFO - DAG(s) 'f1_bigdata_pipeline' retrieved from /opt/airflow/dags/f1_pipeline_dag.py
[2026-05-02T19:44:13.202+0000] {logging_mixin.py:188} INFO - [2026-05-02T19:44:13.202+0000] {dag.py:3036} INFO - Sync 1 DAGs
[2026-05-02T19:44:13.225+0000] {logging_mixin.py:188} INFO - [2026-05-02T19:44:13.225+0000] {dag.py:3823} INFO - Setting next_dagrun for f1_bigdata_pipeline to 2026-04-27 06:00:00+00:00, run_after=2026-05-04 06:00:00+00:00
[2026-05-02T19:44:13.233+0000] {processor.py:183} INFO - Processing /opt/airflow/dags/f1_pipeline_dag.py took 0.077 seconds
[2026-05-02T19:44:43.599+0000] {processor.py:161} INFO - Started process (PID=2591) to work on /opt/airflow/dags/f1_pipeline_dag.py
[2026-05-02T19:44:43.601+0000] {processor.py:830} INFO - Processing file /opt/airflow/dags/f1_pipeline_dag.py for tasks to queue
[2026-05-02T19:44:43.602+0000] {logging_mixin.py:188} INFO - [2026-05-02T19:44:43.602+0000] {dagbag.py:538} INFO - Filling up the DagBag from /opt/airflow/dags/f1_pipeline_dag.py
[2026-05-02T19:44:43.642+0000] {processor.py:840} INFO - DAG(s) 'f1_bigdata_pipeline' retrieved from /opt/airflow/dags/f1_pipeline_dag.py
[2026-05-02T19:44:43.667+0000] {logging_mixin.py:188} INFO - [2026-05-02T19:44:43.667+0000] {dag.py:3036} INFO - Sync 1 DAGs
[2026-05-02T19:44:43.681+0000] {logging_mixin.py:188} INFO - [2026-05-02T19:44:43.681+0000] {dag.py:3823} INFO - Setting next_dagrun for f1_bigdata_pipeline to 2026-04-27 06:00:00+00:00, run_after=2026-05-04 06:00:00+00:00
[2026-05-02T19:44:43.691+0000] {processor.py:183} INFO - Processing /opt/airflow/dags/f1_pipeline_dag.py took 0.101 seconds
[2026-05-02T19:45:13.943+0000] {processor.py:161} INFO - Started process (PID=2596) to work on /opt/airflow/dags/f1_pipeline_dag.py
[2026-05-02T19:45:13.944+0000] {processor.py:830} INFO - Processing file /opt/airflow/dags/f1_pipeline_dag.py for tasks to queue
[2026-05-02T19:45:13.945+0000] {logging_mixin.py:188} INFO - [2026-05-02T19:45:13.944+0000] {dagbag.py:538} INFO - Filling up the DagBag from /opt/airflow/dags/f1_pipeline_dag.py
[2026-05-02T19:45:13.956+0000] {processor.py:840} INFO - DAG(s) 'f1_bigdata_pipeline' retrieved from /opt/airflow/dags/f1_pipeline_dag.py
[2026-05-02T19:45:13.976+0000] {logging_mixin.py:188} INFO - [2026-05-02T19:45:13.976+0000] {dag.py:3036} INFO - Sync 1 DAGs
[2026-05-02T19:45:13.989+0000] {logging_mixin.py:188} INFO - [2026-05-02T19:45:13.989+0000] {dag.py:3823} INFO - Setting next_dagrun for f1_bigdata_pipeline to 2026-04-27 06:00:00+00:00, run_after=2026-05-04 06:00:00+00:00
[2026-05-02T19:45:13.998+0000] {processor.py:183} INFO - Processing /opt/airflow/dags/f1_pipeline_dag.py took 0.058 seconds
[2026-05-02T19:45:44.359+0000] {processor.py:161} INFO - Started process (PID=2601) to work on /opt/airflow/dags/f1_pipeline_dag.py
[2026-05-02T19:45:44.361+0000] {processor.py:830} INFO - Processing file /opt/airflow/dags/f1_pipeline_dag.py for tasks to queue
[2026-05-02T19:45:44.362+0000] {logging_mixin.py:188} INFO - [2026-05-02T19:45:44.362+0000] {dagbag.py:538} INFO - Filling up the DagBag from /opt/airflow/dags/f1_pipeline_dag.py
[2026-05-02T19:45:44.376+0000] {processor.py:840} INFO - DAG(s) 'f1_bigdata_pipeline' retrieved from /opt/airflow/dags/f1_pipeline_dag.py
[2026-05-02T19:45:44.397+0000] {logging_mixin.py:188} INFO - [2026-05-02T19:45:44.397+0000] {dag.py:3036} INFO - Sync 1 DAGs
[2026-05-02T19:45:44.418+0000] {logging_mixin.py:188} INFO - [2026-05-02T19:45:44.418+0000] {dag.py:3823} INFO - Setting next_dagrun for f1_bigdata_pipeline to 2026-04-27 06:00:00+00:00, run_after=2026-05-04 06:00:00+00:00
[2026-05-02T19:45:44.427+0000] {processor.py:183} INFO - Processing /opt/airflow/dags/f1_pipeline_dag.py took 0.073 seconds
[2026-05-02T19:46:14.760+0000] {processor.py:161} INFO - Started process (PID=2606) to work on /opt/airflow/dags/f1_pipeline_dag.py
[2026-05-02T19:46:14.763+0000] {processor.py:830} INFO - Processing file /opt/airflow/dags/f1_pipeline_dag.py for tasks to queue
[2026-05-02T19:46:14.764+0000] {logging_mixin.py:188} INFO - [2026-05-02T19:46:14.763+0000] {dagbag.py:538} INFO - Filling up the DagBag from /opt/airflow/dags/f1_pipeline_dag.py
[2026-05-02T19:46:14.792+0000] {processor.py:840} INFO - DAG(s) 'f1_bigdata_pipeline' retrieved from /opt/airflow/dags/f1_pipeline_dag.py
[2026-05-02T19:46:14.814+0000] {logging_mixin.py:188} INFO - [2026-05-02T19:46:14.814+0000] {dag.py:3036} INFO - Sync 1 DAGs
[2026-05-02T19:46:14.830+0000] {logging_mixin.py:188} INFO - [2026-05-02T19:46:14.829+0000] {dag.py:3823} INFO - Setting next_dagrun for f1_bigdata_pipeline to 2026-04-27 06:00:00+00:00, run_after=2026-05-04 06:00:00+00:00
[2026-05-02T19:46:14.845+0000] {processor.py:183} INFO - Processing /opt/airflow/dags/f1_pipeline_dag.py took 0.092 seconds
[2026-05-02T19:46:45.131+0000] {processor.py:161} INFO - Started process (PID=2611) to work on /opt/airflow/dags/f1_pipeline_dag.py
[2026-05-02T19:46:45.132+0000] {processor.py:830} INFO - Processing file /opt/airflow/dags/f1_pipeline_dag.py for tasks to queue
[2026-05-02T19:46:45.133+0000] {logging_mixin.py:188} INFO - [2026-05-02T19:46:45.133+0000] {dagbag.py:538} INFO - Filling up the DagBag from /opt/airflow/dags/f1_pipeline_dag.py
[2026-05-02T19:46:45.166+0000] {processor.py:840} INFO - DAG(s) 'f1_bigdata_pipeline' retrieved from /opt/airflow/dags/f1_pipeline_dag.py
[2026-05-02T19:46:45.187+0000] {logging_mixin.py:188} INFO - [2026-05-02T19:46:45.186+0000] {dag.py:3036} INFO - Sync 1 DAGs
[2026-05-02T19:46:45.200+0000] {logging_mixin.py:188} INFO - [2026-05-02T19:46:45.200+0000] {dag.py:3823} INFO - Setting next_dagrun for f1_bigdata_pipeline to 2026-04-27 06:00:00+00:00, run_after=2026-05-04 06:00:00+00:00
[2026-05-02T19:46:45.209+0000] {processor.py:183} INFO - Processing /opt/airflow/dags/f1_pipeline_dag.py took 0.081 seconds
[2026-05-02T19:47:15.514+0000] {processor.py:161} INFO - Started process (PID=2616) to work on /opt/airflow/dags/f1_pipeline_dag.py
[2026-05-02T19:47:15.517+0000] {processor.py:830} INFO - Processing file /opt/airflow/dags/f1_pipeline_dag.py for tasks to queue
[2026-05-02T19:47:15.518+0000] {logging_mixin.py:188} INFO - [2026-05-02T19:47:15.517+0000] {dagbag.py:538} INFO - Filling up the DagBag from /opt/airflow/dags/f1_pipeline_dag.py
[2026-05-02T19:47:15.548+0000] {processor.py:840} INFO - DAG(s) 'f1_bigdata_pipeline' retrieved from /opt/airflow/dags/f1_pipeline_dag.py
[2026-05-02T19:47:15.569+0000] {logging_mixin.py:188} INFO - [2026-05-02T19:47:15.569+0000] {dag.py:3036} INFO - Sync 1 DAGs
[2026-05-02T19:47:15.582+0000] {logging_mixin.py:188} INFO - [2026-05-02T19:47:15.582+0000] {dag.py:3823} INFO - Setting next_dagrun for f1_bigdata_pipeline to 2026-04-27 06:00:00+00:00, run_after=2026-05-04 06:00:00+00:00
[2026-05-02T19:47:15.590+0000] {processor.py:183} INFO - Processing /opt/airflow/dags/f1_pipeline_dag.py took 0.081 seconds
[2026-05-02T19:47:45.935+0000] {processor.py:161} INFO - Started process (PID=2621) to work on /opt/airflow/dags/f1_pipeline_dag.py
[2026-05-02T19:47:45.938+0000] {processor.py:830} INFO - Processing file /opt/airflow/dags/f1_pipeline_dag.py for tasks to queue
[2026-05-02T19:47:45.939+0000] {logging_mixin.py:188} INFO - [2026-05-02T19:47:45.938+0000] {dagbag.py:538} INFO - Filling up the DagBag from /opt/airflow/dags/f1_pipeline_dag.py
[2026-05-02T19:47:45.964+0000] {processor.py:840} INFO - DAG(s) 'f1_bigdata_pipeline' retrieved from /opt/airflow/dags/f1_pipeline_dag.py
[2026-05-02T19:47:45.994+0000] {logging_mixin.py:188} INFO - [2026-05-02T19:47:45.994+0000] {dag.py:3036} INFO - Sync 1 DAGs
[2026-05-02T19:47:46.008+0000] {logging_mixin.py:188} INFO - [2026-05-02T19:47:46.007+0000] {dag.py:3823} INFO - Setting next_dagrun for f1_bigdata_pipeline to 2026-04-27 06:00:00+00:00, run_after=2026-05-04 06:00:00+00:00
[2026-05-02T19:47:46.016+0000] {processor.py:183} INFO - Processing /opt/airflow/dags/f1_pipeline_dag.py took 0.086 seconds
[2026-05-02T19:48:16.536+0000] {processor.py:161} INFO - Started process (PID=2626) to work on /opt/airflow/dags/f1_pipeline_dag.py
[2026-05-02T19:48:16.538+0000] {processor.py:830} INFO - Processing file /opt/airflow/dags/f1_pipeline_dag.py for tasks to queue
[2026-05-02T19:48:16.540+0000] {logging_mixin.py:188} INFO - [2026-05-02T19:48:16.539+0000] {dagbag.py:538} INFO - Filling up the DagBag from /opt/airflow/dags/f1_pipeline_dag.py
[2026-05-02T19:48:16.574+0000] {processor.py:840} INFO - DAG(s) 'f1_bigdata_pipeline' retrieved from /opt/airflow/dags/f1_pipeline_dag.py
[2026-05-02T19:48:16.632+0000] {logging_mixin.py:188} INFO - [2026-05-02T19:48:16.632+0000] {dag.py:3036} INFO - Sync 1 DAGs
[2026-05-02T19:48:16.645+0000] {logging_mixin.py:188} INFO - [2026-05-02T19:48:16.645+0000] {dag.py:3823} INFO - Setting next_dagrun for f1_bigdata_pipeline to 2026-04-27 06:00:00+00:00, run_after=2026-05-04 06:00:00+00:00
[2026-05-02T19:48:16.661+0000] {processor.py:183} INFO - Processing /opt/airflow/dags/f1_pipeline_dag.py took 0.131 seconds
[2026-05-02T19:48:46.948+0000] {processor.py:161} INFO - Started process (PID=2631) to work on /opt/airflow/dags/f1_pipeline_dag.py
[2026-05-02T19:48:46.949+0000] {processor.py:830} INFO - Processing file /opt/airflow/dags/f1_pipeline_dag.py for tasks to queue
[2026-05-02T19:48:46.950+0000] {logging_mixin.py:188} INFO - [2026-05-02T19:48:46.950+0000] {dagbag.py:538} INFO - Filling up the DagBag from /opt/airflow/dags/f1_pipeline_dag.py
[2026-05-02T19:48:46.968+0000] {processor.py:840} INFO - DAG(s) 'f1_bigdata_pipeline' retrieved from /opt/airflow/dags/f1_pipeline_dag.py
[2026-05-02T19:48:47.003+0000] {logging_mixin.py:188} INFO - [2026-05-02T19:48:47.003+0000] {dag.py:3036} INFO - Sync 1 DAGs
[2026-05-02T19:48:47.017+0000] {logging_mixin.py:188} INFO - [2026-05-02T19:48:47.017+0000] {dag.py:3823} INFO - Setting next_dagrun for f1_bigdata_pipeline to 2026-04-27 06:00:00+00:00, run_after=2026-05-04 06:00:00+00:00
[2026-05-02T19:48:47.048+0000] {processor.py:183} INFO - Processing /opt/airflow/dags/f1_pipeline_dag.py took 0.107 seconds
[2026-05-02T19:49:17.370+0000] {processor.py:161} INFO - Started process (PID=2636) to work on /opt/airflow/dags/f1_pipeline_dag.py
[2026-05-02T19:49:17.372+0000] {processor.py:830} INFO - Processing file /opt/airflow/dags/f1_pipeline_dag.py for tasks to queue
[2026-05-02T19:49:17.374+0000] {logging_mixin.py:188} INFO - [2026-05-02T19:49:17.373+0000] {dagbag.py:538} INFO - Filling up the DagBag from /opt/airflow/dags/f1_pipeline_dag.py
[2026-05-02T19:49:17.393+0000] {processor.py:840} INFO - DAG(s) 'f1_bigdata_pipeline' retrieved from /opt/airflow/dags/f1_pipeline_dag.py
[2026-05-02T19:49:17.424+0000] {logging_mixin.py:188} INFO - [2026-05-02T19:49:17.423+0000] {dag.py:3036} INFO - Sync 1 DAGs
[2026-05-02T19:49:17.438+0000] {logging_mixin.py:188} INFO - [2026-05-02T19:49:17.438+0000] {dag.py:3823} INFO - Setting next_dagrun for f1_bigdata_pipeline to 2026-04-27 06:00:00+00:00, run_after=2026-05-04 06:00:00+00:00
[2026-05-02T19:49:17.447+0000] {processor.py:183} INFO - Processing /opt/airflow/dags/f1_pipeline_dag.py took 0.094 seconds
[2026-05-02T19:49:47.771+0000] {processor.py:161} INFO - Started process (PID=2641) to work on /opt/airflow/dags/f1_pipeline_dag.py
[2026-05-02T19:49:47.773+0000] {processor.py:830} INFO - Processing file /opt/airflow/dags/f1_pipeline_dag.py for tasks to queue
[2026-05-02T19:49:47.774+0000] {logging_mixin.py:188} INFO - [2026-05-02T19:49:47.773+0000] {dagbag.py:538} INFO - Filling up the DagBag from /opt/airflow/dags/f1_pipeline_dag.py
[2026-05-02T19:49:47.794+0000] {processor.py:840} INFO - DAG(s) 'f1_bigdata_pipeline' retrieved from /opt/airflow/dags/f1_pipeline_dag.py
[2026-05-02T19:49:47.818+0000] {logging_mixin.py:188} INFO - [2026-05-02T19:49:47.818+0000] {dag.py:3036} INFO - Sync 1 DAGs
[2026-05-02T19:49:47.837+0000] {logging_mixin.py:188} INFO - [2026-05-02T19:49:47.837+0000] {dag.py:3823} INFO - Setting next_dagrun for f1_bigdata_pipeline to 2026-04-27 06:00:00+00:00, run_after=2026-05-04 06:00:00+00:00
[2026-05-02T19:49:47.854+0000] {processor.py:183} INFO - Processing /opt/airflow/dags/f1_pipeline_dag.py took 0.098 seconds
[2026-05-02T19:50:18.161+0000] {processor.py:161} INFO - Started process (PID=2646) to work on /opt/airflow/dags/f1_pipeline_dag.py
[2026-05-02T19:50:18.163+0000] {processor.py:830} INFO - Processing file /opt/airflow/dags/f1_pipeline_dag.py for tasks to queue
[2026-05-02T19:50:18.165+0000] {logging_mixin.py:188} INFO - [2026-05-02T19:50:18.164+0000] {dagbag.py:538} INFO - Filling up the DagBag from /opt/airflow/dags/f1_pipeline_dag.py
[2026-05-02T19:50:18.181+0000] {processor.py:840} INFO - DAG(s) 'f1_bigdata_pipeline' retrieved from /opt/airflow/dags/f1_pipeline_dag.py
[2026-05-02T19:50:18.215+0000] {logging_mixin.py:188} INFO - [2026-05-02T19:50:18.214+0000] {dag.py:3036} INFO - Sync 1 DAGs
[2026-05-02T19:50:18.230+0000] {logging_mixin.py:188} INFO - [2026-05-02T19:50:18.230+0000] {dag.py:3823} INFO - Setting next_dagrun for f1_bigdata_pipeline to 2026-04-27 06:00:00+00:00, run_after=2026-05-04 06:00:00+00:00
[2026-05-02T19:50:18.238+0000] {processor.py:183} INFO - Processing /opt/airflow/dags/f1_pipeline_dag.py took 0.082 seconds
[2026-05-02T19:50:48.552+0000] {processor.py:161} INFO - Started process (PID=2651) to work on /opt/airflow/dags/f1_pipeline_dag.py
[2026-05-02T19:50:48.553+0000] {processor.py:830} INFO - Processing file /opt/airflow/dags/f1_pipeline_dag.py for tasks to queue
[2026-05-02T19:50:48.554+0000] {logging_mixin.py:188} INFO - [2026-05-02T19:50:48.554+0000] {dagbag.py:538} INFO - Filling up the DagBag from /opt/airflow/dags/f1_pipeline_dag.py
[2026-05-02T19:50:48.572+0000] {processor.py:840} INFO - DAG(s) 'f1_bigdata_pipeline' retrieved from /opt/airflow/dags/f1_pipeline_dag.py
[2026-05-02T19:50:48.594+0000] {logging_mixin.py:188} INFO - [2026-05-02T19:50:48.594+0000] {dag.py:3036} INFO - Sync 1 DAGs
[2026-05-02T19:50:48.607+0000] {logging_mixin.py:188} INFO - [2026-05-02T19:50:48.607+0000] {dag.py:3823} INFO - Setting next_dagrun for f1_bigdata_pipeline to 2026-04-27 06:00:00+00:00, run_after=2026-05-04 06:00:00+00:00
[2026-05-02T19:50:48.615+0000] {processor.py:183} INFO - Processing /opt/airflow/dags/f1_pipeline_dag.py took 0.067 seconds
[2026-05-02T19:51:18.940+0000] {processor.py:161} INFO - Started process (PID=2656) to work on /opt/airflow/dags/f1_pipeline_dag.py
[2026-05-02T19:51:18.941+0000] {processor.py:830} INFO - Processing file /opt/airflow/dags/f1_pipeline_dag.py for tasks to queue
[2026-05-02T19:51:18.943+0000] {logging_mixin.py:188} INFO - [2026-05-02T19:51:18.942+0000] {dagbag.py:538} INFO - Filling up the DagBag from /opt/airflow/dags/f1_pipeline_dag.py
[2026-05-02T19:51:18.970+0000] {processor.py:840} INFO - DAG(s) 'f1_bigdata_pipeline' retrieved from /opt/airflow/dags/f1_pipeline_dag.py
[2026-05-02T19:51:19.005+0000] {logging_mixin.py:188} INFO - [2026-05-02T19:51:19.005+0000] {dag.py:3036} INFO - Sync 1 DAGs
[2026-05-02T19:51:19.033+0000] {logging_mixin.py:188} INFO - [2026-05-02T19:51:19.033+0000] {dag.py:3823} INFO - Setting next_dagrun for f1_bigdata_pipeline to 2026-04-27 06:00:00+00:00, run_after=2026-05-04 06:00:00+00:00
[2026-05-02T19:51:19.054+0000] {processor.py:183} INFO - Processing /opt/airflow/dags/f1_pipeline_dag.py took 0.119 seconds
[2026-05-02T19:51:49.358+0000] {processor.py:161} INFO - Started process (PID=2661) to work on /opt/airflow/dags/f1_pipeline_dag.py
[2026-05-02T19:51:49.361+0000] {processor.py:830} INFO - Processing file /opt/airflow/dags/f1_pipeline_dag.py for tasks to queue
[2026-05-02T19:51:49.362+0000] {logging_mixin.py:188} INFO - [2026-05-02T19:51:49.361+0000] {dagbag.py:538} INFO - Filling up the DagBag from /opt/airflow/dags/f1_pipeline_dag.py
[2026-05-02T19:51:49.382+0000] {processor.py:840} INFO - DAG(s) 'f1_bigdata_pipeline' retrieved from /opt/airflow/dags/f1_pipeline_dag.py
[2026-05-02T19:51:49.414+0000] {logging_mixin.py:188} INFO - [2026-05-02T19:51:49.413+0000] {dag.py:3036} INFO - Sync 1 DAGs
[2026-05-02T19:51:49.427+0000] {logging_mixin.py:188} INFO - [2026-05-02T19:51:49.427+0000] {dag.py:3823} INFO - Setting next_dagrun for f1_bigdata_pipeline to 2026-04-27 06:00:00+00:00, run_after=2026-05-04 06:00:00+00:00
[2026-05-02T19:51:49.435+0000] {processor.py:183} INFO - Processing /opt/airflow/dags/f1_pipeline_dag.py took 0.085 seconds
[2026-05-02T19:52:19.850+0000] {processor.py:161} INFO - Started process (PID=2666) to work on /opt/airflow/dags/f1_pipeline_dag.py
[2026-05-02T19:52:19.853+0000] {processor.py:830} INFO - Processing file /opt/airflow/dags/f1_pipeline_dag.py for tasks to queue
[2026-05-02T19:52:19.854+0000] {logging_mixin.py:188} INFO - [2026-05-02T19:52:19.853+0000] {dagbag.py:538} INFO - Filling up the DagBag from /opt/airflow/dags/f1_pipeline_dag.py
[2026-05-02T19:52:19.870+0000] {processor.py:840} INFO - DAG(s) 'f1_bigdata_pipeline' retrieved from /opt/airflow/dags/f1_pipeline_dag.py
[2026-05-02T19:52:19.892+0000] {logging_mixin.py:188} INFO - [2026-05-02T19:52:19.892+0000] {dag.py:3036} INFO - Sync 1 DAGs
[2026-05-02T19:52:19.917+0000] {logging_mixin.py:188} INFO - [2026-05-02T19:52:19.917+0000] {dag.py:3823} INFO - Setting next_dagrun for f1_bigdata_pipeline to 2026-04-27 06:00:00+00:00, run_after=2026-05-04 06:00:00+00:00
[2026-05-02T19:52:19.925+0000] {processor.py:183} INFO - Processing /opt/airflow/dags/f1_pipeline_dag.py took 0.082 seconds
[2026-05-02T19:52:50.242+0000] {processor.py:161} INFO - Started process (PID=2671) to work on /opt/airflow/dags/f1_pipeline_dag.py
[2026-05-02T19:52:50.244+0000] {processor.py:830} INFO - Processing file /opt/airflow/dags/f1_pipeline_dag.py for tasks to queue
[2026-05-02T19:52:50.246+0000] {logging_mixin.py:188} INFO - [2026-05-02T19:52:50.245+0000] {dagbag.py:538} INFO - Filling up the DagBag from /opt/airflow/dags/f1_pipeline_dag.py
[2026-05-02T19:52:50.265+0000] {processor.py:840} INFO - DAG(s) 'f1_bigdata_pipeline' retrieved from /opt/airflow/dags/f1_pipeline_dag.py
[2026-05-02T19:52:50.313+0000] {logging_mixin.py:188} INFO - [2026-05-02T19:52:50.313+0000] {dag.py:3036} INFO - Sync 1 DAGs
[2026-05-02T19:52:50.327+0000] {logging_mixin.py:188} INFO - [2026-05-02T19:52:50.326+0000] {dag.py:3823} INFO - Setting next_dagrun for f1_bigdata_pipeline to 2026-04-27 06:00:00+00:00, run_after=2026-05-04 06:00:00+00:00
[2026-05-02T19:52:50.336+0000] {processor.py:183} INFO - Processing /opt/airflow/dags/f1_pipeline_dag.py took 0.099 seconds
[2026-05-02T19:53:20.657+0000] {processor.py:161} INFO - Started process (PID=2676) to work on /opt/airflow/dags/f1_pipeline_dag.py
[2026-05-02T19:53:20.658+0000] {processor.py:830} INFO - Processing file /opt/airflow/dags/f1_pipeline_dag.py for tasks to queue
[2026-05-02T19:53:20.660+0000] {logging_mixin.py:188} INFO - [2026-05-02T19:53:20.659+0000] {dagbag.py:538} INFO - Filling up the DagBag from /opt/airflow/dags/f1_pipeline_dag.py
[2026-05-02T19:53:20.681+0000] {processor.py:840} INFO - DAG(s) 'f1_bigdata_pipeline' retrieved from /opt/airflow/dags/f1_pipeline_dag.py
[2026-05-02T19:53:20.705+0000] {logging_mixin.py:188} INFO - [2026-05-02T19:53:20.704+0000] {dag.py:3036} INFO - Sync 1 DAGs
[2026-05-02T19:53:20.724+0000] {logging_mixin.py:188} INFO - [2026-05-02T19:53:20.724+0000] {dag.py:3823} INFO - Setting next_dagrun for f1_bigdata_pipeline to 2026-04-27 06:00:00+00:00, run_after=2026-05-04 06:00:00+00:00
[2026-05-02T19:53:20.732+0000] {processor.py:183} INFO - Processing /opt/airflow/dags/f1_pipeline_dag.py took 0.092 seconds
[2026-05-02T19:53:51.033+0000] {processor.py:161} INFO - Started process (PID=2681) to work on /opt/airflow/dags/f1_pipeline_dag.py
[2026-05-02T19:53:51.035+0000] {processor.py:830} INFO - Processing file /opt/airflow/dags/f1_pipeline_dag.py for tasks to queue
[2026-05-02T19:53:51.036+0000] {logging_mixin.py:188} INFO - [2026-05-02T19:53:51.036+0000] {dagbag.py:538} INFO - Filling up the DagBag from /opt/airflow/dags/f1_pipeline_dag.py
[2026-05-02T19:53:51.055+0000] {processor.py:840} INFO - DAG(s) 'f1_bigdata_pipeline' retrieved from /opt/airflow/dags/f1_pipeline_dag.py
[2026-05-02T19:53:51.094+0000] {logging_mixin.py:188} INFO - [2026-05-02T19:53:51.094+0000] {dag.py:3036} INFO - Sync 1 DAGs
[2026-05-02T19:53:51.107+0000] {logging_mixin.py:188} INFO - [2026-05-02T19:53:51.107+0000] {dag.py:3823} INFO - Setting next_dagrun for f1_bigdata_pipeline to 2026-04-27 06:00:00+00:00, run_after=2026-05-04 06:00:00+00:00
[2026-05-02T19:53:51.116+0000] {processor.py:183} INFO - Processing /opt/airflow/dags/f1_pipeline_dag.py took 0.090 seconds
[2026-05-02T19:54:21.433+0000] {processor.py:161} INFO - Started process (PID=2686) to work on /opt/airflow/dags/f1_pipeline_dag.py
[2026-05-02T19:54:21.435+0000] {processor.py:830} INFO - Processing file /opt/airflow/dags/f1_pipeline_dag.py for tasks to queue
[2026-05-02T19:54:21.437+0000] {logging_mixin.py:188} INFO - [2026-05-02T19:54:21.436+0000] {dagbag.py:538} INFO - Filling up the DagBag from /opt/airflow/dags/f1_pipeline_dag.py
[2026-05-02T19:54:21.454+0000] {processor.py:840} INFO - DAG(s) 'f1_bigdata_pipeline' retrieved from /opt/airflow/dags/f1_pipeline_dag.py
[2026-05-02T19:54:21.488+0000] {logging_mixin.py:188} INFO - [2026-05-02T19:54:21.488+0000] {dag.py:3036} INFO - Sync 1 DAGs
[2026-05-02T19:54:21.501+0000] {logging_mixin.py:188} INFO - [2026-05-02T19:54:21.501+0000] {dag.py:3823} INFO - Setting next_dagrun for f1_bigdata_pipeline to 2026-04-27 06:00:00+00:00, run_after=2026-05-04 06:00:00+00:00
[2026-05-02T19:54:21.509+0000] {processor.py:183} INFO - Processing /opt/airflow/dags/f1_pipeline_dag.py took 0.083 seconds
[2026-05-02T19:54:51.835+0000] {processor.py:161} INFO - Started process (PID=2691) to work on /opt/airflow/dags/f1_pipeline_dag.py
[2026-05-02T19:54:51.838+0000] {processor.py:830} INFO - Processing file /opt/airflow/dags/f1_pipeline_dag.py for tasks to queue
[2026-05-02T19:54:51.839+0000] {logging_mixin.py:188} INFO - [2026-05-02T19:54:51.838+0000] {dagbag.py:538} INFO - Filling up the DagBag from /opt/airflow/dags/f1_pipeline_dag.py
[2026-05-02T19:54:51.857+0000] {processor.py:840} INFO - DAG(s) 'f1_bigdata_pipeline' retrieved from /opt/airflow/dags/f1_pipeline_dag.py
[2026-05-02T19:54:51.895+0000] {logging_mixin.py:188} INFO - [2026-05-02T19:54:51.895+0000] {dag.py:3036} INFO - Sync 1 DAGs
[2026-05-02T19:54:51.915+0000] {logging_mixin.py:188} INFO - [2026-05-02T19:54:51.915+0000] {dag.py:3823} INFO - Setting next_dagrun for f1_bigdata_pipeline to 2026-04-27 06:00:00+00:00, run_after=2026-05-04 06:00:00+00:00
[2026-05-02T19:54:51.923+0000] {processor.py:183} INFO - Processing /opt/airflow/dags/f1_pipeline_dag.py took 0.093 seconds
[2026-05-02T19:55:22.195+0000] {processor.py:161} INFO - Started process (PID=2696) to work on /opt/airflow/dags/f1_pipeline_dag.py
[2026-05-02T19:55:22.198+0000] {processor.py:830} INFO - Processing file /opt/airflow/dags/f1_pipeline_dag.py for tasks to queue
[2026-05-02T19:55:22.204+0000] {logging_mixin.py:188} INFO - [2026-05-02T19:55:22.203+0000] {dagbag.py:538} INFO - Filling up the DagBag from /opt/airflow/dags/f1_pipeline_dag.py
[2026-05-02T19:55:22.219+0000] {processor.py:840} INFO - DAG(s) 'f1_bigdata_pipeline' retrieved from /opt/airflow/dags/f1_pipeline_dag.py
[2026-05-02T19:55:22.250+0000] {logging_mixin.py:188} INFO - [2026-05-02T19:55:22.250+0000] {dag.py:3036} INFO - Sync 1 DAGs
[2026-05-02T19:55:22.265+0000] {logging_mixin.py:188} INFO - [2026-05-02T19:55:22.265+0000] {dag.py:3823} INFO - Setting next_dagrun for f1_bigdata_pipeline to 2026-04-27 06:00:00+00:00, run_after=2026-05-04 06:00:00+00:00
[2026-05-02T19:55:22.273+0000] {processor.py:183} INFO - Processing /opt/airflow/dags/f1_pipeline_dag.py took 0.095 seconds
[2026-05-02T19:55:52.540+0000] {processor.py:161} INFO - Started process (PID=2701) to work on /opt/airflow/dags/f1_pipeline_dag.py
[2026-05-02T19:55:52.541+0000] {processor.py:830} INFO - Processing file /opt/airflow/dags/f1_pipeline_dag.py for tasks to queue
[2026-05-02T19:55:52.542+0000] {logging_mixin.py:188} INFO - [2026-05-02T19:55:52.541+0000] {dagbag.py:538} INFO - Filling up the DagBag from /opt/airflow/dags/f1_pipeline_dag.py
[2026-05-02T19:55:52.576+0000] {processor.py:840} INFO - DAG(s) 'f1_bigdata_pipeline' retrieved from /opt/airflow/dags/f1_pipeline_dag.py
[2026-05-02T19:55:52.599+0000] {logging_mixin.py:188} INFO - [2026-05-02T19:55:52.598+0000] {dag.py:3036} INFO - Sync 1 DAGs
[2026-05-02T19:55:52.610+0000] {logging_mixin.py:188} INFO - [2026-05-02T19:55:52.610+0000] {dag.py:3823} INFO - Setting next_dagrun for f1_bigdata_pipeline to 2026-04-27 06:00:00+00:00, run_after=2026-05-04 06:00:00+00:00
[2026-05-02T19:55:52.617+0000] {processor.py:183} INFO - Processing /opt/airflow/dags/f1_pipeline_dag.py took 0.080 seconds
[2026-05-02T19:56:22.931+0000] {processor.py:161} INFO - Started process (PID=2706) to work on /opt/airflow/dags/f1_pipeline_dag.py
[2026-05-02T19:56:22.933+0000] {processor.py:830} INFO - Processing file /opt/airflow/dags/f1_pipeline_dag.py for tasks to queue
[2026-05-02T19:56:22.934+0000] {logging_mixin.py:188} INFO - [2026-05-02T19:56:22.933+0000] {dagbag.py:538} INFO - Filling up the DagBag from /opt/airflow/dags/f1_pipeline_dag.py
[2026-05-02T19:56:22.951+0000] {processor.py:840} INFO - DAG(s) 'f1_bigdata_pipeline' retrieved from /opt/airflow/dags/f1_pipeline_dag.py
[2026-05-02T19:56:22.972+0000] {logging_mixin.py:188} INFO - [2026-05-02T19:56:22.972+0000] {dag.py:3036} INFO - Sync 1 DAGs
[2026-05-02T19:56:22.997+0000] {logging_mixin.py:188} INFO - [2026-05-02T19:56:22.997+0000] {dag.py:3823} INFO - Setting next_dagrun for f1_bigdata_pipeline to 2026-04-27 06:00:00+00:00, run_after=2026-05-04 06:00:00+00:00
[2026-05-02T19:56:23.005+0000] {processor.py:183} INFO - Processing /opt/airflow/dags/f1_pipeline_dag.py took 0.079 seconds
[2026-05-02T19:56:53.321+0000] {processor.py:161} INFO - Started process (PID=2711) to work on /opt/airflow/dags/f1_pipeline_dag.py
[2026-05-02T19:56:53.324+0000] {processor.py:830} INFO - Processing file /opt/airflow/dags/f1_pipeline_dag.py for tasks to queue
[2026-05-02T19:56:53.325+0000] {logging_mixin.py:188} INFO - [2026-05-02T19:56:53.325+0000] {dagbag.py:538} INFO - Filling up the DagBag from /opt/airflow/dags/f1_pipeline_dag.py
[2026-05-02T19:56:53.361+0000] {processor.py:840} INFO - DAG(s) 'f1_bigdata_pipeline' retrieved from /opt/airflow/dags/f1_pipeline_dag.py
[2026-05-02T19:56:53.388+0000] {logging_mixin.py:188} INFO - [2026-05-02T19:56:53.388+0000] {dag.py:3036} INFO - Sync 1 DAGs
[2026-05-02T19:56:53.401+0000] {logging_mixin.py:188} INFO - [2026-05-02T19:56:53.401+0000] {dag.py:3823} INFO - Setting next_dagrun for f1_bigdata_pipeline to 2026-04-27 06:00:00+00:00, run_after=2026-05-04 06:00:00+00:00
[2026-05-02T19:56:53.410+0000] {processor.py:183} INFO - Processing /opt/airflow/dags/f1_pipeline_dag.py took 0.094 seconds
[2026-05-02T19:57:23.978+0000] {processor.py:161} INFO - Started process (PID=2716) to work on /opt/airflow/dags/f1_pipeline_dag.py
[2026-05-02T19:57:23.980+0000] {processor.py:830} INFO - Processing file /opt/airflow/dags/f1_pipeline_dag.py for tasks to queue
[2026-05-02T19:57:23.981+0000] {logging_mixin.py:188} INFO - [2026-05-02T19:57:23.981+0000] {dagbag.py:538} INFO - Filling up the DagBag from /opt/airflow/dags/f1_pipeline_dag.py
[2026-05-02T19:57:24.010+0000] {processor.py:840} INFO - DAG(s) 'f1_bigdata_pipeline' retrieved from /opt/airflow/dags/f1_pipeline_dag.py
[2026-05-02T19:57:24.036+0000] {logging_mixin.py:188} INFO - [2026-05-02T19:57:24.036+0000] {dag.py:3036} INFO - Sync 1 DAGs
[2026-05-02T19:57:24.050+0000] {logging_mixin.py:188} INFO - [2026-05-02T19:57:24.050+0000] {dag.py:3823} INFO - Setting next_dagrun for f1_bigdata_pipeline to 2026-04-27 06:00:00+00:00, run_after=2026-05-04 06:00:00+00:00
[2026-05-02T19:57:24.059+0000] {processor.py:183} INFO - Processing /opt/airflow/dags/f1_pipeline_dag.py took 0.087 seconds
[2026-05-02T19:57:54.396+0000] {processor.py:161} INFO - Started process (PID=2721) to work on /opt/airflow/dags/f1_pipeline_dag.py
[2026-05-02T19:57:54.397+0000] {processor.py:830} INFO - Processing file /opt/airflow/dags/f1_pipeline_dag.py for tasks to queue
[2026-05-02T19:57:54.398+0000] {logging_mixin.py:188} INFO - [2026-05-02T19:57:54.398+0000] {dagbag.py:538} INFO - Filling up the DagBag from /opt/airflow/dags/f1_pipeline_dag.py
[2026-05-02T19:57:54.414+0000] {processor.py:840} INFO - DAG(s) 'f1_bigdata_pipeline' retrieved from /opt/airflow/dags/f1_pipeline_dag.py
[2026-05-02T19:57:54.435+0000] {logging_mixin.py:188} INFO - [2026-05-02T19:57:54.435+0000] {dag.py:3036} INFO - Sync 1 DAGs
[2026-05-02T19:57:54.449+0000] {logging_mixin.py:188} INFO - [2026-05-02T19:57:54.449+0000] {dag.py:3823} INFO - Setting next_dagrun for f1_bigdata_pipeline to 2026-04-27 06:00:00+00:00, run_after=2026-05-04 06:00:00+00:00
[2026-05-02T19:57:54.458+0000] {processor.py:183} INFO - Processing /opt/airflow/dags/f1_pipeline_dag.py took 0.070 seconds
[2026-05-02T19:58:24.833+0000] {processor.py:161} INFO - Started process (PID=2726) to work on /opt/airflow/dags/f1_pipeline_dag.py
[2026-05-02T19:58:24.835+0000] {processor.py:830} INFO - Processing file /opt/airflow/dags/f1_pipeline_dag.py for tasks to queue
[2026-05-02T19:58:24.836+0000] {logging_mixin.py:188} INFO - [2026-05-02T19:58:24.835+0000] {dagbag.py:538} INFO - Filling up the DagBag from /opt/airflow/dags/f1_pipeline_dag.py
[2026-05-02T19:58:24.865+0000] {processor.py:840} INFO - DAG(s) 'f1_bigdata_pipeline' retrieved from /opt/airflow/dags/f1_pipeline_dag.py
[2026-05-02T19:58:24.891+0000] {logging_mixin.py:188} INFO - [2026-05-02T19:58:24.891+0000] {dag.py:3036} INFO - Sync 1 DAGs
[2026-05-02T19:58:24.904+0000] {logging_mixin.py:188} INFO - [2026-05-02T19:58:24.904+0000] {dag.py:3823} INFO - Setting next_dagrun for f1_bigdata_pipeline to 2026-04-27 06:00:00+00:00, run_after=2026-05-04 06:00:00+00:00
[2026-05-02T19:58:24.913+0000] {processor.py:183} INFO - Processing /opt/airflow/dags/f1_pipeline_dag.py took 0.085 seconds
[2026-05-02T19:58:55.213+0000] {processor.py:161} INFO - Started process (PID=2731) to work on /opt/airflow/dags/f1_pipeline_dag.py
[2026-05-02T19:58:55.218+0000] {processor.py:830} INFO - Processing file /opt/airflow/dags/f1_pipeline_dag.py for tasks to queue
[2026-05-02T19:58:55.220+0000] {logging_mixin.py:188} INFO - [2026-05-02T19:58:55.219+0000] {dagbag.py:538} INFO - Filling up the DagBag from /opt/airflow/dags/f1_pipeline_dag.py
[2026-05-02T19:58:55.255+0000] {processor.py:840} INFO - DAG(s) 'f1_bigdata_pipeline' retrieved from /opt/airflow/dags/f1_pipeline_dag.py
[2026-05-02T19:58:55.277+0000] {logging_mixin.py:188} INFO - [2026-05-02T19:58:55.277+0000] {dag.py:3036} INFO - Sync 1 DAGs
[2026-05-02T19:58:55.289+0000] {logging_mixin.py:188} INFO - [2026-05-02T19:58:55.289+0000] {dag.py:3823} INFO - Setting next_dagrun for f1_bigdata_pipeline to 2026-04-27 06:00:00+00:00, run_after=2026-05-04 06:00:00+00:00
[2026-05-02T19:58:55.298+0000] {processor.py:183} INFO - Processing /opt/airflow/dags/f1_pipeline_dag.py took 0.102 seconds
[2026-05-02T19:59:25.602+0000] {processor.py:161} INFO - Started process (PID=2736) to work on /opt/airflow/dags/f1_pipeline_dag.py
[2026-05-02T19:59:25.604+0000] {processor.py:830} INFO - Processing file /opt/airflow/dags/f1_pipeline_dag.py for tasks to queue
[2026-05-02T19:59:25.605+0000] {logging_mixin.py:188} INFO - [2026-05-02T19:59:25.605+0000] {dagbag.py:538} INFO - Filling up the DagBag from /opt/airflow/dags/f1_pipeline_dag.py
[2026-05-02T19:59:25.624+0000] {processor.py:840} INFO - DAG(s) 'f1_bigdata_pipeline' retrieved from /opt/airflow/dags/f1_pipeline_dag.py
[2026-05-02T19:59:25.671+0000] {logging_mixin.py:188} INFO - [2026-05-02T19:59:25.671+0000] {dag.py:3036} INFO - Sync 1 DAGs
[2026-05-02T19:59:25.687+0000] {logging_mixin.py:188} INFO - [2026-05-02T19:59:25.687+0000] {dag.py:3823} INFO - Setting next_dagrun for f1_bigdata_pipeline to 2026-04-27 06:00:00+00:00, run_after=2026-05-04 06:00:00+00:00
[2026-05-02T19:59:25.695+0000] {processor.py:183} INFO - Processing /opt/airflow/dags/f1_pipeline_dag.py took 0.097 seconds
[2026-05-02T19:59:55.993+0000] {processor.py:161} INFO - Started process (PID=2741) to work on /opt/airflow/dags/f1_pipeline_dag.py
[2026-05-02T19:59:55.995+0000] {processor.py:830} INFO - Processing file /opt/airflow/dags/f1_pipeline_dag.py for tasks to queue
[2026-05-02T19:59:55.997+0000] {logging_mixin.py:188} INFO - [2026-05-02T19:59:55.996+0000] {dagbag.py:538} INFO - Filling up the DagBag from /opt/airflow/dags/f1_pipeline_dag.py
[2026-05-02T19:59:56.021+0000] {processor.py:840} INFO - DAG(s) 'f1_bigdata_pipeline' retrieved from /opt/airflow/dags/f1_pipeline_dag.py
[2026-05-02T19:59:56.060+0000] {logging_mixin.py:188} INFO - [2026-05-02T19:59:56.060+0000] {dag.py:3036} INFO - Sync 1 DAGs
[2026-05-02T19:59:56.072+0000] {logging_mixin.py:188} INFO - [2026-05-02T19:59:56.071+0000] {dag.py:3823} INFO - Setting next_dagrun for f1_bigdata_pipeline to 2026-04-27 06:00:00+00:00, run_after=2026-05-04 06:00:00+00:00
[2026-05-02T19:59:56.079+0000] {processor.py:183} INFO - Processing /opt/airflow/dags/f1_pipeline_dag.py took 0.093 seconds
[2026-05-02T20:00:26.410+0000] {processor.py:161} INFO - Started process (PID=2746) to work on /opt/airflow/dags/f1_pipeline_dag.py
[2026-05-02T20:00:26.415+0000] {processor.py:830} INFO - Processing file /opt/airflow/dags/f1_pipeline_dag.py for tasks to queue
[2026-05-02T20:00:26.417+0000] {logging_mixin.py:188} INFO - [2026-05-02T20:00:26.417+0000] {dagbag.py:538} INFO - Filling up the DagBag from /opt/airflow/dags/f1_pipeline_dag.py
[2026-05-02T20:00:26.449+0000] {processor.py:840} INFO - DAG(s) 'f1_bigdata_pipeline' retrieved from /opt/airflow/dags/f1_pipeline_dag.py
[2026-05-02T20:00:26.474+0000] {logging_mixin.py:188} INFO - [2026-05-02T20:00:26.474+0000] {dag.py:3036} INFO - Sync 1 DAGs
[2026-05-02T20:00:26.489+0000] {logging_mixin.py:188} INFO - [2026-05-02T20:00:26.489+0000] {dag.py:3823} INFO - Setting next_dagrun for f1_bigdata_pipeline to 2026-04-27 06:00:00+00:00, run_after=2026-05-04 06:00:00+00:00
[2026-05-02T20:00:26.497+0000] {processor.py:183} INFO - Processing /opt/airflow/dags/f1_pipeline_dag.py took 0.089 seconds
[2026-05-02T20:00:56.868+0000] {processor.py:161} INFO - Started process (PID=2751) to work on /opt/airflow/dags/f1_pipeline_dag.py
[2026-05-02T20:00:56.870+0000] {processor.py:830} INFO - Processing file /opt/airflow/dags/f1_pipeline_dag.py for tasks to queue
[2026-05-02T20:00:56.872+0000] {logging_mixin.py:188} INFO - [2026-05-02T20:00:56.871+0000] {dagbag.py:538} INFO - Filling up the DagBag from /opt/airflow/dags/f1_pipeline_dag.py
[2026-05-02T20:00:56.912+0000] {processor.py:840} INFO - DAG(s) 'f1_bigdata_pipeline' retrieved from /opt/airflow/dags/f1_pipeline_dag.py
[2026-05-02T20:00:56.934+0000] {logging_mixin.py:188} INFO - [2026-05-02T20:00:56.934+0000] {dag.py:3036} INFO - Sync 1 DAGs
[2026-05-02T20:00:56.945+0000] {logging_mixin.py:188} INFO - [2026-05-02T20:00:56.945+0000] {dag.py:3823} INFO - Setting next_dagrun for f1_bigdata_pipeline to 2026-04-27 06:00:00+00:00, run_after=2026-05-04 06:00:00+00:00
[2026-05-02T20:00:56.963+0000] {processor.py:183} INFO - Processing /opt/airflow/dags/f1_pipeline_dag.py took 0.101 seconds
[2026-05-02T20:01:27.320+0000] {processor.py:161} INFO - Started process (PID=2756) to work on /opt/airflow/dags/f1_pipeline_dag.py
[2026-05-02T20:01:27.322+0000] {processor.py:830} INFO - Processing file /opt/airflow/dags/f1_pipeline_dag.py for tasks to queue
[2026-05-02T20:01:27.323+0000] {logging_mixin.py:188} INFO - [2026-05-02T20:01:27.322+0000] {dagbag.py:538} INFO - Filling up the DagBag from /opt/airflow/dags/f1_pipeline_dag.py
[2026-05-02T20:01:27.352+0000] {processor.py:840} INFO - DAG(s) 'f1_bigdata_pipeline' retrieved from /opt/airflow/dags/f1_pipeline_dag.py
[2026-05-02T20:01:27.379+0000] {logging_mixin.py:188} INFO - [2026-05-02T20:01:27.379+0000] {dag.py:3036} INFO - Sync 1 DAGs
[2026-05-02T20:01:27.390+0000] {logging_mixin.py:188} INFO - [2026-05-02T20:01:27.390+0000] {dag.py:3823} INFO - Setting next_dagrun for f1_bigdata_pipeline to 2026-04-27 06:00:00+00:00, run_after=2026-05-04 06:00:00+00:00
[2026-05-02T20:01:27.399+0000] {processor.py:183} INFO - Processing /opt/airflow/dags/f1_pipeline_dag.py took 0.083 seconds
[2026-05-02T20:01:57.732+0000] {processor.py:161} INFO - Started process (PID=2761) to work on /opt/airflow/dags/f1_pipeline_dag.py
[2026-05-02T20:01:57.734+0000] {processor.py:830} INFO - Processing file /opt/airflow/dags/f1_pipeline_dag.py for tasks to queue
[2026-05-02T20:01:57.736+0000] {logging_mixin.py:188} INFO - [2026-05-02T20:01:57.735+0000] {dagbag.py:538} INFO - Filling up the DagBag from /opt/airflow/dags/f1_pipeline_dag.py
[2026-05-02T20:01:57.754+0000] {processor.py:840} INFO - DAG(s) 'f1_bigdata_pipeline' retrieved from /opt/airflow/dags/f1_pipeline_dag.py
[2026-05-02T20:01:57.801+0000] {logging_mixin.py:188} INFO - [2026-05-02T20:01:57.801+0000] {dag.py:3036} INFO - Sync 1 DAGs
[2026-05-02T20:01:57.818+0000] {logging_mixin.py:188} INFO - [2026-05-02T20:01:57.818+0000] {dag.py:3823} INFO - Setting next_dagrun for f1_bigdata_pipeline to 2026-04-27 06:00:00+00:00, run_after=2026-05-04 06:00:00+00:00
[2026-05-02T20:01:57.827+0000] {processor.py:183} INFO - Processing /opt/airflow/dags/f1_pipeline_dag.py took 0.111 seconds
[2026-05-02T20:02:28.053+0000] {processor.py:161} INFO - Started process (PID=2766) to work on /opt/airflow/dags/f1_pipeline_dag.py
[2026-05-02T20:02:28.054+0000] {processor.py:830} INFO - Processing file /opt/airflow/dags/f1_pipeline_dag.py for tasks to queue
[2026-05-02T20:02:28.055+0000] {logging_mixin.py:188} INFO - [2026-05-02T20:02:28.055+0000] {dagbag.py:538} INFO - Filling up the DagBag from /opt/airflow/dags/f1_pipeline_dag.py
[2026-05-02T20:02:28.097+0000] {processor.py:840} INFO - DAG(s) 'f1_bigdata_pipeline' retrieved from /opt/airflow/dags/f1_pipeline_dag.py
[2026-05-02T20:02:28.124+0000] {logging_mixin.py:188} INFO - [2026-05-02T20:02:28.124+0000] {dag.py:3036} INFO - Sync 1 DAGs
[2026-05-02T20:02:28.137+0000] {logging_mixin.py:188} INFO - [2026-05-02T20:02:28.137+0000] {dag.py:3823} INFO - Setting next_dagrun for f1_bigdata_pipeline to 2026-04-27 06:00:00+00:00, run_after=2026-05-04 06:00:00+00:00
[2026-05-02T20:02:28.144+0000] {processor.py:183} INFO - Processing /opt/airflow/dags/f1_pipeline_dag.py took 0.095 seconds
[2026-05-02T20:02:58.404+0000] {processor.py:161} INFO - Started process (PID=2771) to work on /opt/airflow/dags/f1_pipeline_dag.py
[2026-05-02T20:02:58.407+0000] {processor.py:830} INFO - Processing file /opt/airflow/dags/f1_pipeline_dag.py for tasks to queue
[2026-05-02T20:02:58.408+0000] {logging_mixin.py:188} INFO - [2026-05-02T20:02:58.407+0000] {dagbag.py:538} INFO - Filling up the DagBag from /opt/airflow/dags/f1_pipeline_dag.py
[2026-05-02T20:02:58.429+0000] {processor.py:840} INFO - DAG(s) 'f1_bigdata_pipeline' retrieved from /opt/airflow/dags/f1_pipeline_dag.py
[2026-05-02T20:02:58.466+0000] {logging_mixin.py:188} INFO - [2026-05-02T20:02:58.466+0000] {dag.py:3036} INFO - Sync 1 DAGs
[2026-05-02T20:02:58.483+0000] {logging_mixin.py:188} INFO - [2026-05-02T20:02:58.483+0000] {dag.py:3823} INFO - Setting next_dagrun for f1_bigdata_pipeline to 2026-04-27 06:00:00+00:00, run_after=2026-05-04 06:00:00+00:00
[2026-05-02T20:02:58.493+0000] {processor.py:183} INFO - Processing /opt/airflow/dags/f1_pipeline_dag.py took 0.097 seconds
[2026-05-02T20:03:28.730+0000] {processor.py:161} INFO - Started process (PID=2776) to work on /opt/airflow/dags/f1_pipeline_dag.py
[2026-05-02T20:03:28.732+0000] {processor.py:830} INFO - Processing file /opt/airflow/dags/f1_pipeline_dag.py for tasks to queue
[2026-05-02T20:03:28.733+0000] {logging_mixin.py:188} INFO - [2026-05-02T20:03:28.732+0000] {dagbag.py:538} INFO - Filling up the DagBag from /opt/airflow/dags/f1_pipeline_dag.py
[2026-05-02T20:03:28.753+0000] {processor.py:840} INFO - DAG(s) 'f1_bigdata_pipeline' retrieved from /opt/airflow/dags/f1_pipeline_dag.py
[2026-05-02T20:03:28.800+0000] {logging_mixin.py:188} INFO - [2026-05-02T20:03:28.799+0000] {dag.py:3036} INFO - Sync 1 DAGs
[2026-05-02T20:03:28.816+0000] {logging_mixin.py:188} INFO - [2026-05-02T20:03:28.815+0000] {dag.py:3823} INFO - Setting next_dagrun for f1_bigdata_pipeline to 2026-04-27 06:00:00+00:00, run_after=2026-05-04 06:00:00+00:00
[2026-05-02T20:03:28.823+0000] {processor.py:183} INFO - Processing /opt/airflow/dags/f1_pipeline_dag.py took 0.098 seconds
[2026-05-02T20:03:59.169+0000] {processor.py:161} INFO - Started process (PID=2781) to work on /opt/airflow/dags/f1_pipeline_dag.py
[2026-05-02T20:03:59.172+0000] {processor.py:830} INFO - Processing file /opt/airflow/dags/f1_pipeline_dag.py for tasks to queue
[2026-05-02T20:03:59.173+0000] {logging_mixin.py:188} INFO - [2026-05-02T20:03:59.172+0000] {dagbag.py:538} INFO - Filling up the DagBag from /opt/airflow/dags/f1_pipeline_dag.py
[2026-05-02T20:03:59.192+0000] {processor.py:840} INFO - DAG(s) 'f1_bigdata_pipeline' retrieved from /opt/airflow/dags/f1_pipeline_dag.py
[2026-05-02T20:03:59.241+0000] {logging_mixin.py:188} INFO - [2026-05-02T20:03:59.241+0000] {dag.py:3036} INFO - Sync 1 DAGs
[2026-05-02T20:03:59.265+0000] {logging_mixin.py:188} INFO - [2026-05-02T20:03:59.265+0000] {dag.py:3823} INFO - Setting next_dagrun for f1_bigdata_pipeline to 2026-04-27 06:00:00+00:00, run_after=2026-05-04 06:00:00+00:00
[2026-05-02T20:03:59.275+0000] {processor.py:183} INFO - Processing /opt/airflow/dags/f1_pipeline_dag.py took 0.112 seconds
[2026-05-02T20:04:29.529+0000] {processor.py:161} INFO - Started process (PID=2786) to work on /opt/airflow/dags/f1_pipeline_dag.py
[2026-05-02T20:04:29.531+0000] {processor.py:830} INFO - Processing file /opt/airflow/dags/f1_pipeline_dag.py for tasks to queue
[2026-05-02T20:04:29.532+0000] {logging_mixin.py:188} INFO - [2026-05-02T20:04:29.532+0000] {dagbag.py:538} INFO - Filling up the DagBag from /opt/airflow/dags/f1_pipeline_dag.py
[2026-05-02T20:04:29.551+0000] {processor.py:840} INFO - DAG(s) 'f1_bigdata_pipeline' retrieved from /opt/airflow/dags/f1_pipeline_dag.py
[2026-05-02T20:04:29.600+0000] {logging_mixin.py:188} INFO - [2026-05-02T20:04:29.599+0000] {dag.py:3036} INFO - Sync 1 DAGs
[2026-05-02T20:04:29.616+0000] {logging_mixin.py:188} INFO - [2026-05-02T20:04:29.616+0000] {dag.py:3823} INFO - Setting next_dagrun for f1_bigdata_pipeline to 2026-04-27 06:00:00+00:00, run_after=2026-05-04 06:00:00+00:00
[2026-05-02T20:04:29.626+0000] {processor.py:183} INFO - Processing /opt/airflow/dags/f1_pipeline_dag.py took 0.104 seconds
[2026-05-02T20:04:59.966+0000] {processor.py:161} INFO - Started process (PID=2791) to work on /opt/airflow/dags/f1_pipeline_dag.py
[2026-05-02T20:04:59.967+0000] {processor.py:830} INFO - Processing file /opt/airflow/dags/f1_pipeline_dag.py for tasks to queue
[2026-05-02T20:04:59.968+0000] {logging_mixin.py:188} INFO - [2026-05-02T20:04:59.967+0000] {dagbag.py:538} INFO - Filling up the DagBag from /opt/airflow/dags/f1_pipeline_dag.py
[2026-05-02T20:04:59.979+0000] {processor.py:840} INFO - DAG(s) 'f1_bigdata_pipeline' retrieved from /opt/airflow/dags/f1_pipeline_dag.py
[2026-05-02T20:05:00.025+0000] {logging_mixin.py:188} INFO - [2026-05-02T20:05:00.025+0000] {dag.py:3036} INFO - Sync 1 DAGs
[2026-05-02T20:05:00.041+0000] {logging_mixin.py:188} INFO - [2026-05-02T20:05:00.041+0000] {dag.py:3823} INFO - Setting next_dagrun for f1_bigdata_pipeline to 2026-04-27 06:00:00+00:00, run_after=2026-05-04 06:00:00+00:00
[2026-05-02T20:05:00.052+0000] {processor.py:183} INFO - Processing /opt/airflow/dags/f1_pipeline_dag.py took 0.089 seconds
[2026-05-02T20:05:30.336+0000] {processor.py:161} INFO - Started process (PID=2796) to work on /opt/airflow/dags/f1_pipeline_dag.py
[2026-05-02T20:05:30.337+0000] {processor.py:830} INFO - Processing file /opt/airflow/dags/f1_pipeline_dag.py for tasks to queue
[2026-05-02T20:05:30.339+0000] {logging_mixin.py:188} INFO - [2026-05-02T20:05:30.338+0000] {dagbag.py:538} INFO - Filling up the DagBag from /opt/airflow/dags/f1_pipeline_dag.py
[2026-05-02T20:05:30.371+0000] {processor.py:840} INFO - DAG(s) 'f1_bigdata_pipeline' retrieved from /opt/airflow/dags/f1_pipeline_dag.py
[2026-05-02T20:05:30.415+0000] {logging_mixin.py:188} INFO - [2026-05-02T20:05:30.415+0000] {dag.py:3036} INFO - Sync 1 DAGs
[2026-05-02T20:05:30.432+0000] {logging_mixin.py:188} INFO - [2026-05-02T20:05:30.431+0000] {dag.py:3823} INFO - Setting next_dagrun for f1_bigdata_pipeline to 2026-04-27 06:00:00+00:00, run_after=2026-05-04 06:00:00+00:00
[2026-05-02T20:05:30.441+0000] {processor.py:183} INFO - Processing /opt/airflow/dags/f1_pipeline_dag.py took 0.111 seconds
[2026-05-02T20:06:00.819+0000] {processor.py:161} INFO - Started process (PID=2801) to work on /opt/airflow/dags/f1_pipeline_dag.py
[2026-05-02T20:06:00.821+0000] {processor.py:830} INFO - Processing file /opt/airflow/dags/f1_pipeline_dag.py for tasks to queue
[2026-05-02T20:06:00.822+0000] {logging_mixin.py:188} INFO - [2026-05-02T20:06:00.822+0000] {dagbag.py:538} INFO - Filling up the DagBag from /opt/airflow/dags/f1_pipeline_dag.py
[2026-05-02T20:06:00.840+0000] {processor.py:840} INFO - DAG(s) 'f1_bigdata_pipeline' retrieved from /opt/airflow/dags/f1_pipeline_dag.py
[2026-05-02T20:06:00.883+0000] {logging_mixin.py:188} INFO - [2026-05-02T20:06:00.882+0000] {dag.py:3036} INFO - Sync 1 DAGs
[2026-05-02T20:06:00.900+0000] {logging_mixin.py:188} INFO - [2026-05-02T20:06:00.899+0000] {dag.py:3823} INFO - Setting next_dagrun for f1_bigdata_pipeline to 2026-04-27 06:00:00+00:00, run_after=2026-05-04 06:00:00+00:00
[2026-05-02T20:06:00.910+0000] {processor.py:183} INFO - Processing /opt/airflow/dags/f1_pipeline_dag.py took 0.096 seconds
[2026-05-02T20:06:31.299+0000] {processor.py:161} INFO - Started process (PID=2806) to work on /opt/airflow/dags/f1_pipeline_dag.py
[2026-05-02T20:06:31.301+0000] {processor.py:830} INFO - Processing file /opt/airflow/dags/f1_pipeline_dag.py for tasks to queue
[2026-05-02T20:06:31.302+0000] {logging_mixin.py:188} INFO - [2026-05-02T20:06:31.301+0000] {dagbag.py:538} INFO - Filling up the DagBag from /opt/airflow/dags/f1_pipeline_dag.py
[2026-05-02T20:06:31.319+0000] {processor.py:840} INFO - DAG(s) 'f1_bigdata_pipeline' retrieved from /opt/airflow/dags/f1_pipeline_dag.py
[2026-05-02T20:06:31.346+0000] {logging_mixin.py:188} INFO - [2026-05-02T20:06:31.346+0000] {dag.py:3036} INFO - Sync 1 DAGs
[2026-05-02T20:06:31.378+0000] {logging_mixin.py:188} INFO - [2026-05-02T20:06:31.378+0000] {dag.py:3823} INFO - Setting next_dagrun for f1_bigdata_pipeline to 2026-04-27 06:00:00+00:00, run_after=2026-05-04 06:00:00+00:00
[2026-05-02T20:06:31.387+0000] {processor.py:183} INFO - Processing /opt/airflow/dags/f1_pipeline_dag.py took 0.094 seconds
[2026-05-02T20:07:01.843+0000] {processor.py:161} INFO - Started process (PID=2811) to work on /opt/airflow/dags/f1_pipeline_dag.py
[2026-05-02T20:07:01.845+0000] {processor.py:830} INFO - Processing file /opt/airflow/dags/f1_pipeline_dag.py for tasks to queue
[2026-05-02T20:07:01.846+0000] {logging_mixin.py:188} INFO - [2026-05-02T20:07:01.845+0000] {dagbag.py:538} INFO - Filling up the DagBag from /opt/airflow/dags/f1_pipeline_dag.py
[2026-05-02T20:07:01.884+0000] {processor.py:840} INFO - DAG(s) 'f1_bigdata_pipeline' retrieved from /opt/airflow/dags/f1_pipeline_dag.py
[2026-05-02T20:07:01.917+0000] {logging_mixin.py:188} INFO - [2026-05-02T20:07:01.917+0000] {dag.py:3036} INFO - Sync 1 DAGs
[2026-05-02T20:07:01.934+0000] {logging_mixin.py:188} INFO - [2026-05-02T20:07:01.934+0000] {dag.py:3823} INFO - Setting next_dagrun for f1_bigdata_pipeline to 2026-04-27 06:00:00+00:00, run_after=2026-05-04 06:00:00+00:00
[2026-05-02T20:07:01.953+0000] {processor.py:183} INFO - Processing /opt/airflow/dags/f1_pipeline_dag.py took 0.117 seconds
[2026-05-02T20:07:32.230+0000] {processor.py:161} INFO - Started process (PID=2816) to work on /opt/airflow/dags/f1_pipeline_dag.py
[2026-05-02T20:07:32.233+0000] {processor.py:830} INFO - Processing file /opt/airflow/dags/f1_pipeline_dag.py for tasks to queue
[2026-05-02T20:07:32.235+0000] {logging_mixin.py:188} INFO - [2026-05-02T20:07:32.235+0000] {dagbag.py:538} INFO - Filling up the DagBag from /opt/airflow/dags/f1_pipeline_dag.py
[2026-05-02T20:07:32.257+0000] {processor.py:840} INFO - DAG(s) 'f1_bigdata_pipeline' retrieved from /opt/airflow/dags/f1_pipeline_dag.py
[2026-05-02T20:07:32.308+0000] {logging_mixin.py:188} INFO - [2026-05-02T20:07:32.308+0000] {dag.py:3036} INFO - Sync 1 DAGs
[2026-05-02T20:07:32.325+0000] {logging_mixin.py:188} INFO - [2026-05-02T20:07:32.325+0000] {dag.py:3823} INFO - Setting next_dagrun for f1_bigdata_pipeline to 2026-04-27 06:00:00+00:00, run_after=2026-05-04 06:00:00+00:00
[2026-05-02T20:07:32.334+0000] {processor.py:183} INFO - Processing /opt/airflow/dags/f1_pipeline_dag.py took 0.110 seconds
[2026-05-02T20:08:02.730+0000] {processor.py:161} INFO - Started process (PID=2821) to work on /opt/airflow/dags/f1_pipeline_dag.py
[2026-05-02T20:08:02.733+0000] {processor.py:830} INFO - Processing file /opt/airflow/dags/f1_pipeline_dag.py for tasks to queue
[2026-05-02T20:08:02.734+0000] {logging_mixin.py:188} INFO - [2026-05-02T20:08:02.734+0000] {dagbag.py:538} INFO - Filling up the DagBag from /opt/airflow/dags/f1_pipeline_dag.py
[2026-05-02T20:08:02.753+0000] {processor.py:840} INFO - DAG(s) 'f1_bigdata_pipeline' retrieved from /opt/airflow/dags/f1_pipeline_dag.py
[2026-05-02T20:08:02.781+0000] {logging_mixin.py:188} INFO - [2026-05-02T20:08:02.781+0000] {dag.py:3036} INFO - Sync 1 DAGs
[2026-05-02T20:08:02.817+0000] {logging_mixin.py:188} INFO - [2026-05-02T20:08:02.817+0000] {dag.py:3823} INFO - Setting next_dagrun for f1_bigdata_pipeline to 2026-04-27 06:00:00+00:00, run_after=2026-05-04 06:00:00+00:00
[2026-05-02T20:08:02.827+0000] {processor.py:183} INFO - Processing /opt/airflow/dags/f1_pipeline_dag.py took 0.110 seconds
[2026-05-02T20:08:33.101+0000] {processor.py:161} INFO - Started process (PID=2826) to work on /opt/airflow/dags/f1_pipeline_dag.py
[2026-05-02T20:08:33.103+0000] {processor.py:830} INFO - Processing file /opt/airflow/dags/f1_pipeline_dag.py for tasks to queue
[2026-05-02T20:08:33.105+0000] {logging_mixin.py:188} INFO - [2026-05-02T20:08:33.104+0000] {dagbag.py:538} INFO - Filling up the DagBag from /opt/airflow/dags/f1_pipeline_dag.py
[2026-05-02T20:08:33.123+0000] {processor.py:840} INFO - DAG(s) 'f1_bigdata_pipeline' retrieved from /opt/airflow/dags/f1_pipeline_dag.py
[2026-05-02T20:08:33.147+0000] {logging_mixin.py:188} INFO - [2026-05-02T20:08:33.147+0000] {dag.py:3036} INFO - Sync 1 DAGs
[2026-05-02T20:08:33.183+0000] {logging_mixin.py:188} INFO - [2026-05-02T20:08:33.183+0000] {dag.py:3823} INFO - Setting next_dagrun for f1_bigdata_pipeline to 2026-04-27 06:00:00+00:00, run_after=2026-05-04 06:00:00+00:00
[2026-05-02T20:08:33.193+0000] {processor.py:183} INFO - Processing /opt/airflow/dags/f1_pipeline_dag.py took 0.097 seconds
[2026-05-02T20:09:03.565+0000] {processor.py:161} INFO - Started process (PID=2831) to work on /opt/airflow/dags/f1_pipeline_dag.py
[2026-05-02T20:09:03.567+0000] {processor.py:830} INFO - Processing file /opt/airflow/dags/f1_pipeline_dag.py for tasks to queue
[2026-05-02T20:09:03.568+0000] {logging_mixin.py:188} INFO - [2026-05-02T20:09:03.567+0000] {dagbag.py:538} INFO - Filling up the DagBag from /opt/airflow/dags/f1_pipeline_dag.py
[2026-05-02T20:09:03.580+0000] {processor.py:840} INFO - DAG(s) 'f1_bigdata_pipeline' retrieved from /opt/airflow/dags/f1_pipeline_dag.py
[2026-05-02T20:09:03.609+0000] {logging_mixin.py:188} INFO - [2026-05-02T20:09:03.609+0000] {dag.py:3036} INFO - Sync 1 DAGs
[2026-05-02T20:09:03.630+0000] {logging_mixin.py:188} INFO - [2026-05-02T20:09:03.630+0000] {dag.py:3823} INFO - Setting next_dagrun for f1_bigdata_pipeline to 2026-04-27 06:00:00+00:00, run_after=2026-05-04 06:00:00+00:00
[2026-05-02T20:09:03.649+0000] {processor.py:183} INFO - Processing /opt/airflow/dags/f1_pipeline_dag.py took 0.087 seconds
[2026-05-02T20:09:33.935+0000] {processor.py:161} INFO - Started process (PID=2836) to work on /opt/airflow/dags/f1_pipeline_dag.py
[2026-05-02T20:09:33.938+0000] {processor.py:830} INFO - Processing file /opt/airflow/dags/f1_pipeline_dag.py for tasks to queue
[2026-05-02T20:09:33.939+0000] {logging_mixin.py:188} INFO - [2026-05-02T20:09:33.938+0000] {dagbag.py:538} INFO - Filling up the DagBag from /opt/airflow/dags/f1_pipeline_dag.py
[2026-05-02T20:09:33.957+0000] {processor.py:840} INFO - DAG(s) 'f1_bigdata_pipeline' retrieved from /opt/airflow/dags/f1_pipeline_dag.py
[2026-05-02T20:09:34.005+0000] {logging_mixin.py:188} INFO - [2026-05-02T20:09:34.005+0000] {dag.py:3036} INFO - Sync 1 DAGs
[2026-05-02T20:09:34.023+0000] {logging_mixin.py:188} INFO - [2026-05-02T20:09:34.022+0000] {dag.py:3823} INFO - Setting next_dagrun for f1_bigdata_pipeline to 2026-04-27 06:00:00+00:00, run_after=2026-05-04 06:00:00+00:00
[2026-05-02T20:09:34.033+0000] {processor.py:183} INFO - Processing /opt/airflow/dags/f1_pipeline_dag.py took 0.103 seconds
[2026-05-02T20:10:04.294+0000] {processor.py:161} INFO - Started process (PID=2841) to work on /opt/airflow/dags/f1_pipeline_dag.py
[2026-05-02T20:10:04.296+0000] {processor.py:830} INFO - Processing file /opt/airflow/dags/f1_pipeline_dag.py for tasks to queue
[2026-05-02T20:10:04.298+0000] {logging_mixin.py:188} INFO - [2026-05-02T20:10:04.297+0000] {dagbag.py:538} INFO - Filling up the DagBag from /opt/airflow/dags/f1_pipeline_dag.py
[2026-05-02T20:10:04.327+0000] {processor.py:840} INFO - DAG(s) 'f1_bigdata_pipeline' retrieved from /opt/airflow/dags/f1_pipeline_dag.py
[2026-05-02T20:10:04.349+0000] {logging_mixin.py:188} INFO - [2026-05-02T20:10:04.349+0000] {dag.py:3036} INFO - Sync 1 DAGs
[2026-05-02T20:10:04.363+0000] {logging_mixin.py:188} INFO - [2026-05-02T20:10:04.363+0000] {dag.py:3823} INFO - Setting next_dagrun for f1_bigdata_pipeline to 2026-04-27 06:00:00+00:00, run_after=2026-05-04 06:00:00+00:00
[2026-05-02T20:10:04.372+0000] {processor.py:183} INFO - Processing /opt/airflow/dags/f1_pipeline_dag.py took 0.093 seconds
[2026-05-02T20:10:34.618+0000] {processor.py:161} INFO - Started process (PID=2846) to work on /opt/airflow/dags/f1_pipeline_dag.py
[2026-05-02T20:10:34.621+0000] {processor.py:830} INFO - Processing file /opt/airflow/dags/f1_pipeline_dag.py for tasks to queue
[2026-05-02T20:10:34.622+0000] {logging_mixin.py:188} INFO - [2026-05-02T20:10:34.622+0000] {dagbag.py:538} INFO - Filling up the DagBag from /opt/airflow/dags/f1_pipeline_dag.py
[2026-05-02T20:10:34.644+0000] {processor.py:840} INFO - DAG(s) 'f1_bigdata_pipeline' retrieved from /opt/airflow/dags/f1_pipeline_dag.py
[2026-05-02T20:10:34.672+0000] {logging_mixin.py:188} INFO - [2026-05-02T20:10:34.672+0000] {dag.py:3036} INFO - Sync 1 DAGs
[2026-05-02T20:10:34.703+0000] {logging_mixin.py:188} INFO - [2026-05-02T20:10:34.703+0000] {dag.py:3823} INFO - Setting next_dagrun for f1_bigdata_pipeline to 2026-04-27 06:00:00+00:00, run_after=2026-05-04 06:00:00+00:00
[2026-05-02T20:10:34.713+0000] {processor.py:183} INFO - Processing /opt/airflow/dags/f1_pipeline_dag.py took 0.100 seconds
[2026-05-02T20:11:05.010+0000] {processor.py:161} INFO - Started process (PID=2851) to work on /opt/airflow/dags/f1_pipeline_dag.py
[2026-05-02T20:11:05.012+0000] {processor.py:830} INFO - Processing file /opt/airflow/dags/f1_pipeline_dag.py for tasks to queue
[2026-05-02T20:11:05.013+0000] {logging_mixin.py:188} INFO - [2026-05-02T20:11:05.012+0000] {dagbag.py:538} INFO - Filling up the DagBag from /opt/airflow/dags/f1_pipeline_dag.py
[2026-05-02T20:11:05.040+0000] {processor.py:840} INFO - DAG(s) 'f1_bigdata_pipeline' retrieved from /opt/airflow/dags/f1_pipeline_dag.py
[2026-05-02T20:11:05.071+0000] {logging_mixin.py:188} INFO - [2026-05-02T20:11:05.071+0000] {dag.py:3036} INFO - Sync 1 DAGs
[2026-05-02T20:11:05.088+0000] {logging_mixin.py:188} INFO - [2026-05-02T20:11:05.088+0000] {dag.py:3823} INFO - Setting next_dagrun for f1_bigdata_pipeline to 2026-04-27 06:00:00+00:00, run_after=2026-05-04 06:00:00+00:00
[2026-05-02T20:11:05.098+0000] {processor.py:183} INFO - Processing /opt/airflow/dags/f1_pipeline_dag.py took 0.091 seconds
[2026-05-02T20:11:35.435+0000] {processor.py:161} INFO - Started process (PID=2856) to work on /opt/airflow/dags/f1_pipeline_dag.py
[2026-05-02T20:11:35.438+0000] {processor.py:830} INFO - Processing file /opt/airflow/dags/f1_pipeline_dag.py for tasks to queue
[2026-05-02T20:11:35.439+0000] {logging_mixin.py:188} INFO - [2026-05-02T20:11:35.439+0000] {dagbag.py:538} INFO - Filling up the DagBag from /opt/airflow/dags/f1_pipeline_dag.py
[2026-05-02T20:11:35.477+0000] {processor.py:840} INFO - DAG(s) 'f1_bigdata_pipeline' retrieved from /opt/airflow/dags/f1_pipeline_dag.py
[2026-05-02T20:11:35.506+0000] {logging_mixin.py:188} INFO - [2026-05-02T20:11:35.506+0000] {dag.py:3036} INFO - Sync 1 DAGs
[2026-05-02T20:11:35.531+0000] {logging_mixin.py:188} INFO - [2026-05-02T20:11:35.531+0000] {dag.py:3823} INFO - Setting next_dagrun for f1_bigdata_pipeline to 2026-04-27 06:00:00+00:00, run_after=2026-05-04 06:00:00+00:00
[2026-05-02T20:11:35.541+0000] {processor.py:183} INFO - Processing /opt/airflow/dags/f1_pipeline_dag.py took 0.112 seconds
[2026-05-02T20:12:05.854+0000] {processor.py:161} INFO - Started process (PID=2861) to work on /opt/airflow/dags/f1_pipeline_dag.py
[2026-05-02T20:12:05.856+0000] {processor.py:830} INFO - Processing file /opt/airflow/dags/f1_pipeline_dag.py for tasks to queue
[2026-05-02T20:12:05.857+0000] {logging_mixin.py:188} INFO - [2026-05-02T20:12:05.857+0000] {dagbag.py:538} INFO - Filling up the DagBag from /opt/airflow/dags/f1_pipeline_dag.py
[2026-05-02T20:12:05.878+0000] {processor.py:840} INFO - DAG(s) 'f1_bigdata_pipeline' retrieved from /opt/airflow/dags/f1_pipeline_dag.py
[2026-05-02T20:12:05.912+0000] {logging_mixin.py:188} INFO - [2026-05-02T20:12:05.912+0000] {dag.py:3036} INFO - Sync 1 DAGs
[2026-05-02T20:12:05.940+0000] {logging_mixin.py:188} INFO - [2026-05-02T20:12:05.939+0000] {dag.py:3823} INFO - Setting next_dagrun for f1_bigdata_pipeline to 2026-04-27 06:00:00+00:00, run_after=2026-05-04 06:00:00+00:00
[2026-05-02T20:12:05.951+0000] {processor.py:183} INFO - Processing /opt/airflow/dags/f1_pipeline_dag.py took 0.102 seconds
[2026-05-02T20:12:36.249+0000] {processor.py:161} INFO - Started process (PID=2866) to work on /opt/airflow/dags/f1_pipeline_dag.py
[2026-05-02T20:12:36.251+0000] {processor.py:830} INFO - Processing file /opt/airflow/dags/f1_pipeline_dag.py for tasks to queue
[2026-05-02T20:12:36.252+0000] {logging_mixin.py:188} INFO - [2026-05-02T20:12:36.252+0000] {dagbag.py:538} INFO - Filling up the DagBag from /opt/airflow/dags/f1_pipeline_dag.py
[2026-05-02T20:12:36.276+0000] {processor.py:840} INFO - DAG(s) 'f1_bigdata_pipeline' retrieved from /opt/airflow/dags/f1_pipeline_dag.py
[2026-05-02T20:12:36.329+0000] {logging_mixin.py:188} INFO - [2026-05-02T20:12:36.329+0000] {dag.py:3036} INFO - Sync 1 DAGs
[2026-05-02T20:12:36.347+0000] {logging_mixin.py:188} INFO - [2026-05-02T20:12:36.347+0000] {dag.py:3823} INFO - Setting next_dagrun for f1_bigdata_pipeline to 2026-04-27 06:00:00+00:00, run_after=2026-05-04 06:00:00+00:00
[2026-05-02T20:12:36.357+0000] {processor.py:183} INFO - Processing /opt/airflow/dags/f1_pipeline_dag.py took 0.114 seconds
[2026-05-02T20:13:06.662+0000] {processor.py:161} INFO - Started process (PID=2871) to work on /opt/airflow/dags/f1_pipeline_dag.py
[2026-05-02T20:13:06.665+0000] {processor.py:830} INFO - Processing file /opt/airflow/dags/f1_pipeline_dag.py for tasks to queue
[2026-05-02T20:13:06.667+0000] {logging_mixin.py:188} INFO - [2026-05-02T20:13:06.666+0000] {dagbag.py:538} INFO - Filling up the DagBag from /opt/airflow/dags/f1_pipeline_dag.py
[2026-05-02T20:13:06.688+0000] {processor.py:840} INFO - DAG(s) 'f1_bigdata_pipeline' retrieved from /opt/airflow/dags/f1_pipeline_dag.py
[2026-05-02T20:13:06.716+0000] {logging_mixin.py:188} INFO - [2026-05-02T20:13:06.716+0000] {dag.py:3036} INFO - Sync 1 DAGs
[2026-05-02T20:13:06.748+0000] {logging_mixin.py:188} INFO - [2026-05-02T20:13:06.748+0000] {dag.py:3823} INFO - Setting next_dagrun for f1_bigdata_pipeline to 2026-04-27 06:00:00+00:00, run_after=2026-05-04 06:00:00+00:00
[2026-05-02T20:13:06.759+0000] {processor.py:183} INFO - Processing /opt/airflow/dags/f1_pipeline_dag.py took 0.103 seconds
[2026-05-02T20:13:37.064+0000] {processor.py:161} INFO - Started process (PID=2876) to work on /opt/airflow/dags/f1_pipeline_dag.py
[2026-05-02T20:13:37.066+0000] {processor.py:830} INFO - Processing file /opt/airflow/dags/f1_pipeline_dag.py for tasks to queue
[2026-05-02T20:13:37.067+0000] {logging_mixin.py:188} INFO - [2026-05-02T20:13:37.067+0000] {dagbag.py:538} INFO - Filling up the DagBag from /opt/airflow/dags/f1_pipeline_dag.py
[2026-05-02T20:13:37.089+0000] {processor.py:840} INFO - DAG(s) 'f1_bigdata_pipeline' retrieved from /opt/airflow/dags/f1_pipeline_dag.py
[2026-05-02T20:13:37.116+0000] {logging_mixin.py:188} INFO - [2026-05-02T20:13:37.116+0000] {dag.py:3036} INFO - Sync 1 DAGs
[2026-05-02T20:13:37.135+0000] {logging_mixin.py:188} INFO - [2026-05-02T20:13:37.135+0000] {dag.py:3823} INFO - Setting next_dagrun for f1_bigdata_pipeline to 2026-04-27 06:00:00+00:00, run_after=2026-05-04 06:00:00+00:00
[2026-05-02T20:13:37.162+0000] {processor.py:183} INFO - Processing /opt/airflow/dags/f1_pipeline_dag.py took 0.104 seconds
[2026-05-02T20:14:07.482+0000] {processor.py:161} INFO - Started process (PID=2881) to work on /opt/airflow/dags/f1_pipeline_dag.py
[2026-05-02T20:14:07.483+0000] {processor.py:830} INFO - Processing file /opt/airflow/dags/f1_pipeline_dag.py for tasks to queue
[2026-05-02T20:14:07.484+0000] {logging_mixin.py:188} INFO - [2026-05-02T20:14:07.484+0000] {dagbag.py:538} INFO - Filling up the DagBag from /opt/airflow/dags/f1_pipeline_dag.py
[2026-05-02T20:14:07.501+0000] {processor.py:840} INFO - DAG(s) 'f1_bigdata_pipeline' retrieved from /opt/airflow/dags/f1_pipeline_dag.py
[2026-05-02T20:14:07.534+0000] {logging_mixin.py:188} INFO - [2026-05-02T20:14:07.533+0000] {dag.py:3036} INFO - Sync 1 DAGs
[2026-05-02T20:14:07.573+0000] {logging_mixin.py:188} INFO - [2026-05-02T20:14:07.573+0000] {dag.py:3823} INFO - Setting next_dagrun for f1_bigdata_pipeline to 2026-04-27 06:00:00+00:00, run_after=2026-05-04 06:00:00+00:00
[2026-05-02T20:14:07.588+0000] {processor.py:183} INFO - Processing /opt/airflow/dags/f1_pipeline_dag.py took 0.117 seconds
[2026-05-02T20:14:37.839+0000] {processor.py:161} INFO - Started process (PID=2886) to work on /opt/airflow/dags/f1_pipeline_dag.py
[2026-05-02T20:14:37.841+0000] {processor.py:830} INFO - Processing file /opt/airflow/dags/f1_pipeline_dag.py for tasks to queue
[2026-05-02T20:14:37.843+0000] {logging_mixin.py:188} INFO - [2026-05-02T20:14:37.842+0000] {dagbag.py:538} INFO - Filling up the DagBag from /opt/airflow/dags/f1_pipeline_dag.py
[2026-05-02T20:14:37.865+0000] {processor.py:840} INFO - DAG(s) 'f1_bigdata_pipeline' retrieved from /opt/airflow/dags/f1_pipeline_dag.py
[2026-05-02T20:14:37.900+0000] {logging_mixin.py:188} INFO - [2026-05-02T20:14:37.900+0000] {dag.py:3036} INFO - Sync 1 DAGs
[2026-05-02T20:14:37.927+0000] {logging_mixin.py:188} INFO - [2026-05-02T20:14:37.926+0000] {dag.py:3823} INFO - Setting next_dagrun for f1_bigdata_pipeline to 2026-04-27 06:00:00+00:00, run_after=2026-05-04 06:00:00+00:00
[2026-05-02T20:14:37.936+0000] {processor.py:183} INFO - Processing /opt/airflow/dags/f1_pipeline_dag.py took 0.101 seconds
[2026-05-02T20:15:08.203+0000] {processor.py:161} INFO - Started process (PID=2891) to work on /opt/airflow/dags/f1_pipeline_dag.py
[2026-05-02T20:15:08.205+0000] {processor.py:830} INFO - Processing file /opt/airflow/dags/f1_pipeline_dag.py for tasks to queue
[2026-05-02T20:15:08.206+0000] {logging_mixin.py:188} INFO - [2026-05-02T20:15:08.206+0000] {dagbag.py:538} INFO - Filling up the DagBag from /opt/airflow/dags/f1_pipeline_dag.py
[2026-05-02T20:15:08.226+0000] {processor.py:840} INFO - DAG(s) 'f1_bigdata_pipeline' retrieved from /opt/airflow/dags/f1_pipeline_dag.py
[2026-05-02T20:15:08.269+0000] {logging_mixin.py:188} INFO - [2026-05-02T20:15:08.269+0000] {dag.py:3036} INFO - Sync 1 DAGs
[2026-05-02T20:15:08.285+0000] {logging_mixin.py:188} INFO - [2026-05-02T20:15:08.284+0000] {dag.py:3823} INFO - Setting next_dagrun for f1_bigdata_pipeline to 2026-04-27 06:00:00+00:00, run_after=2026-05-04 06:00:00+00:00
[2026-05-02T20:15:08.295+0000] {processor.py:183} INFO - Processing /opt/airflow/dags/f1_pipeline_dag.py took 0.098 seconds
[2026-05-02T20:15:38.655+0000] {processor.py:161} INFO - Started process (PID=2896) to work on /opt/airflow/dags/f1_pipeline_dag.py
[2026-05-02T20:15:38.657+0000] {processor.py:830} INFO - Processing file /opt/airflow/dags/f1_pipeline_dag.py for tasks to queue
[2026-05-02T20:15:38.658+0000] {logging_mixin.py:188} INFO - [2026-05-02T20:15:38.658+0000] {dagbag.py:538} INFO - Filling up the DagBag from /opt/airflow/dags/f1_pipeline_dag.py
[2026-05-02T20:15:38.678+0000] {processor.py:840} INFO - DAG(s) 'f1_bigdata_pipeline' retrieved from /opt/airflow/dags/f1_pipeline_dag.py
[2026-05-02T20:15:38.720+0000] {logging_mixin.py:188} INFO - [2026-05-02T20:15:38.720+0000] {dag.py:3036} INFO - Sync 1 DAGs
[2026-05-02T20:15:38.737+0000] {logging_mixin.py:188} INFO - [2026-05-02T20:15:38.737+0000] {dag.py:3823} INFO - Setting next_dagrun for f1_bigdata_pipeline to 2026-04-27 06:00:00+00:00, run_after=2026-05-04 06:00:00+00:00
[2026-05-02T20:15:38.747+0000] {processor.py:183} INFO - Processing /opt/airflow/dags/f1_pipeline_dag.py took 0.098 seconds
[2026-05-02T20:16:09.019+0000] {processor.py:161} INFO - Started process (PID=2901) to work on /opt/airflow/dags/f1_pipeline_dag.py
[2026-05-02T20:16:09.020+0000] {processor.py:830} INFO - Processing file /opt/airflow/dags/f1_pipeline_dag.py for tasks to queue
[2026-05-02T20:16:09.021+0000] {logging_mixin.py:188} INFO - [2026-05-02T20:16:09.021+0000] {dagbag.py:538} INFO - Filling up the DagBag from /opt/airflow/dags/f1_pipeline_dag.py
[2026-05-02T20:16:09.042+0000] {processor.py:840} INFO - DAG(s) 'f1_bigdata_pipeline' retrieved from /opt/airflow/dags/f1_pipeline_dag.py
[2026-05-02T20:16:09.088+0000] {logging_mixin.py:188} INFO - [2026-05-02T20:16:09.088+0000] {dag.py:3036} INFO - Sync 1 DAGs
[2026-05-02T20:16:09.108+0000] {logging_mixin.py:188} INFO - [2026-05-02T20:16:09.108+0000] {dag.py:3823} INFO - Setting next_dagrun for f1_bigdata_pipeline to 2026-04-27 06:00:00+00:00, run_after=2026-05-04 06:00:00+00:00
[2026-05-02T20:16:09.128+0000] {processor.py:183} INFO - Processing /opt/airflow/dags/f1_pipeline_dag.py took 0.121 seconds
[2026-05-02T20:16:39.763+0000] {processor.py:161} INFO - Started process (PID=2906) to work on /opt/airflow/dags/f1_pipeline_dag.py
[2026-05-02T20:16:39.766+0000] {processor.py:830} INFO - Processing file /opt/airflow/dags/f1_pipeline_dag.py for tasks to queue
[2026-05-02T20:16:39.767+0000] {logging_mixin.py:188} INFO - [2026-05-02T20:16:39.766+0000] {dagbag.py:538} INFO - Filling up the DagBag from /opt/airflow/dags/f1_pipeline_dag.py
[2026-05-02T20:16:39.788+0000] {processor.py:840} INFO - DAG(s) 'f1_bigdata_pipeline' retrieved from /opt/airflow/dags/f1_pipeline_dag.py
[2026-05-02T20:16:39.830+0000] {logging_mixin.py:188} INFO - [2026-05-02T20:16:39.830+0000] {dag.py:3036} INFO - Sync 1 DAGs
[2026-05-02T20:16:39.851+0000] {logging_mixin.py:188} INFO - [2026-05-02T20:16:39.850+0000] {dag.py:3823} INFO - Setting next_dagrun for f1_bigdata_pipeline to 2026-04-27 06:00:00+00:00, run_after=2026-05-04 06:00:00+00:00
[2026-05-02T20:16:39.861+0000] {processor.py:183} INFO - Processing /opt/airflow/dags/f1_pipeline_dag.py took 0.104 seconds
[2026-05-02T20:17:10.116+0000] {processor.py:161} INFO - Started process (PID=2911) to work on /opt/airflow/dags/f1_pipeline_dag.py
[2026-05-02T20:17:10.118+0000] {processor.py:830} INFO - Processing file /opt/airflow/dags/f1_pipeline_dag.py for tasks to queue
[2026-05-02T20:17:10.119+0000] {logging_mixin.py:188} INFO - [2026-05-02T20:17:10.118+0000] {dagbag.py:538} INFO - Filling up the DagBag from /opt/airflow/dags/f1_pipeline_dag.py
[2026-05-02T20:17:10.133+0000] {processor.py:840} INFO - DAG(s) 'f1_bigdata_pipeline' retrieved from /opt/airflow/dags/f1_pipeline_dag.py
[2026-05-02T20:17:10.160+0000] {logging_mixin.py:188} INFO - [2026-05-02T20:17:10.160+0000] {dag.py:3036} INFO - Sync 1 DAGs
[2026-05-02T20:17:10.176+0000] {logging_mixin.py:188} INFO - [2026-05-02T20:17:10.176+0000] {dag.py:3823} INFO - Setting next_dagrun for f1_bigdata_pipeline to 2026-04-27 06:00:00+00:00, run_after=2026-05-04 06:00:00+00:00
[2026-05-02T20:17:10.186+0000] {processor.py:183} INFO - Processing /opt/airflow/dags/f1_pipeline_dag.py took 0.097 seconds
[2026-05-02T20:17:40.474+0000] {processor.py:161} INFO - Started process (PID=2916) to work on /opt/airflow/dags/f1_pipeline_dag.py
[2026-05-02T20:17:40.479+0000] {processor.py:830} INFO - Processing file /opt/airflow/dags/f1_pipeline_dag.py for tasks to queue
[2026-05-02T20:17:40.481+0000] {logging_mixin.py:188} INFO - [2026-05-02T20:17:40.480+0000] {dagbag.py:538} INFO - Filling up the DagBag from /opt/airflow/dags/f1_pipeline_dag.py
[2026-05-02T20:17:40.499+0000] {processor.py:840} INFO - DAG(s) 'f1_bigdata_pipeline' retrieved from /opt/airflow/dags/f1_pipeline_dag.py
[2026-05-02T20:17:40.529+0000] {logging_mixin.py:188} INFO - [2026-05-02T20:17:40.529+0000] {dag.py:3036} INFO - Sync 1 DAGs
[2026-05-02T20:17:40.546+0000] {logging_mixin.py:188} INFO - [2026-05-02T20:17:40.545+0000] {dag.py:3823} INFO - Setting next_dagrun for f1_bigdata_pipeline to 2026-04-27 06:00:00+00:00, run_after=2026-05-04 06:00:00+00:00
[2026-05-02T20:17:40.574+0000] {processor.py:183} INFO - Processing /opt/airflow/dags/f1_pipeline_dag.py took 0.117 seconds
[2026-05-02T20:18:10.831+0000] {processor.py:161} INFO - Started process (PID=2921) to work on /opt/airflow/dags/f1_pipeline_dag.py
[2026-05-02T20:18:10.834+0000] {processor.py:830} INFO - Processing file /opt/airflow/dags/f1_pipeline_dag.py for tasks to queue
[2026-05-02T20:18:10.835+0000] {logging_mixin.py:188} INFO - [2026-05-02T20:18:10.834+0000] {dagbag.py:538} INFO - Filling up the DagBag from /opt/airflow/dags/f1_pipeline_dag.py
[2026-05-02T20:18:10.857+0000] {processor.py:840} INFO - DAG(s) 'f1_bigdata_pipeline' retrieved from /opt/airflow/dags/f1_pipeline_dag.py
[2026-05-02T20:18:10.904+0000] {logging_mixin.py:188} INFO - [2026-05-02T20:18:10.904+0000] {dag.py:3036} INFO - Sync 1 DAGs
[2026-05-02T20:18:10.920+0000] {logging_mixin.py:188} INFO - [2026-05-02T20:18:10.920+0000] {dag.py:3823} INFO - Setting next_dagrun for f1_bigdata_pipeline to 2026-04-27 06:00:00+00:00, run_after=2026-05-04 06:00:00+00:00
[2026-05-02T20:18:10.931+0000] {processor.py:183} INFO - Processing /opt/airflow/dags/f1_pipeline_dag.py took 0.106 seconds
[2026-05-02T20:18:41.275+0000] {processor.py:161} INFO - Started process (PID=2926) to work on /opt/airflow/dags/f1_pipeline_dag.py
[2026-05-02T20:18:41.277+0000] {processor.py:830} INFO - Processing file /opt/airflow/dags/f1_pipeline_dag.py for tasks to queue
[2026-05-02T20:18:41.279+0000] {logging_mixin.py:188} INFO - [2026-05-02T20:18:41.278+0000] {dagbag.py:538} INFO - Filling up the DagBag from /opt/airflow/dags/f1_pipeline_dag.py
[2026-05-02T20:18:41.299+0000] {processor.py:840} INFO - DAG(s) 'f1_bigdata_pipeline' retrieved from /opt/airflow/dags/f1_pipeline_dag.py
[2026-05-02T20:18:41.346+0000] {logging_mixin.py:188} INFO - [2026-05-02T20:18:41.346+0000] {dag.py:3036} INFO - Sync 1 DAGs
[2026-05-02T20:18:41.363+0000] {logging_mixin.py:188} INFO - [2026-05-02T20:18:41.362+0000] {dag.py:3823} INFO - Setting next_dagrun for f1_bigdata_pipeline to 2026-04-27 06:00:00+00:00, run_after=2026-05-04 06:00:00+00:00
[2026-05-02T20:18:41.372+0000] {processor.py:183} INFO - Processing /opt/airflow/dags/f1_pipeline_dag.py took 0.102 seconds
[2026-05-02T20:19:11.646+0000] {processor.py:161} INFO - Started process (PID=2931) to work on /opt/airflow/dags/f1_pipeline_dag.py
[2026-05-02T20:19:11.648+0000] {processor.py:830} INFO - Processing file /opt/airflow/dags/f1_pipeline_dag.py for tasks to queue
[2026-05-02T20:19:11.649+0000] {logging_mixin.py:188} INFO - [2026-05-02T20:19:11.648+0000] {dagbag.py:538} INFO - Filling up the DagBag from /opt/airflow/dags/f1_pipeline_dag.py
[2026-05-02T20:19:11.667+0000] {processor.py:840} INFO - DAG(s) 'f1_bigdata_pipeline' retrieved from /opt/airflow/dags/f1_pipeline_dag.py
[2026-05-02T20:19:11.694+0000] {logging_mixin.py:188} INFO - [2026-05-02T20:19:11.694+0000] {dag.py:3036} INFO - Sync 1 DAGs
[2026-05-02T20:19:11.729+0000] {logging_mixin.py:188} INFO - [2026-05-02T20:19:11.728+0000] {dag.py:3823} INFO - Setting next_dagrun for f1_bigdata_pipeline to 2026-04-27 06:00:00+00:00, run_after=2026-05-04 06:00:00+00:00
[2026-05-02T20:19:11.739+0000] {processor.py:183} INFO - Processing /opt/airflow/dags/f1_pipeline_dag.py took 0.098 seconds
[2026-05-02T20:19:42.114+0000] {processor.py:161} INFO - Started process (PID=2936) to work on /opt/airflow/dags/f1_pipeline_dag.py
[2026-05-02T20:19:42.116+0000] {processor.py:830} INFO - Processing file /opt/airflow/dags/f1_pipeline_dag.py for tasks to queue
[2026-05-02T20:19:42.117+0000] {logging_mixin.py:188} INFO - [2026-05-02T20:19:42.116+0000] {dagbag.py:538} INFO - Filling up the DagBag from /opt/airflow/dags/f1_pipeline_dag.py
[2026-05-02T20:19:42.138+0000] {processor.py:840} INFO - DAG(s) 'f1_bigdata_pipeline' retrieved from /opt/airflow/dags/f1_pipeline_dag.py
[2026-05-02T20:19:42.168+0000] {logging_mixin.py:188} INFO - [2026-05-02T20:19:42.168+0000] {dag.py:3036} INFO - Sync 1 DAGs
[2026-05-02T20:19:42.186+0000] {logging_mixin.py:188} INFO - [2026-05-02T20:19:42.186+0000] {dag.py:3823} INFO - Setting next_dagrun for f1_bigdata_pipeline to 2026-04-27 06:00:00+00:00, run_after=2026-05-04 06:00:00+00:00
[2026-05-02T20:19:42.211+0000] {processor.py:183} INFO - Processing /opt/airflow/dags/f1_pipeline_dag.py took 0.125 seconds
[2026-05-02T20:20:12.477+0000] {processor.py:161} INFO - Started process (PID=2941) to work on /opt/airflow/dags/f1_pipeline_dag.py
[2026-05-02T20:20:12.484+0000] {processor.py:830} INFO - Processing file /opt/airflow/dags/f1_pipeline_dag.py for tasks to queue
[2026-05-02T20:20:12.487+0000] {logging_mixin.py:188} INFO - [2026-05-02T20:20:12.485+0000] {dagbag.py:538} INFO - Filling up the DagBag from /opt/airflow/dags/f1_pipeline_dag.py
[2026-05-02T20:20:12.508+0000] {processor.py:840} INFO - DAG(s) 'f1_bigdata_pipeline' retrieved from /opt/airflow/dags/f1_pipeline_dag.py
[2026-05-02T20:20:12.541+0000] {logging_mixin.py:188} INFO - [2026-05-02T20:20:12.541+0000] {dag.py:3036} INFO - Sync 1 DAGs
[2026-05-02T20:20:12.569+0000] {logging_mixin.py:188} INFO - [2026-05-02T20:20:12.568+0000] {dag.py:3823} INFO - Setting next_dagrun for f1_bigdata_pipeline to 2026-04-27 06:00:00+00:00, run_after=2026-05-04 06:00:00+00:00
[2026-05-02T20:20:12.578+0000] {processor.py:183} INFO - Processing /opt/airflow/dags/f1_pipeline_dag.py took 0.109 seconds
[2026-05-02T20:20:42.848+0000] {processor.py:161} INFO - Started process (PID=2946) to work on /opt/airflow/dags/f1_pipeline_dag.py
[2026-05-02T20:20:42.851+0000] {processor.py:830} INFO - Processing file /opt/airflow/dags/f1_pipeline_dag.py for tasks to queue
[2026-05-02T20:20:42.854+0000] {logging_mixin.py:188} INFO - [2026-05-02T20:20:42.853+0000] {dagbag.py:538} INFO - Filling up the DagBag from /opt/airflow/dags/f1_pipeline_dag.py
[2026-05-02T20:20:42.873+0000] {processor.py:840} INFO - DAG(s) 'f1_bigdata_pipeline' retrieved from /opt/airflow/dags/f1_pipeline_dag.py
[2026-05-02T20:20:42.900+0000] {logging_mixin.py:188} INFO - [2026-05-02T20:20:42.900+0000] {dag.py:3036} INFO - Sync 1 DAGs
[2026-05-02T20:20:42.933+0000] {logging_mixin.py:188} INFO - [2026-05-02T20:20:42.932+0000] {dag.py:3823} INFO - Setting next_dagrun for f1_bigdata_pipeline to 2026-04-27 06:00:00+00:00, run_after=2026-05-04 06:00:00+00:00
[2026-05-02T20:20:42.947+0000] {processor.py:183} INFO - Processing /opt/airflow/dags/f1_pipeline_dag.py took 0.115 seconds
[2026-05-02T20:21:13.168+0000] {processor.py:161} INFO - Started process (PID=2951) to work on /opt/airflow/dags/f1_pipeline_dag.py
[2026-05-02T20:21:13.170+0000] {processor.py:830} INFO - Processing file /opt/airflow/dags/f1_pipeline_dag.py for tasks to queue
[2026-05-02T20:21:13.171+0000] {logging_mixin.py:188} INFO - [2026-05-02T20:21:13.171+0000] {dagbag.py:538} INFO - Filling up the DagBag from /opt/airflow/dags/f1_pipeline_dag.py
[2026-05-02T20:21:13.187+0000] {processor.py:840} INFO - DAG(s) 'f1_bigdata_pipeline' retrieved from /opt/airflow/dags/f1_pipeline_dag.py
[2026-05-02T20:21:13.225+0000] {logging_mixin.py:188} INFO - [2026-05-02T20:21:13.224+0000] {dag.py:3036} INFO - Sync 1 DAGs
[2026-05-02T20:21:13.253+0000] {logging_mixin.py:188} INFO - [2026-05-02T20:21:13.253+0000] {dag.py:3823} INFO - Setting next_dagrun for f1_bigdata_pipeline to 2026-04-27 06:00:00+00:00, run_after=2026-05-04 06:00:00+00:00
[2026-05-02T20:21:13.263+0000] {processor.py:183} INFO - Processing /opt/airflow/dags/f1_pipeline_dag.py took 0.101 seconds
[2026-05-02T20:21:43.613+0000] {processor.py:161} INFO - Started process (PID=2956) to work on /opt/airflow/dags/f1_pipeline_dag.py
[2026-05-02T20:21:43.616+0000] {processor.py:830} INFO - Processing file /opt/airflow/dags/f1_pipeline_dag.py for tasks to queue
[2026-05-02T20:21:43.617+0000] {logging_mixin.py:188} INFO - [2026-05-02T20:21:43.616+0000] {dagbag.py:538} INFO - Filling up the DagBag from /opt/airflow/dags/f1_pipeline_dag.py
[2026-05-02T20:21:43.652+0000] {processor.py:840} INFO - DAG(s) 'f1_bigdata_pipeline' retrieved from /opt/airflow/dags/f1_pipeline_dag.py
[2026-05-02T20:21:43.698+0000] {logging_mixin.py:188} INFO - [2026-05-02T20:21:43.697+0000] {dag.py:3036} INFO - Sync 1 DAGs
[2026-05-02T20:21:43.725+0000] {logging_mixin.py:188} INFO - [2026-05-02T20:21:43.724+0000] {dag.py:3823} INFO - Setting next_dagrun for f1_bigdata_pipeline to 2026-04-27 06:00:00+00:00, run_after=2026-05-04 06:00:00+00:00
[2026-05-02T20:21:43.735+0000] {processor.py:183} INFO - Processing /opt/airflow/dags/f1_pipeline_dag.py took 0.128 seconds
[2026-05-02T20:22:14.008+0000] {processor.py:161} INFO - Started process (PID=2961) to work on /opt/airflow/dags/f1_pipeline_dag.py
[2026-05-02T20:22:14.011+0000] {processor.py:830} INFO - Processing file /opt/airflow/dags/f1_pipeline_dag.py for tasks to queue
[2026-05-02T20:22:14.012+0000] {logging_mixin.py:188} INFO - [2026-05-02T20:22:14.011+0000] {dagbag.py:538} INFO - Filling up the DagBag from /opt/airflow/dags/f1_pipeline_dag.py
[2026-05-02T20:22:14.033+0000] {processor.py:840} INFO - DAG(s) 'f1_bigdata_pipeline' retrieved from /opt/airflow/dags/f1_pipeline_dag.py
[2026-05-02T20:22:14.081+0000] {logging_mixin.py:188} INFO - [2026-05-02T20:22:14.081+0000] {dag.py:3036} INFO - Sync 1 DAGs
[2026-05-02T20:22:14.097+0000] {logging_mixin.py:188} INFO - [2026-05-02T20:22:14.097+0000] {dag.py:3823} INFO - Setting next_dagrun for f1_bigdata_pipeline to 2026-04-27 06:00:00+00:00, run_after=2026-05-04 06:00:00+00:00
[2026-05-02T20:22:14.107+0000] {processor.py:183} INFO - Processing /opt/airflow/dags/f1_pipeline_dag.py took 0.104 seconds
[2026-05-02T20:22:44.480+0000] {processor.py:161} INFO - Started process (PID=2966) to work on /opt/airflow/dags/f1_pipeline_dag.py
[2026-05-02T20:22:44.486+0000] {processor.py:830} INFO - Processing file /opt/airflow/dags/f1_pipeline_dag.py for tasks to queue
[2026-05-02T20:22:44.489+0000] {logging_mixin.py:188} INFO - [2026-05-02T20:22:44.488+0000] {dagbag.py:538} INFO - Filling up the DagBag from /opt/airflow/dags/f1_pipeline_dag.py
[2026-05-02T20:22:44.504+0000] {processor.py:840} INFO - DAG(s) 'f1_bigdata_pipeline' retrieved from /opt/airflow/dags/f1_pipeline_dag.py
[2026-05-02T20:22:44.532+0000] {logging_mixin.py:188} INFO - [2026-05-02T20:22:44.532+0000] {dag.py:3036} INFO - Sync 1 DAGs
[2026-05-02T20:22:44.553+0000] {logging_mixin.py:188} INFO - [2026-05-02T20:22:44.553+0000] {dag.py:3823} INFO - Setting next_dagrun for f1_bigdata_pipeline to 2026-04-27 06:00:00+00:00, run_after=2026-05-04 06:00:00+00:00
[2026-05-02T20:22:44.565+0000] {processor.py:183} INFO - Processing /opt/airflow/dags/f1_pipeline_dag.py took 0.091 seconds
[2026-05-02T20:23:14.825+0000] {processor.py:161} INFO - Started process (PID=2971) to work on /opt/airflow/dags/f1_pipeline_dag.py
[2026-05-02T20:23:14.827+0000] {processor.py:830} INFO - Processing file /opt/airflow/dags/f1_pipeline_dag.py for tasks to queue
[2026-05-02T20:23:14.828+0000] {logging_mixin.py:188} INFO - [2026-05-02T20:23:14.828+0000] {dagbag.py:538} INFO - Filling up the DagBag from /opt/airflow/dags/f1_pipeline_dag.py
[2026-05-02T20:23:14.846+0000] {processor.py:840} INFO - DAG(s) 'f1_bigdata_pipeline' retrieved from /opt/airflow/dags/f1_pipeline_dag.py
[2026-05-02T20:23:14.869+0000] {logging_mixin.py:188} INFO - [2026-05-02T20:23:14.869+0000] {dag.py:3036} INFO - Sync 1 DAGs
[2026-05-02T20:23:14.885+0000] {logging_mixin.py:188} INFO - [2026-05-02T20:23:14.885+0000] {dag.py:3823} INFO - Setting next_dagrun for f1_bigdata_pipeline to 2026-04-27 06:00:00+00:00, run_after=2026-05-04 06:00:00+00:00
[2026-05-02T20:23:14.895+0000] {processor.py:183} INFO - Processing /opt/airflow/dags/f1_pipeline_dag.py took 0.078 seconds
[2026-05-02T20:23:45.258+0000] {processor.py:161} INFO - Started process (PID=2976) to work on /opt/airflow/dags/f1_pipeline_dag.py
[2026-05-02T20:23:45.261+0000] {processor.py:830} INFO - Processing file /opt/airflow/dags/f1_pipeline_dag.py for tasks to queue
[2026-05-02T20:23:45.263+0000] {logging_mixin.py:188} INFO - [2026-05-02T20:23:45.262+0000] {dagbag.py:538} INFO - Filling up the DagBag from /opt/airflow/dags/f1_pipeline_dag.py
[2026-05-02T20:23:45.284+0000] {processor.py:840} INFO - DAG(s) 'f1_bigdata_pipeline' retrieved from /opt/airflow/dags/f1_pipeline_dag.py
[2026-05-02T20:23:45.311+0000] {logging_mixin.py:188} INFO - [2026-05-02T20:23:45.311+0000] {dag.py:3036} INFO - Sync 1 DAGs
[2026-05-02T20:23:45.338+0000] {logging_mixin.py:188} INFO - [2026-05-02T20:23:45.338+0000] {dag.py:3823} INFO - Setting next_dagrun for f1_bigdata_pipeline to 2026-04-27 06:00:00+00:00, run_after=2026-05-04 06:00:00+00:00
[2026-05-02T20:23:45.347+0000] {processor.py:183} INFO - Processing /opt/airflow/dags/f1_pipeline_dag.py took 0.104 seconds
[2026-05-02T20:24:15.624+0000] {processor.py:161} INFO - Started process (PID=2981) to work on /opt/airflow/dags/f1_pipeline_dag.py
[2026-05-02T20:24:15.625+0000] {processor.py:830} INFO - Processing file /opt/airflow/dags/f1_pipeline_dag.py for tasks to queue
[2026-05-02T20:24:15.627+0000] {logging_mixin.py:188} INFO - [2026-05-02T20:24:15.626+0000] {dagbag.py:538} INFO - Filling up the DagBag from /opt/airflow/dags/f1_pipeline_dag.py
[2026-05-02T20:24:15.646+0000] {processor.py:840} INFO - DAG(s) 'f1_bigdata_pipeline' retrieved from /opt/airflow/dags/f1_pipeline_dag.py
[2026-05-02T20:24:15.669+0000] {logging_mixin.py:188} INFO - [2026-05-02T20:24:15.669+0000] {dag.py:3036} INFO - Sync 1 DAGs
[2026-05-02T20:24:15.685+0000] {logging_mixin.py:188} INFO - [2026-05-02T20:24:15.685+0000] {dag.py:3823} INFO - Setting next_dagrun for f1_bigdata_pipeline to 2026-04-27 06:00:00+00:00, run_after=2026-05-04 06:00:00+00:00
[2026-05-02T20:24:15.694+0000] {processor.py:183} INFO - Processing /opt/airflow/dags/f1_pipeline_dag.py took 0.076 seconds
[2026-05-02T20:24:46.049+0000] {processor.py:161} INFO - Started process (PID=2986) to work on /opt/airflow/dags/f1_pipeline_dag.py
[2026-05-02T20:24:46.051+0000] {processor.py:830} INFO - Processing file /opt/airflow/dags/f1_pipeline_dag.py for tasks to queue
[2026-05-02T20:24:46.053+0000] {logging_mixin.py:188} INFO - [2026-05-02T20:24:46.052+0000] {dagbag.py:538} INFO - Filling up the DagBag from /opt/airflow/dags/f1_pipeline_dag.py
[2026-05-02T20:24:46.079+0000] {processor.py:840} INFO - DAG(s) 'f1_bigdata_pipeline' retrieved from /opt/airflow/dags/f1_pipeline_dag.py
[2026-05-02T20:24:46.120+0000] {logging_mixin.py:188} INFO - [2026-05-02T20:24:46.119+0000] {dag.py:3036} INFO - Sync 1 DAGs
[2026-05-02T20:24:46.139+0000] {logging_mixin.py:188} INFO - [2026-05-02T20:24:46.139+0000] {dag.py:3823} INFO - Setting next_dagrun for f1_bigdata_pipeline to 2026-04-27 06:00:00+00:00, run_after=2026-05-04 06:00:00+00:00
[2026-05-02T20:24:46.150+0000] {processor.py:183} INFO - Processing /opt/airflow/dags/f1_pipeline_dag.py took 0.110 seconds
[2026-05-02T20:25:16.408+0000] {processor.py:161} INFO - Started process (PID=2991) to work on /opt/airflow/dags/f1_pipeline_dag.py
[2026-05-02T20:25:16.442+0000] {processor.py:830} INFO - Processing file /opt/airflow/dags/f1_pipeline_dag.py for tasks to queue
[2026-05-02T20:25:16.479+0000] {logging_mixin.py:188} INFO - [2026-05-02T20:25:16.467+0000] {dagbag.py:538} INFO - Filling up the DagBag from /opt/airflow/dags/f1_pipeline_dag.py
[2026-05-02T20:25:16.524+0000] {processor.py:840} INFO - DAG(s) 'f1_bigdata_pipeline' retrieved from /opt/airflow/dags/f1_pipeline_dag.py
[2026-05-02T20:25:16.556+0000] {logging_mixin.py:188} INFO - [2026-05-02T20:25:16.556+0000] {dag.py:3036} INFO - Sync 1 DAGs
[2026-05-02T20:25:16.573+0000] {logging_mixin.py:188} INFO - [2026-05-02T20:25:16.573+0000] {dag.py:3823} INFO - Setting next_dagrun for f1_bigdata_pipeline to 2026-04-27 06:00:00+00:00, run_after=2026-05-04 06:00:00+00:00
[2026-05-02T20:25:16.590+0000] {processor.py:183} INFO - Processing /opt/airflow/dags/f1_pipeline_dag.py took 0.189 seconds
[2026-05-02T20:25:46.949+0000] {processor.py:161} INFO - Started process (PID=2996) to work on /opt/airflow/dags/f1_pipeline_dag.py
[2026-05-02T20:25:46.951+0000] {processor.py:830} INFO - Processing file /opt/airflow/dags/f1_pipeline_dag.py for tasks to queue
[2026-05-02T20:25:46.953+0000] {logging_mixin.py:188} INFO - [2026-05-02T20:25:46.952+0000] {dagbag.py:538} INFO - Filling up the DagBag from /opt/airflow/dags/f1_pipeline_dag.py
[2026-05-02T20:25:46.978+0000] {processor.py:840} INFO - DAG(s) 'f1_bigdata_pipeline' retrieved from /opt/airflow/dags/f1_pipeline_dag.py
[2026-05-02T20:25:47.024+0000] {logging_mixin.py:188} INFO - [2026-05-02T20:25:47.024+0000] {dag.py:3036} INFO - Sync 1 DAGs
[2026-05-02T20:25:47.042+0000] {logging_mixin.py:188} INFO - [2026-05-02T20:25:47.042+0000] {dag.py:3823} INFO - Setting next_dagrun for f1_bigdata_pipeline to 2026-04-27 06:00:00+00:00, run_after=2026-05-04 06:00:00+00:00
[2026-05-02T20:25:47.057+0000] {processor.py:183} INFO - Processing /opt/airflow/dags/f1_pipeline_dag.py took 0.113 seconds
[2026-05-02T20:26:17.359+0000] {processor.py:161} INFO - Started process (PID=3001) to work on /opt/airflow/dags/f1_pipeline_dag.py
[2026-05-02T20:26:17.362+0000] {processor.py:830} INFO - Processing file /opt/airflow/dags/f1_pipeline_dag.py for tasks to queue
[2026-05-02T20:26:17.363+0000] {logging_mixin.py:188} INFO - [2026-05-02T20:26:17.363+0000] {dagbag.py:538} INFO - Filling up the DagBag from /opt/airflow/dags/f1_pipeline_dag.py
[2026-05-02T20:26:17.381+0000] {processor.py:840} INFO - DAG(s) 'f1_bigdata_pipeline' retrieved from /opt/airflow/dags/f1_pipeline_dag.py
[2026-05-02T20:26:17.424+0000] {logging_mixin.py:188} INFO - [2026-05-02T20:26:17.424+0000] {dag.py:3036} INFO - Sync 1 DAGs
[2026-05-02T20:26:17.444+0000] {logging_mixin.py:188} INFO - [2026-05-02T20:26:17.444+0000] {dag.py:3823} INFO - Setting next_dagrun for f1_bigdata_pipeline to 2026-04-27 06:00:00+00:00, run_after=2026-05-04 06:00:00+00:00
[2026-05-02T20:26:17.461+0000] {processor.py:183} INFO - Processing /opt/airflow/dags/f1_pipeline_dag.py took 0.109 seconds
[2026-05-02T20:26:47.783+0000] {processor.py:161} INFO - Started process (PID=3006) to work on /opt/airflow/dags/f1_pipeline_dag.py
[2026-05-02T20:26:47.787+0000] {processor.py:830} INFO - Processing file /opt/airflow/dags/f1_pipeline_dag.py for tasks to queue
[2026-05-02T20:26:47.788+0000] {logging_mixin.py:188} INFO - [2026-05-02T20:26:47.788+0000] {dagbag.py:538} INFO - Filling up the DagBag from /opt/airflow/dags/f1_pipeline_dag.py
[2026-05-02T20:26:47.813+0000] {processor.py:840} INFO - DAG(s) 'f1_bigdata_pipeline' retrieved from /opt/airflow/dags/f1_pipeline_dag.py
[2026-05-02T20:26:47.857+0000] {logging_mixin.py:188} INFO - [2026-05-02T20:26:47.857+0000] {dag.py:3036} INFO - Sync 1 DAGs
[2026-05-02T20:26:47.874+0000] {logging_mixin.py:188} INFO - [2026-05-02T20:26:47.874+0000] {dag.py:3823} INFO - Setting next_dagrun for f1_bigdata_pipeline to 2026-04-27 06:00:00+00:00, run_after=2026-05-04 06:00:00+00:00
[2026-05-02T20:26:47.885+0000] {processor.py:183} INFO - Processing /opt/airflow/dags/f1_pipeline_dag.py took 0.109 seconds
[2026-05-02T20:27:18.163+0000] {processor.py:161} INFO - Started process (PID=3011) to work on /opt/airflow/dags/f1_pipeline_dag.py
[2026-05-02T20:27:18.165+0000] {processor.py:830} INFO - Processing file /opt/airflow/dags/f1_pipeline_dag.py for tasks to queue
[2026-05-02T20:27:18.166+0000] {logging_mixin.py:188} INFO - [2026-05-02T20:27:18.165+0000] {dagbag.py:538} INFO - Filling up the DagBag from /opt/airflow/dags/f1_pipeline_dag.py
[2026-05-02T20:27:18.180+0000] {processor.py:840} INFO - DAG(s) 'f1_bigdata_pipeline' retrieved from /opt/airflow/dags/f1_pipeline_dag.py
[2026-05-02T20:27:18.208+0000] {logging_mixin.py:188} INFO - [2026-05-02T20:27:18.208+0000] {dag.py:3036} INFO - Sync 1 DAGs
[2026-05-02T20:27:18.245+0000] {logging_mixin.py:188} INFO - [2026-05-02T20:27:18.244+0000] {dag.py:3823} INFO - Setting next_dagrun for f1_bigdata_pipeline to 2026-04-27 06:00:00+00:00, run_after=2026-05-04 06:00:00+00:00
[2026-05-02T20:27:18.255+0000] {processor.py:183} INFO - Processing /opt/airflow/dags/f1_pipeline_dag.py took 0.096 seconds
[2026-05-02T20:27:48.522+0000] {processor.py:161} INFO - Started process (PID=3016) to work on /opt/airflow/dags/f1_pipeline_dag.py
[2026-05-02T20:27:48.524+0000] {processor.py:830} INFO - Processing file /opt/airflow/dags/f1_pipeline_dag.py for tasks to queue
[2026-05-02T20:27:48.525+0000] {logging_mixin.py:188} INFO - [2026-05-02T20:27:48.524+0000] {dagbag.py:538} INFO - Filling up the DagBag from /opt/airflow/dags/f1_pipeline_dag.py
[2026-05-02T20:27:48.537+0000] {processor.py:840} INFO - DAG(s) 'f1_bigdata_pipeline' retrieved from /opt/airflow/dags/f1_pipeline_dag.py
[2026-05-02T20:27:48.581+0000] {logging_mixin.py:188} INFO - [2026-05-02T20:27:48.581+0000] {dag.py:3036} INFO - Sync 1 DAGs
[2026-05-02T20:27:48.600+0000] {logging_mixin.py:188} INFO - [2026-05-02T20:27:48.600+0000] {dag.py:3823} INFO - Setting next_dagrun for f1_bigdata_pipeline to 2026-04-27 06:00:00+00:00, run_after=2026-05-04 06:00:00+00:00
[2026-05-02T20:27:48.609+0000] {processor.py:183} INFO - Processing /opt/airflow/dags/f1_pipeline_dag.py took 0.091 seconds
[2026-05-02T20:28:18.870+0000] {processor.py:161} INFO - Started process (PID=3021) to work on /opt/airflow/dags/f1_pipeline_dag.py
[2026-05-02T20:28:18.878+0000] {processor.py:830} INFO - Processing file /opt/airflow/dags/f1_pipeline_dag.py for tasks to queue
[2026-05-02T20:28:18.881+0000] {logging_mixin.py:188} INFO - [2026-05-02T20:28:18.880+0000] {dagbag.py:538} INFO - Filling up the DagBag from /opt/airflow/dags/f1_pipeline_dag.py
[2026-05-02T20:28:18.901+0000] {processor.py:840} INFO - DAG(s) 'f1_bigdata_pipeline' retrieved from /opt/airflow/dags/f1_pipeline_dag.py
[2026-05-02T20:28:18.932+0000] {logging_mixin.py:188} INFO - [2026-05-02T20:28:18.931+0000] {dag.py:3036} INFO - Sync 1 DAGs
[2026-05-02T20:28:18.953+0000] {logging_mixin.py:188} INFO - [2026-05-02T20:28:18.953+0000] {dag.py:3823} INFO - Setting next_dagrun for f1_bigdata_pipeline to 2026-04-27 06:00:00+00:00, run_after=2026-05-04 06:00:00+00:00
[2026-05-02T20:28:18.975+0000] {processor.py:183} INFO - Processing /opt/airflow/dags/f1_pipeline_dag.py took 0.122 seconds
[2026-05-02T20:28:49.301+0000] {processor.py:161} INFO - Started process (PID=3026) to work on /opt/airflow/dags/f1_pipeline_dag.py
[2026-05-02T20:28:49.303+0000] {processor.py:830} INFO - Processing file /opt/airflow/dags/f1_pipeline_dag.py for tasks to queue
[2026-05-02T20:28:49.305+0000] {logging_mixin.py:188} INFO - [2026-05-02T20:28:49.304+0000] {dagbag.py:538} INFO - Filling up the DagBag from /opt/airflow/dags/f1_pipeline_dag.py
[2026-05-02T20:28:49.341+0000] {processor.py:840} INFO - DAG(s) 'f1_bigdata_pipeline' retrieved from /opt/airflow/dags/f1_pipeline_dag.py
[2026-05-02T20:28:49.374+0000] {logging_mixin.py:188} INFO - [2026-05-02T20:28:49.373+0000] {dag.py:3036} INFO - Sync 1 DAGs
[2026-05-02T20:28:49.400+0000] {logging_mixin.py:188} INFO - [2026-05-02T20:28:49.399+0000] {dag.py:3823} INFO - Setting next_dagrun for f1_bigdata_pipeline to 2026-04-27 06:00:00+00:00, run_after=2026-05-04 06:00:00+00:00
[2026-05-02T20:28:49.417+0000] {processor.py:183} INFO - Processing /opt/airflow/dags/f1_pipeline_dag.py took 0.120 seconds
[2026-05-02T20:29:19.737+0000] {processor.py:161} INFO - Started process (PID=3031) to work on /opt/airflow/dags/f1_pipeline_dag.py
[2026-05-02T20:29:19.740+0000] {processor.py:830} INFO - Processing file /opt/airflow/dags/f1_pipeline_dag.py for tasks to queue
[2026-05-02T20:29:19.742+0000] {logging_mixin.py:188} INFO - [2026-05-02T20:29:19.741+0000] {dagbag.py:538} INFO - Filling up the DagBag from /opt/airflow/dags/f1_pipeline_dag.py
[2026-05-02T20:29:19.764+0000] {processor.py:840} INFO - DAG(s) 'f1_bigdata_pipeline' retrieved from /opt/airflow/dags/f1_pipeline_dag.py
[2026-05-02T20:29:19.812+0000] {logging_mixin.py:188} INFO - [2026-05-02T20:29:19.812+0000] {dag.py:3036} INFO - Sync 1 DAGs
[2026-05-02T20:29:19.831+0000] {logging_mixin.py:188} INFO - [2026-05-02T20:29:19.831+0000] {dag.py:3823} INFO - Setting next_dagrun for f1_bigdata_pipeline to 2026-04-27 06:00:00+00:00, run_after=2026-05-04 06:00:00+00:00
[2026-05-02T20:29:19.850+0000] {processor.py:183} INFO - Processing /opt/airflow/dags/f1_pipeline_dag.py took 0.138 seconds
[2026-05-02T20:29:50.112+0000] {processor.py:161} INFO - Started process (PID=3036) to work on /opt/airflow/dags/f1_pipeline_dag.py
[2026-05-02T20:29:50.121+0000] {processor.py:830} INFO - Processing file /opt/airflow/dags/f1_pipeline_dag.py for tasks to queue
[2026-05-02T20:29:50.123+0000] {logging_mixin.py:188} INFO - [2026-05-02T20:29:50.122+0000] {dagbag.py:538} INFO - Filling up the DagBag from /opt/airflow/dags/f1_pipeline_dag.py
[2026-05-02T20:29:50.144+0000] {processor.py:840} INFO - DAG(s) 'f1_bigdata_pipeline' retrieved from /opt/airflow/dags/f1_pipeline_dag.py
[2026-05-02T20:29:50.182+0000] {logging_mixin.py:188} INFO - [2026-05-02T20:29:50.181+0000] {dag.py:3036} INFO - Sync 1 DAGs
[2026-05-02T20:29:50.206+0000] {logging_mixin.py:188} INFO - [2026-05-02T20:29:50.205+0000] {dag.py:3823} INFO - Setting next_dagrun for f1_bigdata_pipeline to 2026-04-27 06:00:00+00:00, run_after=2026-05-04 06:00:00+00:00
[2026-05-02T20:29:50.217+0000] {processor.py:183} INFO - Processing /opt/airflow/dags/f1_pipeline_dag.py took 0.110 seconds
[2026-05-02T20:30:20.469+0000] {processor.py:161} INFO - Started process (PID=3041) to work on /opt/airflow/dags/f1_pipeline_dag.py
[2026-05-02T20:30:20.471+0000] {processor.py:830} INFO - Processing file /opt/airflow/dags/f1_pipeline_dag.py for tasks to queue
[2026-05-02T20:30:20.474+0000] {logging_mixin.py:188} INFO - [2026-05-02T20:30:20.472+0000] {dagbag.py:538} INFO - Filling up the DagBag from /opt/airflow/dags/f1_pipeline_dag.py
[2026-05-02T20:30:20.516+0000] {processor.py:840} INFO - DAG(s) 'f1_bigdata_pipeline' retrieved from /opt/airflow/dags/f1_pipeline_dag.py
[2026-05-02T20:30:20.545+0000] {logging_mixin.py:188} INFO - [2026-05-02T20:30:20.544+0000] {dag.py:3036} INFO - Sync 1 DAGs
[2026-05-02T20:30:20.576+0000] {logging_mixin.py:188} INFO - [2026-05-02T20:30:20.576+0000] {dag.py:3823} INFO - Setting next_dagrun for f1_bigdata_pipeline to 2026-04-27 06:00:00+00:00, run_after=2026-05-04 06:00:00+00:00
[2026-05-02T20:30:20.586+0000] {processor.py:183} INFO - Processing /opt/airflow/dags/f1_pipeline_dag.py took 0.123 seconds
[2026-05-02T20:30:50.893+0000] {processor.py:161} INFO - Started process (PID=3046) to work on /opt/airflow/dags/f1_pipeline_dag.py
[2026-05-02T20:30:50.895+0000] {processor.py:830} INFO - Processing file /opt/airflow/dags/f1_pipeline_dag.py for tasks to queue
[2026-05-02T20:30:50.896+0000] {logging_mixin.py:188} INFO - [2026-05-02T20:30:50.895+0000] {dagbag.py:538} INFO - Filling up the DagBag from /opt/airflow/dags/f1_pipeline_dag.py
[2026-05-02T20:30:50.914+0000] {processor.py:840} INFO - DAG(s) 'f1_bigdata_pipeline' retrieved from /opt/airflow/dags/f1_pipeline_dag.py
[2026-05-02T20:30:50.959+0000] {logging_mixin.py:188} INFO - [2026-05-02T20:30:50.959+0000] {dag.py:3036} INFO - Sync 1 DAGs
[2026-05-02T20:30:50.977+0000] {logging_mixin.py:188} INFO - [2026-05-02T20:30:50.977+0000] {dag.py:3823} INFO - Setting next_dagrun for f1_bigdata_pipeline to 2026-04-27 06:00:00+00:00, run_after=2026-05-04 06:00:00+00:00
[2026-05-02T20:30:50.987+0000] {processor.py:183} INFO - Processing /opt/airflow/dags/f1_pipeline_dag.py took 0.099 seconds
[2026-05-02T20:31:21.300+0000] {processor.py:161} INFO - Started process (PID=3051) to work on /opt/airflow/dags/f1_pipeline_dag.py
[2026-05-02T20:31:21.302+0000] {processor.py:830} INFO - Processing file /opt/airflow/dags/f1_pipeline_dag.py for tasks to queue
[2026-05-02T20:31:21.304+0000] {logging_mixin.py:188} INFO - [2026-05-02T20:31:21.303+0000] {dagbag.py:538} INFO - Filling up the DagBag from /opt/airflow/dags/f1_pipeline_dag.py
[2026-05-02T20:31:21.326+0000] {processor.py:840} INFO - DAG(s) 'f1_bigdata_pipeline' retrieved from /opt/airflow/dags/f1_pipeline_dag.py
[2026-05-02T20:31:21.366+0000] {logging_mixin.py:188} INFO - [2026-05-02T20:31:21.366+0000] {dag.py:3036} INFO - Sync 1 DAGs
[2026-05-02T20:31:21.393+0000] {logging_mixin.py:188} INFO - [2026-05-02T20:31:21.393+0000] {dag.py:3823} INFO - Setting next_dagrun for f1_bigdata_pipeline to 2026-04-27 06:00:00+00:00, run_after=2026-05-04 06:00:00+00:00
[2026-05-02T20:31:21.404+0000] {processor.py:183} INFO - Processing /opt/airflow/dags/f1_pipeline_dag.py took 0.109 seconds
[2026-05-02T20:31:51.689+0000] {processor.py:161} INFO - Started process (PID=3056) to work on /opt/airflow/dags/f1_pipeline_dag.py
[2026-05-02T20:31:51.691+0000] {processor.py:830} INFO - Processing file /opt/airflow/dags/f1_pipeline_dag.py for tasks to queue
[2026-05-02T20:31:51.692+0000] {logging_mixin.py:188} INFO - [2026-05-02T20:31:51.692+0000] {dagbag.py:538} INFO - Filling up the DagBag from /opt/airflow/dags/f1_pipeline_dag.py
[2026-05-02T20:31:51.711+0000] {processor.py:840} INFO - DAG(s) 'f1_bigdata_pipeline' retrieved from /opt/airflow/dags/f1_pipeline_dag.py
[2026-05-02T20:31:51.740+0000] {logging_mixin.py:188} INFO - [2026-05-02T20:31:51.740+0000] {dag.py:3036} INFO - Sync 1 DAGs
[2026-05-02T20:31:51.756+0000] {logging_mixin.py:188} INFO - [2026-05-02T20:31:51.756+0000] {dag.py:3823} INFO - Setting next_dagrun for f1_bigdata_pipeline to 2026-04-27 06:00:00+00:00, run_after=2026-05-04 06:00:00+00:00
[2026-05-02T20:31:51.781+0000] {processor.py:183} INFO - Processing /opt/airflow/dags/f1_pipeline_dag.py took 0.097 seconds
[2026-05-02T20:32:21.990+0000] {processor.py:161} INFO - Started process (PID=3061) to work on /opt/airflow/dags/f1_pipeline_dag.py
[2026-05-02T20:32:21.991+0000] {processor.py:830} INFO - Processing file /opt/airflow/dags/f1_pipeline_dag.py for tasks to queue
[2026-05-02T20:32:21.992+0000] {logging_mixin.py:188} INFO - [2026-05-02T20:32:21.991+0000] {dagbag.py:538} INFO - Filling up the DagBag from /opt/airflow/dags/f1_pipeline_dag.py
[2026-05-02T20:32:22.010+0000] {processor.py:840} INFO - DAG(s) 'f1_bigdata_pipeline' retrieved from /opt/airflow/dags/f1_pipeline_dag.py
[2026-05-02T20:32:22.040+0000] {logging_mixin.py:188} INFO - [2026-05-02T20:32:22.040+0000] {dag.py:3036} INFO - Sync 1 DAGs
[2026-05-02T20:32:22.077+0000] {logging_mixin.py:188} INFO - [2026-05-02T20:32:22.077+0000] {dag.py:3823} INFO - Setting next_dagrun for f1_bigdata_pipeline to 2026-04-27 06:00:00+00:00, run_after=2026-05-04 06:00:00+00:00
[2026-05-02T20:32:22.088+0000] {processor.py:183} INFO - Processing /opt/airflow/dags/f1_pipeline_dag.py took 0.102 seconds
[2026-05-02T20:32:52.449+0000] {processor.py:161} INFO - Started process (PID=3066) to work on /opt/airflow/dags/f1_pipeline_dag.py
[2026-05-02T20:32:52.451+0000] {processor.py:830} INFO - Processing file /opt/airflow/dags/f1_pipeline_dag.py for tasks to queue
[2026-05-02T20:32:52.452+0000] {logging_mixin.py:188} INFO - [2026-05-02T20:32:52.452+0000] {dagbag.py:538} INFO - Filling up the DagBag from /opt/airflow/dags/f1_pipeline_dag.py
[2026-05-02T20:32:52.492+0000] {processor.py:840} INFO - DAG(s) 'f1_bigdata_pipeline' retrieved from /opt/airflow/dags/f1_pipeline_dag.py
[2026-05-02T20:32:52.522+0000] {logging_mixin.py:188} INFO - [2026-05-02T20:32:52.522+0000] {dag.py:3036} INFO - Sync 1 DAGs
[2026-05-02T20:32:52.538+0000] {logging_mixin.py:188} INFO - [2026-05-02T20:32:52.538+0000] {dag.py:3823} INFO - Setting next_dagrun for f1_bigdata_pipeline to 2026-04-27 06:00:00+00:00, run_after=2026-05-04 06:00:00+00:00
[2026-05-02T20:32:52.549+0000] {processor.py:183} INFO - Processing /opt/airflow/dags/f1_pipeline_dag.py took 0.105 seconds
[2026-05-02T20:33:22.866+0000] {processor.py:161} INFO - Started process (PID=3071) to work on /opt/airflow/dags/f1_pipeline_dag.py
[2026-05-02T20:33:22.869+0000] {processor.py:830} INFO - Processing file /opt/airflow/dags/f1_pipeline_dag.py for tasks to queue
[2026-05-02T20:33:22.870+0000] {logging_mixin.py:188} INFO - [2026-05-02T20:33:22.869+0000] {dagbag.py:538} INFO - Filling up the DagBag from /opt/airflow/dags/f1_pipeline_dag.py
[2026-05-02T20:33:22.889+0000] {processor.py:840} INFO - DAG(s) 'f1_bigdata_pipeline' retrieved from /opt/airflow/dags/f1_pipeline_dag.py
[2026-05-02T20:33:22.927+0000] {logging_mixin.py:188} INFO - [2026-05-02T20:33:22.927+0000] {dag.py:3036} INFO - Sync 1 DAGs
[2026-05-02T20:33:22.957+0000] {logging_mixin.py:188} INFO - [2026-05-02T20:33:22.956+0000] {dag.py:3823} INFO - Setting next_dagrun for f1_bigdata_pipeline to 2026-04-27 06:00:00+00:00, run_after=2026-05-04 06:00:00+00:00
[2026-05-02T20:33:22.967+0000] {processor.py:183} INFO - Processing /opt/airflow/dags/f1_pipeline_dag.py took 0.107 seconds
[2026-05-02T20:33:53.235+0000] {processor.py:161} INFO - Started process (PID=3076) to work on /opt/airflow/dags/f1_pipeline_dag.py
[2026-05-02T20:33:53.243+0000] {processor.py:830} INFO - Processing file /opt/airflow/dags/f1_pipeline_dag.py for tasks to queue
[2026-05-02T20:33:53.245+0000] {logging_mixin.py:188} INFO - [2026-05-02T20:33:53.245+0000] {dagbag.py:538} INFO - Filling up the DagBag from /opt/airflow/dags/f1_pipeline_dag.py
[2026-05-02T20:33:53.262+0000] {processor.py:840} INFO - DAG(s) 'f1_bigdata_pipeline' retrieved from /opt/airflow/dags/f1_pipeline_dag.py
[2026-05-02T20:33:53.292+0000] {logging_mixin.py:188} INFO - [2026-05-02T20:33:53.292+0000] {dag.py:3036} INFO - Sync 1 DAGs
[2026-05-02T20:33:53.330+0000] {logging_mixin.py:188} INFO - [2026-05-02T20:33:53.330+0000] {dag.py:3823} INFO - Setting next_dagrun for f1_bigdata_pipeline to 2026-04-27 06:00:00+00:00, run_after=2026-05-04 06:00:00+00:00
[2026-05-02T20:33:53.342+0000] {processor.py:183} INFO - Processing /opt/airflow/dags/f1_pipeline_dag.py took 0.118 seconds
[2026-05-02T20:34:23.688+0000] {processor.py:161} INFO - Started process (PID=3081) to work on /opt/airflow/dags/f1_pipeline_dag.py
[2026-05-02T20:34:23.690+0000] {processor.py:830} INFO - Processing file /opt/airflow/dags/f1_pipeline_dag.py for tasks to queue
[2026-05-02T20:34:23.691+0000] {logging_mixin.py:188} INFO - [2026-05-02T20:34:23.690+0000] {dagbag.py:538} INFO - Filling up the DagBag from /opt/airflow/dags/f1_pipeline_dag.py
[2026-05-02T20:34:23.709+0000] {processor.py:840} INFO - DAG(s) 'f1_bigdata_pipeline' retrieved from /opt/airflow/dags/f1_pipeline_dag.py
[2026-05-02T20:34:23.757+0000] {logging_mixin.py:188} INFO - [2026-05-02T20:34:23.757+0000] {dag.py:3036} INFO - Sync 1 DAGs
[2026-05-02T20:34:23.775+0000] {logging_mixin.py:188} INFO - [2026-05-02T20:34:23.775+0000] {dag.py:3823} INFO - Setting next_dagrun for f1_bigdata_pipeline to 2026-04-27 06:00:00+00:00, run_after=2026-05-04 06:00:00+00:00
[2026-05-02T20:34:23.789+0000] {processor.py:183} INFO - Processing /opt/airflow/dags/f1_pipeline_dag.py took 0.105 seconds
[2026-05-02T20:34:54.084+0000] {processor.py:161} INFO - Started process (PID=3086) to work on /opt/airflow/dags/f1_pipeline_dag.py
[2026-05-02T20:34:54.087+0000] {processor.py:830} INFO - Processing file /opt/airflow/dags/f1_pipeline_dag.py for tasks to queue
[2026-05-02T20:34:54.088+0000] {logging_mixin.py:188} INFO - [2026-05-02T20:34:54.087+0000] {dagbag.py:538} INFO - Filling up the DagBag from /opt/airflow/dags/f1_pipeline_dag.py
[2026-05-02T20:34:54.108+0000] {processor.py:840} INFO - DAG(s) 'f1_bigdata_pipeline' retrieved from /opt/airflow/dags/f1_pipeline_dag.py
[2026-05-02T20:34:54.158+0000] {logging_mixin.py:188} INFO - [2026-05-02T20:34:54.158+0000] {dag.py:3036} INFO - Sync 1 DAGs
[2026-05-02T20:34:54.175+0000] {logging_mixin.py:188} INFO - [2026-05-02T20:34:54.175+0000] {dag.py:3823} INFO - Setting next_dagrun for f1_bigdata_pipeline to 2026-04-27 06:00:00+00:00, run_after=2026-05-04 06:00:00+00:00
[2026-05-02T20:34:54.185+0000] {processor.py:183} INFO - Processing /opt/airflow/dags/f1_pipeline_dag.py took 0.108 seconds
[2026-05-02T20:35:24.700+0000] {processor.py:161} INFO - Started process (PID=3091) to work on /opt/airflow/dags/f1_pipeline_dag.py
[2026-05-02T20:35:24.712+0000] {processor.py:830} INFO - Processing file /opt/airflow/dags/f1_pipeline_dag.py for tasks to queue
[2026-05-02T20:35:24.713+0000] {logging_mixin.py:188} INFO - [2026-05-02T20:35:24.712+0000] {dagbag.py:538} INFO - Filling up the DagBag from /opt/airflow/dags/f1_pipeline_dag.py
[2026-05-02T20:35:24.730+0000] {processor.py:840} INFO - DAG(s) 'f1_bigdata_pipeline' retrieved from /opt/airflow/dags/f1_pipeline_dag.py
[2026-05-02T20:35:24.770+0000] {logging_mixin.py:188} INFO - [2026-05-02T20:35:24.770+0000] {dag.py:3036} INFO - Sync 1 DAGs
[2026-05-02T20:35:24.788+0000] {logging_mixin.py:188} INFO - [2026-05-02T20:35:24.787+0000] {dag.py:3823} INFO - Setting next_dagrun for f1_bigdata_pipeline to 2026-04-27 06:00:00+00:00, run_after=2026-05-04 06:00:00+00:00
[2026-05-02T20:35:24.797+0000] {processor.py:183} INFO - Processing /opt/airflow/dags/f1_pipeline_dag.py took 0.119 seconds
[2026-05-02T20:35:55.042+0000] {processor.py:161} INFO - Started process (PID=3096) to work on /opt/airflow/dags/f1_pipeline_dag.py
[2026-05-02T20:35:55.044+0000] {processor.py:830} INFO - Processing file /opt/airflow/dags/f1_pipeline_dag.py for tasks to queue
[2026-05-02T20:35:55.045+0000] {logging_mixin.py:188} INFO - [2026-05-02T20:35:55.045+0000] {dagbag.py:538} INFO - Filling up the DagBag from /opt/airflow/dags/f1_pipeline_dag.py
[2026-05-02T20:35:55.076+0000] {processor.py:840} INFO - DAG(s) 'f1_bigdata_pipeline' retrieved from /opt/airflow/dags/f1_pipeline_dag.py
[2026-05-02T20:35:55.106+0000] {logging_mixin.py:188} INFO - [2026-05-02T20:35:55.106+0000] {dag.py:3036} INFO - Sync 1 DAGs
[2026-05-02T20:35:55.136+0000] {logging_mixin.py:188} INFO - [2026-05-02T20:35:55.135+0000] {dag.py:3823} INFO - Setting next_dagrun for f1_bigdata_pipeline to 2026-04-27 06:00:00+00:00, run_after=2026-05-04 06:00:00+00:00
[2026-05-02T20:35:55.146+0000] {processor.py:183} INFO - Processing /opt/airflow/dags/f1_pipeline_dag.py took 0.109 seconds
[2026-05-02T20:36:25.454+0000] {processor.py:161} INFO - Started process (PID=3101) to work on /opt/airflow/dags/f1_pipeline_dag.py
[2026-05-02T20:36:25.456+0000] {processor.py:830} INFO - Processing file /opt/airflow/dags/f1_pipeline_dag.py for tasks to queue
[2026-05-02T20:36:25.457+0000] {logging_mixin.py:188} INFO - [2026-05-02T20:36:25.457+0000] {dagbag.py:538} INFO - Filling up the DagBag from /opt/airflow/dags/f1_pipeline_dag.py
[2026-05-02T20:36:25.474+0000] {processor.py:840} INFO - DAG(s) 'f1_bigdata_pipeline' retrieved from /opt/airflow/dags/f1_pipeline_dag.py
[2026-05-02T20:36:25.513+0000] {logging_mixin.py:188} INFO - [2026-05-02T20:36:25.513+0000] {dag.py:3036} INFO - Sync 1 DAGs
[2026-05-02T20:36:25.529+0000] {logging_mixin.py:188} INFO - [2026-05-02T20:36:25.529+0000] {dag.py:3823} INFO - Setting next_dagrun for f1_bigdata_pipeline to 2026-04-27 06:00:00+00:00, run_after=2026-05-04 06:00:00+00:00
[2026-05-02T20:36:25.540+0000] {processor.py:183} INFO - Processing /opt/airflow/dags/f1_pipeline_dag.py took 0.101 seconds
[2026-05-02T20:36:55.863+0000] {processor.py:161} INFO - Started process (PID=3106) to work on /opt/airflow/dags/f1_pipeline_dag.py
[2026-05-02T20:36:55.865+0000] {processor.py:830} INFO - Processing file /opt/airflow/dags/f1_pipeline_dag.py for tasks to queue
[2026-05-02T20:36:55.867+0000] {logging_mixin.py:188} INFO - [2026-05-02T20:36:55.866+0000] {dagbag.py:538} INFO - Filling up the DagBag from /opt/airflow/dags/f1_pipeline_dag.py
[2026-05-02T20:36:55.904+0000] {processor.py:840} INFO - DAG(s) 'f1_bigdata_pipeline' retrieved from /opt/airflow/dags/f1_pipeline_dag.py
[2026-05-02T20:36:55.932+0000] {logging_mixin.py:188} INFO - [2026-05-02T20:36:55.932+0000] {dag.py:3036} INFO - Sync 1 DAGs
[2026-05-02T20:36:55.949+0000] {logging_mixin.py:188} INFO - [2026-05-02T20:36:55.949+0000] {dag.py:3823} INFO - Setting next_dagrun for f1_bigdata_pipeline to 2026-04-27 06:00:00+00:00, run_after=2026-05-04 06:00:00+00:00
[2026-05-02T20:36:55.960+0000] {processor.py:183} INFO - Processing /opt/airflow/dags/f1_pipeline_dag.py took 0.102 seconds
[2026-05-02T20:37:26.236+0000] {processor.py:161} INFO - Started process (PID=3111) to work on /opt/airflow/dags/f1_pipeline_dag.py
[2026-05-02T20:37:26.237+0000] {processor.py:830} INFO - Processing file /opt/airflow/dags/f1_pipeline_dag.py for tasks to queue
[2026-05-02T20:37:26.238+0000] {logging_mixin.py:188} INFO - [2026-05-02T20:37:26.238+0000] {dagbag.py:538} INFO - Filling up the DagBag from /opt/airflow/dags/f1_pipeline_dag.py
[2026-05-02T20:37:26.254+0000] {processor.py:840} INFO - DAG(s) 'f1_bigdata_pipeline' retrieved from /opt/airflow/dags/f1_pipeline_dag.py
[2026-05-02T20:37:26.292+0000] {logging_mixin.py:188} INFO - [2026-05-02T20:37:26.291+0000] {dag.py:3036} INFO - Sync 1 DAGs
[2026-05-02T20:37:26.310+0000] {logging_mixin.py:188} INFO - [2026-05-02T20:37:26.310+0000] {dag.py:3823} INFO - Setting next_dagrun for f1_bigdata_pipeline to 2026-04-27 06:00:00+00:00, run_after=2026-05-04 06:00:00+00:00
[2026-05-02T20:37:26.320+0000] {processor.py:183} INFO - Processing /opt/airflow/dags/f1_pipeline_dag.py took 0.088 seconds
[2026-05-02T20:37:56.623+0000] {processor.py:161} INFO - Started process (PID=3116) to work on /opt/airflow/dags/f1_pipeline_dag.py
[2026-05-02T20:37:56.625+0000] {processor.py:830} INFO - Processing file /opt/airflow/dags/f1_pipeline_dag.py for tasks to queue
[2026-05-02T20:37:56.626+0000] {logging_mixin.py:188} INFO - [2026-05-02T20:37:56.625+0000] {dagbag.py:538} INFO - Filling up the DagBag from /opt/airflow/dags/f1_pipeline_dag.py
[2026-05-02T20:37:56.642+0000] {processor.py:840} INFO - DAG(s) 'f1_bigdata_pipeline' retrieved from /opt/airflow/dags/f1_pipeline_dag.py
[2026-05-02T20:37:56.689+0000] {logging_mixin.py:188} INFO - [2026-05-02T20:37:56.689+0000] {dag.py:3036} INFO - Sync 1 DAGs
[2026-05-02T20:37:56.705+0000] {logging_mixin.py:188} INFO - [2026-05-02T20:37:56.705+0000] {dag.py:3823} INFO - Setting next_dagrun for f1_bigdata_pipeline to 2026-04-27 06:00:00+00:00, run_after=2026-05-04 06:00:00+00:00
[2026-05-02T20:37:56.716+0000] {processor.py:183} INFO - Processing /opt/airflow/dags/f1_pipeline_dag.py took 0.098 seconds
[2026-05-02T20:38:26.934+0000] {processor.py:161} INFO - Started process (PID=3121) to work on /opt/airflow/dags/f1_pipeline_dag.py
[2026-05-02T20:38:26.937+0000] {processor.py:830} INFO - Processing file /opt/airflow/dags/f1_pipeline_dag.py for tasks to queue
[2026-05-02T20:38:26.938+0000] {logging_mixin.py:188} INFO - [2026-05-02T20:38:26.937+0000] {dagbag.py:538} INFO - Filling up the DagBag from /opt/airflow/dags/f1_pipeline_dag.py
[2026-05-02T20:38:26.971+0000] {processor.py:840} INFO - DAG(s) 'f1_bigdata_pipeline' retrieved from /opt/airflow/dags/f1_pipeline_dag.py
[2026-05-02T20:38:27.003+0000] {logging_mixin.py:188} INFO - [2026-05-02T20:38:27.003+0000] {dag.py:3036} INFO - Sync 1 DAGs
[2026-05-02T20:38:27.024+0000] {logging_mixin.py:188} INFO - [2026-05-02T20:38:27.024+0000] {dag.py:3823} INFO - Setting next_dagrun for f1_bigdata_pipeline to 2026-04-27 06:00:00+00:00, run_after=2026-05-04 06:00:00+00:00
[2026-05-02T20:38:27.031+0000] {processor.py:183} INFO - Processing /opt/airflow/dags/f1_pipeline_dag.py took 0.101 seconds
[2026-05-02T20:38:57.369+0000] {processor.py:161} INFO - Started process (PID=3126) to work on /opt/airflow/dags/f1_pipeline_dag.py
[2026-05-02T20:38:57.371+0000] {processor.py:830} INFO - Processing file /opt/airflow/dags/f1_pipeline_dag.py for tasks to queue
[2026-05-02T20:38:57.372+0000] {logging_mixin.py:188} INFO - [2026-05-02T20:38:57.372+0000] {dagbag.py:538} INFO - Filling up the DagBag from /opt/airflow/dags/f1_pipeline_dag.py
[2026-05-02T20:38:57.413+0000] {processor.py:840} INFO - DAG(s) 'f1_bigdata_pipeline' retrieved from /opt/airflow/dags/f1_pipeline_dag.py
[2026-05-02T20:38:57.439+0000] {logging_mixin.py:188} INFO - [2026-05-02T20:38:57.439+0000] {dag.py:3036} INFO - Sync 1 DAGs
[2026-05-02T20:38:57.455+0000] {logging_mixin.py:188} INFO - [2026-05-02T20:38:57.455+0000] {dag.py:3823} INFO - Setting next_dagrun for f1_bigdata_pipeline to 2026-04-27 06:00:00+00:00, run_after=2026-05-04 06:00:00+00:00
[2026-05-02T20:38:57.466+0000] {processor.py:183} INFO - Processing /opt/airflow/dags/f1_pipeline_dag.py took 0.104 seconds
[2026-05-02T20:39:27.810+0000] {processor.py:161} INFO - Started process (PID=3131) to work on /opt/airflow/dags/f1_pipeline_dag.py
[2026-05-02T20:39:27.813+0000] {processor.py:830} INFO - Processing file /opt/airflow/dags/f1_pipeline_dag.py for tasks to queue
[2026-05-02T20:39:27.814+0000] {logging_mixin.py:188} INFO - [2026-05-02T20:39:27.813+0000] {dagbag.py:538} INFO - Filling up the DagBag from /opt/airflow/dags/f1_pipeline_dag.py
[2026-05-02T20:39:27.831+0000] {processor.py:840} INFO - DAG(s) 'f1_bigdata_pipeline' retrieved from /opt/airflow/dags/f1_pipeline_dag.py
[2026-05-02T20:39:27.860+0000] {logging_mixin.py:188} INFO - [2026-05-02T20:39:27.860+0000] {dag.py:3036} INFO - Sync 1 DAGs
[2026-05-02T20:39:27.891+0000] {logging_mixin.py:188} INFO - [2026-05-02T20:39:27.891+0000] {dag.py:3823} INFO - Setting next_dagrun for f1_bigdata_pipeline to 2026-04-27 06:00:00+00:00, run_after=2026-05-04 06:00:00+00:00
[2026-05-02T20:39:27.901+0000] {processor.py:183} INFO - Processing /opt/airflow/dags/f1_pipeline_dag.py took 0.096 seconds
[2026-05-02T20:39:58.308+0000] {processor.py:161} INFO - Started process (PID=3136) to work on /opt/airflow/dags/f1_pipeline_dag.py
[2026-05-02T20:39:58.312+0000] {processor.py:830} INFO - Processing file /opt/airflow/dags/f1_pipeline_dag.py for tasks to queue
[2026-05-02T20:39:58.315+0000] {logging_mixin.py:188} INFO - [2026-05-02T20:39:58.314+0000] {dagbag.py:538} INFO - Filling up the DagBag from /opt/airflow/dags/f1_pipeline_dag.py
[2026-05-02T20:39:58.339+0000] {processor.py:840} INFO - DAG(s) 'f1_bigdata_pipeline' retrieved from /opt/airflow/dags/f1_pipeline_dag.py
[2026-05-02T20:39:58.368+0000] {logging_mixin.py:188} INFO - [2026-05-02T20:39:58.368+0000] {dag.py:3036} INFO - Sync 1 DAGs
[2026-05-02T20:39:58.399+0000] {logging_mixin.py:188} INFO - [2026-05-02T20:39:58.399+0000] {dag.py:3823} INFO - Setting next_dagrun for f1_bigdata_pipeline to 2026-04-27 06:00:00+00:00, run_after=2026-05-04 06:00:00+00:00
[2026-05-02T20:39:58.409+0000] {processor.py:183} INFO - Processing /opt/airflow/dags/f1_pipeline_dag.py took 0.117 seconds
[2026-05-02T20:40:28.687+0000] {processor.py:161} INFO - Started process (PID=3141) to work on /opt/airflow/dags/f1_pipeline_dag.py
[2026-05-02T20:40:28.690+0000] {processor.py:830} INFO - Processing file /opt/airflow/dags/f1_pipeline_dag.py for tasks to queue
[2026-05-02T20:40:28.691+0000] {logging_mixin.py:188} INFO - [2026-05-02T20:40:28.690+0000] {dagbag.py:538} INFO - Filling up the DagBag from /opt/airflow/dags/f1_pipeline_dag.py
[2026-05-02T20:40:28.727+0000] {processor.py:840} INFO - DAG(s) 'f1_bigdata_pipeline' retrieved from /opt/airflow/dags/f1_pipeline_dag.py
[2026-05-02T20:40:28.762+0000] {logging_mixin.py:188} INFO - [2026-05-02T20:40:28.762+0000] {dag.py:3036} INFO - Sync 1 DAGs
[2026-05-02T20:40:28.779+0000] {logging_mixin.py:188} INFO - [2026-05-02T20:40:28.779+0000] {dag.py:3823} INFO - Setting next_dagrun for f1_bigdata_pipeline to 2026-04-27 06:00:00+00:00, run_after=2026-05-04 06:00:00+00:00
[2026-05-02T20:40:28.789+0000] {processor.py:183} INFO - Processing /opt/airflow/dags/f1_pipeline_dag.py took 0.108 seconds
[2026-05-02T20:40:59.070+0000] {processor.py:161} INFO - Started process (PID=3146) to work on /opt/airflow/dags/f1_pipeline_dag.py
[2026-05-02T20:40:59.071+0000] {processor.py:830} INFO - Processing file /opt/airflow/dags/f1_pipeline_dag.py for tasks to queue
[2026-05-02T20:40:59.072+0000] {logging_mixin.py:188} INFO - [2026-05-02T20:40:59.071+0000] {dagbag.py:538} INFO - Filling up the DagBag from /opt/airflow/dags/f1_pipeline_dag.py
[2026-05-02T20:40:59.084+0000] {processor.py:840} INFO - DAG(s) 'f1_bigdata_pipeline' retrieved from /opt/airflow/dags/f1_pipeline_dag.py
[2026-05-02T20:40:59.130+0000] {logging_mixin.py:188} INFO - [2026-05-02T20:40:59.130+0000] {dag.py:3036} INFO - Sync 1 DAGs
[2026-05-02T20:40:59.146+0000] {logging_mixin.py:188} INFO - [2026-05-02T20:40:59.146+0000] {dag.py:3823} INFO - Setting next_dagrun for f1_bigdata_pipeline to 2026-04-27 06:00:00+00:00, run_after=2026-05-04 06:00:00+00:00
[2026-05-02T20:40:59.156+0000] {processor.py:183} INFO - Processing /opt/airflow/dags/f1_pipeline_dag.py took 0.090 seconds
[2026-05-02T20:41:29.398+0000] {processor.py:161} INFO - Started process (PID=3151) to work on /opt/airflow/dags/f1_pipeline_dag.py
[2026-05-02T20:41:29.400+0000] {processor.py:830} INFO - Processing file /opt/airflow/dags/f1_pipeline_dag.py for tasks to queue
[2026-05-02T20:41:29.401+0000] {logging_mixin.py:188} INFO - [2026-05-02T20:41:29.401+0000] {dagbag.py:538} INFO - Filling up the DagBag from /opt/airflow/dags/f1_pipeline_dag.py
[2026-05-02T20:41:29.420+0000] {processor.py:840} INFO - DAG(s) 'f1_bigdata_pipeline' retrieved from /opt/airflow/dags/f1_pipeline_dag.py
[2026-05-02T20:41:29.449+0000] {logging_mixin.py:188} INFO - [2026-05-02T20:41:29.448+0000] {dag.py:3036} INFO - Sync 1 DAGs
[2026-05-02T20:41:29.481+0000] {logging_mixin.py:188} INFO - [2026-05-02T20:41:29.481+0000] {dag.py:3823} INFO - Setting next_dagrun for f1_bigdata_pipeline to 2026-04-27 06:00:00+00:00, run_after=2026-05-04 06:00:00+00:00
[2026-05-02T20:41:29.491+0000] {processor.py:183} INFO - Processing /opt/airflow/dags/f1_pipeline_dag.py took 0.098 seconds
[2026-05-02T20:41:59.784+0000] {processor.py:161} INFO - Started process (PID=3156) to work on /opt/airflow/dags/f1_pipeline_dag.py
[2026-05-02T20:41:59.787+0000] {processor.py:830} INFO - Processing file /opt/airflow/dags/f1_pipeline_dag.py for tasks to queue
[2026-05-02T20:41:59.788+0000] {logging_mixin.py:188} INFO - [2026-05-02T20:41:59.788+0000] {dagbag.py:538} INFO - Filling up the DagBag from /opt/airflow/dags/f1_pipeline_dag.py
[2026-05-02T20:41:59.808+0000] {processor.py:840} INFO - DAG(s) 'f1_bigdata_pipeline' retrieved from /opt/airflow/dags/f1_pipeline_dag.py
[2026-05-02T20:41:59.856+0000] {logging_mixin.py:188} INFO - [2026-05-02T20:41:59.855+0000] {dag.py:3036} INFO - Sync 1 DAGs
[2026-05-02T20:41:59.872+0000] {logging_mixin.py:188} INFO - [2026-05-02T20:41:59.872+0000] {dag.py:3823} INFO - Setting next_dagrun for f1_bigdata_pipeline to 2026-04-27 06:00:00+00:00, run_after=2026-05-04 06:00:00+00:00
[2026-05-02T20:41:59.883+0000] {processor.py:183} INFO - Processing /opt/airflow/dags/f1_pipeline_dag.py took 0.105 seconds
[2026-05-02T20:42:30.230+0000] {processor.py:161} INFO - Started process (PID=3161) to work on /opt/airflow/dags/f1_pipeline_dag.py
[2026-05-02T20:42:30.232+0000] {processor.py:830} INFO - Processing file /opt/airflow/dags/f1_pipeline_dag.py for tasks to queue
[2026-05-02T20:42:30.233+0000] {logging_mixin.py:188} INFO - [2026-05-02T20:42:30.232+0000] {dagbag.py:538} INFO - Filling up the DagBag from /opt/airflow/dags/f1_pipeline_dag.py
[2026-05-02T20:42:30.249+0000] {processor.py:840} INFO - DAG(s) 'f1_bigdata_pipeline' retrieved from /opt/airflow/dags/f1_pipeline_dag.py
[2026-05-02T20:42:30.277+0000] {logging_mixin.py:188} INFO - [2026-05-02T20:42:30.277+0000] {dag.py:3036} INFO - Sync 1 DAGs
[2026-05-02T20:42:30.313+0000] {logging_mixin.py:188} INFO - [2026-05-02T20:42:30.313+0000] {dag.py:3823} INFO - Setting next_dagrun for f1_bigdata_pipeline to 2026-04-27 06:00:00+00:00, run_after=2026-05-04 06:00:00+00:00
[2026-05-02T20:42:30.323+0000] {processor.py:183} INFO - Processing /opt/airflow/dags/f1_pipeline_dag.py took 0.099 seconds
[2026-05-02T20:43:00.614+0000] {processor.py:161} INFO - Started process (PID=3166) to work on /opt/airflow/dags/f1_pipeline_dag.py
[2026-05-02T20:43:00.616+0000] {processor.py:830} INFO - Processing file /opt/airflow/dags/f1_pipeline_dag.py for tasks to queue
[2026-05-02T20:43:00.616+0000] {logging_mixin.py:188} INFO - [2026-05-02T20:43:00.616+0000] {dagbag.py:538} INFO - Filling up the DagBag from /opt/airflow/dags/f1_pipeline_dag.py
[2026-05-02T20:43:00.647+0000] {processor.py:840} INFO - DAG(s) 'f1_bigdata_pipeline' retrieved from /opt/airflow/dags/f1_pipeline_dag.py
[2026-05-02T20:43:00.675+0000] {logging_mixin.py:188} INFO - [2026-05-02T20:43:00.675+0000] {dag.py:3036} INFO - Sync 1 DAGs
[2026-05-02T20:43:00.692+0000] {logging_mixin.py:188} INFO - [2026-05-02T20:43:00.692+0000] {dag.py:3823} INFO - Setting next_dagrun for f1_bigdata_pipeline to 2026-04-27 06:00:00+00:00, run_after=2026-05-04 06:00:00+00:00
[2026-05-02T20:43:00.704+0000] {processor.py:183} INFO - Processing /opt/airflow/dags/f1_pipeline_dag.py took 0.092 seconds
[2026-05-02T20:43:30.989+0000] {processor.py:161} INFO - Started process (PID=3171) to work on /opt/airflow/dags/f1_pipeline_dag.py
[2026-05-02T20:43:30.991+0000] {processor.py:830} INFO - Processing file /opt/airflow/dags/f1_pipeline_dag.py for tasks to queue
[2026-05-02T20:43:30.993+0000] {logging_mixin.py:188} INFO - [2026-05-02T20:43:30.992+0000] {dagbag.py:538} INFO - Filling up the DagBag from /opt/airflow/dags/f1_pipeline_dag.py
[2026-05-02T20:43:31.012+0000] {processor.py:840} INFO - DAG(s) 'f1_bigdata_pipeline' retrieved from /opt/airflow/dags/f1_pipeline_dag.py
[2026-05-02T20:43:31.054+0000] {logging_mixin.py:188} INFO - [2026-05-02T20:43:31.054+0000] {dag.py:3036} INFO - Sync 1 DAGs
[2026-05-02T20:43:31.073+0000] {logging_mixin.py:188} INFO - [2026-05-02T20:43:31.073+0000] {dag.py:3823} INFO - Setting next_dagrun for f1_bigdata_pipeline to 2026-04-27 06:00:00+00:00, run_after=2026-05-04 06:00:00+00:00
[2026-05-02T20:43:31.083+0000] {processor.py:183} INFO - Processing /opt/airflow/dags/f1_pipeline_dag.py took 0.100 seconds
[2026-05-02T20:44:01.572+0000] {processor.py:161} INFO - Started process (PID=3176) to work on /opt/airflow/dags/f1_pipeline_dag.py
[2026-05-02T20:44:01.576+0000] {processor.py:830} INFO - Processing file /opt/airflow/dags/f1_pipeline_dag.py for tasks to queue
[2026-05-02T20:44:01.577+0000] {logging_mixin.py:188} INFO - [2026-05-02T20:44:01.577+0000] {dagbag.py:538} INFO - Filling up the DagBag from /opt/airflow/dags/f1_pipeline_dag.py
[2026-05-02T20:44:01.594+0000] {processor.py:840} INFO - DAG(s) 'f1_bigdata_pipeline' retrieved from /opt/airflow/dags/f1_pipeline_dag.py
[2026-05-02T20:44:01.622+0000] {logging_mixin.py:188} INFO - [2026-05-02T20:44:01.622+0000] {dag.py:3036} INFO - Sync 1 DAGs
[2026-05-02T20:44:01.651+0000] {logging_mixin.py:188} INFO - [2026-05-02T20:44:01.650+0000] {dag.py:3823} INFO - Setting next_dagrun for f1_bigdata_pipeline to 2026-04-27 06:00:00+00:00, run_after=2026-05-04 06:00:00+00:00
[2026-05-02T20:44:01.664+0000] {processor.py:183} INFO - Processing /opt/airflow/dags/f1_pipeline_dag.py took 0.099 seconds
[2026-05-02T20:44:32.298+0000] {processor.py:161} INFO - Started process (PID=3181) to work on /opt/airflow/dags/f1_pipeline_dag.py
[2026-05-02T20:44:32.304+0000] {processor.py:830} INFO - Processing file /opt/airflow/dags/f1_pipeline_dag.py for tasks to queue
[2026-05-02T20:44:32.307+0000] {logging_mixin.py:188} INFO - [2026-05-02T20:44:32.306+0000] {dagbag.py:538} INFO - Filling up the DagBag from /opt/airflow/dags/f1_pipeline_dag.py
[2026-05-02T20:44:32.488+0000] {processor.py:840} INFO - DAG(s) 'f1_bigdata_pipeline' retrieved from /opt/airflow/dags/f1_pipeline_dag.py
[2026-05-02T20:44:32.622+0000] {logging_mixin.py:188} INFO - [2026-05-02T20:44:32.620+0000] {dag.py:3036} INFO - Sync 1 DAGs
[2026-05-02T20:44:32.652+0000] {logging_mixin.py:188} INFO - [2026-05-02T20:44:32.651+0000] {dag.py:3823} INFO - Setting next_dagrun for f1_bigdata_pipeline to 2026-04-27 06:00:00+00:00, run_after=2026-05-04 06:00:00+00:00
[2026-05-02T20:44:32.670+0000] {processor.py:183} INFO - Processing /opt/airflow/dags/f1_pipeline_dag.py took 0.443 seconds
[2026-05-02T20:45:03.215+0000] {processor.py:161} INFO - Started process (PID=3186) to work on /opt/airflow/dags/f1_pipeline_dag.py
[2026-05-02T20:45:03.218+0000] {processor.py:830} INFO - Processing file /opt/airflow/dags/f1_pipeline_dag.py for tasks to queue
[2026-05-02T20:45:03.224+0000] {logging_mixin.py:188} INFO - [2026-05-02T20:45:03.223+0000] {dagbag.py:538} INFO - Filling up the DagBag from /opt/airflow/dags/f1_pipeline_dag.py
[2026-05-02T20:45:03.241+0000] {processor.py:840} INFO - DAG(s) 'f1_bigdata_pipeline' retrieved from /opt/airflow/dags/f1_pipeline_dag.py
[2026-05-02T20:45:03.273+0000] {logging_mixin.py:188} INFO - [2026-05-02T20:45:03.273+0000] {dag.py:3036} INFO - Sync 1 DAGs
[2026-05-02T20:45:03.290+0000] {logging_mixin.py:188} INFO - [2026-05-02T20:45:03.290+0000] {dag.py:3823} INFO - Setting next_dagrun for f1_bigdata_pipeline to 2026-04-27 06:00:00+00:00, run_after=2026-05-04 06:00:00+00:00
[2026-05-02T20:45:03.306+0000] {processor.py:183} INFO - Processing /opt/airflow/dags/f1_pipeline_dag.py took 0.112 seconds
[2026-05-02T20:45:33.527+0000] {processor.py:161} INFO - Started process (PID=3191) to work on /opt/airflow/dags/f1_pipeline_dag.py
[2026-05-02T20:45:33.530+0000] {processor.py:830} INFO - Processing file /opt/airflow/dags/f1_pipeline_dag.py for tasks to queue
[2026-05-02T20:45:33.532+0000] {logging_mixin.py:188} INFO - [2026-05-02T20:45:33.531+0000] {dagbag.py:538} INFO - Filling up the DagBag from /opt/airflow/dags/f1_pipeline_dag.py
[2026-05-02T20:45:33.551+0000] {processor.py:840} INFO - DAG(s) 'f1_bigdata_pipeline' retrieved from /opt/airflow/dags/f1_pipeline_dag.py
[2026-05-02T20:45:33.602+0000] {logging_mixin.py:188} INFO - [2026-05-02T20:45:33.602+0000] {dag.py:3036} INFO - Sync 1 DAGs
[2026-05-02T20:45:33.620+0000] {logging_mixin.py:188} INFO - [2026-05-02T20:45:33.620+0000] {dag.py:3823} INFO - Setting next_dagrun for f1_bigdata_pipeline to 2026-04-27 06:00:00+00:00, run_after=2026-05-04 06:00:00+00:00
[2026-05-02T20:45:33.630+0000] {processor.py:183} INFO - Processing /opt/airflow/dags/f1_pipeline_dag.py took 0.110 seconds
[2026-05-02T20:46:03.948+0000] {processor.py:161} INFO - Started process (PID=3196) to work on /opt/airflow/dags/f1_pipeline_dag.py
[2026-05-02T20:46:03.950+0000] {processor.py:830} INFO - Processing file /opt/airflow/dags/f1_pipeline_dag.py for tasks to queue
[2026-05-02T20:46:03.951+0000] {logging_mixin.py:188} INFO - [2026-05-02T20:46:03.950+0000] {dagbag.py:538} INFO - Filling up the DagBag from /opt/airflow/dags/f1_pipeline_dag.py
[2026-05-02T20:46:03.967+0000] {processor.py:840} INFO - DAG(s) 'f1_bigdata_pipeline' retrieved from /opt/airflow/dags/f1_pipeline_dag.py
[2026-05-02T20:46:03.997+0000] {logging_mixin.py:188} INFO - [2026-05-02T20:46:03.997+0000] {dag.py:3036} INFO - Sync 1 DAGs
[2026-05-02T20:46:04.013+0000] {logging_mixin.py:188} INFO - [2026-05-02T20:46:04.013+0000] {dag.py:3823} INFO - Setting next_dagrun for f1_bigdata_pipeline to 2026-04-27 06:00:00+00:00, run_after=2026-05-04 06:00:00+00:00
[2026-05-02T20:46:04.041+0000] {processor.py:183} INFO - Processing /opt/airflow/dags/f1_pipeline_dag.py took 0.098 seconds
[2026-05-02T20:46:34.261+0000] {processor.py:161} INFO - Started process (PID=3201) to work on /opt/airflow/dags/f1_pipeline_dag.py
[2026-05-02T20:46:34.263+0000] {processor.py:830} INFO - Processing file /opt/airflow/dags/f1_pipeline_dag.py for tasks to queue
[2026-05-02T20:46:34.265+0000] {logging_mixin.py:188} INFO - [2026-05-02T20:46:34.264+0000] {dagbag.py:538} INFO - Filling up the DagBag from /opt/airflow/dags/f1_pipeline_dag.py
[2026-05-02T20:46:34.283+0000] {processor.py:840} INFO - DAG(s) 'f1_bigdata_pipeline' retrieved from /opt/airflow/dags/f1_pipeline_dag.py
[2026-05-02T20:46:34.315+0000] {logging_mixin.py:188} INFO - [2026-05-02T20:46:34.315+0000] {dag.py:3036} INFO - Sync 1 DAGs
[2026-05-02T20:46:34.350+0000] {logging_mixin.py:188} INFO - [2026-05-02T20:46:34.350+0000] {dag.py:3823} INFO - Setting next_dagrun for f1_bigdata_pipeline to 2026-04-27 06:00:00+00:00, run_after=2026-05-04 06:00:00+00:00
[2026-05-02T20:46:34.360+0000] {processor.py:183} INFO - Processing /opt/airflow/dags/f1_pipeline_dag.py took 0.107 seconds
[2026-05-02T20:47:04.641+0000] {processor.py:161} INFO - Started process (PID=3206) to work on /opt/airflow/dags/f1_pipeline_dag.py
[2026-05-02T20:47:04.642+0000] {processor.py:830} INFO - Processing file /opt/airflow/dags/f1_pipeline_dag.py for tasks to queue
[2026-05-02T20:47:04.643+0000] {logging_mixin.py:188} INFO - [2026-05-02T20:47:04.643+0000] {dagbag.py:538} INFO - Filling up the DagBag from /opt/airflow/dags/f1_pipeline_dag.py
[2026-05-02T20:47:04.658+0000] {processor.py:840} INFO - DAG(s) 'f1_bigdata_pipeline' retrieved from /opt/airflow/dags/f1_pipeline_dag.py
[2026-05-02T20:47:04.718+0000] {logging_mixin.py:188} INFO - [2026-05-02T20:47:04.718+0000] {dag.py:3036} INFO - Sync 1 DAGs
[2026-05-02T20:47:04.738+0000] {logging_mixin.py:188} INFO - [2026-05-02T20:47:04.738+0000] {dag.py:3823} INFO - Setting next_dagrun for f1_bigdata_pipeline to 2026-04-27 06:00:00+00:00, run_after=2026-05-04 06:00:00+00:00
[2026-05-02T20:47:04.753+0000] {processor.py:183} INFO - Processing /opt/airflow/dags/f1_pipeline_dag.py took 0.116 seconds
[2026-05-02T20:47:34.988+0000] {processor.py:161} INFO - Started process (PID=3211) to work on /opt/airflow/dags/f1_pipeline_dag.py
[2026-05-02T20:47:34.992+0000] {processor.py:830} INFO - Processing file /opt/airflow/dags/f1_pipeline_dag.py for tasks to queue
[2026-05-02T20:47:34.994+0000] {logging_mixin.py:188} INFO - [2026-05-02T20:47:34.993+0000] {dagbag.py:538} INFO - Filling up the DagBag from /opt/airflow/dags/f1_pipeline_dag.py
[2026-05-02T20:47:35.015+0000] {processor.py:840} INFO - DAG(s) 'f1_bigdata_pipeline' retrieved from /opt/airflow/dags/f1_pipeline_dag.py
[2026-05-02T20:47:35.049+0000] {logging_mixin.py:188} INFO - [2026-05-02T20:47:35.049+0000] {dag.py:3036} INFO - Sync 1 DAGs
[2026-05-02T20:47:35.075+0000] {logging_mixin.py:188} INFO - [2026-05-02T20:47:35.075+0000] {dag.py:3823} INFO - Setting next_dagrun for f1_bigdata_pipeline to 2026-04-27 06:00:00+00:00, run_after=2026-05-04 06:00:00+00:00
[2026-05-02T20:47:35.086+0000] {processor.py:183} INFO - Processing /opt/airflow/dags/f1_pipeline_dag.py took 0.111 seconds
[2026-05-02T20:48:05.406+0000] {processor.py:161} INFO - Started process (PID=3216) to work on /opt/airflow/dags/f1_pipeline_dag.py
[2026-05-02T20:48:05.408+0000] {processor.py:830} INFO - Processing file /opt/airflow/dags/f1_pipeline_dag.py for tasks to queue
[2026-05-02T20:48:05.409+0000] {logging_mixin.py:188} INFO - [2026-05-02T20:48:05.408+0000] {dagbag.py:538} INFO - Filling up the DagBag from /opt/airflow/dags/f1_pipeline_dag.py
[2026-05-02T20:48:05.426+0000] {processor.py:840} INFO - DAG(s) 'f1_bigdata_pipeline' retrieved from /opt/airflow/dags/f1_pipeline_dag.py
[2026-05-02T20:48:05.462+0000] {logging_mixin.py:188} INFO - [2026-05-02T20:48:05.462+0000] {dag.py:3036} INFO - Sync 1 DAGs
[2026-05-02T20:48:05.479+0000] {logging_mixin.py:188} INFO - [2026-05-02T20:48:05.478+0000] {dag.py:3823} INFO - Setting next_dagrun for f1_bigdata_pipeline to 2026-04-27 06:00:00+00:00, run_after=2026-05-04 06:00:00+00:00
[2026-05-02T20:48:05.494+0000] {processor.py:183} INFO - Processing /opt/airflow/dags/f1_pipeline_dag.py took 0.093 seconds
[2026-05-02T20:48:35.761+0000] {processor.py:161} INFO - Started process (PID=3221) to work on /opt/airflow/dags/f1_pipeline_dag.py
[2026-05-02T20:48:35.763+0000] {processor.py:830} INFO - Processing file /opt/airflow/dags/f1_pipeline_dag.py for tasks to queue
[2026-05-02T20:48:35.765+0000] {logging_mixin.py:188} INFO - [2026-05-02T20:48:35.764+0000] {dagbag.py:538} INFO - Filling up the DagBag from /opt/airflow/dags/f1_pipeline_dag.py
[2026-05-02T20:48:35.785+0000] {processor.py:840} INFO - DAG(s) 'f1_bigdata_pipeline' retrieved from /opt/airflow/dags/f1_pipeline_dag.py
[2026-05-02T20:48:35.836+0000] {logging_mixin.py:188} INFO - [2026-05-02T20:48:35.836+0000] {dag.py:3036} INFO - Sync 1 DAGs
[2026-05-02T20:48:35.855+0000] {logging_mixin.py:188} INFO - [2026-05-02T20:48:35.855+0000] {dag.py:3823} INFO - Setting next_dagrun for f1_bigdata_pipeline to 2026-04-27 06:00:00+00:00, run_after=2026-05-04 06:00:00+00:00
[2026-05-02T20:48:35.880+0000] {processor.py:183} INFO - Processing /opt/airflow/dags/f1_pipeline_dag.py took 0.124 seconds
[2026-05-02T20:49:06.153+0000] {processor.py:161} INFO - Started process (PID=3226) to work on /opt/airflow/dags/f1_pipeline_dag.py
[2026-05-02T20:49:06.158+0000] {processor.py:830} INFO - Processing file /opt/airflow/dags/f1_pipeline_dag.py for tasks to queue
[2026-05-02T20:49:06.160+0000] {logging_mixin.py:188} INFO - [2026-05-02T20:49:06.159+0000] {dagbag.py:538} INFO - Filling up the DagBag from /opt/airflow/dags/f1_pipeline_dag.py
[2026-05-02T20:49:06.182+0000] {processor.py:840} INFO - DAG(s) 'f1_bigdata_pipeline' retrieved from /opt/airflow/dags/f1_pipeline_dag.py
[2026-05-02T20:49:06.229+0000] {logging_mixin.py:188} INFO - [2026-05-02T20:49:06.229+0000] {dag.py:3036} INFO - Sync 1 DAGs
[2026-05-02T20:49:06.246+0000] {logging_mixin.py:188} INFO - [2026-05-02T20:49:06.246+0000] {dag.py:3823} INFO - Setting next_dagrun for f1_bigdata_pipeline to 2026-04-27 06:00:00+00:00, run_after=2026-05-04 06:00:00+00:00
[2026-05-02T20:49:06.255+0000] {processor.py:183} INFO - Processing /opt/airflow/dags/f1_pipeline_dag.py took 0.122 seconds
[2026-05-02T20:49:36.582+0000] {processor.py:161} INFO - Started process (PID=3231) to work on /opt/airflow/dags/f1_pipeline_dag.py
[2026-05-02T20:49:36.585+0000] {processor.py:830} INFO - Processing file /opt/airflow/dags/f1_pipeline_dag.py for tasks to queue
[2026-05-02T20:49:36.586+0000] {logging_mixin.py:188} INFO - [2026-05-02T20:49:36.586+0000] {dagbag.py:538} INFO - Filling up the DagBag from /opt/airflow/dags/f1_pipeline_dag.py
[2026-05-02T20:49:36.608+0000] {processor.py:840} INFO - DAG(s) 'f1_bigdata_pipeline' retrieved from /opt/airflow/dags/f1_pipeline_dag.py
[2026-05-02T20:49:36.658+0000] {logging_mixin.py:188} INFO - [2026-05-02T20:49:36.657+0000] {dag.py:3036} INFO - Sync 1 DAGs
[2026-05-02T20:49:36.696+0000] {logging_mixin.py:188} INFO - [2026-05-02T20:49:36.696+0000] {dag.py:3823} INFO - Setting next_dagrun for f1_bigdata_pipeline to 2026-04-27 06:00:00+00:00, run_after=2026-05-04 06:00:00+00:00
[2026-05-02T20:49:36.709+0000] {processor.py:183} INFO - Processing /opt/airflow/dags/f1_pipeline_dag.py took 0.133 seconds
[2026-05-02T20:50:07.000+0000] {processor.py:161} INFO - Started process (PID=3236) to work on /opt/airflow/dags/f1_pipeline_dag.py
[2026-05-02T20:50:07.003+0000] {processor.py:830} INFO - Processing file /opt/airflow/dags/f1_pipeline_dag.py for tasks to queue
[2026-05-02T20:50:07.022+0000] {logging_mixin.py:188} INFO - [2026-05-02T20:50:07.005+0000] {dagbag.py:538} INFO - Filling up the DagBag from /opt/airflow/dags/f1_pipeline_dag.py
[2026-05-02T20:50:07.051+0000] {processor.py:840} INFO - DAG(s) 'f1_bigdata_pipeline' retrieved from /opt/airflow/dags/f1_pipeline_dag.py
[2026-05-02T20:50:07.094+0000] {logging_mixin.py:188} INFO - [2026-05-02T20:50:07.094+0000] {dag.py:3036} INFO - Sync 1 DAGs
[2026-05-02T20:50:07.111+0000] {logging_mixin.py:188} INFO - [2026-05-02T20:50:07.111+0000] {dag.py:3823} INFO - Setting next_dagrun for f1_bigdata_pipeline to 2026-04-27 06:00:00+00:00, run_after=2026-05-04 06:00:00+00:00
[2026-05-02T20:50:07.120+0000] {processor.py:183} INFO - Processing /opt/airflow/dags/f1_pipeline_dag.py took 0.128 seconds
[2026-05-02T20:50:37.477+0000] {processor.py:161} INFO - Started process (PID=3241) to work on /opt/airflow/dags/f1_pipeline_dag.py
[2026-05-02T20:50:37.479+0000] {processor.py:830} INFO - Processing file /opt/airflow/dags/f1_pipeline_dag.py for tasks to queue
[2026-05-02T20:50:37.481+0000] {logging_mixin.py:188} INFO - [2026-05-02T20:50:37.480+0000] {dagbag.py:538} INFO - Filling up the DagBag from /opt/airflow/dags/f1_pipeline_dag.py
[2026-05-02T20:50:37.520+0000] {processor.py:840} INFO - DAG(s) 'f1_bigdata_pipeline' retrieved from /opt/airflow/dags/f1_pipeline_dag.py
[2026-05-02T20:50:37.577+0000] {logging_mixin.py:188} INFO - [2026-05-02T20:50:37.577+0000] {dag.py:3036} INFO - Sync 1 DAGs
[2026-05-02T20:50:37.604+0000] {logging_mixin.py:188} INFO - [2026-05-02T20:50:37.604+0000] {dag.py:3823} INFO - Setting next_dagrun for f1_bigdata_pipeline to 2026-04-27 06:00:00+00:00, run_after=2026-05-04 06:00:00+00:00
[2026-05-02T20:50:37.618+0000] {processor.py:183} INFO - Processing /opt/airflow/dags/f1_pipeline_dag.py took 0.154 seconds
[2026-05-02T20:51:07.790+0000] {processor.py:161} INFO - Started process (PID=3246) to work on /opt/airflow/dags/f1_pipeline_dag.py
[2026-05-02T20:51:07.792+0000] {processor.py:830} INFO - Processing file /opt/airflow/dags/f1_pipeline_dag.py for tasks to queue
[2026-05-02T20:51:07.794+0000] {logging_mixin.py:188} INFO - [2026-05-02T20:51:07.793+0000] {dagbag.py:538} INFO - Filling up the DagBag from /opt/airflow/dags/f1_pipeline_dag.py
[2026-05-02T20:51:07.825+0000] {processor.py:840} INFO - DAG(s) 'f1_bigdata_pipeline' retrieved from /opt/airflow/dags/f1_pipeline_dag.py
[2026-05-02T20:51:07.856+0000] {logging_mixin.py:188} INFO - [2026-05-02T20:51:07.856+0000] {dag.py:3036} INFO - Sync 1 DAGs
[2026-05-02T20:51:07.872+0000] {logging_mixin.py:188} INFO - [2026-05-02T20:51:07.872+0000] {dag.py:3823} INFO - Setting next_dagrun for f1_bigdata_pipeline to 2026-04-27 06:00:00+00:00, run_after=2026-05-04 06:00:00+00:00
[2026-05-02T20:51:07.890+0000] {processor.py:183} INFO - Processing /opt/airflow/dags/f1_pipeline_dag.py took 0.106 seconds
[2026-05-02T20:51:38.255+0000] {processor.py:161} INFO - Started process (PID=3251) to work on /opt/airflow/dags/f1_pipeline_dag.py
[2026-05-02T20:51:38.257+0000] {processor.py:830} INFO - Processing file /opt/airflow/dags/f1_pipeline_dag.py for tasks to queue
[2026-05-02T20:51:38.258+0000] {logging_mixin.py:188} INFO - [2026-05-02T20:51:38.258+0000] {dagbag.py:538} INFO - Filling up the DagBag from /opt/airflow/dags/f1_pipeline_dag.py
[2026-05-02T20:51:38.277+0000] {processor.py:840} INFO - DAG(s) 'f1_bigdata_pipeline' retrieved from /opt/airflow/dags/f1_pipeline_dag.py
[2026-05-02T20:51:38.321+0000] {logging_mixin.py:188} INFO - [2026-05-02T20:51:38.320+0000] {dag.py:3036} INFO - Sync 1 DAGs
[2026-05-02T20:51:38.338+0000] {logging_mixin.py:188} INFO - [2026-05-02T20:51:38.338+0000] {dag.py:3823} INFO - Setting next_dagrun for f1_bigdata_pipeline to 2026-04-27 06:00:00+00:00, run_after=2026-05-04 06:00:00+00:00
[2026-05-02T20:51:38.349+0000] {processor.py:183} INFO - Processing /opt/airflow/dags/f1_pipeline_dag.py took 0.099 seconds
[2026-05-02T20:52:08.687+0000] {processor.py:161} INFO - Started process (PID=3256) to work on /opt/airflow/dags/f1_pipeline_dag.py
[2026-05-02T20:52:08.690+0000] {processor.py:830} INFO - Processing file /opt/airflow/dags/f1_pipeline_dag.py for tasks to queue
[2026-05-02T20:52:08.691+0000] {logging_mixin.py:188} INFO - [2026-05-02T20:52:08.690+0000] {dagbag.py:538} INFO - Filling up the DagBag from /opt/airflow/dags/f1_pipeline_dag.py
[2026-05-02T20:52:08.723+0000] {processor.py:840} INFO - DAG(s) 'f1_bigdata_pipeline' retrieved from /opt/airflow/dags/f1_pipeline_dag.py
[2026-05-02T20:52:08.754+0000] {logging_mixin.py:188} INFO - [2026-05-02T20:52:08.754+0000] {dag.py:3036} INFO - Sync 1 DAGs
[2026-05-02T20:52:08.777+0000] {logging_mixin.py:188} INFO - [2026-05-02T20:52:08.777+0000] {dag.py:3823} INFO - Setting next_dagrun for f1_bigdata_pipeline to 2026-04-27 06:00:00+00:00, run_after=2026-05-04 06:00:00+00:00
[2026-05-02T20:52:08.795+0000] {processor.py:183} INFO - Processing /opt/airflow/dags/f1_pipeline_dag.py took 0.114 seconds
[2026-05-02T20:52:39.101+0000] {processor.py:161} INFO - Started process (PID=3261) to work on /opt/airflow/dags/f1_pipeline_dag.py
[2026-05-02T20:52:39.103+0000] {processor.py:830} INFO - Processing file /opt/airflow/dags/f1_pipeline_dag.py for tasks to queue
[2026-05-02T20:52:39.104+0000] {logging_mixin.py:188} INFO - [2026-05-02T20:52:39.104+0000] {dagbag.py:538} INFO - Filling up the DagBag from /opt/airflow/dags/f1_pipeline_dag.py
[2026-05-02T20:52:39.124+0000] {processor.py:840} INFO - DAG(s) 'f1_bigdata_pipeline' retrieved from /opt/airflow/dags/f1_pipeline_dag.py
[2026-05-02T20:52:39.175+0000] {logging_mixin.py:188} INFO - [2026-05-02T20:52:39.175+0000] {dag.py:3036} INFO - Sync 1 DAGs
[2026-05-02T20:52:39.203+0000] {logging_mixin.py:188} INFO - [2026-05-02T20:52:39.203+0000] {dag.py:3823} INFO - Setting next_dagrun for f1_bigdata_pipeline to 2026-04-27 06:00:00+00:00, run_after=2026-05-04 06:00:00+00:00
[2026-05-02T20:52:39.215+0000] {processor.py:183} INFO - Processing /opt/airflow/dags/f1_pipeline_dag.py took 0.120 seconds
[2026-05-02T20:53:09.463+0000] {processor.py:161} INFO - Started process (PID=3266) to work on /opt/airflow/dags/f1_pipeline_dag.py
[2026-05-02T20:53:09.466+0000] {processor.py:830} INFO - Processing file /opt/airflow/dags/f1_pipeline_dag.py for tasks to queue
[2026-05-02T20:53:09.468+0000] {logging_mixin.py:188} INFO - [2026-05-02T20:53:09.467+0000] {dagbag.py:538} INFO - Filling up the DagBag from /opt/airflow/dags/f1_pipeline_dag.py
[2026-05-02T20:53:09.500+0000] {processor.py:840} INFO - DAG(s) 'f1_bigdata_pipeline' retrieved from /opt/airflow/dags/f1_pipeline_dag.py
[2026-05-02T20:53:09.559+0000] {logging_mixin.py:188} INFO - [2026-05-02T20:53:09.559+0000] {dag.py:3036} INFO - Sync 1 DAGs
[2026-05-02T20:53:09.588+0000] {logging_mixin.py:188} INFO - [2026-05-02T20:53:09.587+0000] {dag.py:3823} INFO - Setting next_dagrun for f1_bigdata_pipeline to 2026-04-27 06:00:00+00:00, run_after=2026-05-04 06:00:00+00:00
[2026-05-02T20:53:09.598+0000] {processor.py:183} INFO - Processing /opt/airflow/dags/f1_pipeline_dag.py took 0.142 seconds
[2026-05-02T20:53:39.813+0000] {processor.py:161} INFO - Started process (PID=3271) to work on /opt/airflow/dags/f1_pipeline_dag.py
[2026-05-02T20:53:39.818+0000] {processor.py:830} INFO - Processing file /opt/airflow/dags/f1_pipeline_dag.py for tasks to queue
[2026-05-02T20:53:39.819+0000] {logging_mixin.py:188} INFO - [2026-05-02T20:53:39.819+0000] {dagbag.py:538} INFO - Filling up the DagBag from /opt/airflow/dags/f1_pipeline_dag.py
[2026-05-02T20:53:39.837+0000] {processor.py:840} INFO - DAG(s) 'f1_bigdata_pipeline' retrieved from /opt/airflow/dags/f1_pipeline_dag.py
[2026-05-02T20:53:39.877+0000] {logging_mixin.py:188} INFO - [2026-05-02T20:53:39.877+0000] {dag.py:3036} INFO - Sync 1 DAGs
[2026-05-02T20:53:39.894+0000] {logging_mixin.py:188} INFO - [2026-05-02T20:53:39.894+0000] {dag.py:3823} INFO - Setting next_dagrun for f1_bigdata_pipeline to 2026-04-27 06:00:00+00:00, run_after=2026-05-04 06:00:00+00:00
[2026-05-02T20:53:39.904+0000] {processor.py:183} INFO - Processing /opt/airflow/dags/f1_pipeline_dag.py took 0.097 seconds
[2026-05-02T20:54:10.357+0000] {processor.py:161} INFO - Started process (PID=3276) to work on /opt/airflow/dags/f1_pipeline_dag.py
[2026-05-02T20:54:10.359+0000] {processor.py:830} INFO - Processing file /opt/airflow/dags/f1_pipeline_dag.py for tasks to queue
[2026-05-02T20:54:10.360+0000] {logging_mixin.py:188} INFO - [2026-05-02T20:54:10.360+0000] {dagbag.py:538} INFO - Filling up the DagBag from /opt/airflow/dags/f1_pipeline_dag.py
[2026-05-02T20:54:10.381+0000] {processor.py:840} INFO - DAG(s) 'f1_bigdata_pipeline' retrieved from /opt/airflow/dags/f1_pipeline_dag.py
[2026-05-02T20:54:10.431+0000] {logging_mixin.py:188} INFO - [2026-05-02T20:54:10.430+0000] {dag.py:3036} INFO - Sync 1 DAGs
[2026-05-02T20:54:10.451+0000] {logging_mixin.py:188} INFO - [2026-05-02T20:54:10.450+0000] {dag.py:3823} INFO - Setting next_dagrun for f1_bigdata_pipeline to 2026-04-27 06:00:00+00:00, run_after=2026-05-04 06:00:00+00:00
[2026-05-02T20:54:10.461+0000] {processor.py:183} INFO - Processing /opt/airflow/dags/f1_pipeline_dag.py took 0.109 seconds
[2026-05-02T20:54:40.823+0000] {processor.py:161} INFO - Started process (PID=3281) to work on /opt/airflow/dags/f1_pipeline_dag.py
[2026-05-02T20:54:40.827+0000] {processor.py:830} INFO - Processing file /opt/airflow/dags/f1_pipeline_dag.py for tasks to queue
[2026-05-02T20:54:40.829+0000] {logging_mixin.py:188} INFO - [2026-05-02T20:54:40.828+0000] {dagbag.py:538} INFO - Filling up the DagBag from /opt/airflow/dags/f1_pipeline_dag.py
[2026-05-02T20:54:40.856+0000] {processor.py:840} INFO - DAG(s) 'f1_bigdata_pipeline' retrieved from /opt/airflow/dags/f1_pipeline_dag.py
[2026-05-02T20:54:40.894+0000] {logging_mixin.py:188} INFO - [2026-05-02T20:54:40.894+0000] {dag.py:3036} INFO - Sync 1 DAGs
[2026-05-02T20:54:40.910+0000] {logging_mixin.py:188} INFO - [2026-05-02T20:54:40.910+0000] {dag.py:3823} INFO - Setting next_dagrun for f1_bigdata_pipeline to 2026-04-27 06:00:00+00:00, run_after=2026-05-04 06:00:00+00:00
[2026-05-02T20:54:40.921+0000] {processor.py:183} INFO - Processing /opt/airflow/dags/f1_pipeline_dag.py took 0.129 seconds
[2026-05-02T20:55:11.182+0000] {processor.py:161} INFO - Started process (PID=3286) to work on /opt/airflow/dags/f1_pipeline_dag.py
[2026-05-02T20:55:11.184+0000] {processor.py:830} INFO - Processing file /opt/airflow/dags/f1_pipeline_dag.py for tasks to queue
[2026-05-02T20:55:11.185+0000] {logging_mixin.py:188} INFO - [2026-05-02T20:55:11.185+0000] {dagbag.py:538} INFO - Filling up the DagBag from /opt/airflow/dags/f1_pipeline_dag.py
[2026-05-02T20:55:11.220+0000] {processor.py:840} INFO - DAG(s) 'f1_bigdata_pipeline' retrieved from /opt/airflow/dags/f1_pipeline_dag.py
[2026-05-02T20:55:11.262+0000] {logging_mixin.py:188} INFO - [2026-05-02T20:55:11.262+0000] {dag.py:3036} INFO - Sync 1 DAGs
[2026-05-02T20:55:11.280+0000] {logging_mixin.py:188} INFO - [2026-05-02T20:55:11.280+0000] {dag.py:3823} INFO - Setting next_dagrun for f1_bigdata_pipeline to 2026-04-27 06:00:00+00:00, run_after=2026-05-04 06:00:00+00:00
[2026-05-02T20:55:11.290+0000] {processor.py:183} INFO - Processing /opt/airflow/dags/f1_pipeline_dag.py took 0.116 seconds
[2026-05-02T20:55:41.619+0000] {processor.py:161} INFO - Started process (PID=3291) to work on /opt/airflow/dags/f1_pipeline_dag.py
[2026-05-02T20:55:41.621+0000] {processor.py:830} INFO - Processing file /opt/airflow/dags/f1_pipeline_dag.py for tasks to queue
[2026-05-02T20:55:41.622+0000] {logging_mixin.py:188} INFO - [2026-05-02T20:55:41.622+0000] {dagbag.py:538} INFO - Filling up the DagBag from /opt/airflow/dags/f1_pipeline_dag.py
[2026-05-02T20:55:41.646+0000] {processor.py:840} INFO - DAG(s) 'f1_bigdata_pipeline' retrieved from /opt/airflow/dags/f1_pipeline_dag.py
[2026-05-02T20:55:41.688+0000] {logging_mixin.py:188} INFO - [2026-05-02T20:55:41.688+0000] {dag.py:3036} INFO - Sync 1 DAGs
[2026-05-02T20:55:41.705+0000] {logging_mixin.py:188} INFO - [2026-05-02T20:55:41.705+0000] {dag.py:3823} INFO - Setting next_dagrun for f1_bigdata_pipeline to 2026-04-27 06:00:00+00:00, run_after=2026-05-04 06:00:00+00:00
[2026-05-02T20:55:41.715+0000] {processor.py:183} INFO - Processing /opt/airflow/dags/f1_pipeline_dag.py took 0.101 seconds
[2026-05-02T20:56:11.992+0000] {processor.py:161} INFO - Started process (PID=3296) to work on /opt/airflow/dags/f1_pipeline_dag.py
[2026-05-02T20:56:11.995+0000] {processor.py:830} INFO - Processing file /opt/airflow/dags/f1_pipeline_dag.py for tasks to queue
[2026-05-02T20:56:11.996+0000] {logging_mixin.py:188} INFO - [2026-05-02T20:56:11.996+0000] {dagbag.py:538} INFO - Filling up the DagBag from /opt/airflow/dags/f1_pipeline_dag.py
[2026-05-02T20:56:12.032+0000] {processor.py:840} INFO - DAG(s) 'f1_bigdata_pipeline' retrieved from /opt/airflow/dags/f1_pipeline_dag.py
[2026-05-02T20:56:12.075+0000] {logging_mixin.py:188} INFO - [2026-05-02T20:56:12.075+0000] {dag.py:3036} INFO - Sync 1 DAGs
[2026-05-02T20:56:12.091+0000] {logging_mixin.py:188} INFO - [2026-05-02T20:56:12.091+0000] {dag.py:3823} INFO - Setting next_dagrun for f1_bigdata_pipeline to 2026-04-27 06:00:00+00:00, run_after=2026-05-04 06:00:00+00:00
[2026-05-02T20:56:12.101+0000] {processor.py:183} INFO - Processing /opt/airflow/dags/f1_pipeline_dag.py took 0.114 seconds
[2026-05-02T20:56:42.436+0000] {processor.py:161} INFO - Started process (PID=3301) to work on /opt/airflow/dags/f1_pipeline_dag.py
[2026-05-02T20:56:42.438+0000] {processor.py:830} INFO - Processing file /opt/airflow/dags/f1_pipeline_dag.py for tasks to queue
[2026-05-02T20:56:42.439+0000] {logging_mixin.py:188} INFO - [2026-05-02T20:56:42.439+0000] {dagbag.py:538} INFO - Filling up the DagBag from /opt/airflow/dags/f1_pipeline_dag.py
[2026-05-02T20:56:42.462+0000] {processor.py:840} INFO - DAG(s) 'f1_bigdata_pipeline' retrieved from /opt/airflow/dags/f1_pipeline_dag.py
[2026-05-02T20:56:42.490+0000] {logging_mixin.py:188} INFO - [2026-05-02T20:56:42.490+0000] {dag.py:3036} INFO - Sync 1 DAGs
[2026-05-02T20:56:42.515+0000] {logging_mixin.py:188} INFO - [2026-05-02T20:56:42.515+0000] {dag.py:3823} INFO - Setting next_dagrun for f1_bigdata_pipeline to 2026-04-27 06:00:00+00:00, run_after=2026-05-04 06:00:00+00:00
[2026-05-02T20:56:42.534+0000] {processor.py:183} INFO - Processing /opt/airflow/dags/f1_pipeline_dag.py took 0.102 seconds
[2026-05-02T20:57:12.812+0000] {processor.py:161} INFO - Started process (PID=3306) to work on /opt/airflow/dags/f1_pipeline_dag.py
[2026-05-02T20:57:12.814+0000] {processor.py:830} INFO - Processing file /opt/airflow/dags/f1_pipeline_dag.py for tasks to queue
[2026-05-02T20:57:12.815+0000] {logging_mixin.py:188} INFO - [2026-05-02T20:57:12.815+0000] {dagbag.py:538} INFO - Filling up the DagBag from /opt/airflow/dags/f1_pipeline_dag.py
[2026-05-02T20:57:12.840+0000] {processor.py:840} INFO - DAG(s) 'f1_bigdata_pipeline' retrieved from /opt/airflow/dags/f1_pipeline_dag.py
[2026-05-02T20:57:12.878+0000] {logging_mixin.py:188} INFO - [2026-05-02T20:57:12.877+0000] {dag.py:3036} INFO - Sync 1 DAGs
[2026-05-02T20:57:12.892+0000] {logging_mixin.py:188} INFO - [2026-05-02T20:57:12.892+0000] {dag.py:3823} INFO - Setting next_dagrun for f1_bigdata_pipeline to 2026-04-27 06:00:00+00:00, run_after=2026-05-04 06:00:00+00:00
[2026-05-02T20:57:12.901+0000] {processor.py:183} INFO - Processing /opt/airflow/dags/f1_pipeline_dag.py took 0.094 seconds
[2026-05-02T20:57:43.231+0000] {processor.py:161} INFO - Started process (PID=3311) to work on /opt/airflow/dags/f1_pipeline_dag.py
[2026-05-02T20:57:43.232+0000] {processor.py:830} INFO - Processing file /opt/airflow/dags/f1_pipeline_dag.py for tasks to queue
[2026-05-02T20:57:43.234+0000] {logging_mixin.py:188} INFO - [2026-05-02T20:57:43.233+0000] {dagbag.py:538} INFO - Filling up the DagBag from /opt/airflow/dags/f1_pipeline_dag.py
[2026-05-02T20:57:43.260+0000] {processor.py:840} INFO - DAG(s) 'f1_bigdata_pipeline' retrieved from /opt/airflow/dags/f1_pipeline_dag.py
[2026-05-02T20:57:43.306+0000] {logging_mixin.py:188} INFO - [2026-05-02T20:57:43.305+0000] {dag.py:3036} INFO - Sync 1 DAGs
[2026-05-02T20:57:43.323+0000] {logging_mixin.py:188} INFO - [2026-05-02T20:57:43.323+0000] {dag.py:3823} INFO - Setting next_dagrun for f1_bigdata_pipeline to 2026-04-27 06:00:00+00:00, run_after=2026-05-04 06:00:00+00:00
[2026-05-02T20:57:43.333+0000] {processor.py:183} INFO - Processing /opt/airflow/dags/f1_pipeline_dag.py took 0.112 seconds
[2026-05-02T20:58:13.611+0000] {processor.py:161} INFO - Started process (PID=3316) to work on /opt/airflow/dags/f1_pipeline_dag.py
[2026-05-02T20:58:13.614+0000] {processor.py:830} INFO - Processing file /opt/airflow/dags/f1_pipeline_dag.py for tasks to queue
[2026-05-02T20:58:13.616+0000] {logging_mixin.py:188} INFO - [2026-05-02T20:58:13.615+0000] {dagbag.py:538} INFO - Filling up the DagBag from /opt/airflow/dags/f1_pipeline_dag.py
[2026-05-02T20:58:13.642+0000] {processor.py:840} INFO - DAG(s) 'f1_bigdata_pipeline' retrieved from /opt/airflow/dags/f1_pipeline_dag.py
[2026-05-02T20:58:13.688+0000] {logging_mixin.py:188} INFO - [2026-05-02T20:58:13.688+0000] {dag.py:3036} INFO - Sync 1 DAGs
[2026-05-02T20:58:13.704+0000] {logging_mixin.py:188} INFO - [2026-05-02T20:58:13.704+0000] {dag.py:3823} INFO - Setting next_dagrun for f1_bigdata_pipeline to 2026-04-27 06:00:00+00:00, run_after=2026-05-04 06:00:00+00:00
[2026-05-02T20:58:13.714+0000] {processor.py:183} INFO - Processing /opt/airflow/dags/f1_pipeline_dag.py took 0.108 seconds
[2026-05-02T20:58:44.040+0000] {processor.py:161} INFO - Started process (PID=3321) to work on /opt/airflow/dags/f1_pipeline_dag.py
[2026-05-02T20:58:44.042+0000] {processor.py:830} INFO - Processing file /opt/airflow/dags/f1_pipeline_dag.py for tasks to queue
[2026-05-02T20:58:44.045+0000] {logging_mixin.py:188} INFO - [2026-05-02T20:58:44.044+0000] {dagbag.py:538} INFO - Filling up the DagBag from /opt/airflow/dags/f1_pipeline_dag.py
[2026-05-02T20:58:44.066+0000] {processor.py:840} INFO - DAG(s) 'f1_bigdata_pipeline' retrieved from /opt/airflow/dags/f1_pipeline_dag.py
[2026-05-02T20:58:44.114+0000] {logging_mixin.py:188} INFO - [2026-05-02T20:58:44.114+0000] {dag.py:3036} INFO - Sync 1 DAGs
[2026-05-02T20:58:44.131+0000] {logging_mixin.py:188} INFO - [2026-05-02T20:58:44.131+0000] {dag.py:3823} INFO - Setting next_dagrun for f1_bigdata_pipeline to 2026-04-27 06:00:00+00:00, run_after=2026-05-04 06:00:00+00:00
[2026-05-02T20:58:44.140+0000] {processor.py:183} INFO - Processing /opt/airflow/dags/f1_pipeline_dag.py took 0.106 seconds
[2026-05-02T20:59:14.451+0000] {processor.py:161} INFO - Started process (PID=3326) to work on /opt/airflow/dags/f1_pipeline_dag.py
[2026-05-02T20:59:14.454+0000] {processor.py:830} INFO - Processing file /opt/airflow/dags/f1_pipeline_dag.py for tasks to queue
[2026-05-02T20:59:14.455+0000] {logging_mixin.py:188} INFO - [2026-05-02T20:59:14.455+0000] {dagbag.py:538} INFO - Filling up the DagBag from /opt/airflow/dags/f1_pipeline_dag.py
[2026-05-02T20:59:14.508+0000] {processor.py:840} INFO - DAG(s) 'f1_bigdata_pipeline' retrieved from /opt/airflow/dags/f1_pipeline_dag.py
[2026-05-02T20:59:14.537+0000] {logging_mixin.py:188} INFO - [2026-05-02T20:59:14.537+0000] {dag.py:3036} INFO - Sync 1 DAGs
[2026-05-02T20:59:14.553+0000] {logging_mixin.py:188} INFO - [2026-05-02T20:59:14.553+0000] {dag.py:3823} INFO - Setting next_dagrun for f1_bigdata_pipeline to 2026-04-27 06:00:00+00:00, run_after=2026-05-04 06:00:00+00:00
[2026-05-02T20:59:14.563+0000] {processor.py:183} INFO - Processing /opt/airflow/dags/f1_pipeline_dag.py took 0.117 seconds
[2026-05-02T20:59:44.835+0000] {processor.py:161} INFO - Started process (PID=3331) to work on /opt/airflow/dags/f1_pipeline_dag.py
[2026-05-02T20:59:44.837+0000] {processor.py:830} INFO - Processing file /opt/airflow/dags/f1_pipeline_dag.py for tasks to queue
[2026-05-02T20:59:44.839+0000] {logging_mixin.py:188} INFO - [2026-05-02T20:59:44.838+0000] {dagbag.py:538} INFO - Filling up the DagBag from /opt/airflow/dags/f1_pipeline_dag.py
[2026-05-02T20:59:44.878+0000] {processor.py:840} INFO - DAG(s) 'f1_bigdata_pipeline' retrieved from /opt/airflow/dags/f1_pipeline_dag.py
[2026-05-02T20:59:44.912+0000] {logging_mixin.py:188} INFO - [2026-05-02T20:59:44.912+0000] {dag.py:3036} INFO - Sync 1 DAGs
[2026-05-02T20:59:44.929+0000] {logging_mixin.py:188} INFO - [2026-05-02T20:59:44.929+0000] {dag.py:3823} INFO - Setting next_dagrun for f1_bigdata_pipeline to 2026-04-27 06:00:00+00:00, run_after=2026-05-04 06:00:00+00:00
[2026-05-02T20:59:44.940+0000] {processor.py:183} INFO - Processing /opt/airflow/dags/f1_pipeline_dag.py took 0.108 seconds
[2026-05-02T21:00:15.245+0000] {processor.py:161} INFO - Started process (PID=3336) to work on /opt/airflow/dags/f1_pipeline_dag.py
[2026-05-02T21:00:15.254+0000] {processor.py:830} INFO - Processing file /opt/airflow/dags/f1_pipeline_dag.py for tasks to queue
[2026-05-02T21:00:15.256+0000] {logging_mixin.py:188} INFO - [2026-05-02T21:00:15.256+0000] {dagbag.py:538} INFO - Filling up the DagBag from /opt/airflow/dags/f1_pipeline_dag.py
[2026-05-02T21:00:15.298+0000] {processor.py:840} INFO - DAG(s) 'f1_bigdata_pipeline' retrieved from /opt/airflow/dags/f1_pipeline_dag.py
[2026-05-02T21:00:15.333+0000] {logging_mixin.py:188} INFO - [2026-05-02T21:00:15.333+0000] {dag.py:3036} INFO - Sync 1 DAGs
[2026-05-02T21:00:15.349+0000] {logging_mixin.py:188} INFO - [2026-05-02T21:00:15.349+0000] {dag.py:3823} INFO - Setting next_dagrun for f1_bigdata_pipeline to 2026-04-27 06:00:00+00:00, run_after=2026-05-04 06:00:00+00:00
[2026-05-02T21:00:15.360+0000] {processor.py:183} INFO - Processing /opt/airflow/dags/f1_pipeline_dag.py took 0.181 seconds
[2026-05-02T21:00:45.597+0000] {processor.py:161} INFO - Started process (PID=3341) to work on /opt/airflow/dags/f1_pipeline_dag.py
[2026-05-02T21:00:45.599+0000] {processor.py:830} INFO - Processing file /opt/airflow/dags/f1_pipeline_dag.py for tasks to queue
[2026-05-02T21:00:45.600+0000] {logging_mixin.py:188} INFO - [2026-05-02T21:00:45.600+0000] {dagbag.py:538} INFO - Filling up the DagBag from /opt/airflow/dags/f1_pipeline_dag.py
[2026-05-02T21:00:45.621+0000] {processor.py:840} INFO - DAG(s) 'f1_bigdata_pipeline' retrieved from /opt/airflow/dags/f1_pipeline_dag.py
[2026-05-02T21:00:45.643+0000] {logging_mixin.py:188} INFO - [2026-05-02T21:00:45.643+0000] {dag.py:3036} INFO - Sync 1 DAGs
[2026-05-02T21:00:45.657+0000] {logging_mixin.py:188} INFO - [2026-05-02T21:00:45.657+0000] {dag.py:3823} INFO - Setting next_dagrun for f1_bigdata_pipeline to 2026-04-27 06:00:00+00:00, run_after=2026-05-04 06:00:00+00:00
[2026-05-02T21:00:45.686+0000] {processor.py:183} INFO - Processing /opt/airflow/dags/f1_pipeline_dag.py took 0.096 seconds
[2026-05-02T21:01:16.002+0000] {processor.py:161} INFO - Started process (PID=3346) to work on /opt/airflow/dags/f1_pipeline_dag.py
[2026-05-02T21:01:16.004+0000] {processor.py:830} INFO - Processing file /opt/airflow/dags/f1_pipeline_dag.py for tasks to queue
[2026-05-02T21:01:16.005+0000] {logging_mixin.py:188} INFO - [2026-05-02T21:01:16.005+0000] {dagbag.py:538} INFO - Filling up the DagBag from /opt/airflow/dags/f1_pipeline_dag.py
[2026-05-02T21:01:16.039+0000] {processor.py:840} INFO - DAG(s) 'f1_bigdata_pipeline' retrieved from /opt/airflow/dags/f1_pipeline_dag.py
[2026-05-02T21:01:16.088+0000] {logging_mixin.py:188} INFO - [2026-05-02T21:01:16.088+0000] {dag.py:3036} INFO - Sync 1 DAGs
[2026-05-02T21:01:16.104+0000] {logging_mixin.py:188} INFO - [2026-05-02T21:01:16.104+0000] {dag.py:3823} INFO - Setting next_dagrun for f1_bigdata_pipeline to 2026-04-27 06:00:00+00:00, run_after=2026-05-04 06:00:00+00:00
[2026-05-02T21:01:16.113+0000] {processor.py:183} INFO - Processing /opt/airflow/dags/f1_pipeline_dag.py took 0.117 seconds
[2026-05-02T21:01:46.453+0000] {processor.py:161} INFO - Started process (PID=3351) to work on /opt/airflow/dags/f1_pipeline_dag.py
[2026-05-02T21:01:46.455+0000] {processor.py:830} INFO - Processing file /opt/airflow/dags/f1_pipeline_dag.py for tasks to queue
[2026-05-02T21:01:46.456+0000] {logging_mixin.py:188} INFO - [2026-05-02T21:01:46.455+0000] {dagbag.py:538} INFO - Filling up the DagBag from /opt/airflow/dags/f1_pipeline_dag.py
[2026-05-02T21:01:46.480+0000] {processor.py:840} INFO - DAG(s) 'f1_bigdata_pipeline' retrieved from /opt/airflow/dags/f1_pipeline_dag.py
[2026-05-02T21:01:46.516+0000] {logging_mixin.py:188} INFO - [2026-05-02T21:01:46.516+0000] {dag.py:3036} INFO - Sync 1 DAGs
[2026-05-02T21:01:46.532+0000] {logging_mixin.py:188} INFO - [2026-05-02T21:01:46.532+0000] {dag.py:3823} INFO - Setting next_dagrun for f1_bigdata_pipeline to 2026-04-27 06:00:00+00:00, run_after=2026-05-04 06:00:00+00:00
[2026-05-02T21:01:46.542+0000] {processor.py:183} INFO - Processing /opt/airflow/dags/f1_pipeline_dag.py took 0.095 seconds
[2026-05-02T21:02:16.823+0000] {processor.py:161} INFO - Started process (PID=3356) to work on /opt/airflow/dags/f1_pipeline_dag.py
[2026-05-02T21:02:16.825+0000] {processor.py:830} INFO - Processing file /opt/airflow/dags/f1_pipeline_dag.py for tasks to queue
[2026-05-02T21:02:16.826+0000] {logging_mixin.py:188} INFO - [2026-05-02T21:02:16.825+0000] {dagbag.py:538} INFO - Filling up the DagBag from /opt/airflow/dags/f1_pipeline_dag.py
[2026-05-02T21:02:16.848+0000] {processor.py:840} INFO - DAG(s) 'f1_bigdata_pipeline' retrieved from /opt/airflow/dags/f1_pipeline_dag.py
[2026-05-02T21:02:16.881+0000] {logging_mixin.py:188} INFO - [2026-05-02T21:02:16.881+0000] {dag.py:3036} INFO - Sync 1 DAGs
[2026-05-02T21:02:16.894+0000] {logging_mixin.py:188} INFO - [2026-05-02T21:02:16.894+0000] {dag.py:3823} INFO - Setting next_dagrun for f1_bigdata_pipeline to 2026-04-27 06:00:00+00:00, run_after=2026-05-04 06:00:00+00:00
[2026-05-02T21:02:16.904+0000] {processor.py:183} INFO - Processing /opt/airflow/dags/f1_pipeline_dag.py took 0.087 seconds
[2026-05-02T21:02:47.272+0000] {processor.py:161} INFO - Started process (PID=3361) to work on /opt/airflow/dags/f1_pipeline_dag.py
[2026-05-02T21:02:47.275+0000] {processor.py:830} INFO - Processing file /opt/airflow/dags/f1_pipeline_dag.py for tasks to queue
[2026-05-02T21:02:47.276+0000] {logging_mixin.py:188} INFO - [2026-05-02T21:02:47.276+0000] {dagbag.py:538} INFO - Filling up the DagBag from /opt/airflow/dags/f1_pipeline_dag.py
[2026-05-02T21:02:47.311+0000] {processor.py:840} INFO - DAG(s) 'f1_bigdata_pipeline' retrieved from /opt/airflow/dags/f1_pipeline_dag.py
[2026-05-02T21:02:47.353+0000] {logging_mixin.py:188} INFO - [2026-05-02T21:02:47.352+0000] {dag.py:3036} INFO - Sync 1 DAGs
[2026-05-02T21:02:47.369+0000] {logging_mixin.py:188} INFO - [2026-05-02T21:02:47.369+0000] {dag.py:3823} INFO - Setting next_dagrun for f1_bigdata_pipeline to 2026-04-27 06:00:00+00:00, run_after=2026-05-04 06:00:00+00:00
[2026-05-02T21:02:47.379+0000] {processor.py:183} INFO - Processing /opt/airflow/dags/f1_pipeline_dag.py took 0.121 seconds
[2026-05-02T21:03:17.645+0000] {processor.py:161} INFO - Started process (PID=3366) to work on /opt/airflow/dags/f1_pipeline_dag.py
[2026-05-02T21:03:17.648+0000] {processor.py:830} INFO - Processing file /opt/airflow/dags/f1_pipeline_dag.py for tasks to queue
[2026-05-02T21:03:17.650+0000] {logging_mixin.py:188} INFO - [2026-05-02T21:03:17.650+0000] {dagbag.py:538} INFO - Filling up the DagBag from /opt/airflow/dags/f1_pipeline_dag.py
[2026-05-02T21:03:17.684+0000] {processor.py:840} INFO - DAG(s) 'f1_bigdata_pipeline' retrieved from /opt/airflow/dags/f1_pipeline_dag.py
[2026-05-02T21:03:17.720+0000] {logging_mixin.py:188} INFO - [2026-05-02T21:03:17.720+0000] {dag.py:3036} INFO - Sync 1 DAGs
[2026-05-02T21:03:17.737+0000] {logging_mixin.py:188} INFO - [2026-05-02T21:03:17.737+0000] {dag.py:3823} INFO - Setting next_dagrun for f1_bigdata_pipeline to 2026-04-27 06:00:00+00:00, run_after=2026-05-04 06:00:00+00:00
[2026-05-02T21:03:17.752+0000] {processor.py:183} INFO - Processing /opt/airflow/dags/f1_pipeline_dag.py took 0.123 seconds
[2026-05-02T21:03:48.575+0000] {processor.py:161} INFO - Started process (PID=3371) to work on /opt/airflow/dags/f1_pipeline_dag.py
[2026-05-02T21:03:48.578+0000] {processor.py:830} INFO - Processing file /opt/airflow/dags/f1_pipeline_dag.py for tasks to queue
[2026-05-02T21:03:48.579+0000] {logging_mixin.py:188} INFO - [2026-05-02T21:03:48.579+0000] {dagbag.py:538} INFO - Filling up the DagBag from /opt/airflow/dags/f1_pipeline_dag.py
[2026-05-02T21:03:48.599+0000] {processor.py:840} INFO - DAG(s) 'f1_bigdata_pipeline' retrieved from /opt/airflow/dags/f1_pipeline_dag.py
[2026-05-02T21:03:48.644+0000] {logging_mixin.py:188} INFO - [2026-05-02T21:03:48.644+0000] {dag.py:3036} INFO - Sync 1 DAGs
[2026-05-02T21:03:48.662+0000] {logging_mixin.py:188} INFO - [2026-05-02T21:03:48.662+0000] {dag.py:3823} INFO - Setting next_dagrun for f1_bigdata_pipeline to 2026-04-27 06:00:00+00:00, run_after=2026-05-04 06:00:00+00:00
[2026-05-02T21:03:48.671+0000] {processor.py:183} INFO - Processing /opt/airflow/dags/f1_pipeline_dag.py took 0.101 seconds
[2026-05-02T21:04:19.030+0000] {processor.py:161} INFO - Started process (PID=3376) to work on /opt/airflow/dags/f1_pipeline_dag.py
[2026-05-02T21:04:19.033+0000] {processor.py:830} INFO - Processing file /opt/airflow/dags/f1_pipeline_dag.py for tasks to queue
[2026-05-02T21:04:19.035+0000] {logging_mixin.py:188} INFO - [2026-05-02T21:04:19.034+0000] {dagbag.py:538} INFO - Filling up the DagBag from /opt/airflow/dags/f1_pipeline_dag.py
[2026-05-02T21:04:19.066+0000] {processor.py:840} INFO - DAG(s) 'f1_bigdata_pipeline' retrieved from /opt/airflow/dags/f1_pipeline_dag.py
[2026-05-02T21:04:19.094+0000] {logging_mixin.py:188} INFO - [2026-05-02T21:04:19.094+0000] {dag.py:3036} INFO - Sync 1 DAGs
[2026-05-02T21:04:19.110+0000] {logging_mixin.py:188} INFO - [2026-05-02T21:04:19.109+0000] {dag.py:3823} INFO - Setting next_dagrun for f1_bigdata_pipeline to 2026-04-27 06:00:00+00:00, run_after=2026-05-04 06:00:00+00:00
[2026-05-02T21:04:19.119+0000] {processor.py:183} INFO - Processing /opt/airflow/dags/f1_pipeline_dag.py took 0.109 seconds
[2026-05-02T21:04:49.439+0000] {processor.py:161} INFO - Started process (PID=3381) to work on /opt/airflow/dags/f1_pipeline_dag.py
[2026-05-02T21:04:49.441+0000] {processor.py:830} INFO - Processing file /opt/airflow/dags/f1_pipeline_dag.py for tasks to queue
[2026-05-02T21:04:49.442+0000] {logging_mixin.py:188} INFO - [2026-05-02T21:04:49.442+0000] {dagbag.py:538} INFO - Filling up the DagBag from /opt/airflow/dags/f1_pipeline_dag.py
[2026-05-02T21:04:49.463+0000] {processor.py:840} INFO - DAG(s) 'f1_bigdata_pipeline' retrieved from /opt/airflow/dags/f1_pipeline_dag.py
[2026-05-02T21:04:49.502+0000] {logging_mixin.py:188} INFO - [2026-05-02T21:04:49.502+0000] {dag.py:3036} INFO - Sync 1 DAGs
[2026-05-02T21:04:49.517+0000] {logging_mixin.py:188} INFO - [2026-05-02T21:04:49.517+0000] {dag.py:3823} INFO - Setting next_dagrun for f1_bigdata_pipeline to 2026-04-27 06:00:00+00:00, run_after=2026-05-04 06:00:00+00:00
[2026-05-02T21:04:49.525+0000] {processor.py:183} INFO - Processing /opt/airflow/dags/f1_pipeline_dag.py took 0.090 seconds
[2026-05-02T21:05:19.843+0000] {processor.py:161} INFO - Started process (PID=3386) to work on /opt/airflow/dags/f1_pipeline_dag.py
[2026-05-02T21:05:19.845+0000] {processor.py:830} INFO - Processing file /opt/airflow/dags/f1_pipeline_dag.py for tasks to queue
[2026-05-02T21:05:19.850+0000] {logging_mixin.py:188} INFO - [2026-05-02T21:05:19.848+0000] {dagbag.py:538} INFO - Filling up the DagBag from /opt/airflow/dags/f1_pipeline_dag.py
[2026-05-02T21:05:19.873+0000] {processor.py:840} INFO - DAG(s) 'f1_bigdata_pipeline' retrieved from /opt/airflow/dags/f1_pipeline_dag.py
[2026-05-02T21:05:19.909+0000] {logging_mixin.py:188} INFO - [2026-05-02T21:05:19.909+0000] {dag.py:3036} INFO - Sync 1 DAGs
[2026-05-02T21:05:19.925+0000] {logging_mixin.py:188} INFO - [2026-05-02T21:05:19.924+0000] {dag.py:3823} INFO - Setting next_dagrun for f1_bigdata_pipeline to 2026-04-27 06:00:00+00:00, run_after=2026-05-04 06:00:00+00:00
[2026-05-02T21:05:19.934+0000] {processor.py:183} INFO - Processing /opt/airflow/dags/f1_pipeline_dag.py took 0.096 seconds
[2026-05-02T21:05:50.201+0000] {processor.py:161} INFO - Started process (PID=3391) to work on /opt/airflow/dags/f1_pipeline_dag.py
[2026-05-02T21:05:50.203+0000] {processor.py:830} INFO - Processing file /opt/airflow/dags/f1_pipeline_dag.py for tasks to queue
[2026-05-02T21:05:50.204+0000] {logging_mixin.py:188} INFO - [2026-05-02T21:05:50.204+0000] {dagbag.py:538} INFO - Filling up the DagBag from /opt/airflow/dags/f1_pipeline_dag.py
[2026-05-02T21:05:50.232+0000] {processor.py:840} INFO - DAG(s) 'f1_bigdata_pipeline' retrieved from /opt/airflow/dags/f1_pipeline_dag.py
[2026-05-02T21:05:50.260+0000] {logging_mixin.py:188} INFO - [2026-05-02T21:05:50.260+0000] {dag.py:3036} INFO - Sync 1 DAGs
[2026-05-02T21:05:50.276+0000] {logging_mixin.py:188} INFO - [2026-05-02T21:05:50.276+0000] {dag.py:3823} INFO - Setting next_dagrun for f1_bigdata_pipeline to 2026-04-27 06:00:00+00:00, run_after=2026-05-04 06:00:00+00:00
[2026-05-02T21:05:50.288+0000] {processor.py:183} INFO - Processing /opt/airflow/dags/f1_pipeline_dag.py took 0.090 seconds
[2026-05-02T21:06:20.624+0000] {processor.py:161} INFO - Started process (PID=3396) to work on /opt/airflow/dags/f1_pipeline_dag.py
[2026-05-02T21:06:20.626+0000] {processor.py:830} INFO - Processing file /opt/airflow/dags/f1_pipeline_dag.py for tasks to queue
[2026-05-02T21:06:20.627+0000] {logging_mixin.py:188} INFO - [2026-05-02T21:06:20.626+0000] {dagbag.py:538} INFO - Filling up the DagBag from /opt/airflow/dags/f1_pipeline_dag.py
[2026-05-02T21:06:20.642+0000] {processor.py:840} INFO - DAG(s) 'f1_bigdata_pipeline' retrieved from /opt/airflow/dags/f1_pipeline_dag.py
[2026-05-02T21:06:20.681+0000] {logging_mixin.py:188} INFO - [2026-05-02T21:06:20.680+0000] {dag.py:3036} INFO - Sync 1 DAGs
[2026-05-02T21:06:20.697+0000] {logging_mixin.py:188} INFO - [2026-05-02T21:06:20.697+0000] {dag.py:3823} INFO - Setting next_dagrun for f1_bigdata_pipeline to 2026-04-27 06:00:00+00:00, run_after=2026-05-04 06:00:00+00:00
[2026-05-02T21:06:20.706+0000] {processor.py:183} INFO - Processing /opt/airflow/dags/f1_pipeline_dag.py took 0.086 seconds
[2026-05-02T21:06:51.031+0000] {processor.py:161} INFO - Started process (PID=3401) to work on /opt/airflow/dags/f1_pipeline_dag.py
[2026-05-02T21:06:51.033+0000] {processor.py:830} INFO - Processing file /opt/airflow/dags/f1_pipeline_dag.py for tasks to queue
[2026-05-02T21:06:51.034+0000] {logging_mixin.py:188} INFO - [2026-05-02T21:06:51.033+0000] {dagbag.py:538} INFO - Filling up the DagBag from /opt/airflow/dags/f1_pipeline_dag.py
[2026-05-02T21:06:51.049+0000] {processor.py:840} INFO - DAG(s) 'f1_bigdata_pipeline' retrieved from /opt/airflow/dags/f1_pipeline_dag.py
[2026-05-02T21:06:51.077+0000] {logging_mixin.py:188} INFO - [2026-05-02T21:06:51.077+0000] {dag.py:3036} INFO - Sync 1 DAGs
[2026-05-02T21:06:51.092+0000] {logging_mixin.py:188} INFO - [2026-05-02T21:06:51.092+0000] {dag.py:3823} INFO - Setting next_dagrun for f1_bigdata_pipeline to 2026-04-27 06:00:00+00:00, run_after=2026-05-04 06:00:00+00:00
[2026-05-02T21:06:51.106+0000] {processor.py:183} INFO - Processing /opt/airflow/dags/f1_pipeline_dag.py took 0.081 seconds
[2026-05-02T21:07:21.390+0000] {processor.py:161} INFO - Started process (PID=3406) to work on /opt/airflow/dags/f1_pipeline_dag.py
[2026-05-02T21:07:21.392+0000] {processor.py:830} INFO - Processing file /opt/airflow/dags/f1_pipeline_dag.py for tasks to queue
[2026-05-02T21:07:21.394+0000] {logging_mixin.py:188} INFO - [2026-05-02T21:07:21.393+0000] {dagbag.py:538} INFO - Filling up the DagBag from /opt/airflow/dags/f1_pipeline_dag.py
[2026-05-02T21:07:21.417+0000] {processor.py:840} INFO - DAG(s) 'f1_bigdata_pipeline' retrieved from /opt/airflow/dags/f1_pipeline_dag.py
[2026-05-02T21:07:21.439+0000] {logging_mixin.py:188} INFO - [2026-05-02T21:07:21.439+0000] {dag.py:3036} INFO - Sync 1 DAGs
[2026-05-02T21:07:21.454+0000] {logging_mixin.py:188} INFO - [2026-05-02T21:07:21.454+0000] {dag.py:3823} INFO - Setting next_dagrun for f1_bigdata_pipeline to 2026-04-27 06:00:00+00:00, run_after=2026-05-04 06:00:00+00:00
[2026-05-02T21:07:21.462+0000] {processor.py:183} INFO - Processing /opt/airflow/dags/f1_pipeline_dag.py took 0.079 seconds
[2026-05-02T21:07:51.800+0000] {processor.py:161} INFO - Started process (PID=3411) to work on /opt/airflow/dags/f1_pipeline_dag.py
[2026-05-02T21:07:51.802+0000] {processor.py:830} INFO - Processing file /opt/airflow/dags/f1_pipeline_dag.py for tasks to queue
[2026-05-02T21:07:51.803+0000] {logging_mixin.py:188} INFO - [2026-05-02T21:07:51.803+0000] {dagbag.py:538} INFO - Filling up the DagBag from /opt/airflow/dags/f1_pipeline_dag.py
[2026-05-02T21:07:51.822+0000] {processor.py:840} INFO - DAG(s) 'f1_bigdata_pipeline' retrieved from /opt/airflow/dags/f1_pipeline_dag.py
[2026-05-02T21:07:51.860+0000] {logging_mixin.py:188} INFO - [2026-05-02T21:07:51.860+0000] {dag.py:3036} INFO - Sync 1 DAGs
[2026-05-02T21:07:51.876+0000] {logging_mixin.py:188} INFO - [2026-05-02T21:07:51.876+0000] {dag.py:3823} INFO - Setting next_dagrun for f1_bigdata_pipeline to 2026-04-27 06:00:00+00:00, run_after=2026-05-04 06:00:00+00:00
[2026-05-02T21:07:51.885+0000] {processor.py:183} INFO - Processing /opt/airflow/dags/f1_pipeline_dag.py took 0.091 seconds
[2026-05-02T21:08:22.193+0000] {processor.py:161} INFO - Started process (PID=3416) to work on /opt/airflow/dags/f1_pipeline_dag.py
[2026-05-02T21:08:22.195+0000] {processor.py:830} INFO - Processing file /opt/airflow/dags/f1_pipeline_dag.py for tasks to queue
[2026-05-02T21:08:22.196+0000] {logging_mixin.py:188} INFO - [2026-05-02T21:08:22.196+0000] {dagbag.py:538} INFO - Filling up the DagBag from /opt/airflow/dags/f1_pipeline_dag.py
[2026-05-02T21:08:22.221+0000] {processor.py:840} INFO - DAG(s) 'f1_bigdata_pipeline' retrieved from /opt/airflow/dags/f1_pipeline_dag.py
[2026-05-02T21:08:22.250+0000] {logging_mixin.py:188} INFO - [2026-05-02T21:08:22.249+0000] {dag.py:3036} INFO - Sync 1 DAGs
[2026-05-02T21:08:22.283+0000] {logging_mixin.py:188} INFO - [2026-05-02T21:08:22.283+0000] {dag.py:3823} INFO - Setting next_dagrun for f1_bigdata_pipeline to 2026-04-27 06:00:00+00:00, run_after=2026-05-04 06:00:00+00:00
[2026-05-02T21:08:22.292+0000] {processor.py:183} INFO - Processing /opt/airflow/dags/f1_pipeline_dag.py took 0.103 seconds
[2026-05-02T21:08:52.512+0000] {processor.py:161} INFO - Started process (PID=3421) to work on /opt/airflow/dags/f1_pipeline_dag.py
[2026-05-02T21:08:52.514+0000] {processor.py:830} INFO - Processing file /opt/airflow/dags/f1_pipeline_dag.py for tasks to queue
[2026-05-02T21:08:52.515+0000] {logging_mixin.py:188} INFO - [2026-05-02T21:08:52.515+0000] {dagbag.py:538} INFO - Filling up the DagBag from /opt/airflow/dags/f1_pipeline_dag.py
[2026-05-02T21:08:52.543+0000] {processor.py:840} INFO - DAG(s) 'f1_bigdata_pipeline' retrieved from /opt/airflow/dags/f1_pipeline_dag.py
[2026-05-02T21:08:52.587+0000] {logging_mixin.py:188} INFO - [2026-05-02T21:08:52.587+0000] {dag.py:3036} INFO - Sync 1 DAGs
[2026-05-02T21:08:52.608+0000] {logging_mixin.py:188} INFO - [2026-05-02T21:08:52.608+0000] {dag.py:3823} INFO - Setting next_dagrun for f1_bigdata_pipeline to 2026-04-27 06:00:00+00:00, run_after=2026-05-04 06:00:00+00:00
[2026-05-02T21:08:52.621+0000] {processor.py:183} INFO - Processing /opt/airflow/dags/f1_pipeline_dag.py took 0.117 seconds
[2026-05-02T21:09:22.961+0000] {processor.py:161} INFO - Started process (PID=3426) to work on /opt/airflow/dags/f1_pipeline_dag.py
[2026-05-02T21:09:22.963+0000] {processor.py:830} INFO - Processing file /opt/airflow/dags/f1_pipeline_dag.py for tasks to queue
[2026-05-02T21:09:22.964+0000] {logging_mixin.py:188} INFO - [2026-05-02T21:09:22.964+0000] {dagbag.py:538} INFO - Filling up the DagBag from /opt/airflow/dags/f1_pipeline_dag.py
[2026-05-02T21:09:22.986+0000] {processor.py:840} INFO - DAG(s) 'f1_bigdata_pipeline' retrieved from /opt/airflow/dags/f1_pipeline_dag.py
[2026-05-02T21:09:23.029+0000] {logging_mixin.py:188} INFO - [2026-05-02T21:09:23.029+0000] {dag.py:3036} INFO - Sync 1 DAGs
[2026-05-02T21:09:23.053+0000] {logging_mixin.py:188} INFO - [2026-05-02T21:09:23.053+0000] {dag.py:3823} INFO - Setting next_dagrun for f1_bigdata_pipeline to 2026-04-27 06:00:00+00:00, run_after=2026-05-04 06:00:00+00:00
[2026-05-02T21:09:23.063+0000] {processor.py:183} INFO - Processing /opt/airflow/dags/f1_pipeline_dag.py took 0.109 seconds
[2026-05-02T21:09:53.363+0000] {processor.py:161} INFO - Started process (PID=3431) to work on /opt/airflow/dags/f1_pipeline_dag.py
[2026-05-02T21:09:53.366+0000] {processor.py:830} INFO - Processing file /opt/airflow/dags/f1_pipeline_dag.py for tasks to queue
[2026-05-02T21:09:53.367+0000] {logging_mixin.py:188} INFO - [2026-05-02T21:09:53.367+0000] {dagbag.py:538} INFO - Filling up the DagBag from /opt/airflow/dags/f1_pipeline_dag.py
[2026-05-02T21:09:53.395+0000] {processor.py:840} INFO - DAG(s) 'f1_bigdata_pipeline' retrieved from /opt/airflow/dags/f1_pipeline_dag.py
[2026-05-02T21:09:53.434+0000] {logging_mixin.py:188} INFO - [2026-05-02T21:09:53.434+0000] {dag.py:3036} INFO - Sync 1 DAGs
[2026-05-02T21:09:53.447+0000] {logging_mixin.py:188} INFO - [2026-05-02T21:09:53.447+0000] {dag.py:3823} INFO - Setting next_dagrun for f1_bigdata_pipeline to 2026-04-27 06:00:00+00:00, run_after=2026-05-04 06:00:00+00:00
[2026-05-02T21:09:53.454+0000] {processor.py:183} INFO - Processing /opt/airflow/dags/f1_pipeline_dag.py took 0.098 seconds
[2026-05-02T21:10:23.739+0000] {processor.py:161} INFO - Started process (PID=3436) to work on /opt/airflow/dags/f1_pipeline_dag.py
[2026-05-02T21:10:23.740+0000] {processor.py:830} INFO - Processing file /opt/airflow/dags/f1_pipeline_dag.py for tasks to queue
[2026-05-02T21:10:23.741+0000] {logging_mixin.py:188} INFO - [2026-05-02T21:10:23.741+0000] {dagbag.py:538} INFO - Filling up the DagBag from /opt/airflow/dags/f1_pipeline_dag.py
[2026-05-02T21:10:23.758+0000] {processor.py:840} INFO - DAG(s) 'f1_bigdata_pipeline' retrieved from /opt/airflow/dags/f1_pipeline_dag.py
[2026-05-02T21:10:23.796+0000] {logging_mixin.py:188} INFO - [2026-05-02T21:10:23.796+0000] {dag.py:3036} INFO - Sync 1 DAGs
[2026-05-02T21:10:23.811+0000] {logging_mixin.py:188} INFO - [2026-05-02T21:10:23.811+0000] {dag.py:3823} INFO - Setting next_dagrun for f1_bigdata_pipeline to 2026-04-27 06:00:00+00:00, run_after=2026-05-04 06:00:00+00:00
[2026-05-02T21:10:23.820+0000] {processor.py:183} INFO - Processing /opt/airflow/dags/f1_pipeline_dag.py took 0.086 seconds
[2026-05-02T21:10:54.100+0000] {processor.py:161} INFO - Started process (PID=3441) to work on /opt/airflow/dags/f1_pipeline_dag.py
[2026-05-02T21:10:54.103+0000] {processor.py:830} INFO - Processing file /opt/airflow/dags/f1_pipeline_dag.py for tasks to queue
[2026-05-02T21:10:54.104+0000] {logging_mixin.py:188} INFO - [2026-05-02T21:10:54.104+0000] {dagbag.py:538} INFO - Filling up the DagBag from /opt/airflow/dags/f1_pipeline_dag.py
[2026-05-02T21:10:54.129+0000] {processor.py:840} INFO - DAG(s) 'f1_bigdata_pipeline' retrieved from /opt/airflow/dags/f1_pipeline_dag.py
[2026-05-02T21:10:54.173+0000] {logging_mixin.py:188} INFO - [2026-05-02T21:10:54.173+0000] {dag.py:3036} INFO - Sync 1 DAGs
[2026-05-02T21:10:54.186+0000] {logging_mixin.py:188} INFO - [2026-05-02T21:10:54.186+0000] {dag.py:3823} INFO - Setting next_dagrun for f1_bigdata_pipeline to 2026-04-27 06:00:00+00:00, run_after=2026-05-04 06:00:00+00:00
[2026-05-02T21:10:54.194+0000] {processor.py:183} INFO - Processing /opt/airflow/dags/f1_pipeline_dag.py took 0.099 seconds
[2026-05-02T21:11:24.527+0000] {processor.py:161} INFO - Started process (PID=3446) to work on /opt/airflow/dags/f1_pipeline_dag.py
[2026-05-02T21:11:24.530+0000] {processor.py:830} INFO - Processing file /opt/airflow/dags/f1_pipeline_dag.py for tasks to queue
[2026-05-02T21:11:24.532+0000] {logging_mixin.py:188} INFO - [2026-05-02T21:11:24.531+0000] {dagbag.py:538} INFO - Filling up the DagBag from /opt/airflow/dags/f1_pipeline_dag.py
[2026-05-02T21:11:24.563+0000] {processor.py:840} INFO - DAG(s) 'f1_bigdata_pipeline' retrieved from /opt/airflow/dags/f1_pipeline_dag.py
[2026-05-02T21:11:24.614+0000] {logging_mixin.py:188} INFO - [2026-05-02T21:11:24.614+0000] {dag.py:3036} INFO - Sync 1 DAGs
[2026-05-02T21:11:24.629+0000] {logging_mixin.py:188} INFO - [2026-05-02T21:11:24.629+0000] {dag.py:3823} INFO - Setting next_dagrun for f1_bigdata_pipeline to 2026-04-27 06:00:00+00:00, run_after=2026-05-04 06:00:00+00:00
[2026-05-02T21:11:24.637+0000] {processor.py:183} INFO - Processing /opt/airflow/dags/f1_pipeline_dag.py took 0.116 seconds
[2026-05-02T21:11:54.958+0000] {processor.py:161} INFO - Started process (PID=3451) to work on /opt/airflow/dags/f1_pipeline_dag.py
[2026-05-02T21:11:54.960+0000] {processor.py:830} INFO - Processing file /opt/airflow/dags/f1_pipeline_dag.py for tasks to queue
[2026-05-02T21:11:54.962+0000] {logging_mixin.py:188} INFO - [2026-05-02T21:11:54.961+0000] {dagbag.py:538} INFO - Filling up the DagBag from /opt/airflow/dags/f1_pipeline_dag.py
[2026-05-02T21:11:54.983+0000] {processor.py:840} INFO - DAG(s) 'f1_bigdata_pipeline' retrieved from /opt/airflow/dags/f1_pipeline_dag.py
[2026-05-02T21:11:55.029+0000] {logging_mixin.py:188} INFO - [2026-05-02T21:11:55.029+0000] {dag.py:3036} INFO - Sync 1 DAGs
[2026-05-02T21:11:55.047+0000] {logging_mixin.py:188} INFO - [2026-05-02T21:11:55.047+0000] {dag.py:3823} INFO - Setting next_dagrun for f1_bigdata_pipeline to 2026-04-27 06:00:00+00:00, run_after=2026-05-04 06:00:00+00:00
[2026-05-02T21:11:55.056+0000] {processor.py:183} INFO - Processing /opt/airflow/dags/f1_pipeline_dag.py took 0.103 seconds
[2026-05-02T21:12:25.356+0000] {processor.py:161} INFO - Started process (PID=3456) to work on /opt/airflow/dags/f1_pipeline_dag.py
[2026-05-02T21:12:25.359+0000] {processor.py:830} INFO - Processing file /opt/airflow/dags/f1_pipeline_dag.py for tasks to queue
[2026-05-02T21:12:25.360+0000] {logging_mixin.py:188} INFO - [2026-05-02T21:12:25.359+0000] {dagbag.py:538} INFO - Filling up the DagBag from /opt/airflow/dags/f1_pipeline_dag.py
[2026-05-02T21:12:25.400+0000] {processor.py:840} INFO - DAG(s) 'f1_bigdata_pipeline' retrieved from /opt/airflow/dags/f1_pipeline_dag.py
[2026-05-02T21:12:25.440+0000] {logging_mixin.py:188} INFO - [2026-05-02T21:12:25.440+0000] {dag.py:3036} INFO - Sync 1 DAGs
[2026-05-02T21:12:25.461+0000] {logging_mixin.py:188} INFO - [2026-05-02T21:12:25.461+0000] {dag.py:3823} INFO - Setting next_dagrun for f1_bigdata_pipeline to 2026-04-27 06:00:00+00:00, run_after=2026-05-04 06:00:00+00:00
[2026-05-02T21:12:25.470+0000] {processor.py:183} INFO - Processing /opt/airflow/dags/f1_pipeline_dag.py took 0.119 seconds
[2026-05-02T21:12:55.869+0000] {processor.py:161} INFO - Started process (PID=3461) to work on /opt/airflow/dags/f1_pipeline_dag.py
[2026-05-02T21:12:55.871+0000] {processor.py:830} INFO - Processing file /opt/airflow/dags/f1_pipeline_dag.py for tasks to queue
[2026-05-02T21:12:55.875+0000] {logging_mixin.py:188} INFO - [2026-05-02T21:12:55.874+0000] {dagbag.py:538} INFO - Filling up the DagBag from /opt/airflow/dags/f1_pipeline_dag.py
[2026-05-02T21:12:55.907+0000] {processor.py:840} INFO - DAG(s) 'f1_bigdata_pipeline' retrieved from /opt/airflow/dags/f1_pipeline_dag.py
[2026-05-02T21:12:55.957+0000] {logging_mixin.py:188} INFO - [2026-05-02T21:12:55.957+0000] {dag.py:3036} INFO - Sync 1 DAGs
[2026-05-02T21:12:55.987+0000] {logging_mixin.py:188} INFO - [2026-05-02T21:12:55.987+0000] {dag.py:3823} INFO - Setting next_dagrun for f1_bigdata_pipeline to 2026-04-27 06:00:00+00:00, run_after=2026-05-04 06:00:00+00:00
[2026-05-02T21:12:56.000+0000] {processor.py:183} INFO - Processing /opt/airflow/dags/f1_pipeline_dag.py took 0.138 seconds
[2026-05-02T21:13:26.316+0000] {processor.py:161} INFO - Started process (PID=3466) to work on /opt/airflow/dags/f1_pipeline_dag.py
[2026-05-02T21:13:26.318+0000] {processor.py:830} INFO - Processing file /opt/airflow/dags/f1_pipeline_dag.py for tasks to queue
[2026-05-02T21:13:26.319+0000] {logging_mixin.py:188} INFO - [2026-05-02T21:13:26.318+0000] {dagbag.py:538} INFO - Filling up the DagBag from /opt/airflow/dags/f1_pipeline_dag.py
[2026-05-02T21:13:26.360+0000] {processor.py:840} INFO - DAG(s) 'f1_bigdata_pipeline' retrieved from /opt/airflow/dags/f1_pipeline_dag.py
[2026-05-02T21:13:26.388+0000] {logging_mixin.py:188} INFO - [2026-05-02T21:13:26.388+0000] {dag.py:3036} INFO - Sync 1 DAGs
[2026-05-02T21:13:26.417+0000] {logging_mixin.py:188} INFO - [2026-05-02T21:13:26.417+0000] {dag.py:3823} INFO - Setting next_dagrun for f1_bigdata_pipeline to 2026-04-27 06:00:00+00:00, run_after=2026-05-04 06:00:00+00:00
[2026-05-02T21:13:26.427+0000] {processor.py:183} INFO - Processing /opt/airflow/dags/f1_pipeline_dag.py took 0.116 seconds
[2026-05-02T21:13:56.765+0000] {processor.py:161} INFO - Started process (PID=3471) to work on /opt/airflow/dags/f1_pipeline_dag.py
[2026-05-02T21:13:56.767+0000] {processor.py:830} INFO - Processing file /opt/airflow/dags/f1_pipeline_dag.py for tasks to queue
[2026-05-02T21:13:56.768+0000] {logging_mixin.py:188} INFO - [2026-05-02T21:13:56.768+0000] {dagbag.py:538} INFO - Filling up the DagBag from /opt/airflow/dags/f1_pipeline_dag.py
[2026-05-02T21:13:56.813+0000] {processor.py:840} INFO - DAG(s) 'f1_bigdata_pipeline' retrieved from /opt/airflow/dags/f1_pipeline_dag.py
[2026-05-02T21:13:56.845+0000] {logging_mixin.py:188} INFO - [2026-05-02T21:13:56.845+0000] {dag.py:3036} INFO - Sync 1 DAGs
[2026-05-02T21:13:56.861+0000] {logging_mixin.py:188} INFO - [2026-05-02T21:13:56.861+0000] {dag.py:3823} INFO - Setting next_dagrun for f1_bigdata_pipeline to 2026-04-27 06:00:00+00:00, run_after=2026-05-04 06:00:00+00:00
[2026-05-02T21:13:56.870+0000] {processor.py:183} INFO - Processing /opt/airflow/dags/f1_pipeline_dag.py took 0.111 seconds
[2026-05-02T21:14:27.204+0000] {processor.py:161} INFO - Started process (PID=3476) to work on /opt/airflow/dags/f1_pipeline_dag.py
[2026-05-02T21:14:27.206+0000] {processor.py:830} INFO - Processing file /opt/airflow/dags/f1_pipeline_dag.py for tasks to queue
[2026-05-02T21:14:27.208+0000] {logging_mixin.py:188} INFO - [2026-05-02T21:14:27.207+0000] {dagbag.py:538} INFO - Filling up the DagBag from /opt/airflow/dags/f1_pipeline_dag.py
[2026-05-02T21:14:27.255+0000] {processor.py:840} INFO - DAG(s) 'f1_bigdata_pipeline' retrieved from /opt/airflow/dags/f1_pipeline_dag.py
[2026-05-02T21:14:27.290+0000] {logging_mixin.py:188} INFO - [2026-05-02T21:14:27.290+0000] {dag.py:3036} INFO - Sync 1 DAGs
[2026-05-02T21:14:27.315+0000] {logging_mixin.py:188} INFO - [2026-05-02T21:14:27.315+0000] {dag.py:3823} INFO - Setting next_dagrun for f1_bigdata_pipeline to 2026-04-27 06:00:00+00:00, run_after=2026-05-04 06:00:00+00:00
[2026-05-02T21:14:27.323+0000] {processor.py:183} INFO - Processing /opt/airflow/dags/f1_pipeline_dag.py took 0.136 seconds
[2026-05-02T21:14:57.559+0000] {processor.py:161} INFO - Started process (PID=3481) to work on /opt/airflow/dags/f1_pipeline_dag.py
[2026-05-02T21:14:57.561+0000] {processor.py:830} INFO - Processing file /opt/airflow/dags/f1_pipeline_dag.py for tasks to queue
[2026-05-02T21:14:57.562+0000] {logging_mixin.py:188} INFO - [2026-05-02T21:14:57.562+0000] {dagbag.py:538} INFO - Filling up the DagBag from /opt/airflow/dags/f1_pipeline_dag.py
[2026-05-02T21:14:57.580+0000] {processor.py:840} INFO - DAG(s) 'f1_bigdata_pipeline' retrieved from /opt/airflow/dags/f1_pipeline_dag.py
[2026-05-02T21:14:57.629+0000] {logging_mixin.py:188} INFO - [2026-05-02T21:14:57.629+0000] {dag.py:3036} INFO - Sync 1 DAGs
[2026-05-02T21:14:57.645+0000] {logging_mixin.py:188} INFO - [2026-05-02T21:14:57.645+0000] {dag.py:3823} INFO - Setting next_dagrun for f1_bigdata_pipeline to 2026-04-27 06:00:00+00:00, run_after=2026-05-04 06:00:00+00:00
[2026-05-02T21:14:57.654+0000] {processor.py:183} INFO - Processing /opt/airflow/dags/f1_pipeline_dag.py took 0.101 seconds
[2026-05-02T21:15:27.961+0000] {processor.py:161} INFO - Started process (PID=3486) to work on /opt/airflow/dags/f1_pipeline_dag.py
[2026-05-02T21:15:27.963+0000] {processor.py:830} INFO - Processing file /opt/airflow/dags/f1_pipeline_dag.py for tasks to queue
[2026-05-02T21:15:27.967+0000] {logging_mixin.py:188} INFO - [2026-05-02T21:15:27.964+0000] {dagbag.py:538} INFO - Filling up the DagBag from /opt/airflow/dags/f1_pipeline_dag.py
[2026-05-02T21:15:27.990+0000] {processor.py:840} INFO - DAG(s) 'f1_bigdata_pipeline' retrieved from /opt/airflow/dags/f1_pipeline_dag.py
[2026-05-02T21:15:28.023+0000] {logging_mixin.py:188} INFO - [2026-05-02T21:15:28.023+0000] {dag.py:3036} INFO - Sync 1 DAGs
[2026-05-02T21:15:28.048+0000] {logging_mixin.py:188} INFO - [2026-05-02T21:15:28.048+0000] {dag.py:3823} INFO - Setting next_dagrun for f1_bigdata_pipeline to 2026-04-27 06:00:00+00:00, run_after=2026-05-04 06:00:00+00:00
[2026-05-02T21:15:28.058+0000] {processor.py:183} INFO - Processing /opt/airflow/dags/f1_pipeline_dag.py took 0.100 seconds
[2026-05-02T21:15:58.334+0000] {processor.py:161} INFO - Started process (PID=3491) to work on /opt/airflow/dags/f1_pipeline_dag.py
[2026-05-02T21:15:58.336+0000] {processor.py:830} INFO - Processing file /opt/airflow/dags/f1_pipeline_dag.py for tasks to queue
[2026-05-02T21:15:58.342+0000] {logging_mixin.py:188} INFO - [2026-05-02T21:15:58.337+0000] {dagbag.py:538} INFO - Filling up the DagBag from /opt/airflow/dags/f1_pipeline_dag.py
[2026-05-02T21:15:58.388+0000] {processor.py:840} INFO - DAG(s) 'f1_bigdata_pipeline' retrieved from /opt/airflow/dags/f1_pipeline_dag.py
[2026-05-02T21:15:58.413+0000] {logging_mixin.py:188} INFO - [2026-05-02T21:15:58.413+0000] {dag.py:3036} INFO - Sync 1 DAGs
[2026-05-02T21:15:58.425+0000] {logging_mixin.py:188} INFO - [2026-05-02T21:15:58.425+0000] {dag.py:3823} INFO - Setting next_dagrun for f1_bigdata_pipeline to 2026-04-27 06:00:00+00:00, run_after=2026-05-04 06:00:00+00:00
[2026-05-02T21:15:58.432+0000] {processor.py:183} INFO - Processing /opt/airflow/dags/f1_pipeline_dag.py took 0.104 seconds
[2026-05-02T21:16:28.733+0000] {processor.py:161} INFO - Started process (PID=3496) to work on /opt/airflow/dags/f1_pipeline_dag.py
[2026-05-02T21:16:28.735+0000] {processor.py:830} INFO - Processing file /opt/airflow/dags/f1_pipeline_dag.py for tasks to queue
[2026-05-02T21:16:28.736+0000] {logging_mixin.py:188} INFO - [2026-05-02T21:16:28.736+0000] {dagbag.py:538} INFO - Filling up the DagBag from /opt/airflow/dags/f1_pipeline_dag.py
[2026-05-02T21:16:28.772+0000] {processor.py:840} INFO - DAG(s) 'f1_bigdata_pipeline' retrieved from /opt/airflow/dags/f1_pipeline_dag.py
[2026-05-02T21:16:28.815+0000] {logging_mixin.py:188} INFO - [2026-05-02T21:16:28.815+0000] {dag.py:3036} INFO - Sync 1 DAGs
[2026-05-02T21:16:28.831+0000] {logging_mixin.py:188} INFO - [2026-05-02T21:16:28.831+0000] {dag.py:3823} INFO - Setting next_dagrun for f1_bigdata_pipeline to 2026-04-27 06:00:00+00:00, run_after=2026-05-04 06:00:00+00:00
[2026-05-02T21:16:28.841+0000] {processor.py:183} INFO - Processing /opt/airflow/dags/f1_pipeline_dag.py took 0.113 seconds
[2026-05-02T21:16:59.125+0000] {processor.py:161} INFO - Started process (PID=3501) to work on /opt/airflow/dags/f1_pipeline_dag.py
[2026-05-02T21:16:59.127+0000] {processor.py:830} INFO - Processing file /opt/airflow/dags/f1_pipeline_dag.py for tasks to queue
[2026-05-02T21:16:59.128+0000] {logging_mixin.py:188} INFO - [2026-05-02T21:16:59.128+0000] {dagbag.py:538} INFO - Filling up the DagBag from /opt/airflow/dags/f1_pipeline_dag.py
[2026-05-02T21:16:59.164+0000] {processor.py:840} INFO - DAG(s) 'f1_bigdata_pipeline' retrieved from /opt/airflow/dags/f1_pipeline_dag.py
[2026-05-02T21:16:59.203+0000] {logging_mixin.py:188} INFO - [2026-05-02T21:16:59.203+0000] {dag.py:3036} INFO - Sync 1 DAGs
[2026-05-02T21:16:59.220+0000] {logging_mixin.py:188} INFO - [2026-05-02T21:16:59.220+0000] {dag.py:3823} INFO - Setting next_dagrun for f1_bigdata_pipeline to 2026-04-27 06:00:00+00:00, run_after=2026-05-04 06:00:00+00:00
[2026-05-02T21:16:59.229+0000] {processor.py:183} INFO - Processing /opt/airflow/dags/f1_pipeline_dag.py took 0.109 seconds
[2026-05-02T21:17:29.571+0000] {processor.py:161} INFO - Started process (PID=3506) to work on /opt/airflow/dags/f1_pipeline_dag.py
[2026-05-02T21:17:29.573+0000] {processor.py:830} INFO - Processing file /opt/airflow/dags/f1_pipeline_dag.py for tasks to queue
[2026-05-02T21:17:29.574+0000] {logging_mixin.py:188} INFO - [2026-05-02T21:17:29.574+0000] {dagbag.py:538} INFO - Filling up the DagBag from /opt/airflow/dags/f1_pipeline_dag.py
[2026-05-02T21:17:29.601+0000] {processor.py:840} INFO - DAG(s) 'f1_bigdata_pipeline' retrieved from /opt/airflow/dags/f1_pipeline_dag.py
[2026-05-02T21:17:29.628+0000] {logging_mixin.py:188} INFO - [2026-05-02T21:17:29.628+0000] {dag.py:3036} INFO - Sync 1 DAGs
[2026-05-02T21:17:29.643+0000] {logging_mixin.py:188} INFO - [2026-05-02T21:17:29.643+0000] {dag.py:3823} INFO - Setting next_dagrun for f1_bigdata_pipeline to 2026-04-27 06:00:00+00:00, run_after=2026-05-04 06:00:00+00:00
[2026-05-02T21:17:29.656+0000] {processor.py:183} INFO - Processing /opt/airflow/dags/f1_pipeline_dag.py took 0.091 seconds
[2026-05-02T21:17:59.932+0000] {processor.py:161} INFO - Started process (PID=3511) to work on /opt/airflow/dags/f1_pipeline_dag.py
[2026-05-02T21:17:59.935+0000] {processor.py:830} INFO - Processing file /opt/airflow/dags/f1_pipeline_dag.py for tasks to queue
[2026-05-02T21:17:59.937+0000] {logging_mixin.py:188} INFO - [2026-05-02T21:17:59.936+0000] {dagbag.py:538} INFO - Filling up the DagBag from /opt/airflow/dags/f1_pipeline_dag.py
[2026-05-02T21:17:59.964+0000] {processor.py:840} INFO - DAG(s) 'f1_bigdata_pipeline' retrieved from /opt/airflow/dags/f1_pipeline_dag.py
[2026-05-02T21:17:59.986+0000] {logging_mixin.py:188} INFO - [2026-05-02T21:17:59.986+0000] {dag.py:3036} INFO - Sync 1 DAGs
[2026-05-02T21:18:00.000+0000] {logging_mixin.py:188} INFO - [2026-05-02T21:18:00.000+0000] {dag.py:3823} INFO - Setting next_dagrun for f1_bigdata_pipeline to 2026-04-27 06:00:00+00:00, run_after=2026-05-04 06:00:00+00:00
[2026-05-02T21:18:00.025+0000] {processor.py:183} INFO - Processing /opt/airflow/dags/f1_pipeline_dag.py took 0.122 seconds
[2026-05-02T21:18:30.376+0000] {processor.py:161} INFO - Started process (PID=3516) to work on /opt/airflow/dags/f1_pipeline_dag.py
[2026-05-02T21:18:30.378+0000] {processor.py:830} INFO - Processing file /opt/airflow/dags/f1_pipeline_dag.py for tasks to queue
[2026-05-02T21:18:30.379+0000] {logging_mixin.py:188} INFO - [2026-05-02T21:18:30.378+0000] {dagbag.py:538} INFO - Filling up the DagBag from /opt/airflow/dags/f1_pipeline_dag.py
[2026-05-02T21:18:30.403+0000] {processor.py:840} INFO - DAG(s) 'f1_bigdata_pipeline' retrieved from /opt/airflow/dags/f1_pipeline_dag.py
[2026-05-02T21:18:30.433+0000] {logging_mixin.py:188} INFO - [2026-05-02T21:18:30.433+0000] {dag.py:3036} INFO - Sync 1 DAGs
[2026-05-02T21:18:30.451+0000] {logging_mixin.py:188} INFO - [2026-05-02T21:18:30.451+0000] {dag.py:3823} INFO - Setting next_dagrun for f1_bigdata_pipeline to 2026-04-27 06:00:00+00:00, run_after=2026-05-04 06:00:00+00:00
[2026-05-02T21:18:30.460+0000] {processor.py:183} INFO - Processing /opt/airflow/dags/f1_pipeline_dag.py took 0.090 seconds
[2026-05-02T21:19:00.723+0000] {processor.py:161} INFO - Started process (PID=3521) to work on /opt/airflow/dags/f1_pipeline_dag.py
[2026-05-02T21:19:00.725+0000] {processor.py:830} INFO - Processing file /opt/airflow/dags/f1_pipeline_dag.py for tasks to queue
[2026-05-02T21:19:00.726+0000] {logging_mixin.py:188} INFO - [2026-05-02T21:19:00.725+0000] {dagbag.py:538} INFO - Filling up the DagBag from /opt/airflow/dags/f1_pipeline_dag.py
[2026-05-02T21:19:00.743+0000] {processor.py:840} INFO - DAG(s) 'f1_bigdata_pipeline' retrieved from /opt/airflow/dags/f1_pipeline_dag.py
[2026-05-02T21:19:00.793+0000] {logging_mixin.py:188} INFO - [2026-05-02T21:19:00.793+0000] {dag.py:3036} INFO - Sync 1 DAGs
[2026-05-02T21:19:00.809+0000] {logging_mixin.py:188} INFO - [2026-05-02T21:19:00.809+0000] {dag.py:3823} INFO - Setting next_dagrun for f1_bigdata_pipeline to 2026-04-27 06:00:00+00:00, run_after=2026-05-04 06:00:00+00:00
[2026-05-02T21:19:00.819+0000] {processor.py:183} INFO - Processing /opt/airflow/dags/f1_pipeline_dag.py took 0.100 seconds
[2026-05-02T21:19:31.097+0000] {processor.py:161} INFO - Started process (PID=3526) to work on /opt/airflow/dags/f1_pipeline_dag.py
[2026-05-02T21:19:31.105+0000] {processor.py:830} INFO - Processing file /opt/airflow/dags/f1_pipeline_dag.py for tasks to queue
[2026-05-02T21:19:31.110+0000] {logging_mixin.py:188} INFO - [2026-05-02T21:19:31.107+0000] {dagbag.py:538} INFO - Filling up the DagBag from /opt/airflow/dags/f1_pipeline_dag.py
[2026-05-02T21:19:31.139+0000] {processor.py:840} INFO - DAG(s) 'f1_bigdata_pipeline' retrieved from /opt/airflow/dags/f1_pipeline_dag.py
[2026-05-02T21:19:31.166+0000] {logging_mixin.py:188} INFO - [2026-05-02T21:19:31.166+0000] {dag.py:3036} INFO - Sync 1 DAGs
[2026-05-02T21:19:31.177+0000] {logging_mixin.py:188} INFO - [2026-05-02T21:19:31.177+0000] {dag.py:3823} INFO - Setting next_dagrun for f1_bigdata_pipeline to 2026-04-27 06:00:00+00:00, run_after=2026-05-04 06:00:00+00:00
[2026-05-02T21:19:31.185+0000] {processor.py:183} INFO - Processing /opt/airflow/dags/f1_pipeline_dag.py took 0.096 seconds
[2026-05-02T21:20:01.506+0000] {processor.py:161} INFO - Started process (PID=3531) to work on /opt/airflow/dags/f1_pipeline_dag.py
[2026-05-02T21:20:01.509+0000] {processor.py:830} INFO - Processing file /opt/airflow/dags/f1_pipeline_dag.py for tasks to queue
[2026-05-02T21:20:01.510+0000] {logging_mixin.py:188} INFO - [2026-05-02T21:20:01.509+0000] {dagbag.py:538} INFO - Filling up the DagBag from /opt/airflow/dags/f1_pipeline_dag.py
[2026-05-02T21:20:01.537+0000] {processor.py:840} INFO - DAG(s) 'f1_bigdata_pipeline' retrieved from /opt/airflow/dags/f1_pipeline_dag.py
[2026-05-02T21:20:01.563+0000] {logging_mixin.py:188} INFO - [2026-05-02T21:20:01.563+0000] {dag.py:3036} INFO - Sync 1 DAGs
[2026-05-02T21:20:01.574+0000] {logging_mixin.py:188} INFO - [2026-05-02T21:20:01.574+0000] {dag.py:3823} INFO - Setting next_dagrun for f1_bigdata_pipeline to 2026-04-27 06:00:00+00:00, run_after=2026-05-04 06:00:00+00:00
[2026-05-02T21:20:01.581+0000] {processor.py:183} INFO - Processing /opt/airflow/dags/f1_pipeline_dag.py took 0.083 seconds
[2026-05-02T21:20:31.867+0000] {processor.py:161} INFO - Started process (PID=3536) to work on /opt/airflow/dags/f1_pipeline_dag.py
[2026-05-02T21:20:31.869+0000] {processor.py:830} INFO - Processing file /opt/airflow/dags/f1_pipeline_dag.py for tasks to queue
[2026-05-02T21:20:31.870+0000] {logging_mixin.py:188} INFO - [2026-05-02T21:20:31.870+0000] {dagbag.py:538} INFO - Filling up the DagBag from /opt/airflow/dags/f1_pipeline_dag.py
[2026-05-02T21:20:31.889+0000] {processor.py:840} INFO - DAG(s) 'f1_bigdata_pipeline' retrieved from /opt/airflow/dags/f1_pipeline_dag.py
[2026-05-02T21:20:31.927+0000] {logging_mixin.py:188} INFO - [2026-05-02T21:20:31.927+0000] {dag.py:3036} INFO - Sync 1 DAGs
[2026-05-02T21:20:31.938+0000] {logging_mixin.py:188} INFO - [2026-05-02T21:20:31.938+0000] {dag.py:3823} INFO - Setting next_dagrun for f1_bigdata_pipeline to 2026-04-27 06:00:00+00:00, run_after=2026-05-04 06:00:00+00:00
[2026-05-02T21:20:31.946+0000] {processor.py:183} INFO - Processing /opt/airflow/dags/f1_pipeline_dag.py took 0.103 seconds
[2026-05-02T21:21:02.252+0000] {processor.py:161} INFO - Started process (PID=3541) to work on /opt/airflow/dags/f1_pipeline_dag.py
[2026-05-02T21:21:02.254+0000] {processor.py:830} INFO - Processing file /opt/airflow/dags/f1_pipeline_dag.py for tasks to queue
[2026-05-02T21:21:02.255+0000] {logging_mixin.py:188} INFO - [2026-05-02T21:21:02.255+0000] {dagbag.py:538} INFO - Filling up the DagBag from /opt/airflow/dags/f1_pipeline_dag.py
[2026-05-02T21:21:02.284+0000] {processor.py:840} INFO - DAG(s) 'f1_bigdata_pipeline' retrieved from /opt/airflow/dags/f1_pipeline_dag.py
[2026-05-02T21:21:02.326+0000] {logging_mixin.py:188} INFO - [2026-05-02T21:21:02.326+0000] {dag.py:3036} INFO - Sync 1 DAGs
[2026-05-02T21:21:02.340+0000] {logging_mixin.py:188} INFO - [2026-05-02T21:21:02.340+0000] {dag.py:3823} INFO - Setting next_dagrun for f1_bigdata_pipeline to 2026-04-27 06:00:00+00:00, run_after=2026-05-04 06:00:00+00:00
[2026-05-02T21:21:02.347+0000] {processor.py:183} INFO - Processing /opt/airflow/dags/f1_pipeline_dag.py took 0.101 seconds
[2026-05-02T21:21:32.659+0000] {processor.py:161} INFO - Started process (PID=3546) to work on /opt/airflow/dags/f1_pipeline_dag.py
[2026-05-02T21:21:32.660+0000] {processor.py:830} INFO - Processing file /opt/airflow/dags/f1_pipeline_dag.py for tasks to queue
[2026-05-02T21:21:32.661+0000] {logging_mixin.py:188} INFO - [2026-05-02T21:21:32.661+0000] {dagbag.py:538} INFO - Filling up the DagBag from /opt/airflow/dags/f1_pipeline_dag.py
[2026-05-02T21:21:32.680+0000] {processor.py:840} INFO - DAG(s) 'f1_bigdata_pipeline' retrieved from /opt/airflow/dags/f1_pipeline_dag.py
[2026-05-02T21:21:32.731+0000] {logging_mixin.py:188} INFO - [2026-05-02T21:21:32.731+0000] {dag.py:3036} INFO - Sync 1 DAGs
[2026-05-02T21:21:32.749+0000] {logging_mixin.py:188} INFO - [2026-05-02T21:21:32.749+0000] {dag.py:3823} INFO - Setting next_dagrun for f1_bigdata_pipeline to 2026-04-27 06:00:00+00:00, run_after=2026-05-04 06:00:00+00:00
[2026-05-02T21:21:32.759+0000] {processor.py:183} INFO - Processing /opt/airflow/dags/f1_pipeline_dag.py took 0.105 seconds
[2026-05-02T21:22:03.235+0000] {processor.py:161} INFO - Started process (PID=3551) to work on /opt/airflow/dags/f1_pipeline_dag.py
[2026-05-02T21:22:03.237+0000] {processor.py:830} INFO - Processing file /opt/airflow/dags/f1_pipeline_dag.py for tasks to queue
[2026-05-02T21:22:03.238+0000] {logging_mixin.py:188} INFO - [2026-05-02T21:22:03.237+0000] {dagbag.py:538} INFO - Filling up the DagBag from /opt/airflow/dags/f1_pipeline_dag.py
[2026-05-02T21:22:03.258+0000] {processor.py:840} INFO - DAG(s) 'f1_bigdata_pipeline' retrieved from /opt/airflow/dags/f1_pipeline_dag.py
[2026-05-02T21:22:03.296+0000] {logging_mixin.py:188} INFO - [2026-05-02T21:22:03.296+0000] {dag.py:3036} INFO - Sync 1 DAGs
[2026-05-02T21:22:03.310+0000] {logging_mixin.py:188} INFO - [2026-05-02T21:22:03.310+0000] {dag.py:3823} INFO - Setting next_dagrun for f1_bigdata_pipeline to 2026-04-27 06:00:00+00:00, run_after=2026-05-04 06:00:00+00:00
[2026-05-02T21:22:03.317+0000] {processor.py:183} INFO - Processing /opt/airflow/dags/f1_pipeline_dag.py took 0.093 seconds
[2026-05-02T21:22:33.767+0000] {processor.py:161} INFO - Started process (PID=3556) to work on /opt/airflow/dags/f1_pipeline_dag.py
[2026-05-02T21:22:33.770+0000] {processor.py:830} INFO - Processing file /opt/airflow/dags/f1_pipeline_dag.py for tasks to queue
[2026-05-02T21:22:33.771+0000] {logging_mixin.py:188} INFO - [2026-05-02T21:22:33.771+0000] {dagbag.py:538} INFO - Filling up the DagBag from /opt/airflow/dags/f1_pipeline_dag.py
[2026-05-02T21:22:33.800+0000] {processor.py:840} INFO - DAG(s) 'f1_bigdata_pipeline' retrieved from /opt/airflow/dags/f1_pipeline_dag.py
[2026-05-02T21:22:33.843+0000] {logging_mixin.py:188} INFO - [2026-05-02T21:22:33.843+0000] {dag.py:3036} INFO - Sync 1 DAGs
[2026-05-02T21:22:33.860+0000] {logging_mixin.py:188} INFO - [2026-05-02T21:22:33.860+0000] {dag.py:3823} INFO - Setting next_dagrun for f1_bigdata_pipeline to 2026-04-27 06:00:00+00:00, run_after=2026-05-04 06:00:00+00:00
[2026-05-02T21:22:33.868+0000] {processor.py:183} INFO - Processing /opt/airflow/dags/f1_pipeline_dag.py took 0.116 seconds
[2026-05-02T21:23:04.241+0000] {processor.py:161} INFO - Started process (PID=3561) to work on /opt/airflow/dags/f1_pipeline_dag.py
[2026-05-02T21:23:04.243+0000] {processor.py:830} INFO - Processing file /opt/airflow/dags/f1_pipeline_dag.py for tasks to queue
[2026-05-02T21:23:04.244+0000] {logging_mixin.py:188} INFO - [2026-05-02T21:23:04.244+0000] {dagbag.py:538} INFO - Filling up the DagBag from /opt/airflow/dags/f1_pipeline_dag.py
[2026-05-02T21:23:04.292+0000] {processor.py:840} INFO - DAG(s) 'f1_bigdata_pipeline' retrieved from /opt/airflow/dags/f1_pipeline_dag.py
[2026-05-02T21:23:04.333+0000] {logging_mixin.py:188} INFO - [2026-05-02T21:23:04.332+0000] {dag.py:3036} INFO - Sync 1 DAGs
[2026-05-02T21:23:04.349+0000] {logging_mixin.py:188} INFO - [2026-05-02T21:23:04.349+0000] {dag.py:3823} INFO - Setting next_dagrun for f1_bigdata_pipeline to 2026-04-27 06:00:00+00:00, run_after=2026-05-04 06:00:00+00:00
[2026-05-02T21:23:04.358+0000] {processor.py:183} INFO - Processing /opt/airflow/dags/f1_pipeline_dag.py took 0.124 seconds
[2026-05-02T21:23:34.609+0000] {processor.py:161} INFO - Started process (PID=3566) to work on /opt/airflow/dags/f1_pipeline_dag.py
[2026-05-02T21:23:34.611+0000] {processor.py:830} INFO - Processing file /opt/airflow/dags/f1_pipeline_dag.py for tasks to queue
[2026-05-02T21:23:34.613+0000] {logging_mixin.py:188} INFO - [2026-05-02T21:23:34.612+0000] {dagbag.py:538} INFO - Filling up the DagBag from /opt/airflow/dags/f1_pipeline_dag.py
[2026-05-02T21:23:34.662+0000] {processor.py:840} INFO - DAG(s) 'f1_bigdata_pipeline' retrieved from /opt/airflow/dags/f1_pipeline_dag.py
[2026-05-02T21:23:34.690+0000] {logging_mixin.py:188} INFO - [2026-05-02T21:23:34.689+0000] {dag.py:3036} INFO - Sync 1 DAGs
[2026-05-02T21:23:34.702+0000] {logging_mixin.py:188} INFO - [2026-05-02T21:23:34.702+0000] {dag.py:3823} INFO - Setting next_dagrun for f1_bigdata_pipeline to 2026-04-27 06:00:00+00:00, run_after=2026-05-04 06:00:00+00:00
[2026-05-02T21:23:34.710+0000] {processor.py:183} INFO - Processing /opt/airflow/dags/f1_pipeline_dag.py took 0.107 seconds
[2026-05-02T21:24:05.029+0000] {processor.py:161} INFO - Started process (PID=3571) to work on /opt/airflow/dags/f1_pipeline_dag.py
[2026-05-02T21:24:05.033+0000] {processor.py:830} INFO - Processing file /opt/airflow/dags/f1_pipeline_dag.py for tasks to queue
[2026-05-02T21:24:05.034+0000] {logging_mixin.py:188} INFO - [2026-05-02T21:24:05.033+0000] {dagbag.py:538} INFO - Filling up the DagBag from /opt/airflow/dags/f1_pipeline_dag.py
[2026-05-02T21:24:05.069+0000] {processor.py:840} INFO - DAG(s) 'f1_bigdata_pipeline' retrieved from /opt/airflow/dags/f1_pipeline_dag.py
[2026-05-02T21:24:05.115+0000] {logging_mixin.py:188} INFO - [2026-05-02T21:24:05.115+0000] {dag.py:3036} INFO - Sync 1 DAGs
[2026-05-02T21:24:05.135+0000] {logging_mixin.py:188} INFO - [2026-05-02T21:24:05.134+0000] {dag.py:3823} INFO - Setting next_dagrun for f1_bigdata_pipeline to 2026-04-27 06:00:00+00:00, run_after=2026-05-04 06:00:00+00:00
[2026-05-02T21:24:05.148+0000] {processor.py:183} INFO - Processing /opt/airflow/dags/f1_pipeline_dag.py took 0.124 seconds
[2026-05-02T21:24:35.474+0000] {processor.py:161} INFO - Started process (PID=3576) to work on /opt/airflow/dags/f1_pipeline_dag.py
[2026-05-02T21:24:35.487+0000] {processor.py:830} INFO - Processing file /opt/airflow/dags/f1_pipeline_dag.py for tasks to queue
[2026-05-02T21:24:35.491+0000] {logging_mixin.py:188} INFO - [2026-05-02T21:24:35.489+0000] {dagbag.py:538} INFO - Filling up the DagBag from /opt/airflow/dags/f1_pipeline_dag.py
[2026-05-02T21:24:35.514+0000] {processor.py:840} INFO - DAG(s) 'f1_bigdata_pipeline' retrieved from /opt/airflow/dags/f1_pipeline_dag.py
[2026-05-02T21:24:35.544+0000] {logging_mixin.py:188} INFO - [2026-05-02T21:24:35.544+0000] {dag.py:3036} INFO - Sync 1 DAGs
[2026-05-02T21:24:35.571+0000] {logging_mixin.py:188} INFO - [2026-05-02T21:24:35.571+0000] {dag.py:3823} INFO - Setting next_dagrun for f1_bigdata_pipeline to 2026-04-27 06:00:00+00:00, run_after=2026-05-04 06:00:00+00:00
[2026-05-02T21:24:35.580+0000] {processor.py:183} INFO - Processing /opt/airflow/dags/f1_pipeline_dag.py took 0.114 seconds
[2026-05-02T21:25:05.906+0000] {processor.py:161} INFO - Started process (PID=3581) to work on /opt/airflow/dags/f1_pipeline_dag.py
[2026-05-02T21:25:05.908+0000] {processor.py:830} INFO - Processing file /opt/airflow/dags/f1_pipeline_dag.py for tasks to queue
[2026-05-02T21:25:05.910+0000] {logging_mixin.py:188} INFO - [2026-05-02T21:25:05.909+0000] {dagbag.py:538} INFO - Filling up the DagBag from /opt/airflow/dags/f1_pipeline_dag.py
[2026-05-02T21:25:05.926+0000] {processor.py:840} INFO - DAG(s) 'f1_bigdata_pipeline' retrieved from /opt/airflow/dags/f1_pipeline_dag.py
[2026-05-02T21:25:05.948+0000] {logging_mixin.py:188} INFO - [2026-05-02T21:25:05.948+0000] {dag.py:3036} INFO - Sync 1 DAGs
[2026-05-02T21:25:05.961+0000] {logging_mixin.py:188} INFO - [2026-05-02T21:25:05.961+0000] {dag.py:3823} INFO - Setting next_dagrun for f1_bigdata_pipeline to 2026-04-27 06:00:00+00:00, run_after=2026-05-04 06:00:00+00:00
[2026-05-02T21:25:05.968+0000] {processor.py:183} INFO - Processing /opt/airflow/dags/f1_pipeline_dag.py took 0.073 seconds
[2026-05-02T21:25:36.252+0000] {processor.py:161} INFO - Started process (PID=3586) to work on /opt/airflow/dags/f1_pipeline_dag.py
[2026-05-02T21:25:36.254+0000] {processor.py:830} INFO - Processing file /opt/airflow/dags/f1_pipeline_dag.py for tasks to queue
[2026-05-02T21:25:36.261+0000] {logging_mixin.py:188} INFO - [2026-05-02T21:25:36.258+0000] {dagbag.py:538} INFO - Filling up the DagBag from /opt/airflow/dags/f1_pipeline_dag.py
[2026-05-02T21:25:36.296+0000] {processor.py:840} INFO - DAG(s) 'f1_bigdata_pipeline' retrieved from /opt/airflow/dags/f1_pipeline_dag.py
[2026-05-02T21:25:36.318+0000] {logging_mixin.py:188} INFO - [2026-05-02T21:25:36.318+0000] {dag.py:3036} INFO - Sync 1 DAGs
[2026-05-02T21:25:36.329+0000] {logging_mixin.py:188} INFO - [2026-05-02T21:25:36.329+0000] {dag.py:3823} INFO - Setting next_dagrun for f1_bigdata_pipeline to 2026-04-27 06:00:00+00:00, run_after=2026-05-04 06:00:00+00:00
[2026-05-02T21:25:36.337+0000] {processor.py:183} INFO - Processing /opt/airflow/dags/f1_pipeline_dag.py took 0.091 seconds
[2026-05-02T21:26:06.634+0000] {processor.py:161} INFO - Started process (PID=3591) to work on /opt/airflow/dags/f1_pipeline_dag.py
[2026-05-02T21:26:06.637+0000] {processor.py:830} INFO - Processing file /opt/airflow/dags/f1_pipeline_dag.py for tasks to queue
[2026-05-02T21:26:06.638+0000] {logging_mixin.py:188} INFO - [2026-05-02T21:26:06.638+0000] {dagbag.py:538} INFO - Filling up the DagBag from /opt/airflow/dags/f1_pipeline_dag.py
[2026-05-02T21:26:06.678+0000] {processor.py:840} INFO - DAG(s) 'f1_bigdata_pipeline' retrieved from /opt/airflow/dags/f1_pipeline_dag.py
[2026-05-02T21:26:06.709+0000] {logging_mixin.py:188} INFO - [2026-05-02T21:26:06.709+0000] {dag.py:3036} INFO - Sync 1 DAGs
[2026-05-02T21:26:06.724+0000] {logging_mixin.py:188} INFO - [2026-05-02T21:26:06.724+0000] {dag.py:3823} INFO - Setting next_dagrun for f1_bigdata_pipeline to 2026-04-27 06:00:00+00:00, run_after=2026-05-04 06:00:00+00:00
[2026-05-02T21:26:06.732+0000] {processor.py:183} INFO - Processing /opt/airflow/dags/f1_pipeline_dag.py took 0.106 seconds
[2026-05-02T21:26:37.027+0000] {processor.py:161} INFO - Started process (PID=3596) to work on /opt/airflow/dags/f1_pipeline_dag.py
[2026-05-02T21:26:37.030+0000] {processor.py:830} INFO - Processing file /opt/airflow/dags/f1_pipeline_dag.py for tasks to queue
[2026-05-02T21:26:37.032+0000] {logging_mixin.py:188} INFO - [2026-05-02T21:26:37.031+0000] {dagbag.py:538} INFO - Filling up the DagBag from /opt/airflow/dags/f1_pipeline_dag.py
[2026-05-02T21:26:37.075+0000] {processor.py:840} INFO - DAG(s) 'f1_bigdata_pipeline' retrieved from /opt/airflow/dags/f1_pipeline_dag.py
[2026-05-02T21:26:37.101+0000] {logging_mixin.py:188} INFO - [2026-05-02T21:26:37.101+0000] {dag.py:3036} INFO - Sync 1 DAGs
[2026-05-02T21:26:37.113+0000] {logging_mixin.py:188} INFO - [2026-05-02T21:26:37.113+0000] {dag.py:3823} INFO - Setting next_dagrun for f1_bigdata_pipeline to 2026-04-27 06:00:00+00:00, run_after=2026-05-04 06:00:00+00:00
[2026-05-02T21:26:37.123+0000] {processor.py:183} INFO - Processing /opt/airflow/dags/f1_pipeline_dag.py took 0.103 seconds
[2026-05-02T21:27:07.499+0000] {processor.py:161} INFO - Started process (PID=3601) to work on /opt/airflow/dags/f1_pipeline_dag.py
[2026-05-02T21:27:07.504+0000] {processor.py:830} INFO - Processing file /opt/airflow/dags/f1_pipeline_dag.py for tasks to queue
[2026-05-02T21:27:07.505+0000] {logging_mixin.py:188} INFO - [2026-05-02T21:27:07.504+0000] {dagbag.py:538} INFO - Filling up the DagBag from /opt/airflow/dags/f1_pipeline_dag.py
[2026-05-02T21:27:07.522+0000] {processor.py:840} INFO - DAG(s) 'f1_bigdata_pipeline' retrieved from /opt/airflow/dags/f1_pipeline_dag.py
[2026-05-02T21:27:07.542+0000] {logging_mixin.py:188} INFO - [2026-05-02T21:27:07.542+0000] {dag.py:3036} INFO - Sync 1 DAGs
[2026-05-02T21:27:07.567+0000] {logging_mixin.py:188} INFO - [2026-05-02T21:27:07.567+0000] {dag.py:3823} INFO - Setting next_dagrun for f1_bigdata_pipeline to 2026-04-27 06:00:00+00:00, run_after=2026-05-04 06:00:00+00:00
[2026-05-02T21:27:07.584+0000] {processor.py:183} INFO - Processing /opt/airflow/dags/f1_pipeline_dag.py took 0.112 seconds
[2026-05-02T21:27:37.926+0000] {processor.py:161} INFO - Started process (PID=3606) to work on /opt/airflow/dags/f1_pipeline_dag.py
[2026-05-02T21:27:37.927+0000] {processor.py:830} INFO - Processing file /opt/airflow/dags/f1_pipeline_dag.py for tasks to queue
[2026-05-02T21:27:37.928+0000] {logging_mixin.py:188} INFO - [2026-05-02T21:27:37.928+0000] {dagbag.py:538} INFO - Filling up the DagBag from /opt/airflow/dags/f1_pipeline_dag.py
[2026-05-02T21:27:37.948+0000] {processor.py:840} INFO - DAG(s) 'f1_bigdata_pipeline' retrieved from /opt/airflow/dags/f1_pipeline_dag.py
[2026-05-02T21:27:37.988+0000] {logging_mixin.py:188} INFO - [2026-05-02T21:27:37.988+0000] {dag.py:3036} INFO - Sync 1 DAGs
[2026-05-02T21:27:38.004+0000] {logging_mixin.py:188} INFO - [2026-05-02T21:27:38.004+0000] {dag.py:3823} INFO - Setting next_dagrun for f1_bigdata_pipeline to 2026-04-27 06:00:00+00:00, run_after=2026-05-04 06:00:00+00:00
[2026-05-02T21:27:38.016+0000] {processor.py:183} INFO - Processing /opt/airflow/dags/f1_pipeline_dag.py took 0.105 seconds
[2026-05-02T21:28:08.339+0000] {processor.py:161} INFO - Started process (PID=3611) to work on /opt/airflow/dags/f1_pipeline_dag.py
[2026-05-02T21:28:08.343+0000] {processor.py:830} INFO - Processing file /opt/airflow/dags/f1_pipeline_dag.py for tasks to queue
[2026-05-02T21:28:08.345+0000] {logging_mixin.py:188} INFO - [2026-05-02T21:28:08.344+0000] {dagbag.py:538} INFO - Filling up the DagBag from /opt/airflow/dags/f1_pipeline_dag.py
[2026-05-02T21:28:08.370+0000] {processor.py:840} INFO - DAG(s) 'f1_bigdata_pipeline' retrieved from /opt/airflow/dags/f1_pipeline_dag.py
[2026-05-02T21:28:08.395+0000] {logging_mixin.py:188} INFO - [2026-05-02T21:28:08.395+0000] {dag.py:3036} INFO - Sync 1 DAGs
[2026-05-02T21:28:08.406+0000] {logging_mixin.py:188} INFO - [2026-05-02T21:28:08.406+0000] {dag.py:3823} INFO - Setting next_dagrun for f1_bigdata_pipeline to 2026-04-27 06:00:00+00:00, run_after=2026-05-04 06:00:00+00:00
[2026-05-02T21:28:08.414+0000] {processor.py:183} INFO - Processing /opt/airflow/dags/f1_pipeline_dag.py took 0.095 seconds
[2026-05-02T21:28:38.721+0000] {processor.py:161} INFO - Started process (PID=3616) to work on /opt/airflow/dags/f1_pipeline_dag.py
[2026-05-02T21:28:38.724+0000] {processor.py:830} INFO - Processing file /opt/airflow/dags/f1_pipeline_dag.py for tasks to queue
[2026-05-02T21:28:38.726+0000] {logging_mixin.py:188} INFO - [2026-05-02T21:28:38.725+0000] {dagbag.py:538} INFO - Filling up the DagBag from /opt/airflow/dags/f1_pipeline_dag.py
[2026-05-02T21:28:38.747+0000] {processor.py:840} INFO - DAG(s) 'f1_bigdata_pipeline' retrieved from /opt/airflow/dags/f1_pipeline_dag.py
[2026-05-02T21:28:38.794+0000] {logging_mixin.py:188} INFO - [2026-05-02T21:28:38.794+0000] {dag.py:3036} INFO - Sync 1 DAGs
[2026-05-02T21:28:38.810+0000] {logging_mixin.py:188} INFO - [2026-05-02T21:28:38.810+0000] {dag.py:3823} INFO - Setting next_dagrun for f1_bigdata_pipeline to 2026-04-27 06:00:00+00:00, run_after=2026-05-04 06:00:00+00:00
[2026-05-02T21:28:38.819+0000] {processor.py:183} INFO - Processing /opt/airflow/dags/f1_pipeline_dag.py took 0.129 seconds
[2026-05-02T21:29:09.088+0000] {processor.py:161} INFO - Started process (PID=3621) to work on /opt/airflow/dags/f1_pipeline_dag.py
[2026-05-02T21:29:09.091+0000] {processor.py:830} INFO - Processing file /opt/airflow/dags/f1_pipeline_dag.py for tasks to queue
[2026-05-02T21:29:09.092+0000] {logging_mixin.py:188} INFO - [2026-05-02T21:29:09.092+0000] {dagbag.py:538} INFO - Filling up the DagBag from /opt/airflow/dags/f1_pipeline_dag.py
[2026-05-02T21:29:09.112+0000] {processor.py:840} INFO - DAG(s) 'f1_bigdata_pipeline' retrieved from /opt/airflow/dags/f1_pipeline_dag.py
[2026-05-02T21:29:09.132+0000] {logging_mixin.py:188} INFO - [2026-05-02T21:29:09.132+0000] {dag.py:3036} INFO - Sync 1 DAGs
[2026-05-02T21:29:09.159+0000] {logging_mixin.py:188} INFO - [2026-05-02T21:29:09.159+0000] {dag.py:3823} INFO - Setting next_dagrun for f1_bigdata_pipeline to 2026-04-27 06:00:00+00:00, run_after=2026-05-04 06:00:00+00:00
[2026-05-02T21:29:09.167+0000] {processor.py:183} INFO - Processing /opt/airflow/dags/f1_pipeline_dag.py took 0.101 seconds
[2026-05-02T21:29:39.601+0000] {processor.py:161} INFO - Started process (PID=3626) to work on /opt/airflow/dags/f1_pipeline_dag.py
[2026-05-02T21:29:39.604+0000] {processor.py:830} INFO - Processing file /opt/airflow/dags/f1_pipeline_dag.py for tasks to queue
[2026-05-02T21:29:39.605+0000] {logging_mixin.py:188} INFO - [2026-05-02T21:29:39.604+0000] {dagbag.py:538} INFO - Filling up the DagBag from /opt/airflow/dags/f1_pipeline_dag.py
[2026-05-02T21:29:39.634+0000] {processor.py:840} INFO - DAG(s) 'f1_bigdata_pipeline' retrieved from /opt/airflow/dags/f1_pipeline_dag.py
[2026-05-02T21:29:39.667+0000] {logging_mixin.py:188} INFO - [2026-05-02T21:29:39.667+0000] {dag.py:3036} INFO - Sync 1 DAGs
[2026-05-02T21:29:39.692+0000] {logging_mixin.py:188} INFO - [2026-05-02T21:29:39.692+0000] {dag.py:3823} INFO - Setting next_dagrun for f1_bigdata_pipeline to 2026-04-27 06:00:00+00:00, run_after=2026-05-04 06:00:00+00:00
[2026-05-02T21:29:39.700+0000] {processor.py:183} INFO - Processing /opt/airflow/dags/f1_pipeline_dag.py took 0.105 seconds
[2026-05-02T21:30:09.949+0000] {processor.py:161} INFO - Started process (PID=3631) to work on /opt/airflow/dags/f1_pipeline_dag.py
[2026-05-02T21:30:09.953+0000] {processor.py:830} INFO - Processing file /opt/airflow/dags/f1_pipeline_dag.py for tasks to queue
[2026-05-02T21:30:09.955+0000] {logging_mixin.py:188} INFO - [2026-05-02T21:30:09.954+0000] {dagbag.py:538} INFO - Filling up the DagBag from /opt/airflow/dags/f1_pipeline_dag.py
[2026-05-02T21:30:09.978+0000] {processor.py:840} INFO - DAG(s) 'f1_bigdata_pipeline' retrieved from /opt/airflow/dags/f1_pipeline_dag.py
[2026-05-02T21:30:10.011+0000] {logging_mixin.py:188} INFO - [2026-05-02T21:30:10.011+0000] {dag.py:3036} INFO - Sync 1 DAGs
[2026-05-02T21:30:10.023+0000] {logging_mixin.py:188} INFO - [2026-05-02T21:30:10.023+0000] {dag.py:3823} INFO - Setting next_dagrun for f1_bigdata_pipeline to 2026-04-27 06:00:00+00:00, run_after=2026-05-04 06:00:00+00:00
[2026-05-02T21:30:10.030+0000] {processor.py:183} INFO - Processing /opt/airflow/dags/f1_pipeline_dag.py took 0.088 seconds
[2026-05-02T21:30:40.388+0000] {processor.py:161} INFO - Started process (PID=3636) to work on /opt/airflow/dags/f1_pipeline_dag.py
[2026-05-02T21:30:40.390+0000] {processor.py:830} INFO - Processing file /opt/airflow/dags/f1_pipeline_dag.py for tasks to queue
[2026-05-02T21:30:40.392+0000] {logging_mixin.py:188} INFO - [2026-05-02T21:30:40.390+0000] {dagbag.py:538} INFO - Filling up the DagBag from /opt/airflow/dags/f1_pipeline_dag.py
[2026-05-02T21:30:40.424+0000] {processor.py:840} INFO - DAG(s) 'f1_bigdata_pipeline' retrieved from /opt/airflow/dags/f1_pipeline_dag.py
[2026-05-02T21:30:40.461+0000] {logging_mixin.py:188} INFO - [2026-05-02T21:30:40.461+0000] {dag.py:3036} INFO - Sync 1 DAGs
[2026-05-02T21:30:40.473+0000] {logging_mixin.py:188} INFO - [2026-05-02T21:30:40.473+0000] {dag.py:3823} INFO - Setting next_dagrun for f1_bigdata_pipeline to 2026-04-27 06:00:00+00:00, run_after=2026-05-04 06:00:00+00:00
[2026-05-02T21:30:40.480+0000] {processor.py:183} INFO - Processing /opt/airflow/dags/f1_pipeline_dag.py took 0.098 seconds
[2026-05-02T21:31:10.796+0000] {processor.py:161} INFO - Started process (PID=3641) to work on /opt/airflow/dags/f1_pipeline_dag.py
[2026-05-02T21:31:10.799+0000] {processor.py:830} INFO - Processing file /opt/airflow/dags/f1_pipeline_dag.py for tasks to queue
[2026-05-02T21:31:10.800+0000] {logging_mixin.py:188} INFO - [2026-05-02T21:31:10.799+0000] {dagbag.py:538} INFO - Filling up the DagBag from /opt/airflow/dags/f1_pipeline_dag.py
[2026-05-02T21:31:10.844+0000] {processor.py:840} INFO - DAG(s) 'f1_bigdata_pipeline' retrieved from /opt/airflow/dags/f1_pipeline_dag.py
[2026-05-02T21:31:10.885+0000] {logging_mixin.py:188} INFO - [2026-05-02T21:31:10.885+0000] {dag.py:3036} INFO - Sync 1 DAGs
[2026-05-02T21:31:10.902+0000] {logging_mixin.py:188} INFO - [2026-05-02T21:31:10.902+0000] {dag.py:3823} INFO - Setting next_dagrun for f1_bigdata_pipeline to 2026-04-27 06:00:00+00:00, run_after=2026-05-04 06:00:00+00:00
[2026-05-02T21:31:10.911+0000] {processor.py:183} INFO - Processing /opt/airflow/dags/f1_pipeline_dag.py took 0.122 seconds
[2026-05-02T21:31:41.235+0000] {processor.py:161} INFO - Started process (PID=3646) to work on /opt/airflow/dags/f1_pipeline_dag.py
[2026-05-02T21:31:41.237+0000] {processor.py:830} INFO - Processing file /opt/airflow/dags/f1_pipeline_dag.py for tasks to queue
[2026-05-02T21:31:41.239+0000] {logging_mixin.py:188} INFO - [2026-05-02T21:31:41.238+0000] {dagbag.py:538} INFO - Filling up the DagBag from /opt/airflow/dags/f1_pipeline_dag.py
[2026-05-02T21:31:41.259+0000] {processor.py:840} INFO - DAG(s) 'f1_bigdata_pipeline' retrieved from /opt/airflow/dags/f1_pipeline_dag.py
[2026-05-02T21:31:41.287+0000] {logging_mixin.py:188} INFO - [2026-05-02T21:31:41.287+0000] {dag.py:3036} INFO - Sync 1 DAGs
[2026-05-02T21:31:41.319+0000] {logging_mixin.py:188} INFO - [2026-05-02T21:31:41.319+0000] {dag.py:3823} INFO - Setting next_dagrun for f1_bigdata_pipeline to 2026-04-27 06:00:00+00:00, run_after=2026-05-04 06:00:00+00:00
[2026-05-02T21:31:41.330+0000] {processor.py:183} INFO - Processing /opt/airflow/dags/f1_pipeline_dag.py took 0.108 seconds
[2026-05-02T21:32:11.709+0000] {processor.py:161} INFO - Started process (PID=3651) to work on /opt/airflow/dags/f1_pipeline_dag.py
[2026-05-02T21:32:11.712+0000] {processor.py:830} INFO - Processing file /opt/airflow/dags/f1_pipeline_dag.py for tasks to queue
[2026-05-02T21:32:11.713+0000] {logging_mixin.py:188} INFO - [2026-05-02T21:32:11.713+0000] {dagbag.py:538} INFO - Filling up the DagBag from /opt/airflow/dags/f1_pipeline_dag.py
[2026-05-02T21:32:11.740+0000] {processor.py:840} INFO - DAG(s) 'f1_bigdata_pipeline' retrieved from /opt/airflow/dags/f1_pipeline_dag.py
[2026-05-02T21:32:11.769+0000] {logging_mixin.py:188} INFO - [2026-05-02T21:32:11.769+0000] {dag.py:3036} INFO - Sync 1 DAGs
[2026-05-02T21:32:11.791+0000] {logging_mixin.py:188} INFO - [2026-05-02T21:32:11.791+0000] {dag.py:3823} INFO - Setting next_dagrun for f1_bigdata_pipeline to 2026-04-27 06:00:00+00:00, run_after=2026-05-04 06:00:00+00:00
[2026-05-02T21:32:11.799+0000] {processor.py:183} INFO - Processing /opt/airflow/dags/f1_pipeline_dag.py took 0.098 seconds
[2026-05-02T21:32:42.165+0000] {processor.py:161} INFO - Started process (PID=3656) to work on /opt/airflow/dags/f1_pipeline_dag.py
[2026-05-02T21:32:42.167+0000] {processor.py:830} INFO - Processing file /opt/airflow/dags/f1_pipeline_dag.py for tasks to queue
[2026-05-02T21:32:42.168+0000] {logging_mixin.py:188} INFO - [2026-05-02T21:32:42.168+0000] {dagbag.py:538} INFO - Filling up the DagBag from /opt/airflow/dags/f1_pipeline_dag.py
[2026-05-02T21:32:42.187+0000] {processor.py:840} INFO - DAG(s) 'f1_bigdata_pipeline' retrieved from /opt/airflow/dags/f1_pipeline_dag.py
[2026-05-02T21:32:42.235+0000] {logging_mixin.py:188} INFO - [2026-05-02T21:32:42.235+0000] {dag.py:3036} INFO - Sync 1 DAGs
[2026-05-02T21:32:42.248+0000] {logging_mixin.py:188} INFO - [2026-05-02T21:32:42.247+0000] {dag.py:3823} INFO - Setting next_dagrun for f1_bigdata_pipeline to 2026-04-27 06:00:00+00:00, run_after=2026-05-04 06:00:00+00:00
[2026-05-02T21:32:42.255+0000] {processor.py:183} INFO - Processing /opt/airflow/dags/f1_pipeline_dag.py took 0.095 seconds
[2026-05-02T21:33:12.546+0000] {processor.py:161} INFO - Started process (PID=3661) to work on /opt/airflow/dags/f1_pipeline_dag.py
[2026-05-02T21:33:12.548+0000] {processor.py:830} INFO - Processing file /opt/airflow/dags/f1_pipeline_dag.py for tasks to queue
[2026-05-02T21:33:12.550+0000] {logging_mixin.py:188} INFO - [2026-05-02T21:33:12.549+0000] {dagbag.py:538} INFO - Filling up the DagBag from /opt/airflow/dags/f1_pipeline_dag.py
[2026-05-02T21:33:12.579+0000] {processor.py:840} INFO - DAG(s) 'f1_bigdata_pipeline' retrieved from /opt/airflow/dags/f1_pipeline_dag.py
[2026-05-02T21:33:12.602+0000] {logging_mixin.py:188} INFO - [2026-05-02T21:33:12.602+0000] {dag.py:3036} INFO - Sync 1 DAGs
[2026-05-02T21:33:12.621+0000] {logging_mixin.py:188} INFO - [2026-05-02T21:33:12.621+0000] {dag.py:3823} INFO - Setting next_dagrun for f1_bigdata_pipeline to 2026-04-27 06:00:00+00:00, run_after=2026-05-04 06:00:00+00:00
[2026-05-02T21:33:12.629+0000] {processor.py:183} INFO - Processing /opt/airflow/dags/f1_pipeline_dag.py took 0.090 seconds
[2026-05-02T21:33:43.014+0000] {processor.py:161} INFO - Started process (PID=3666) to work on /opt/airflow/dags/f1_pipeline_dag.py
[2026-05-02T21:33:43.017+0000] {processor.py:830} INFO - Processing file /opt/airflow/dags/f1_pipeline_dag.py for tasks to queue
[2026-05-02T21:33:43.019+0000] {logging_mixin.py:188} INFO - [2026-05-02T21:33:43.018+0000] {dagbag.py:538} INFO - Filling up the DagBag from /opt/airflow/dags/f1_pipeline_dag.py
[2026-05-02T21:33:43.065+0000] {processor.py:840} INFO - DAG(s) 'f1_bigdata_pipeline' retrieved from /opt/airflow/dags/f1_pipeline_dag.py
[2026-05-02T21:33:43.099+0000] {logging_mixin.py:188} INFO - [2026-05-02T21:33:43.099+0000] {dag.py:3036} INFO - Sync 1 DAGs
[2026-05-02T21:33:43.120+0000] {logging_mixin.py:188} INFO - [2026-05-02T21:33:43.120+0000] {dag.py:3823} INFO - Setting next_dagrun for f1_bigdata_pipeline to 2026-04-27 06:00:00+00:00, run_after=2026-05-04 06:00:00+00:00
[2026-05-02T21:33:43.128+0000] {processor.py:183} INFO - Processing /opt/airflow/dags/f1_pipeline_dag.py took 0.122 seconds
[2026-05-02T21:34:13.397+0000] {processor.py:161} INFO - Started process (PID=3671) to work on /opt/airflow/dags/f1_pipeline_dag.py
[2026-05-02T21:34:13.400+0000] {processor.py:830} INFO - Processing file /opt/airflow/dags/f1_pipeline_dag.py for tasks to queue
[2026-05-02T21:34:13.402+0000] {logging_mixin.py:188} INFO - [2026-05-02T21:34:13.401+0000] {dagbag.py:538} INFO - Filling up the DagBag from /opt/airflow/dags/f1_pipeline_dag.py
[2026-05-02T21:34:13.447+0000] {processor.py:840} INFO - DAG(s) 'f1_bigdata_pipeline' retrieved from /opt/airflow/dags/f1_pipeline_dag.py
[2026-05-02T21:34:13.473+0000] {logging_mixin.py:188} INFO - [2026-05-02T21:34:13.473+0000] {dag.py:3036} INFO - Sync 1 DAGs
[2026-05-02T21:34:13.485+0000] {logging_mixin.py:188} INFO - [2026-05-02T21:34:13.485+0000] {dag.py:3823} INFO - Setting next_dagrun for f1_bigdata_pipeline to 2026-04-27 06:00:00+00:00, run_after=2026-05-04 06:00:00+00:00
[2026-05-02T21:34:13.493+0000] {processor.py:183} INFO - Processing /opt/airflow/dags/f1_pipeline_dag.py took 0.104 seconds
[2026-05-02T21:34:43.839+0000] {processor.py:161} INFO - Started process (PID=3676) to work on /opt/airflow/dags/f1_pipeline_dag.py
[2026-05-02T21:34:43.842+0000] {processor.py:830} INFO - Processing file /opt/airflow/dags/f1_pipeline_dag.py for tasks to queue
[2026-05-02T21:34:43.843+0000] {logging_mixin.py:188} INFO - [2026-05-02T21:34:43.843+0000] {dagbag.py:538} INFO - Filling up the DagBag from /opt/airflow/dags/f1_pipeline_dag.py
[2026-05-02T21:34:43.880+0000] {processor.py:840} INFO - DAG(s) 'f1_bigdata_pipeline' retrieved from /opt/airflow/dags/f1_pipeline_dag.py
[2026-05-02T21:34:43.903+0000] {logging_mixin.py:188} INFO - [2026-05-02T21:34:43.903+0000] {dag.py:3036} INFO - Sync 1 DAGs
[2026-05-02T21:34:43.914+0000] {logging_mixin.py:188} INFO - [2026-05-02T21:34:43.914+0000] {dag.py:3823} INFO - Setting next_dagrun for f1_bigdata_pipeline to 2026-04-27 06:00:00+00:00, run_after=2026-05-04 06:00:00+00:00
[2026-05-02T21:34:43.923+0000] {processor.py:183} INFO - Processing /opt/airflow/dags/f1_pipeline_dag.py took 0.091 seconds
[2026-05-02T21:35:14.178+0000] {processor.py:161} INFO - Started process (PID=3681) to work on /opt/airflow/dags/f1_pipeline_dag.py
[2026-05-02T21:35:14.181+0000] {processor.py:830} INFO - Processing file /opt/airflow/dags/f1_pipeline_dag.py for tasks to queue
[2026-05-02T21:35:14.183+0000] {logging_mixin.py:188} INFO - [2026-05-02T21:35:14.182+0000] {dagbag.py:538} INFO - Filling up the DagBag from /opt/airflow/dags/f1_pipeline_dag.py
[2026-05-02T21:35:14.220+0000] {processor.py:840} INFO - DAG(s) 'f1_bigdata_pipeline' retrieved from /opt/airflow/dags/f1_pipeline_dag.py
[2026-05-02T21:35:14.257+0000] {logging_mixin.py:188} INFO - [2026-05-02T21:35:14.257+0000] {dag.py:3036} INFO - Sync 1 DAGs
[2026-05-02T21:35:14.293+0000] {logging_mixin.py:188} INFO - [2026-05-02T21:35:14.293+0000] {dag.py:3823} INFO - Setting next_dagrun for f1_bigdata_pipeline to 2026-04-27 06:00:00+00:00, run_after=2026-05-04 06:00:00+00:00
[2026-05-02T21:35:14.302+0000] {processor.py:183} INFO - Processing /opt/airflow/dags/f1_pipeline_dag.py took 0.132 seconds
[2026-05-02T21:35:44.615+0000] {processor.py:161} INFO - Started process (PID=3686) to work on /opt/airflow/dags/f1_pipeline_dag.py
[2026-05-02T21:35:44.619+0000] {processor.py:830} INFO - Processing file /opt/airflow/dags/f1_pipeline_dag.py for tasks to queue
[2026-05-02T21:35:44.620+0000] {logging_mixin.py:188} INFO - [2026-05-02T21:35:44.620+0000] {dagbag.py:538} INFO - Filling up the DagBag from /opt/airflow/dags/f1_pipeline_dag.py
[2026-05-02T21:35:44.662+0000] {processor.py:840} INFO - DAG(s) 'f1_bigdata_pipeline' retrieved from /opt/airflow/dags/f1_pipeline_dag.py
[2026-05-02T21:35:44.690+0000] {logging_mixin.py:188} INFO - [2026-05-02T21:35:44.690+0000] {dag.py:3036} INFO - Sync 1 DAGs
[2026-05-02T21:35:44.702+0000] {logging_mixin.py:188} INFO - [2026-05-02T21:35:44.702+0000] {dag.py:3823} INFO - Setting next_dagrun for f1_bigdata_pipeline to 2026-04-27 06:00:00+00:00, run_after=2026-05-04 06:00:00+00:00
[2026-05-02T21:35:44.711+0000] {processor.py:183} INFO - Processing /opt/airflow/dags/f1_pipeline_dag.py took 0.104 seconds
[2026-05-02T21:36:15.007+0000] {processor.py:161} INFO - Started process (PID=3691) to work on /opt/airflow/dags/f1_pipeline_dag.py
[2026-05-02T21:36:15.011+0000] {processor.py:830} INFO - Processing file /opt/airflow/dags/f1_pipeline_dag.py for tasks to queue
[2026-05-02T21:36:15.012+0000] {logging_mixin.py:188} INFO - [2026-05-02T21:36:15.012+0000] {dagbag.py:538} INFO - Filling up the DagBag from /opt/airflow/dags/f1_pipeline_dag.py
[2026-05-02T21:36:15.041+0000] {processor.py:840} INFO - DAG(s) 'f1_bigdata_pipeline' retrieved from /opt/airflow/dags/f1_pipeline_dag.py
[2026-05-02T21:36:15.079+0000] {logging_mixin.py:188} INFO - [2026-05-02T21:36:15.079+0000] {dag.py:3036} INFO - Sync 1 DAGs
[2026-05-02T21:36:15.091+0000] {logging_mixin.py:188} INFO - [2026-05-02T21:36:15.091+0000] {dag.py:3823} INFO - Setting next_dagrun for f1_bigdata_pipeline to 2026-04-27 06:00:00+00:00, run_after=2026-05-04 06:00:00+00:00
[2026-05-02T21:36:15.098+0000] {processor.py:183} INFO - Processing /opt/airflow/dags/f1_pipeline_dag.py took 0.097 seconds
[2026-05-02T21:36:45.467+0000] {processor.py:161} INFO - Started process (PID=3696) to work on /opt/airflow/dags/f1_pipeline_dag.py
[2026-05-02T21:36:45.470+0000] {processor.py:830} INFO - Processing file /opt/airflow/dags/f1_pipeline_dag.py for tasks to queue
[2026-05-02T21:36:45.471+0000] {logging_mixin.py:188} INFO - [2026-05-02T21:36:45.471+0000] {dagbag.py:538} INFO - Filling up the DagBag from /opt/airflow/dags/f1_pipeline_dag.py
[2026-05-02T21:36:45.494+0000] {processor.py:840} INFO - DAG(s) 'f1_bigdata_pipeline' retrieved from /opt/airflow/dags/f1_pipeline_dag.py
[2026-05-02T21:36:45.520+0000] {logging_mixin.py:188} INFO - [2026-05-02T21:36:45.520+0000] {dag.py:3036} INFO - Sync 1 DAGs
[2026-05-02T21:36:45.544+0000] {logging_mixin.py:188} INFO - [2026-05-02T21:36:45.544+0000] {dag.py:3823} INFO - Setting next_dagrun for f1_bigdata_pipeline to 2026-04-27 06:00:00+00:00, run_after=2026-05-04 06:00:00+00:00
[2026-05-02T21:36:45.553+0000] {processor.py:183} INFO - Processing /opt/airflow/dags/f1_pipeline_dag.py took 0.096 seconds
[2026-05-02T21:37:15.815+0000] {processor.py:161} INFO - Started process (PID=3701) to work on /opt/airflow/dags/f1_pipeline_dag.py
[2026-05-02T21:37:15.818+0000] {processor.py:830} INFO - Processing file /opt/airflow/dags/f1_pipeline_dag.py for tasks to queue
[2026-05-02T21:37:15.824+0000] {logging_mixin.py:188} INFO - [2026-05-02T21:37:15.821+0000] {dagbag.py:538} INFO - Filling up the DagBag from /opt/airflow/dags/f1_pipeline_dag.py
[2026-05-02T21:37:15.874+0000] {processor.py:840} INFO - DAG(s) 'f1_bigdata_pipeline' retrieved from /opt/airflow/dags/f1_pipeline_dag.py
[2026-05-02T21:37:15.898+0000] {logging_mixin.py:188} INFO - [2026-05-02T21:37:15.898+0000] {dag.py:3036} INFO - Sync 1 DAGs
[2026-05-02T21:37:15.909+0000] {logging_mixin.py:188} INFO - [2026-05-02T21:37:15.909+0000] {dag.py:3823} INFO - Setting next_dagrun for f1_bigdata_pipeline to 2026-04-27 06:00:00+00:00, run_after=2026-05-04 06:00:00+00:00
[2026-05-02T21:37:15.917+0000] {processor.py:183} INFO - Processing /opt/airflow/dags/f1_pipeline_dag.py took 0.110 seconds
[2026-05-02T21:37:46.239+0000] {processor.py:161} INFO - Started process (PID=3706) to work on /opt/airflow/dags/f1_pipeline_dag.py
[2026-05-02T21:37:46.242+0000] {processor.py:830} INFO - Processing file /opt/airflow/dags/f1_pipeline_dag.py for tasks to queue
[2026-05-02T21:37:46.243+0000] {logging_mixin.py:188} INFO - [2026-05-02T21:37:46.242+0000] {dagbag.py:538} INFO - Filling up the DagBag from /opt/airflow/dags/f1_pipeline_dag.py
[2026-05-02T21:37:46.266+0000] {processor.py:840} INFO - DAG(s) 'f1_bigdata_pipeline' retrieved from /opt/airflow/dags/f1_pipeline_dag.py
[2026-05-02T21:37:46.288+0000] {logging_mixin.py:188} INFO - [2026-05-02T21:37:46.288+0000] {dag.py:3036} INFO - Sync 1 DAGs
[2026-05-02T21:37:46.308+0000] {logging_mixin.py:188} INFO - [2026-05-02T21:37:46.307+0000] {dag.py:3823} INFO - Setting next_dagrun for f1_bigdata_pipeline to 2026-04-27 06:00:00+00:00, run_after=2026-05-04 06:00:00+00:00
[2026-05-02T21:37:46.323+0000] {processor.py:183} INFO - Processing /opt/airflow/dags/f1_pipeline_dag.py took 0.093 seconds
[2026-05-02T21:38:16.605+0000] {processor.py:161} INFO - Started process (PID=3711) to work on /opt/airflow/dags/f1_pipeline_dag.py
[2026-05-02T21:38:16.607+0000] {processor.py:830} INFO - Processing file /opt/airflow/dags/f1_pipeline_dag.py for tasks to queue
[2026-05-02T21:38:16.609+0000] {logging_mixin.py:188} INFO - [2026-05-02T21:38:16.608+0000] {dagbag.py:538} INFO - Filling up the DagBag from /opt/airflow/dags/f1_pipeline_dag.py
[2026-05-02T21:38:16.652+0000] {processor.py:840} INFO - DAG(s) 'f1_bigdata_pipeline' retrieved from /opt/airflow/dags/f1_pipeline_dag.py
[2026-05-02T21:38:16.677+0000] {logging_mixin.py:188} INFO - [2026-05-02T21:38:16.677+0000] {dag.py:3036} INFO - Sync 1 DAGs
[2026-05-02T21:38:16.690+0000] {logging_mixin.py:188} INFO - [2026-05-02T21:38:16.690+0000] {dag.py:3823} INFO - Setting next_dagrun for f1_bigdata_pipeline to 2026-04-27 06:00:00+00:00, run_after=2026-05-04 06:00:00+00:00
[2026-05-02T21:38:16.705+0000] {processor.py:183} INFO - Processing /opt/airflow/dags/f1_pipeline_dag.py took 0.105 seconds
[2026-05-02T21:38:46.967+0000] {processor.py:161} INFO - Started process (PID=3716) to work on /opt/airflow/dags/f1_pipeline_dag.py
[2026-05-02T21:38:46.969+0000] {processor.py:830} INFO - Processing file /opt/airflow/dags/f1_pipeline_dag.py for tasks to queue
[2026-05-02T21:38:46.971+0000] {logging_mixin.py:188} INFO - [2026-05-02T21:38:46.970+0000] {dagbag.py:538} INFO - Filling up the DagBag from /opt/airflow/dags/f1_pipeline_dag.py
[2026-05-02T21:38:47.010+0000] {processor.py:840} INFO - DAG(s) 'f1_bigdata_pipeline' retrieved from /opt/airflow/dags/f1_pipeline_dag.py
[2026-05-02T21:38:47.038+0000] {logging_mixin.py:188} INFO - [2026-05-02T21:38:47.038+0000] {dag.py:3036} INFO - Sync 1 DAGs
[2026-05-02T21:38:47.050+0000] {logging_mixin.py:188} INFO - [2026-05-02T21:38:47.050+0000] {dag.py:3823} INFO - Setting next_dagrun for f1_bigdata_pipeline to 2026-04-27 06:00:00+00:00, run_after=2026-05-04 06:00:00+00:00
[2026-05-02T21:38:47.061+0000] {processor.py:183} INFO - Processing /opt/airflow/dags/f1_pipeline_dag.py took 0.101 seconds
[2026-05-02T21:39:17.386+0000] {processor.py:161} INFO - Started process (PID=3721) to work on /opt/airflow/dags/f1_pipeline_dag.py
[2026-05-02T21:39:17.388+0000] {processor.py:830} INFO - Processing file /opt/airflow/dags/f1_pipeline_dag.py for tasks to queue
[2026-05-02T21:39:17.389+0000] {logging_mixin.py:188} INFO - [2026-05-02T21:39:17.388+0000] {dagbag.py:538} INFO - Filling up the DagBag from /opt/airflow/dags/f1_pipeline_dag.py
[2026-05-02T21:39:17.409+0000] {processor.py:840} INFO - DAG(s) 'f1_bigdata_pipeline' retrieved from /opt/airflow/dags/f1_pipeline_dag.py
[2026-05-02T21:39:17.449+0000] {logging_mixin.py:188} INFO - [2026-05-02T21:39:17.449+0000] {dag.py:3036} INFO - Sync 1 DAGs
[2026-05-02T21:39:17.471+0000] {logging_mixin.py:188} INFO - [2026-05-02T21:39:17.471+0000] {dag.py:3823} INFO - Setting next_dagrun for f1_bigdata_pipeline to 2026-04-27 06:00:00+00:00, run_after=2026-05-04 06:00:00+00:00
[2026-05-02T21:39:17.479+0000] {processor.py:183} INFO - Processing /opt/airflow/dags/f1_pipeline_dag.py took 0.097 seconds
[2026-05-02T21:39:47.802+0000] {processor.py:161} INFO - Started process (PID=3726) to work on /opt/airflow/dags/f1_pipeline_dag.py
[2026-05-02T21:39:47.804+0000] {processor.py:830} INFO - Processing file /opt/airflow/dags/f1_pipeline_dag.py for tasks to queue
[2026-05-02T21:39:47.805+0000] {logging_mixin.py:188} INFO - [2026-05-02T21:39:47.805+0000] {dagbag.py:538} INFO - Filling up the DagBag from /opt/airflow/dags/f1_pipeline_dag.py
[2026-05-02T21:39:47.824+0000] {processor.py:840} INFO - DAG(s) 'f1_bigdata_pipeline' retrieved from /opt/airflow/dags/f1_pipeline_dag.py
[2026-05-02T21:39:47.857+0000] {logging_mixin.py:188} INFO - [2026-05-02T21:39:47.857+0000] {dag.py:3036} INFO - Sync 1 DAGs
[2026-05-02T21:39:47.870+0000] {logging_mixin.py:188} INFO - [2026-05-02T21:39:47.870+0000] {dag.py:3823} INFO - Setting next_dagrun for f1_bigdata_pipeline to 2026-04-27 06:00:00+00:00, run_after=2026-05-04 06:00:00+00:00
[2026-05-02T21:39:47.880+0000] {processor.py:183} INFO - Processing /opt/airflow/dags/f1_pipeline_dag.py took 0.083 seconds
[2026-05-02T21:40:18.192+0000] {processor.py:161} INFO - Started process (PID=3731) to work on /opt/airflow/dags/f1_pipeline_dag.py
[2026-05-02T21:40:18.195+0000] {processor.py:830} INFO - Processing file /opt/airflow/dags/f1_pipeline_dag.py for tasks to queue
[2026-05-02T21:40:18.196+0000] {logging_mixin.py:188} INFO - [2026-05-02T21:40:18.195+0000] {dagbag.py:538} INFO - Filling up the DagBag from /opt/airflow/dags/f1_pipeline_dag.py
[2026-05-02T21:40:18.241+0000] {processor.py:840} INFO - DAG(s) 'f1_bigdata_pipeline' retrieved from /opt/airflow/dags/f1_pipeline_dag.py
[2026-05-02T21:40:18.278+0000] {logging_mixin.py:188} INFO - [2026-05-02T21:40:18.278+0000] {dag.py:3036} INFO - Sync 1 DAGs
[2026-05-02T21:40:18.301+0000] {logging_mixin.py:188} INFO - [2026-05-02T21:40:18.301+0000] {dag.py:3823} INFO - Setting next_dagrun for f1_bigdata_pipeline to 2026-04-27 06:00:00+00:00, run_after=2026-05-04 06:00:00+00:00
[2026-05-02T21:40:18.312+0000] {processor.py:183} INFO - Processing /opt/airflow/dags/f1_pipeline_dag.py took 0.125 seconds
[2026-05-02T21:40:48.614+0000] {processor.py:161} INFO - Started process (PID=3736) to work on /opt/airflow/dags/f1_pipeline_dag.py
[2026-05-02T21:40:48.618+0000] {processor.py:830} INFO - Processing file /opt/airflow/dags/f1_pipeline_dag.py for tasks to queue
[2026-05-02T21:40:48.627+0000] {logging_mixin.py:188} INFO - [2026-05-02T21:40:48.622+0000] {dagbag.py:538} INFO - Filling up the DagBag from /opt/airflow/dags/f1_pipeline_dag.py
[2026-05-02T21:40:48.669+0000] {processor.py:840} INFO - DAG(s) 'f1_bigdata_pipeline' retrieved from /opt/airflow/dags/f1_pipeline_dag.py
[2026-05-02T21:40:48.692+0000] {logging_mixin.py:188} INFO - [2026-05-02T21:40:48.692+0000] {dag.py:3036} INFO - Sync 1 DAGs
[2026-05-02T21:40:48.711+0000] {logging_mixin.py:188} INFO - [2026-05-02T21:40:48.711+0000] {dag.py:3823} INFO - Setting next_dagrun for f1_bigdata_pipeline to 2026-04-27 06:00:00+00:00, run_after=2026-05-04 06:00:00+00:00
[2026-05-02T21:40:48.724+0000] {processor.py:183} INFO - Processing /opt/airflow/dags/f1_pipeline_dag.py took 0.119 seconds
[2026-05-02T21:41:19.209+0000] {processor.py:161} INFO - Started process (PID=3741) to work on /opt/airflow/dags/f1_pipeline_dag.py
[2026-05-02T21:41:19.211+0000] {processor.py:830} INFO - Processing file /opt/airflow/dags/f1_pipeline_dag.py for tasks to queue
[2026-05-02T21:41:19.212+0000] {logging_mixin.py:188} INFO - [2026-05-02T21:41:19.212+0000] {dagbag.py:538} INFO - Filling up the DagBag from /opt/airflow/dags/f1_pipeline_dag.py
[2026-05-02T21:41:19.258+0000] {processor.py:840} INFO - DAG(s) 'f1_bigdata_pipeline' retrieved from /opt/airflow/dags/f1_pipeline_dag.py
[2026-05-02T21:41:19.306+0000] {logging_mixin.py:188} INFO - [2026-05-02T21:41:19.306+0000] {dag.py:3036} INFO - Sync 1 DAGs
[2026-05-02T21:41:19.326+0000] {logging_mixin.py:188} INFO - [2026-05-02T21:41:19.325+0000] {dag.py:3823} INFO - Setting next_dagrun for f1_bigdata_pipeline to 2026-04-27 06:00:00+00:00, run_after=2026-05-04 06:00:00+00:00
[2026-05-02T21:41:19.336+0000] {processor.py:183} INFO - Processing /opt/airflow/dags/f1_pipeline_dag.py took 0.134 seconds
[2026-05-02T21:41:49.586+0000] {processor.py:161} INFO - Started process (PID=3746) to work on /opt/airflow/dags/f1_pipeline_dag.py
[2026-05-02T21:41:49.591+0000] {processor.py:830} INFO - Processing file /opt/airflow/dags/f1_pipeline_dag.py for tasks to queue
[2026-05-02T21:41:49.594+0000] {logging_mixin.py:188} INFO - [2026-05-02T21:41:49.593+0000] {dagbag.py:538} INFO - Filling up the DagBag from /opt/airflow/dags/f1_pipeline_dag.py
[2026-05-02T21:41:49.631+0000] {processor.py:840} INFO - DAG(s) 'f1_bigdata_pipeline' retrieved from /opt/airflow/dags/f1_pipeline_dag.py
[2026-05-02T21:41:49.662+0000] {logging_mixin.py:188} INFO - [2026-05-02T21:41:49.662+0000] {dag.py:3036} INFO - Sync 1 DAGs
[2026-05-02T21:41:49.674+0000] {logging_mixin.py:188} INFO - [2026-05-02T21:41:49.674+0000] {dag.py:3823} INFO - Setting next_dagrun for f1_bigdata_pipeline to 2026-04-27 06:00:00+00:00, run_after=2026-05-04 06:00:00+00:00
[2026-05-02T21:41:49.685+0000] {processor.py:183} INFO - Processing /opt/airflow/dags/f1_pipeline_dag.py took 0.108 seconds
[2026-05-02T21:42:20.002+0000] {processor.py:161} INFO - Started process (PID=3751) to work on /opt/airflow/dags/f1_pipeline_dag.py
[2026-05-02T21:42:20.005+0000] {processor.py:830} INFO - Processing file /opt/airflow/dags/f1_pipeline_dag.py for tasks to queue
[2026-05-02T21:42:20.006+0000] {logging_mixin.py:188} INFO - [2026-05-02T21:42:20.006+0000] {dagbag.py:538} INFO - Filling up the DagBag from /opt/airflow/dags/f1_pipeline_dag.py
[2026-05-02T21:42:20.033+0000] {processor.py:840} INFO - DAG(s) 'f1_bigdata_pipeline' retrieved from /opt/airflow/dags/f1_pipeline_dag.py
[2026-05-02T21:42:20.077+0000] {logging_mixin.py:188} INFO - [2026-05-02T21:42:20.077+0000] {dag.py:3036} INFO - Sync 1 DAGs
[2026-05-02T21:42:20.088+0000] {logging_mixin.py:188} INFO - [2026-05-02T21:42:20.088+0000] {dag.py:3823} INFO - Setting next_dagrun for f1_bigdata_pipeline to 2026-04-27 06:00:00+00:00, run_after=2026-05-04 06:00:00+00:00
[2026-05-02T21:42:20.097+0000] {processor.py:183} INFO - Processing /opt/airflow/dags/f1_pipeline_dag.py took 0.101 seconds
[2026-05-02T21:42:50.434+0000] {processor.py:161} INFO - Started process (PID=3756) to work on /opt/airflow/dags/f1_pipeline_dag.py
[2026-05-02T21:42:50.437+0000] {processor.py:830} INFO - Processing file /opt/airflow/dags/f1_pipeline_dag.py for tasks to queue
[2026-05-02T21:42:50.438+0000] {logging_mixin.py:188} INFO - [2026-05-02T21:42:50.438+0000] {dagbag.py:538} INFO - Filling up the DagBag from /opt/airflow/dags/f1_pipeline_dag.py
[2026-05-02T21:42:50.478+0000] {processor.py:840} INFO - DAG(s) 'f1_bigdata_pipeline' retrieved from /opt/airflow/dags/f1_pipeline_dag.py
[2026-05-02T21:42:50.510+0000] {logging_mixin.py:188} INFO - [2026-05-02T21:42:50.510+0000] {dag.py:3036} INFO - Sync 1 DAGs
[2026-05-02T21:42:50.523+0000] {logging_mixin.py:188} INFO - [2026-05-02T21:42:50.523+0000] {dag.py:3823} INFO - Setting next_dagrun for f1_bigdata_pipeline to 2026-04-27 06:00:00+00:00, run_after=2026-05-04 06:00:00+00:00
[2026-05-02T21:42:50.531+0000] {processor.py:183} INFO - Processing /opt/airflow/dags/f1_pipeline_dag.py took 0.103 seconds
[2026-05-02T21:43:20.851+0000] {processor.py:161} INFO - Started process (PID=3761) to work on /opt/airflow/dags/f1_pipeline_dag.py
[2026-05-02T21:43:20.854+0000] {processor.py:830} INFO - Processing file /opt/airflow/dags/f1_pipeline_dag.py for tasks to queue
[2026-05-02T21:43:20.855+0000] {logging_mixin.py:188} INFO - [2026-05-02T21:43:20.854+0000] {dagbag.py:538} INFO - Filling up the DagBag from /opt/airflow/dags/f1_pipeline_dag.py
[2026-05-02T21:43:20.880+0000] {processor.py:840} INFO - DAG(s) 'f1_bigdata_pipeline' retrieved from /opt/airflow/dags/f1_pipeline_dag.py
[2026-05-02T21:43:20.916+0000] {logging_mixin.py:188} INFO - [2026-05-02T21:43:20.915+0000] {dag.py:3036} INFO - Sync 1 DAGs
[2026-05-02T21:43:20.932+0000] {logging_mixin.py:188} INFO - [2026-05-02T21:43:20.932+0000] {dag.py:3823} INFO - Setting next_dagrun for f1_bigdata_pipeline to 2026-04-27 06:00:00+00:00, run_after=2026-05-04 06:00:00+00:00
[2026-05-02T21:43:20.941+0000] {processor.py:183} INFO - Processing /opt/airflow/dags/f1_pipeline_dag.py took 0.097 seconds
[2026-05-02T21:43:51.251+0000] {processor.py:161} INFO - Started process (PID=3766) to work on /opt/airflow/dags/f1_pipeline_dag.py
[2026-05-02T21:43:51.253+0000] {processor.py:830} INFO - Processing file /opt/airflow/dags/f1_pipeline_dag.py for tasks to queue
[2026-05-02T21:43:51.254+0000] {logging_mixin.py:188} INFO - [2026-05-02T21:43:51.254+0000] {dagbag.py:538} INFO - Filling up the DagBag from /opt/airflow/dags/f1_pipeline_dag.py
[2026-05-02T21:43:51.275+0000] {processor.py:840} INFO - DAG(s) 'f1_bigdata_pipeline' retrieved from /opt/airflow/dags/f1_pipeline_dag.py
[2026-05-02T21:43:51.294+0000] {logging_mixin.py:188} INFO - [2026-05-02T21:43:51.294+0000] {dag.py:3036} INFO - Sync 1 DAGs
[2026-05-02T21:43:51.305+0000] {logging_mixin.py:188} INFO - [2026-05-02T21:43:51.305+0000] {dag.py:3823} INFO - Setting next_dagrun for f1_bigdata_pipeline to 2026-04-27 06:00:00+00:00, run_after=2026-05-04 06:00:00+00:00
[2026-05-02T21:43:51.316+0000] {processor.py:183} INFO - Processing /opt/airflow/dags/f1_pipeline_dag.py took 0.070 seconds
[2026-05-02T21:44:21.698+0000] {processor.py:161} INFO - Started process (PID=3771) to work on /opt/airflow/dags/f1_pipeline_dag.py
[2026-05-02T21:44:21.702+0000] {processor.py:830} INFO - Processing file /opt/airflow/dags/f1_pipeline_dag.py for tasks to queue
[2026-05-02T21:44:21.705+0000] {logging_mixin.py:188} INFO - [2026-05-02T21:44:21.704+0000] {dagbag.py:538} INFO - Filling up the DagBag from /opt/airflow/dags/f1_pipeline_dag.py
[2026-05-02T21:44:21.727+0000] {processor.py:840} INFO - DAG(s) 'f1_bigdata_pipeline' retrieved from /opt/airflow/dags/f1_pipeline_dag.py
[2026-05-02T21:44:21.787+0000] {logging_mixin.py:188} INFO - [2026-05-02T21:44:21.787+0000] {dag.py:3036} INFO - Sync 1 DAGs
[2026-05-02T21:44:21.806+0000] {logging_mixin.py:188} INFO - [2026-05-02T21:44:21.806+0000] {dag.py:3823} INFO - Setting next_dagrun for f1_bigdata_pipeline to 2026-04-27 06:00:00+00:00, run_after=2026-05-04 06:00:00+00:00
[2026-05-02T21:44:21.816+0000] {processor.py:183} INFO - Processing /opt/airflow/dags/f1_pipeline_dag.py took 0.130 seconds
[2026-05-02T21:44:52.082+0000] {processor.py:161} INFO - Started process (PID=3776) to work on /opt/airflow/dags/f1_pipeline_dag.py
[2026-05-02T21:44:52.084+0000] {processor.py:830} INFO - Processing file /opt/airflow/dags/f1_pipeline_dag.py for tasks to queue
[2026-05-02T21:44:52.086+0000] {logging_mixin.py:188} INFO - [2026-05-02T21:44:52.085+0000] {dagbag.py:538} INFO - Filling up the DagBag from /opt/airflow/dags/f1_pipeline_dag.py
[2026-05-02T21:44:52.117+0000] {processor.py:840} INFO - DAG(s) 'f1_bigdata_pipeline' retrieved from /opt/airflow/dags/f1_pipeline_dag.py
[2026-05-02T21:44:52.140+0000] {logging_mixin.py:188} INFO - [2026-05-02T21:44:52.139+0000] {dag.py:3036} INFO - Sync 1 DAGs
[2026-05-02T21:44:52.155+0000] {logging_mixin.py:188} INFO - [2026-05-02T21:44:52.155+0000] {dag.py:3823} INFO - Setting next_dagrun for f1_bigdata_pipeline to 2026-04-27 06:00:00+00:00, run_after=2026-05-04 06:00:00+00:00
[2026-05-02T21:44:52.165+0000] {processor.py:183} INFO - Processing /opt/airflow/dags/f1_pipeline_dag.py took 0.091 seconds
[2026-05-02T21:45:22.496+0000] {processor.py:161} INFO - Started process (PID=3781) to work on /opt/airflow/dags/f1_pipeline_dag.py
[2026-05-02T21:45:22.498+0000] {processor.py:830} INFO - Processing file /opt/airflow/dags/f1_pipeline_dag.py for tasks to queue
[2026-05-02T21:45:22.499+0000] {logging_mixin.py:188} INFO - [2026-05-02T21:45:22.499+0000] {dagbag.py:538} INFO - Filling up the DagBag from /opt/airflow/dags/f1_pipeline_dag.py
[2026-05-02T21:45:22.522+0000] {processor.py:840} INFO - DAG(s) 'f1_bigdata_pipeline' retrieved from /opt/airflow/dags/f1_pipeline_dag.py
[2026-05-02T21:45:22.557+0000] {logging_mixin.py:188} INFO - [2026-05-02T21:45:22.557+0000] {dag.py:3036} INFO - Sync 1 DAGs
[2026-05-02T21:45:22.571+0000] {logging_mixin.py:188} INFO - [2026-05-02T21:45:22.570+0000] {dag.py:3823} INFO - Setting next_dagrun for f1_bigdata_pipeline to 2026-04-27 06:00:00+00:00, run_after=2026-05-04 06:00:00+00:00
[2026-05-02T21:45:22.579+0000] {processor.py:183} INFO - Processing /opt/airflow/dags/f1_pipeline_dag.py took 0.089 seconds
[2026-05-02T21:45:52.892+0000] {processor.py:161} INFO - Started process (PID=3786) to work on /opt/airflow/dags/f1_pipeline_dag.py
[2026-05-02T21:45:52.899+0000] {processor.py:830} INFO - Processing file /opt/airflow/dags/f1_pipeline_dag.py for tasks to queue
[2026-05-02T21:45:52.908+0000] {logging_mixin.py:188} INFO - [2026-05-02T21:45:52.906+0000] {dagbag.py:538} INFO - Filling up the DagBag from /opt/airflow/dags/f1_pipeline_dag.py
[2026-05-02T21:45:52.942+0000] {processor.py:840} INFO - DAG(s) 'f1_bigdata_pipeline' retrieved from /opt/airflow/dags/f1_pipeline_dag.py
[2026-05-02T21:45:52.964+0000] {logging_mixin.py:188} INFO - [2026-05-02T21:45:52.964+0000] {dag.py:3036} INFO - Sync 1 DAGs
[2026-05-02T21:45:52.975+0000] {logging_mixin.py:188} INFO - [2026-05-02T21:45:52.975+0000] {dag.py:3823} INFO - Setting next_dagrun for f1_bigdata_pipeline to 2026-04-27 06:00:00+00:00, run_after=2026-05-04 06:00:00+00:00
[2026-05-02T21:45:52.983+0000] {processor.py:183} INFO - Processing /opt/airflow/dags/f1_pipeline_dag.py took 0.100 seconds
[2026-05-02T21:46:23.291+0000] {processor.py:161} INFO - Started process (PID=3791) to work on /opt/airflow/dags/f1_pipeline_dag.py
[2026-05-02T21:46:23.293+0000] {processor.py:830} INFO - Processing file /opt/airflow/dags/f1_pipeline_dag.py for tasks to queue
[2026-05-02T21:46:23.295+0000] {logging_mixin.py:188} INFO - [2026-05-02T21:46:23.294+0000] {dagbag.py:538} INFO - Filling up the DagBag from /opt/airflow/dags/f1_pipeline_dag.py
[2026-05-02T21:46:23.320+0000] {processor.py:840} INFO - DAG(s) 'f1_bigdata_pipeline' retrieved from /opt/airflow/dags/f1_pipeline_dag.py
[2026-05-02T21:46:23.344+0000] {logging_mixin.py:188} INFO - [2026-05-02T21:46:23.344+0000] {dag.py:3036} INFO - Sync 1 DAGs
[2026-05-02T21:46:23.367+0000] {logging_mixin.py:188} INFO - [2026-05-02T21:46:23.367+0000] {dag.py:3823} INFO - Setting next_dagrun for f1_bigdata_pipeline to 2026-04-27 06:00:00+00:00, run_after=2026-05-04 06:00:00+00:00
[2026-05-02T21:46:23.376+0000] {processor.py:183} INFO - Processing /opt/airflow/dags/f1_pipeline_dag.py took 0.092 seconds
[2026-05-02T21:46:53.719+0000] {processor.py:161} INFO - Started process (PID=3796) to work on /opt/airflow/dags/f1_pipeline_dag.py
[2026-05-02T21:46:53.733+0000] {processor.py:830} INFO - Processing file /opt/airflow/dags/f1_pipeline_dag.py for tasks to queue
[2026-05-02T21:46:53.737+0000] {logging_mixin.py:188} INFO - [2026-05-02T21:46:53.735+0000] {dagbag.py:538} INFO - Filling up the DagBag from /opt/airflow/dags/f1_pipeline_dag.py
[2026-05-02T21:46:53.757+0000] {processor.py:840} INFO - DAG(s) 'f1_bigdata_pipeline' retrieved from /opt/airflow/dags/f1_pipeline_dag.py
[2026-05-02T21:46:53.778+0000] {logging_mixin.py:188} INFO - [2026-05-02T21:46:53.778+0000] {dag.py:3036} INFO - Sync 1 DAGs
[2026-05-02T21:46:53.790+0000] {logging_mixin.py:188} INFO - [2026-05-02T21:46:53.790+0000] {dag.py:3823} INFO - Setting next_dagrun for f1_bigdata_pipeline to 2026-04-27 06:00:00+00:00, run_after=2026-05-04 06:00:00+00:00
[2026-05-02T21:46:53.798+0000] {processor.py:183} INFO - Processing /opt/airflow/dags/f1_pipeline_dag.py took 0.088 seconds
[2026-05-02T21:47:24.129+0000] {processor.py:161} INFO - Started process (PID=3801) to work on /opt/airflow/dags/f1_pipeline_dag.py
[2026-05-02T21:47:24.131+0000] {processor.py:830} INFO - Processing file /opt/airflow/dags/f1_pipeline_dag.py for tasks to queue
[2026-05-02T21:47:24.133+0000] {logging_mixin.py:188} INFO - [2026-05-02T21:47:24.132+0000] {dagbag.py:538} INFO - Filling up the DagBag from /opt/airflow/dags/f1_pipeline_dag.py
[2026-05-02T21:47:24.152+0000] {processor.py:840} INFO - DAG(s) 'f1_bigdata_pipeline' retrieved from /opt/airflow/dags/f1_pipeline_dag.py
[2026-05-02T21:47:24.177+0000] {logging_mixin.py:188} INFO - [2026-05-02T21:47:24.177+0000] {dag.py:3036} INFO - Sync 1 DAGs
[2026-05-02T21:47:24.203+0000] {logging_mixin.py:188} INFO - [2026-05-02T21:47:24.203+0000] {dag.py:3823} INFO - Setting next_dagrun for f1_bigdata_pipeline to 2026-04-27 06:00:00+00:00, run_after=2026-05-04 06:00:00+00:00
[2026-05-02T21:47:24.210+0000] {processor.py:183} INFO - Processing /opt/airflow/dags/f1_pipeline_dag.py took 0.088 seconds
[2026-05-02T21:47:54.516+0000] {processor.py:161} INFO - Started process (PID=3806) to work on /opt/airflow/dags/f1_pipeline_dag.py
[2026-05-02T21:47:54.519+0000] {processor.py:830} INFO - Processing file /opt/airflow/dags/f1_pipeline_dag.py for tasks to queue
[2026-05-02T21:47:54.521+0000] {logging_mixin.py:188} INFO - [2026-05-02T21:47:54.520+0000] {dagbag.py:538} INFO - Filling up the DagBag from /opt/airflow/dags/f1_pipeline_dag.py
[2026-05-02T21:47:54.562+0000] {processor.py:840} INFO - DAG(s) 'f1_bigdata_pipeline' retrieved from /opt/airflow/dags/f1_pipeline_dag.py
[2026-05-02T21:47:54.587+0000] {logging_mixin.py:188} INFO - [2026-05-02T21:47:54.587+0000] {dag.py:3036} INFO - Sync 1 DAGs
[2026-05-02T21:47:54.599+0000] {logging_mixin.py:188} INFO - [2026-05-02T21:47:54.599+0000] {dag.py:3823} INFO - Setting next_dagrun for f1_bigdata_pipeline to 2026-04-27 06:00:00+00:00, run_after=2026-05-04 06:00:00+00:00
[2026-05-02T21:47:54.607+0000] {processor.py:183} INFO - Processing /opt/airflow/dags/f1_pipeline_dag.py took 0.096 seconds
[2026-05-02T21:48:24.901+0000] {processor.py:161} INFO - Started process (PID=3811) to work on /opt/airflow/dags/f1_pipeline_dag.py
[2026-05-02T21:48:24.902+0000] {processor.py:830} INFO - Processing file /opt/airflow/dags/f1_pipeline_dag.py for tasks to queue
[2026-05-02T21:48:24.903+0000] {logging_mixin.py:188} INFO - [2026-05-02T21:48:24.903+0000] {dagbag.py:538} INFO - Filling up the DagBag from /opt/airflow/dags/f1_pipeline_dag.py
[2026-05-02T21:48:24.915+0000] {processor.py:840} INFO - DAG(s) 'f1_bigdata_pipeline' retrieved from /opt/airflow/dags/f1_pipeline_dag.py
[2026-05-02T21:48:24.936+0000] {logging_mixin.py:188} INFO - [2026-05-02T21:48:24.936+0000] {dag.py:3036} INFO - Sync 1 DAGs
[2026-05-02T21:48:24.947+0000] {logging_mixin.py:188} INFO - [2026-05-02T21:48:24.947+0000] {dag.py:3823} INFO - Setting next_dagrun for f1_bigdata_pipeline to 2026-04-27 06:00:00+00:00, run_after=2026-05-04 06:00:00+00:00
[2026-05-02T21:48:24.955+0000] {processor.py:183} INFO - Processing /opt/airflow/dags/f1_pipeline_dag.py took 0.058 seconds
[2026-05-02T21:48:55.356+0000] {processor.py:161} INFO - Started process (PID=3816) to work on /opt/airflow/dags/f1_pipeline_dag.py
[2026-05-02T21:48:55.358+0000] {processor.py:830} INFO - Processing file /opt/airflow/dags/f1_pipeline_dag.py for tasks to queue
[2026-05-02T21:48:55.359+0000] {logging_mixin.py:188} INFO - [2026-05-02T21:48:55.359+0000] {dagbag.py:538} INFO - Filling up the DagBag from /opt/airflow/dags/f1_pipeline_dag.py
[2026-05-02T21:48:55.379+0000] {processor.py:840} INFO - DAG(s) 'f1_bigdata_pipeline' retrieved from /opt/airflow/dags/f1_pipeline_dag.py
[2026-05-02T21:48:55.408+0000] {logging_mixin.py:188} INFO - [2026-05-02T21:48:55.408+0000] {dag.py:3036} INFO - Sync 1 DAGs
[2026-05-02T21:48:55.429+0000] {logging_mixin.py:188} INFO - [2026-05-02T21:48:55.429+0000] {dag.py:3823} INFO - Setting next_dagrun for f1_bigdata_pipeline to 2026-04-27 06:00:00+00:00, run_after=2026-05-04 06:00:00+00:00
[2026-05-02T21:48:55.437+0000] {processor.py:183} INFO - Processing /opt/airflow/dags/f1_pipeline_dag.py took 0.087 seconds
[2026-05-02T21:49:25.898+0000] {processor.py:161} INFO - Started process (PID=3821) to work on /opt/airflow/dags/f1_pipeline_dag.py
[2026-05-02T21:49:25.901+0000] {processor.py:830} INFO - Processing file /opt/airflow/dags/f1_pipeline_dag.py for tasks to queue
[2026-05-02T21:49:25.902+0000] {logging_mixin.py:188} INFO - [2026-05-02T21:49:25.902+0000] {dagbag.py:538} INFO - Filling up the DagBag from /opt/airflow/dags/f1_pipeline_dag.py
[2026-05-02T21:49:25.923+0000] {processor.py:840} INFO - DAG(s) 'f1_bigdata_pipeline' retrieved from /opt/airflow/dags/f1_pipeline_dag.py
[2026-05-02T21:49:25.967+0000] {logging_mixin.py:188} INFO - [2026-05-02T21:49:25.967+0000] {dag.py:3036} INFO - Sync 1 DAGs
[2026-05-02T21:49:25.981+0000] {logging_mixin.py:188} INFO - [2026-05-02T21:49:25.981+0000] {dag.py:3823} INFO - Setting next_dagrun for f1_bigdata_pipeline to 2026-04-27 06:00:00+00:00, run_after=2026-05-04 06:00:00+00:00
[2026-05-02T21:49:25.999+0000] {processor.py:183} INFO - Processing /opt/airflow/dags/f1_pipeline_dag.py took 0.107 seconds
[2026-05-02T21:49:56.349+0000] {processor.py:161} INFO - Started process (PID=3826) to work on /opt/airflow/dags/f1_pipeline_dag.py
[2026-05-02T21:49:56.351+0000] {processor.py:830} INFO - Processing file /opt/airflow/dags/f1_pipeline_dag.py for tasks to queue
[2026-05-02T21:49:56.353+0000] {logging_mixin.py:188} INFO - [2026-05-02T21:49:56.352+0000] {dagbag.py:538} INFO - Filling up the DagBag from /opt/airflow/dags/f1_pipeline_dag.py
[2026-05-02T21:49:56.374+0000] {processor.py:840} INFO - DAG(s) 'f1_bigdata_pipeline' retrieved from /opt/airflow/dags/f1_pipeline_dag.py
[2026-05-02T21:49:56.404+0000] {logging_mixin.py:188} INFO - [2026-05-02T21:49:56.404+0000] {dag.py:3036} INFO - Sync 1 DAGs
[2026-05-02T21:49:56.418+0000] {logging_mixin.py:188} INFO - [2026-05-02T21:49:56.417+0000] {dag.py:3823} INFO - Setting next_dagrun for f1_bigdata_pipeline to 2026-04-27 06:00:00+00:00, run_after=2026-05-04 06:00:00+00:00
[2026-05-02T21:49:56.426+0000] {processor.py:183} INFO - Processing /opt/airflow/dags/f1_pipeline_dag.py took 0.089 seconds
[2026-05-02T21:50:26.720+0000] {processor.py:161} INFO - Started process (PID=3831) to work on /opt/airflow/dags/f1_pipeline_dag.py
[2026-05-02T21:50:26.722+0000] {processor.py:830} INFO - Processing file /opt/airflow/dags/f1_pipeline_dag.py for tasks to queue
[2026-05-02T21:50:26.723+0000] {logging_mixin.py:188} INFO - [2026-05-02T21:50:26.722+0000] {dagbag.py:538} INFO - Filling up the DagBag from /opt/airflow/dags/f1_pipeline_dag.py
[2026-05-02T21:50:26.755+0000] {processor.py:840} INFO - DAG(s) 'f1_bigdata_pipeline' retrieved from /opt/airflow/dags/f1_pipeline_dag.py
[2026-05-02T21:50:26.805+0000] {logging_mixin.py:188} INFO - [2026-05-02T21:50:26.805+0000] {dag.py:3036} INFO - Sync 1 DAGs
[2026-05-02T21:50:26.817+0000] {logging_mixin.py:188} INFO - [2026-05-02T21:50:26.817+0000] {dag.py:3823} INFO - Setting next_dagrun for f1_bigdata_pipeline to 2026-04-27 06:00:00+00:00, run_after=2026-05-04 06:00:00+00:00
[2026-05-02T21:50:26.825+0000] {processor.py:183} INFO - Processing /opt/airflow/dags/f1_pipeline_dag.py took 0.110 seconds
[2026-05-02T21:50:57.454+0000] {processor.py:161} INFO - Started process (PID=3836) to work on /opt/airflow/dags/f1_pipeline_dag.py
[2026-05-02T21:50:57.457+0000] {processor.py:830} INFO - Processing file /opt/airflow/dags/f1_pipeline_dag.py for tasks to queue
[2026-05-02T21:50:57.459+0000] {logging_mixin.py:188} INFO - [2026-05-02T21:50:57.458+0000] {dagbag.py:538} INFO - Filling up the DagBag from /opt/airflow/dags/f1_pipeline_dag.py
[2026-05-02T21:50:57.503+0000] {processor.py:840} INFO - DAG(s) 'f1_bigdata_pipeline' retrieved from /opt/airflow/dags/f1_pipeline_dag.py
[2026-05-02T21:50:57.530+0000] {logging_mixin.py:188} INFO - [2026-05-02T21:50:57.530+0000] {dag.py:3036} INFO - Sync 1 DAGs
[2026-05-02T21:50:57.543+0000] {logging_mixin.py:188} INFO - [2026-05-02T21:50:57.543+0000] {dag.py:3823} INFO - Setting next_dagrun for f1_bigdata_pipeline to 2026-04-27 06:00:00+00:00, run_after=2026-05-04 06:00:00+00:00
[2026-05-02T21:50:57.554+0000] {processor.py:183} INFO - Processing /opt/airflow/dags/f1_pipeline_dag.py took 0.110 seconds
[2026-05-02T21:51:27.893+0000] {processor.py:161} INFO - Started process (PID=3841) to work on /opt/airflow/dags/f1_pipeline_dag.py
[2026-05-02T21:51:27.896+0000] {processor.py:830} INFO - Processing file /opt/airflow/dags/f1_pipeline_dag.py for tasks to queue
[2026-05-02T21:51:27.897+0000] {logging_mixin.py:188} INFO - [2026-05-02T21:51:27.897+0000] {dagbag.py:538} INFO - Filling up the DagBag from /opt/airflow/dags/f1_pipeline_dag.py
[2026-05-02T21:51:27.922+0000] {processor.py:840} INFO - DAG(s) 'f1_bigdata_pipeline' retrieved from /opt/airflow/dags/f1_pipeline_dag.py
[2026-05-02T21:51:27.943+0000] {logging_mixin.py:188} INFO - [2026-05-02T21:51:27.943+0000] {dag.py:3036} INFO - Sync 1 DAGs
[2026-05-02T21:51:27.955+0000] {logging_mixin.py:188} INFO - [2026-05-02T21:51:27.955+0000] {dag.py:3823} INFO - Setting next_dagrun for f1_bigdata_pipeline to 2026-04-27 06:00:00+00:00, run_after=2026-05-04 06:00:00+00:00
[2026-05-02T21:51:27.963+0000] {processor.py:183} INFO - Processing /opt/airflow/dags/f1_pipeline_dag.py took 0.104 seconds
[2026-05-02T21:51:58.401+0000] {processor.py:161} INFO - Started process (PID=3846) to work on /opt/airflow/dags/f1_pipeline_dag.py
[2026-05-02T21:51:58.404+0000] {processor.py:830} INFO - Processing file /opt/airflow/dags/f1_pipeline_dag.py for tasks to queue
[2026-05-02T21:51:58.408+0000] {logging_mixin.py:188} INFO - [2026-05-02T21:51:58.406+0000] {dagbag.py:538} INFO - Filling up the DagBag from /opt/airflow/dags/f1_pipeline_dag.py
[2026-05-02T21:51:58.433+0000] {processor.py:840} INFO - DAG(s) 'f1_bigdata_pipeline' retrieved from /opt/airflow/dags/f1_pipeline_dag.py
[2026-05-02T21:51:58.465+0000] {logging_mixin.py:188} INFO - [2026-05-02T21:51:58.465+0000] {dag.py:3036} INFO - Sync 1 DAGs
[2026-05-02T21:51:58.477+0000] {logging_mixin.py:188} INFO - [2026-05-02T21:51:58.476+0000] {dag.py:3823} INFO - Setting next_dagrun for f1_bigdata_pipeline to 2026-04-27 06:00:00+00:00, run_after=2026-05-04 06:00:00+00:00
[2026-05-02T21:51:58.484+0000] {processor.py:183} INFO - Processing /opt/airflow/dags/f1_pipeline_dag.py took 0.089 seconds
[2026-05-02T21:52:28.788+0000] {processor.py:161} INFO - Started process (PID=3851) to work on /opt/airflow/dags/f1_pipeline_dag.py
[2026-05-02T21:52:28.789+0000] {processor.py:830} INFO - Processing file /opt/airflow/dags/f1_pipeline_dag.py for tasks to queue
[2026-05-02T21:52:28.790+0000] {logging_mixin.py:188} INFO - [2026-05-02T21:52:28.790+0000] {dagbag.py:538} INFO - Filling up the DagBag from /opt/airflow/dags/f1_pipeline_dag.py
[2026-05-02T21:52:28.805+0000] {processor.py:840} INFO - DAG(s) 'f1_bigdata_pipeline' retrieved from /opt/airflow/dags/f1_pipeline_dag.py
[2026-05-02T21:52:28.828+0000] {logging_mixin.py:188} INFO - [2026-05-02T21:52:28.828+0000] {dag.py:3036} INFO - Sync 1 DAGs
[2026-05-02T21:52:28.855+0000] {logging_mixin.py:188} INFO - [2026-05-02T21:52:28.854+0000] {dag.py:3823} INFO - Setting next_dagrun for f1_bigdata_pipeline to 2026-04-27 06:00:00+00:00, run_after=2026-05-04 06:00:00+00:00
[2026-05-02T21:52:28.864+0000] {processor.py:183} INFO - Processing /opt/airflow/dags/f1_pipeline_dag.py took 0.080 seconds
[2026-05-02T21:52:59.142+0000] {processor.py:161} INFO - Started process (PID=3856) to work on /opt/airflow/dags/f1_pipeline_dag.py
[2026-05-02T21:52:59.144+0000] {processor.py:830} INFO - Processing file /opt/airflow/dags/f1_pipeline_dag.py for tasks to queue
[2026-05-02T21:52:59.146+0000] {logging_mixin.py:188} INFO - [2026-05-02T21:52:59.145+0000] {dagbag.py:538} INFO - Filling up the DagBag from /opt/airflow/dags/f1_pipeline_dag.py
[2026-05-02T21:52:59.166+0000] {processor.py:840} INFO - DAG(s) 'f1_bigdata_pipeline' retrieved from /opt/airflow/dags/f1_pipeline_dag.py
[2026-05-02T21:52:59.187+0000] {logging_mixin.py:188} INFO - [2026-05-02T21:52:59.187+0000] {dag.py:3036} INFO - Sync 1 DAGs
[2026-05-02T21:52:59.211+0000] {logging_mixin.py:188} INFO - [2026-05-02T21:52:59.210+0000] {dag.py:3823} INFO - Setting next_dagrun for f1_bigdata_pipeline to 2026-04-27 06:00:00+00:00, run_after=2026-05-04 06:00:00+00:00
[2026-05-02T21:52:59.226+0000] {processor.py:183} INFO - Processing /opt/airflow/dags/f1_pipeline_dag.py took 0.089 seconds
[2026-05-02T21:53:29.475+0000] {processor.py:161} INFO - Started process (PID=3861) to work on /opt/airflow/dags/f1_pipeline_dag.py
[2026-05-02T21:53:29.485+0000] {processor.py:830} INFO - Processing file /opt/airflow/dags/f1_pipeline_dag.py for tasks to queue
[2026-05-02T21:53:29.488+0000] {logging_mixin.py:188} INFO - [2026-05-02T21:53:29.487+0000] {dagbag.py:538} INFO - Filling up the DagBag from /opt/airflow/dags/f1_pipeline_dag.py
[2026-05-02T21:53:29.538+0000] {processor.py:840} INFO - DAG(s) 'f1_bigdata_pipeline' retrieved from /opt/airflow/dags/f1_pipeline_dag.py
[2026-05-02T21:53:29.564+0000] {logging_mixin.py:188} INFO - [2026-05-02T21:53:29.564+0000] {dag.py:3036} INFO - Sync 1 DAGs
[2026-05-02T21:53:29.575+0000] {logging_mixin.py:188} INFO - [2026-05-02T21:53:29.575+0000] {dag.py:3823} INFO - Setting next_dagrun for f1_bigdata_pipeline to 2026-04-27 06:00:00+00:00, run_after=2026-05-04 06:00:00+00:00
[2026-05-02T21:53:29.583+0000] {processor.py:183} INFO - Processing /opt/airflow/dags/f1_pipeline_dag.py took 0.113 seconds
[2026-05-02T21:53:59.868+0000] {processor.py:161} INFO - Started process (PID=3866) to work on /opt/airflow/dags/f1_pipeline_dag.py
[2026-05-02T21:53:59.872+0000] {processor.py:830} INFO - Processing file /opt/airflow/dags/f1_pipeline_dag.py for tasks to queue
[2026-05-02T21:53:59.873+0000] {logging_mixin.py:188} INFO - [2026-05-02T21:53:59.873+0000] {dagbag.py:538} INFO - Filling up the DagBag from /opt/airflow/dags/f1_pipeline_dag.py
[2026-05-02T21:53:59.920+0000] {processor.py:840} INFO - DAG(s) 'f1_bigdata_pipeline' retrieved from /opt/airflow/dags/f1_pipeline_dag.py
[2026-05-02T21:53:59.945+0000] {logging_mixin.py:188} INFO - [2026-05-02T21:53:59.945+0000] {dag.py:3036} INFO - Sync 1 DAGs
[2026-05-02T21:53:59.957+0000] {logging_mixin.py:188} INFO - [2026-05-02T21:53:59.957+0000] {dag.py:3823} INFO - Setting next_dagrun for f1_bigdata_pipeline to 2026-04-27 06:00:00+00:00, run_after=2026-05-04 06:00:00+00:00
[2026-05-02T21:53:59.965+0000] {processor.py:183} INFO - Processing /opt/airflow/dags/f1_pipeline_dag.py took 0.107 seconds
[2026-05-02T21:54:30.267+0000] {processor.py:161} INFO - Started process (PID=3871) to work on /opt/airflow/dags/f1_pipeline_dag.py
[2026-05-02T21:54:30.269+0000] {processor.py:830} INFO - Processing file /opt/airflow/dags/f1_pipeline_dag.py for tasks to queue
[2026-05-02T21:54:30.271+0000] {logging_mixin.py:188} INFO - [2026-05-02T21:54:30.270+0000] {dagbag.py:538} INFO - Filling up the DagBag from /opt/airflow/dags/f1_pipeline_dag.py
[2026-05-02T21:54:30.292+0000] {processor.py:840} INFO - DAG(s) 'f1_bigdata_pipeline' retrieved from /opt/airflow/dags/f1_pipeline_dag.py
[2026-05-02T21:54:30.332+0000] {logging_mixin.py:188} INFO - [2026-05-02T21:54:30.332+0000] {dag.py:3036} INFO - Sync 1 DAGs
[2026-05-02T21:54:30.344+0000] {logging_mixin.py:188} INFO - [2026-05-02T21:54:30.344+0000] {dag.py:3823} INFO - Setting next_dagrun for f1_bigdata_pipeline to 2026-04-27 06:00:00+00:00, run_after=2026-05-04 06:00:00+00:00
[2026-05-02T21:54:30.352+0000] {processor.py:183} INFO - Processing /opt/airflow/dags/f1_pipeline_dag.py took 0.107 seconds
[2026-05-02T21:55:00.641+0000] {processor.py:161} INFO - Started process (PID=3876) to work on /opt/airflow/dags/f1_pipeline_dag.py
[2026-05-02T21:55:00.643+0000] {processor.py:830} INFO - Processing file /opt/airflow/dags/f1_pipeline_dag.py for tasks to queue
[2026-05-02T21:55:00.644+0000] {logging_mixin.py:188} INFO - [2026-05-02T21:55:00.643+0000] {dagbag.py:538} INFO - Filling up the DagBag from /opt/airflow/dags/f1_pipeline_dag.py
[2026-05-02T21:55:00.667+0000] {processor.py:840} INFO - DAG(s) 'f1_bigdata_pipeline' retrieved from /opt/airflow/dags/f1_pipeline_dag.py
[2026-05-02T21:55:00.709+0000] {logging_mixin.py:188} INFO - [2026-05-02T21:55:00.709+0000] {dag.py:3036} INFO - Sync 1 DAGs
[2026-05-02T21:55:00.719+0000] {logging_mixin.py:188} INFO - [2026-05-02T21:55:00.719+0000] {dag.py:3823} INFO - Setting next_dagrun for f1_bigdata_pipeline to 2026-04-27 06:00:00+00:00, run_after=2026-05-04 06:00:00+00:00
[2026-05-02T21:55:00.727+0000] {processor.py:183} INFO - Processing /opt/airflow/dags/f1_pipeline_dag.py took 0.091 seconds
[2026-05-02T21:55:31.017+0000] {processor.py:161} INFO - Started process (PID=3881) to work on /opt/airflow/dags/f1_pipeline_dag.py
[2026-05-02T21:55:31.020+0000] {processor.py:830} INFO - Processing file /opt/airflow/dags/f1_pipeline_dag.py for tasks to queue
[2026-05-02T21:55:31.021+0000] {logging_mixin.py:188} INFO - [2026-05-02T21:55:31.021+0000] {dagbag.py:538} INFO - Filling up the DagBag from /opt/airflow/dags/f1_pipeline_dag.py
[2026-05-02T21:55:31.064+0000] {processor.py:840} INFO - DAG(s) 'f1_bigdata_pipeline' retrieved from /opt/airflow/dags/f1_pipeline_dag.py
[2026-05-02T21:55:31.124+0000] {logging_mixin.py:188} INFO - [2026-05-02T21:55:31.124+0000] {dag.py:3036} INFO - Sync 1 DAGs
[2026-05-02T21:55:31.144+0000] {logging_mixin.py:188} INFO - [2026-05-02T21:55:31.144+0000] {dag.py:3823} INFO - Setting next_dagrun for f1_bigdata_pipeline to 2026-04-27 06:00:00+00:00, run_after=2026-05-04 06:00:00+00:00
[2026-05-02T21:55:31.155+0000] {processor.py:183} INFO - Processing /opt/airflow/dags/f1_pipeline_dag.py took 0.147 seconds
[2026-05-02T21:56:01.486+0000] {processor.py:161} INFO - Started process (PID=3886) to work on /opt/airflow/dags/f1_pipeline_dag.py
[2026-05-02T21:56:01.488+0000] {processor.py:830} INFO - Processing file /opt/airflow/dags/f1_pipeline_dag.py for tasks to queue
[2026-05-02T21:56:01.489+0000] {logging_mixin.py:188} INFO - [2026-05-02T21:56:01.489+0000] {dagbag.py:538} INFO - Filling up the DagBag from /opt/airflow/dags/f1_pipeline_dag.py
[2026-05-02T21:56:01.506+0000] {processor.py:840} INFO - DAG(s) 'f1_bigdata_pipeline' retrieved from /opt/airflow/dags/f1_pipeline_dag.py
[2026-05-02T21:56:01.538+0000] {logging_mixin.py:188} INFO - [2026-05-02T21:56:01.538+0000] {dag.py:3036} INFO - Sync 1 DAGs
[2026-05-02T21:56:01.551+0000] {logging_mixin.py:188} INFO - [2026-05-02T21:56:01.551+0000] {dag.py:3823} INFO - Setting next_dagrun for f1_bigdata_pipeline to 2026-04-27 06:00:00+00:00, run_after=2026-05-04 06:00:00+00:00
[2026-05-02T21:56:01.567+0000] {processor.py:183} INFO - Processing /opt/airflow/dags/f1_pipeline_dag.py took 0.086 seconds
[2026-05-02T21:56:31.821+0000] {processor.py:161} INFO - Started process (PID=3891) to work on /opt/airflow/dags/f1_pipeline_dag.py
[2026-05-02T21:56:31.823+0000] {processor.py:830} INFO - Processing file /opt/airflow/dags/f1_pipeline_dag.py for tasks to queue
[2026-05-02T21:56:31.825+0000] {logging_mixin.py:188} INFO - [2026-05-02T21:56:31.824+0000] {dagbag.py:538} INFO - Filling up the DagBag from /opt/airflow/dags/f1_pipeline_dag.py
[2026-05-02T21:56:31.859+0000] {processor.py:840} INFO - DAG(s) 'f1_bigdata_pipeline' retrieved from /opt/airflow/dags/f1_pipeline_dag.py
[2026-05-02T21:56:31.878+0000] {logging_mixin.py:188} INFO - [2026-05-02T21:56:31.878+0000] {dag.py:3036} INFO - Sync 1 DAGs
[2026-05-02T21:56:31.892+0000] {logging_mixin.py:188} INFO - [2026-05-02T21:56:31.892+0000] {dag.py:3823} INFO - Setting next_dagrun for f1_bigdata_pipeline to 2026-04-27 06:00:00+00:00, run_after=2026-05-04 06:00:00+00:00
[2026-05-02T21:56:31.900+0000] {processor.py:183} INFO - Processing /opt/airflow/dags/f1_pipeline_dag.py took 0.085 seconds
[2026-05-02T21:57:02.165+0000] {processor.py:161} INFO - Started process (PID=3896) to work on /opt/airflow/dags/f1_pipeline_dag.py
[2026-05-02T21:57:02.179+0000] {processor.py:830} INFO - Processing file /opt/airflow/dags/f1_pipeline_dag.py for tasks to queue
[2026-05-02T21:57:02.184+0000] {logging_mixin.py:188} INFO - [2026-05-02T21:57:02.182+0000] {dagbag.py:538} INFO - Filling up the DagBag from /opt/airflow/dags/f1_pipeline_dag.py
[2026-05-02T21:57:02.206+0000] {processor.py:840} INFO - DAG(s) 'f1_bigdata_pipeline' retrieved from /opt/airflow/dags/f1_pipeline_dag.py
[2026-05-02T21:57:02.229+0000] {logging_mixin.py:188} INFO - [2026-05-02T21:57:02.229+0000] {dag.py:3036} INFO - Sync 1 DAGs
[2026-05-02T21:57:02.258+0000] {logging_mixin.py:188} INFO - [2026-05-02T21:57:02.258+0000] {dag.py:3823} INFO - Setting next_dagrun for f1_bigdata_pipeline to 2026-04-27 06:00:00+00:00, run_after=2026-05-04 06:00:00+00:00
[2026-05-02T21:57:02.280+0000] {processor.py:183} INFO - Processing /opt/airflow/dags/f1_pipeline_dag.py took 0.121 seconds
[2026-05-02T21:57:32.546+0000] {processor.py:161} INFO - Started process (PID=3901) to work on /opt/airflow/dags/f1_pipeline_dag.py
[2026-05-02T21:57:32.549+0000] {processor.py:830} INFO - Processing file /opt/airflow/dags/f1_pipeline_dag.py for tasks to queue
[2026-05-02T21:57:32.551+0000] {logging_mixin.py:188} INFO - [2026-05-02T21:57:32.550+0000] {dagbag.py:538} INFO - Filling up the DagBag from /opt/airflow/dags/f1_pipeline_dag.py
[2026-05-02T21:57:32.575+0000] {processor.py:840} INFO - DAG(s) 'f1_bigdata_pipeline' retrieved from /opt/airflow/dags/f1_pipeline_dag.py
[2026-05-02T21:57:32.593+0000] {logging_mixin.py:188} INFO - [2026-05-02T21:57:32.593+0000] {dag.py:3036} INFO - Sync 1 DAGs
[2026-05-02T21:57:32.605+0000] {logging_mixin.py:188} INFO - [2026-05-02T21:57:32.605+0000] {dag.py:3823} INFO - Setting next_dagrun for f1_bigdata_pipeline to 2026-04-27 06:00:00+00:00, run_after=2026-05-04 06:00:00+00:00
[2026-05-02T21:57:32.613+0000] {processor.py:183} INFO - Processing /opt/airflow/dags/f1_pipeline_dag.py took 0.073 seconds
[2026-05-02T21:58:02.974+0000] {processor.py:161} INFO - Started process (PID=3906) to work on /opt/airflow/dags/f1_pipeline_dag.py
[2026-05-02T21:58:02.988+0000] {processor.py:830} INFO - Processing file /opt/airflow/dags/f1_pipeline_dag.py for tasks to queue
[2026-05-02T21:58:02.991+0000] {logging_mixin.py:188} INFO - [2026-05-02T21:58:02.990+0000] {dagbag.py:538} INFO - Filling up the DagBag from /opt/airflow/dags/f1_pipeline_dag.py
[2026-05-02T21:58:03.012+0000] {processor.py:840} INFO - DAG(s) 'f1_bigdata_pipeline' retrieved from /opt/airflow/dags/f1_pipeline_dag.py
[2026-05-02T21:58:03.049+0000] {logging_mixin.py:188} INFO - [2026-05-02T21:58:03.049+0000] {dag.py:3036} INFO - Sync 1 DAGs
[2026-05-02T21:58:03.062+0000] {logging_mixin.py:188} INFO - [2026-05-02T21:58:03.061+0000] {dag.py:3823} INFO - Setting next_dagrun for f1_bigdata_pipeline to 2026-04-27 06:00:00+00:00, run_after=2026-05-04 06:00:00+00:00
[2026-05-02T21:58:03.070+0000] {processor.py:183} INFO - Processing /opt/airflow/dags/f1_pipeline_dag.py took 0.107 seconds
[2026-05-02T21:58:33.380+0000] {processor.py:161} INFO - Started process (PID=3911) to work on /opt/airflow/dags/f1_pipeline_dag.py
[2026-05-02T21:58:33.387+0000] {processor.py:830} INFO - Processing file /opt/airflow/dags/f1_pipeline_dag.py for tasks to queue
[2026-05-02T21:58:33.395+0000] {logging_mixin.py:188} INFO - [2026-05-02T21:58:33.389+0000] {dagbag.py:538} INFO - Filling up the DagBag from /opt/airflow/dags/f1_pipeline_dag.py
[2026-05-02T21:58:33.426+0000] {processor.py:840} INFO - DAG(s) 'f1_bigdata_pipeline' retrieved from /opt/airflow/dags/f1_pipeline_dag.py
[2026-05-02T21:58:33.452+0000] {logging_mixin.py:188} INFO - [2026-05-02T21:58:33.452+0000] {dag.py:3036} INFO - Sync 1 DAGs
[2026-05-02T21:58:33.473+0000] {logging_mixin.py:188} INFO - [2026-05-02T21:58:33.473+0000] {dag.py:3823} INFO - Setting next_dagrun for f1_bigdata_pipeline to 2026-04-27 06:00:00+00:00, run_after=2026-05-04 06:00:00+00:00
[2026-05-02T21:58:33.483+0000] {processor.py:183} INFO - Processing /opt/airflow/dags/f1_pipeline_dag.py took 0.117 seconds
[2026-05-02T21:59:03.771+0000] {processor.py:161} INFO - Started process (PID=3916) to work on /opt/airflow/dags/f1_pipeline_dag.py
[2026-05-02T21:59:03.773+0000] {processor.py:830} INFO - Processing file /opt/airflow/dags/f1_pipeline_dag.py for tasks to queue
[2026-05-02T21:59:03.774+0000] {logging_mixin.py:188} INFO - [2026-05-02T21:59:03.773+0000] {dagbag.py:538} INFO - Filling up the DagBag from /opt/airflow/dags/f1_pipeline_dag.py
[2026-05-02T21:59:03.792+0000] {processor.py:840} INFO - DAG(s) 'f1_bigdata_pipeline' retrieved from /opt/airflow/dags/f1_pipeline_dag.py
[2026-05-02T21:59:03.833+0000] {logging_mixin.py:188} INFO - [2026-05-02T21:59:03.833+0000] {dag.py:3036} INFO - Sync 1 DAGs
[2026-05-02T21:59:03.845+0000] {logging_mixin.py:188} INFO - [2026-05-02T21:59:03.845+0000] {dag.py:3823} INFO - Setting next_dagrun for f1_bigdata_pipeline to 2026-04-27 06:00:00+00:00, run_after=2026-05-04 06:00:00+00:00
[2026-05-02T21:59:03.854+0000] {processor.py:183} INFO - Processing /opt/airflow/dags/f1_pipeline_dag.py took 0.088 seconds
[2026-05-02T21:59:34.196+0000] {processor.py:161} INFO - Started process (PID=3921) to work on /opt/airflow/dags/f1_pipeline_dag.py
[2026-05-02T21:59:34.198+0000] {processor.py:830} INFO - Processing file /opt/airflow/dags/f1_pipeline_dag.py for tasks to queue
[2026-05-02T21:59:34.199+0000] {logging_mixin.py:188} INFO - [2026-05-02T21:59:34.198+0000] {dagbag.py:538} INFO - Filling up the DagBag from /opt/airflow/dags/f1_pipeline_dag.py
[2026-05-02T21:59:34.229+0000] {processor.py:840} INFO - DAG(s) 'f1_bigdata_pipeline' retrieved from /opt/airflow/dags/f1_pipeline_dag.py
[2026-05-02T21:59:34.250+0000] {logging_mixin.py:188} INFO - [2026-05-02T21:59:34.250+0000] {dag.py:3036} INFO - Sync 1 DAGs
[2026-05-02T21:59:34.263+0000] {logging_mixin.py:188} INFO - [2026-05-02T21:59:34.263+0000] {dag.py:3823} INFO - Setting next_dagrun for f1_bigdata_pipeline to 2026-04-27 06:00:00+00:00, run_after=2026-05-04 06:00:00+00:00
[2026-05-02T21:59:34.272+0000] {processor.py:183} INFO - Processing /opt/airflow/dags/f1_pipeline_dag.py took 0.083 seconds
[2026-05-02T22:00:04.589+0000] {processor.py:161} INFO - Started process (PID=3926) to work on /opt/airflow/dags/f1_pipeline_dag.py
[2026-05-02T22:00:04.591+0000] {processor.py:830} INFO - Processing file /opt/airflow/dags/f1_pipeline_dag.py for tasks to queue
[2026-05-02T22:00:04.592+0000] {logging_mixin.py:188} INFO - [2026-05-02T22:00:04.592+0000] {dagbag.py:538} INFO - Filling up the DagBag from /opt/airflow/dags/f1_pipeline_dag.py
[2026-05-02T22:00:04.628+0000] {processor.py:840} INFO - DAG(s) 'f1_bigdata_pipeline' retrieved from /opt/airflow/dags/f1_pipeline_dag.py
[2026-05-02T22:00:04.651+0000] {logging_mixin.py:188} INFO - [2026-05-02T22:00:04.651+0000] {dag.py:3036} INFO - Sync 1 DAGs
[2026-05-02T22:00:04.665+0000] {logging_mixin.py:188} INFO - [2026-05-02T22:00:04.665+0000] {dag.py:3823} INFO - Setting next_dagrun for f1_bigdata_pipeline to 2026-04-27 06:00:00+00:00, run_after=2026-05-04 06:00:00+00:00
[2026-05-02T22:00:04.672+0000] {processor.py:183} INFO - Processing /opt/airflow/dags/f1_pipeline_dag.py took 0.091 seconds
[2026-05-02T22:00:35.264+0000] {processor.py:161} INFO - Started process (PID=3931) to work on /opt/airflow/dags/f1_pipeline_dag.py
[2026-05-02T22:00:35.266+0000] {processor.py:830} INFO - Processing file /opt/airflow/dags/f1_pipeline_dag.py for tasks to queue
[2026-05-02T22:00:35.268+0000] {logging_mixin.py:188} INFO - [2026-05-02T22:00:35.267+0000] {dagbag.py:538} INFO - Filling up the DagBag from /opt/airflow/dags/f1_pipeline_dag.py
[2026-05-02T22:00:35.292+0000] {processor.py:840} INFO - DAG(s) 'f1_bigdata_pipeline' retrieved from /opt/airflow/dags/f1_pipeline_dag.py
[2026-05-02T22:00:35.312+0000] {logging_mixin.py:188} INFO - [2026-05-02T22:00:35.312+0000] {dag.py:3036} INFO - Sync 1 DAGs
[2026-05-02T22:00:35.324+0000] {logging_mixin.py:188} INFO - [2026-05-02T22:00:35.324+0000] {dag.py:3823} INFO - Setting next_dagrun for f1_bigdata_pipeline to 2026-04-27 06:00:00+00:00, run_after=2026-05-04 06:00:00+00:00
[2026-05-02T22:00:35.332+0000] {processor.py:183} INFO - Processing /opt/airflow/dags/f1_pipeline_dag.py took 0.089 seconds
[2026-05-02T22:01:05.686+0000] {processor.py:161} INFO - Started process (PID=3936) to work on /opt/airflow/dags/f1_pipeline_dag.py
[2026-05-02T22:01:05.688+0000] {processor.py:830} INFO - Processing file /opt/airflow/dags/f1_pipeline_dag.py for tasks to queue
[2026-05-02T22:01:05.689+0000] {logging_mixin.py:188} INFO - [2026-05-02T22:01:05.688+0000] {dagbag.py:538} INFO - Filling up the DagBag from /opt/airflow/dags/f1_pipeline_dag.py
[2026-05-02T22:01:05.713+0000] {processor.py:840} INFO - DAG(s) 'f1_bigdata_pipeline' retrieved from /opt/airflow/dags/f1_pipeline_dag.py
[2026-05-02T22:01:05.738+0000] {logging_mixin.py:188} INFO - [2026-05-02T22:01:05.738+0000] {dag.py:3036} INFO - Sync 1 DAGs
[2026-05-02T22:01:05.754+0000] {logging_mixin.py:188} INFO - [2026-05-02T22:01:05.753+0000] {dag.py:3823} INFO - Setting next_dagrun for f1_bigdata_pipeline to 2026-04-27 06:00:00+00:00, run_after=2026-05-04 06:00:00+00:00
[2026-05-02T22:01:05.763+0000] {processor.py:183} INFO - Processing /opt/airflow/dags/f1_pipeline_dag.py took 0.082 seconds
[2026-05-02T22:01:36.071+0000] {processor.py:161} INFO - Started process (PID=3941) to work on /opt/airflow/dags/f1_pipeline_dag.py
[2026-05-02T22:01:36.073+0000] {processor.py:830} INFO - Processing file /opt/airflow/dags/f1_pipeline_dag.py for tasks to queue
[2026-05-02T22:01:36.074+0000] {logging_mixin.py:188} INFO - [2026-05-02T22:01:36.074+0000] {dagbag.py:538} INFO - Filling up the DagBag from /opt/airflow/dags/f1_pipeline_dag.py
[2026-05-02T22:01:36.090+0000] {processor.py:840} INFO - DAG(s) 'f1_bigdata_pipeline' retrieved from /opt/airflow/dags/f1_pipeline_dag.py
[2026-05-02T22:01:36.110+0000] {logging_mixin.py:188} INFO - [2026-05-02T22:01:36.110+0000] {dag.py:3036} INFO - Sync 1 DAGs
[2026-05-02T22:01:36.133+0000] {logging_mixin.py:188} INFO - [2026-05-02T22:01:36.133+0000] {dag.py:3823} INFO - Setting next_dagrun for f1_bigdata_pipeline to 2026-04-27 06:00:00+00:00, run_after=2026-05-04 06:00:00+00:00
[2026-05-02T22:01:36.146+0000] {processor.py:183} INFO - Processing /opt/airflow/dags/f1_pipeline_dag.py took 0.082 seconds
[2026-05-02T22:02:06.501+0000] {processor.py:161} INFO - Started process (PID=3946) to work on /opt/airflow/dags/f1_pipeline_dag.py
[2026-05-02T22:02:06.504+0000] {processor.py:830} INFO - Processing file /opt/airflow/dags/f1_pipeline_dag.py for tasks to queue
[2026-05-02T22:02:06.505+0000] {logging_mixin.py:188} INFO - [2026-05-02T22:02:06.505+0000] {dagbag.py:538} INFO - Filling up the DagBag from /opt/airflow/dags/f1_pipeline_dag.py
[2026-05-02T22:02:06.528+0000] {processor.py:840} INFO - DAG(s) 'f1_bigdata_pipeline' retrieved from /opt/airflow/dags/f1_pipeline_dag.py
[2026-05-02T22:02:06.555+0000] {logging_mixin.py:188} INFO - [2026-05-02T22:02:06.554+0000] {dag.py:3036} INFO - Sync 1 DAGs
[2026-05-02T22:02:06.579+0000] {logging_mixin.py:188} INFO - [2026-05-02T22:02:06.579+0000] {dag.py:3823} INFO - Setting next_dagrun for f1_bigdata_pipeline to 2026-04-27 06:00:00+00:00, run_after=2026-05-04 06:00:00+00:00
[2026-05-02T22:02:06.587+0000] {processor.py:183} INFO - Processing /opt/airflow/dags/f1_pipeline_dag.py took 0.093 seconds
[2026-05-02T22:02:36.874+0000] {processor.py:161} INFO - Started process (PID=3951) to work on /opt/airflow/dags/f1_pipeline_dag.py
[2026-05-02T22:02:36.876+0000] {processor.py:830} INFO - Processing file /opt/airflow/dags/f1_pipeline_dag.py for tasks to queue
[2026-05-02T22:02:36.877+0000] {logging_mixin.py:188} INFO - [2026-05-02T22:02:36.876+0000] {dagbag.py:538} INFO - Filling up the DagBag from /opt/airflow/dags/f1_pipeline_dag.py
[2026-05-02T22:02:36.895+0000] {processor.py:840} INFO - DAG(s) 'f1_bigdata_pipeline' retrieved from /opt/airflow/dags/f1_pipeline_dag.py
[2026-05-02T22:02:36.915+0000] {logging_mixin.py:188} INFO - [2026-05-02T22:02:36.915+0000] {dag.py:3036} INFO - Sync 1 DAGs
[2026-05-02T22:02:36.927+0000] {logging_mixin.py:188} INFO - [2026-05-02T22:02:36.927+0000] {dag.py:3823} INFO - Setting next_dagrun for f1_bigdata_pipeline to 2026-04-27 06:00:00+00:00, run_after=2026-05-04 06:00:00+00:00
[2026-05-02T22:02:36.936+0000] {processor.py:183} INFO - Processing /opt/airflow/dags/f1_pipeline_dag.py took 0.068 seconds
[2026-05-02T22:03:07.334+0000] {processor.py:161} INFO - Started process (PID=3956) to work on /opt/airflow/dags/f1_pipeline_dag.py
[2026-05-02T22:03:07.338+0000] {processor.py:830} INFO - Processing file /opt/airflow/dags/f1_pipeline_dag.py for tasks to queue
[2026-05-02T22:03:07.339+0000] {logging_mixin.py:188} INFO - [2026-05-02T22:03:07.339+0000] {dagbag.py:538} INFO - Filling up the DagBag from /opt/airflow/dags/f1_pipeline_dag.py
[2026-05-02T22:03:07.364+0000] {processor.py:840} INFO - DAG(s) 'f1_bigdata_pipeline' retrieved from /opt/airflow/dags/f1_pipeline_dag.py
[2026-05-02T22:03:07.385+0000] {logging_mixin.py:188} INFO - [2026-05-02T22:03:07.384+0000] {dag.py:3036} INFO - Sync 1 DAGs
[2026-05-02T22:03:07.411+0000] {logging_mixin.py:188} INFO - [2026-05-02T22:03:07.411+0000] {dag.py:3823} INFO - Setting next_dagrun for f1_bigdata_pipeline to 2026-04-27 06:00:00+00:00, run_after=2026-05-04 06:00:00+00:00
[2026-05-02T22:03:07.419+0000] {processor.py:183} INFO - Processing /opt/airflow/dags/f1_pipeline_dag.py took 0.094 seconds
[2026-05-02T22:03:37.786+0000] {processor.py:161} INFO - Started process (PID=3961) to work on /opt/airflow/dags/f1_pipeline_dag.py
[2026-05-02T22:03:37.788+0000] {processor.py:830} INFO - Processing file /opt/airflow/dags/f1_pipeline_dag.py for tasks to queue
[2026-05-02T22:03:37.795+0000] {logging_mixin.py:188} INFO - [2026-05-02T22:03:37.792+0000] {dagbag.py:538} INFO - Filling up the DagBag from /opt/airflow/dags/f1_pipeline_dag.py
[2026-05-02T22:03:37.830+0000] {processor.py:840} INFO - DAG(s) 'f1_bigdata_pipeline' retrieved from /opt/airflow/dags/f1_pipeline_dag.py
[2026-05-02T22:03:37.873+0000] {logging_mixin.py:188} INFO - [2026-05-02T22:03:37.873+0000] {dag.py:3036} INFO - Sync 1 DAGs
[2026-05-02T22:03:37.890+0000] {logging_mixin.py:188} INFO - [2026-05-02T22:03:37.890+0000] {dag.py:3823} INFO - Setting next_dagrun for f1_bigdata_pipeline to 2026-04-27 06:00:00+00:00, run_after=2026-05-04 06:00:00+00:00
[2026-05-02T22:03:37.899+0000] {processor.py:183} INFO - Processing /opt/airflow/dags/f1_pipeline_dag.py took 0.118 seconds
[2026-05-02T22:04:08.108+0000] {processor.py:161} INFO - Started process (PID=3966) to work on /opt/airflow/dags/f1_pipeline_dag.py
[2026-05-02T22:04:08.109+0000] {processor.py:830} INFO - Processing file /opt/airflow/dags/f1_pipeline_dag.py for tasks to queue
[2026-05-02T22:04:08.110+0000] {logging_mixin.py:188} INFO - [2026-05-02T22:04:08.110+0000] {dagbag.py:538} INFO - Filling up the DagBag from /opt/airflow/dags/f1_pipeline_dag.py
[2026-05-02T22:04:08.124+0000] {processor.py:840} INFO - DAG(s) 'f1_bigdata_pipeline' retrieved from /opt/airflow/dags/f1_pipeline_dag.py
[2026-05-02T22:04:08.145+0000] {logging_mixin.py:188} INFO - [2026-05-02T22:04:08.145+0000] {dag.py:3036} INFO - Sync 1 DAGs
[2026-05-02T22:04:08.177+0000] {logging_mixin.py:188} INFO - [2026-05-02T22:04:08.176+0000] {dag.py:3823} INFO - Setting next_dagrun for f1_bigdata_pipeline to 2026-04-27 06:00:00+00:00, run_after=2026-05-04 06:00:00+00:00
[2026-05-02T22:04:08.186+0000] {processor.py:183} INFO - Processing /opt/airflow/dags/f1_pipeline_dag.py took 0.086 seconds
[2026-05-02T22:04:38.565+0000] {processor.py:161} INFO - Started process (PID=3971) to work on /opt/airflow/dags/f1_pipeline_dag.py
[2026-05-02T22:04:38.568+0000] {processor.py:830} INFO - Processing file /opt/airflow/dags/f1_pipeline_dag.py for tasks to queue
[2026-05-02T22:04:38.569+0000] {logging_mixin.py:188} INFO - [2026-05-02T22:04:38.569+0000] {dagbag.py:538} INFO - Filling up the DagBag from /opt/airflow/dags/f1_pipeline_dag.py
[2026-05-02T22:04:38.583+0000] {processor.py:840} INFO - DAG(s) 'f1_bigdata_pipeline' retrieved from /opt/airflow/dags/f1_pipeline_dag.py
[2026-05-02T22:04:38.614+0000] {logging_mixin.py:188} INFO - [2026-05-02T22:04:38.614+0000] {dag.py:3036} INFO - Sync 1 DAGs
[2026-05-02T22:04:38.626+0000] {logging_mixin.py:188} INFO - [2026-05-02T22:04:38.626+0000] {dag.py:3823} INFO - Setting next_dagrun for f1_bigdata_pipeline to 2026-04-27 06:00:00+00:00, run_after=2026-05-04 06:00:00+00:00
[2026-05-02T22:04:38.634+0000] {processor.py:183} INFO - Processing /opt/airflow/dags/f1_pipeline_dag.py took 0.074 seconds
[2026-05-02T22:05:08.951+0000] {processor.py:161} INFO - Started process (PID=3976) to work on /opt/airflow/dags/f1_pipeline_dag.py
[2026-05-02T22:05:08.953+0000] {processor.py:830} INFO - Processing file /opt/airflow/dags/f1_pipeline_dag.py for tasks to queue
[2026-05-02T22:05:08.953+0000] {logging_mixin.py:188} INFO - [2026-05-02T22:05:08.953+0000] {dagbag.py:538} INFO - Filling up the DagBag from /opt/airflow/dags/f1_pipeline_dag.py
[2026-05-02T22:05:08.966+0000] {processor.py:840} INFO - DAG(s) 'f1_bigdata_pipeline' retrieved from /opt/airflow/dags/f1_pipeline_dag.py
[2026-05-02T22:05:08.995+0000] {logging_mixin.py:188} INFO - [2026-05-02T22:05:08.995+0000] {dag.py:3036} INFO - Sync 1 DAGs
[2026-05-02T22:05:09.007+0000] {logging_mixin.py:188} INFO - [2026-05-02T22:05:09.007+0000] {dag.py:3823} INFO - Setting next_dagrun for f1_bigdata_pipeline to 2026-04-27 06:00:00+00:00, run_after=2026-05-04 06:00:00+00:00
[2026-05-02T22:05:09.015+0000] {processor.py:183} INFO - Processing /opt/airflow/dags/f1_pipeline_dag.py took 0.070 seconds
[2026-05-02T22:05:39.355+0000] {processor.py:161} INFO - Started process (PID=3981) to work on /opt/airflow/dags/f1_pipeline_dag.py
[2026-05-02T22:05:39.364+0000] {processor.py:830} INFO - Processing file /opt/airflow/dags/f1_pipeline_dag.py for tasks to queue
[2026-05-02T22:05:39.367+0000] {logging_mixin.py:188} INFO - [2026-05-02T22:05:39.365+0000] {dagbag.py:538} INFO - Filling up the DagBag from /opt/airflow/dags/f1_pipeline_dag.py
[2026-05-02T22:05:39.394+0000] {processor.py:840} INFO - DAG(s) 'f1_bigdata_pipeline' retrieved from /opt/airflow/dags/f1_pipeline_dag.py
[2026-05-02T22:05:39.439+0000] {logging_mixin.py:188} INFO - [2026-05-02T22:05:39.438+0000] {dag.py:3036} INFO - Sync 1 DAGs
[2026-05-02T22:05:39.459+0000] {logging_mixin.py:188} INFO - [2026-05-02T22:05:39.459+0000] {dag.py:3823} INFO - Setting next_dagrun for f1_bigdata_pipeline to 2026-04-27 06:00:00+00:00, run_after=2026-05-04 06:00:00+00:00
[2026-05-02T22:05:39.470+0000] {processor.py:183} INFO - Processing /opt/airflow/dags/f1_pipeline_dag.py took 0.122 seconds
[2026-05-02T22:06:09.744+0000] {processor.py:161} INFO - Started process (PID=3986) to work on /opt/airflow/dags/f1_pipeline_dag.py
[2026-05-02T22:06:09.747+0000] {processor.py:830} INFO - Processing file /opt/airflow/dags/f1_pipeline_dag.py for tasks to queue
[2026-05-02T22:06:09.748+0000] {logging_mixin.py:188} INFO - [2026-05-02T22:06:09.747+0000] {dagbag.py:538} INFO - Filling up the DagBag from /opt/airflow/dags/f1_pipeline_dag.py
[2026-05-02T22:06:09.766+0000] {processor.py:840} INFO - DAG(s) 'f1_bigdata_pipeline' retrieved from /opt/airflow/dags/f1_pipeline_dag.py
[2026-05-02T22:06:09.810+0000] {logging_mixin.py:188} INFO - [2026-05-02T22:06:09.810+0000] {dag.py:3036} INFO - Sync 1 DAGs
[2026-05-02T22:06:09.824+0000] {logging_mixin.py:188} INFO - [2026-05-02T22:06:09.823+0000] {dag.py:3823} INFO - Setting next_dagrun for f1_bigdata_pipeline to 2026-04-27 06:00:00+00:00, run_after=2026-05-04 06:00:00+00:00
[2026-05-02T22:06:09.832+0000] {processor.py:183} INFO - Processing /opt/airflow/dags/f1_pipeline_dag.py took 0.102 seconds
[2026-05-02T22:06:40.161+0000] {processor.py:161} INFO - Started process (PID=3991) to work on /opt/airflow/dags/f1_pipeline_dag.py
[2026-05-02T22:06:40.164+0000] {processor.py:830} INFO - Processing file /opt/airflow/dags/f1_pipeline_dag.py for tasks to queue
[2026-05-02T22:06:40.165+0000] {logging_mixin.py:188} INFO - [2026-05-02T22:06:40.164+0000] {dagbag.py:538} INFO - Filling up the DagBag from /opt/airflow/dags/f1_pipeline_dag.py
[2026-05-02T22:06:40.184+0000] {processor.py:840} INFO - DAG(s) 'f1_bigdata_pipeline' retrieved from /opt/airflow/dags/f1_pipeline_dag.py
[2026-05-02T22:06:40.224+0000] {logging_mixin.py:188} INFO - [2026-05-02T22:06:40.224+0000] {dag.py:3036} INFO - Sync 1 DAGs
[2026-05-02T22:06:40.240+0000] {logging_mixin.py:188} INFO - [2026-05-02T22:06:40.239+0000] {dag.py:3823} INFO - Setting next_dagrun for f1_bigdata_pipeline to 2026-04-27 06:00:00+00:00, run_after=2026-05-04 06:00:00+00:00
[2026-05-02T22:06:40.249+0000] {processor.py:183} INFO - Processing /opt/airflow/dags/f1_pipeline_dag.py took 0.096 seconds
[2026-05-02T22:07:10.579+0000] {processor.py:161} INFO - Started process (PID=3996) to work on /opt/airflow/dags/f1_pipeline_dag.py
[2026-05-02T22:07:10.582+0000] {processor.py:830} INFO - Processing file /opt/airflow/dags/f1_pipeline_dag.py for tasks to queue
[2026-05-02T22:07:10.584+0000] {logging_mixin.py:188} INFO - [2026-05-02T22:07:10.583+0000] {dagbag.py:538} INFO - Filling up the DagBag from /opt/airflow/dags/f1_pipeline_dag.py
[2026-05-02T22:07:10.604+0000] {processor.py:840} INFO - DAG(s) 'f1_bigdata_pipeline' retrieved from /opt/airflow/dags/f1_pipeline_dag.py
[2026-05-02T22:07:10.627+0000] {logging_mixin.py:188} INFO - [2026-05-02T22:07:10.627+0000] {dag.py:3036} INFO - Sync 1 DAGs
[2026-05-02T22:07:10.639+0000] {logging_mixin.py:188} INFO - [2026-05-02T22:07:10.639+0000] {dag.py:3823} INFO - Setting next_dagrun for f1_bigdata_pipeline to 2026-04-27 06:00:00+00:00, run_after=2026-05-04 06:00:00+00:00
[2026-05-02T22:07:10.658+0000] {processor.py:183} INFO - Processing /opt/airflow/dags/f1_pipeline_dag.py took 0.088 seconds
[2026-05-02T22:07:41.001+0000] {processor.py:161} INFO - Started process (PID=4001) to work on /opt/airflow/dags/f1_pipeline_dag.py
[2026-05-02T22:07:41.004+0000] {processor.py:830} INFO - Processing file /opt/airflow/dags/f1_pipeline_dag.py for tasks to queue
[2026-05-02T22:07:41.006+0000] {logging_mixin.py:188} INFO - [2026-05-02T22:07:41.004+0000] {dagbag.py:538} INFO - Filling up the DagBag from /opt/airflow/dags/f1_pipeline_dag.py
[2026-05-02T22:07:41.026+0000] {processor.py:840} INFO - DAG(s) 'f1_bigdata_pipeline' retrieved from /opt/airflow/dags/f1_pipeline_dag.py
[2026-05-02T22:07:41.060+0000] {logging_mixin.py:188} INFO - [2026-05-02T22:07:41.060+0000] {dag.py:3036} INFO - Sync 1 DAGs
[2026-05-02T22:07:41.073+0000] {logging_mixin.py:188} INFO - [2026-05-02T22:07:41.073+0000] {dag.py:3823} INFO - Setting next_dagrun for f1_bigdata_pipeline to 2026-04-27 06:00:00+00:00, run_after=2026-05-04 06:00:00+00:00
[2026-05-02T22:07:41.081+0000] {processor.py:183} INFO - Processing /opt/airflow/dags/f1_pipeline_dag.py took 0.088 seconds
[2026-05-02T22:08:11.328+0000] {processor.py:161} INFO - Started process (PID=4006) to work on /opt/airflow/dags/f1_pipeline_dag.py
[2026-05-02T22:08:11.330+0000] {processor.py:830} INFO - Processing file /opt/airflow/dags/f1_pipeline_dag.py for tasks to queue
[2026-05-02T22:08:11.331+0000] {logging_mixin.py:188} INFO - [2026-05-02T22:08:11.331+0000] {dagbag.py:538} INFO - Filling up the DagBag from /opt/airflow/dags/f1_pipeline_dag.py
[2026-05-02T22:08:11.351+0000] {processor.py:840} INFO - DAG(s) 'f1_bigdata_pipeline' retrieved from /opt/airflow/dags/f1_pipeline_dag.py
[2026-05-02T22:08:11.372+0000] {logging_mixin.py:188} INFO - [2026-05-02T22:08:11.372+0000] {dag.py:3036} INFO - Sync 1 DAGs
[2026-05-02T22:08:11.406+0000] {logging_mixin.py:188} INFO - [2026-05-02T22:08:11.406+0000] {dag.py:3823} INFO - Setting next_dagrun for f1_bigdata_pipeline to 2026-04-27 06:00:00+00:00, run_after=2026-05-04 06:00:00+00:00
[2026-05-02T22:08:11.418+0000] {processor.py:183} INFO - Processing /opt/airflow/dags/f1_pipeline_dag.py took 0.097 seconds
[2026-05-02T22:08:41.750+0000] {processor.py:161} INFO - Started process (PID=4011) to work on /opt/airflow/dags/f1_pipeline_dag.py
[2026-05-02T22:08:41.755+0000] {processor.py:830} INFO - Processing file /opt/airflow/dags/f1_pipeline_dag.py for tasks to queue
[2026-05-02T22:08:41.759+0000] {logging_mixin.py:188} INFO - [2026-05-02T22:08:41.758+0000] {dagbag.py:538} INFO - Filling up the DagBag from /opt/airflow/dags/f1_pipeline_dag.py
[2026-05-02T22:08:41.778+0000] {processor.py:840} INFO - DAG(s) 'f1_bigdata_pipeline' retrieved from /opt/airflow/dags/f1_pipeline_dag.py
[2026-05-02T22:08:41.802+0000] {logging_mixin.py:188} INFO - [2026-05-02T22:08:41.802+0000] {dag.py:3036} INFO - Sync 1 DAGs
[2026-05-02T22:08:41.815+0000] {logging_mixin.py:188} INFO - [2026-05-02T22:08:41.815+0000] {dag.py:3823} INFO - Setting next_dagrun for f1_bigdata_pipeline to 2026-04-27 06:00:00+00:00, run_after=2026-05-04 06:00:00+00:00
[2026-05-02T22:08:41.829+0000] {processor.py:183} INFO - Processing /opt/airflow/dags/f1_pipeline_dag.py took 0.093 seconds
[2026-05-02T22:09:12.088+0000] {processor.py:161} INFO - Started process (PID=4016) to work on /opt/airflow/dags/f1_pipeline_dag.py
[2026-05-02T22:09:12.091+0000] {processor.py:830} INFO - Processing file /opt/airflow/dags/f1_pipeline_dag.py for tasks to queue
[2026-05-02T22:09:12.093+0000] {logging_mixin.py:188} INFO - [2026-05-02T22:09:12.092+0000] {dagbag.py:538} INFO - Filling up the DagBag from /opt/airflow/dags/f1_pipeline_dag.py
[2026-05-02T22:09:12.116+0000] {processor.py:840} INFO - DAG(s) 'f1_bigdata_pipeline' retrieved from /opt/airflow/dags/f1_pipeline_dag.py
[2026-05-02T22:09:12.153+0000] {logging_mixin.py:188} INFO - [2026-05-02T22:09:12.153+0000] {dag.py:3036} INFO - Sync 1 DAGs
[2026-05-02T22:09:12.165+0000] {logging_mixin.py:188} INFO - [2026-05-02T22:09:12.165+0000] {dag.py:3823} INFO - Setting next_dagrun for f1_bigdata_pipeline to 2026-04-27 06:00:00+00:00, run_after=2026-05-04 06:00:00+00:00
[2026-05-02T22:09:12.173+0000] {processor.py:183} INFO - Processing /opt/airflow/dags/f1_pipeline_dag.py took 0.092 seconds
[2026-05-02T22:09:42.721+0000] {processor.py:161} INFO - Started process (PID=4021) to work on /opt/airflow/dags/f1_pipeline_dag.py
[2026-05-02T22:09:42.723+0000] {processor.py:830} INFO - Processing file /opt/airflow/dags/f1_pipeline_dag.py for tasks to queue
[2026-05-02T22:09:42.725+0000] {logging_mixin.py:188} INFO - [2026-05-02T22:09:42.724+0000] {dagbag.py:538} INFO - Filling up the DagBag from /opt/airflow/dags/f1_pipeline_dag.py
[2026-05-02T22:09:42.755+0000] {processor.py:840} INFO - DAG(s) 'f1_bigdata_pipeline' retrieved from /opt/airflow/dags/f1_pipeline_dag.py
[2026-05-02T22:09:42.789+0000] {logging_mixin.py:188} INFO - [2026-05-02T22:09:42.789+0000] {dag.py:3036} INFO - Sync 1 DAGs
[2026-05-02T22:09:42.807+0000] {logging_mixin.py:188} INFO - [2026-05-02T22:09:42.807+0000] {dag.py:3823} INFO - Setting next_dagrun for f1_bigdata_pipeline to 2026-04-27 06:00:00+00:00, run_after=2026-05-04 06:00:00+00:00
[2026-05-02T22:09:42.822+0000] {processor.py:183} INFO - Processing /opt/airflow/dags/f1_pipeline_dag.py took 0.107 seconds
[2026-05-02T22:10:13.077+0000] {processor.py:161} INFO - Started process (PID=4026) to work on /opt/airflow/dags/f1_pipeline_dag.py
[2026-05-02T22:10:13.079+0000] {processor.py:830} INFO - Processing file /opt/airflow/dags/f1_pipeline_dag.py for tasks to queue
[2026-05-02T22:10:13.080+0000] {logging_mixin.py:188} INFO - [2026-05-02T22:10:13.079+0000] {dagbag.py:538} INFO - Filling up the DagBag from /opt/airflow/dags/f1_pipeline_dag.py
[2026-05-02T22:10:13.112+0000] {processor.py:840} INFO - DAG(s) 'f1_bigdata_pipeline' retrieved from /opt/airflow/dags/f1_pipeline_dag.py
[2026-05-02T22:10:13.136+0000] {logging_mixin.py:188} INFO - [2026-05-02T22:10:13.136+0000] {dag.py:3036} INFO - Sync 1 DAGs
[2026-05-02T22:10:13.161+0000] {logging_mixin.py:188} INFO - [2026-05-02T22:10:13.161+0000] {dag.py:3823} INFO - Setting next_dagrun for f1_bigdata_pipeline to 2026-04-27 06:00:00+00:00, run_after=2026-05-04 06:00:00+00:00
[2026-05-02T22:10:13.169+0000] {processor.py:183} INFO - Processing /opt/airflow/dags/f1_pipeline_dag.py took 0.097 seconds
[2026-05-02T22:10:43.531+0000] {processor.py:161} INFO - Started process (PID=4031) to work on /opt/airflow/dags/f1_pipeline_dag.py
[2026-05-02T22:10:43.533+0000] {processor.py:830} INFO - Processing file /opt/airflow/dags/f1_pipeline_dag.py for tasks to queue
[2026-05-02T22:10:43.534+0000] {logging_mixin.py:188} INFO - [2026-05-02T22:10:43.533+0000] {dagbag.py:538} INFO - Filling up the DagBag from /opt/airflow/dags/f1_pipeline_dag.py
[2026-05-02T22:10:43.551+0000] {processor.py:840} INFO - DAG(s) 'f1_bigdata_pipeline' retrieved from /opt/airflow/dags/f1_pipeline_dag.py
[2026-05-02T22:10:43.585+0000] {logging_mixin.py:188} INFO - [2026-05-02T22:10:43.585+0000] {dag.py:3036} INFO - Sync 1 DAGs
[2026-05-02T22:10:43.598+0000] {logging_mixin.py:188} INFO - [2026-05-02T22:10:43.598+0000] {dag.py:3823} INFO - Setting next_dagrun for f1_bigdata_pipeline to 2026-04-27 06:00:00+00:00, run_after=2026-05-04 06:00:00+00:00
[2026-05-02T22:10:43.606+0000] {processor.py:183} INFO - Processing /opt/airflow/dags/f1_pipeline_dag.py took 0.081 seconds
[2026-05-02T22:11:13.968+0000] {processor.py:161} INFO - Started process (PID=4036) to work on /opt/airflow/dags/f1_pipeline_dag.py
[2026-05-02T22:11:13.970+0000] {processor.py:830} INFO - Processing file /opt/airflow/dags/f1_pipeline_dag.py for tasks to queue
[2026-05-02T22:11:13.971+0000] {logging_mixin.py:188} INFO - [2026-05-02T22:11:13.971+0000] {dagbag.py:538} INFO - Filling up the DagBag from /opt/airflow/dags/f1_pipeline_dag.py
[2026-05-02T22:11:13.989+0000] {processor.py:840} INFO - DAG(s) 'f1_bigdata_pipeline' retrieved from /opt/airflow/dags/f1_pipeline_dag.py
[2026-05-02T22:11:14.012+0000] {logging_mixin.py:188} INFO - [2026-05-02T22:11:14.011+0000] {dag.py:3036} INFO - Sync 1 DAGs
[2026-05-02T22:11:14.024+0000] {logging_mixin.py:188} INFO - [2026-05-02T22:11:14.024+0000] {dag.py:3823} INFO - Setting next_dagrun for f1_bigdata_pipeline to 2026-04-27 06:00:00+00:00, run_after=2026-05-04 06:00:00+00:00
[2026-05-02T22:11:14.032+0000] {processor.py:183} INFO - Processing /opt/airflow/dags/f1_pipeline_dag.py took 0.081 seconds
[2026-05-02T22:11:44.364+0000] {processor.py:161} INFO - Started process (PID=4041) to work on /opt/airflow/dags/f1_pipeline_dag.py
[2026-05-02T22:11:44.377+0000] {processor.py:830} INFO - Processing file /opt/airflow/dags/f1_pipeline_dag.py for tasks to queue
[2026-05-02T22:11:44.380+0000] {logging_mixin.py:188} INFO - [2026-05-02T22:11:44.379+0000] {dagbag.py:538} INFO - Filling up the DagBag from /opt/airflow/dags/f1_pipeline_dag.py
[2026-05-02T22:11:44.404+0000] {processor.py:840} INFO - DAG(s) 'f1_bigdata_pipeline' retrieved from /opt/airflow/dags/f1_pipeline_dag.py
[2026-05-02T22:11:44.426+0000] {logging_mixin.py:188} INFO - [2026-05-02T22:11:44.426+0000] {dag.py:3036} INFO - Sync 1 DAGs
[2026-05-02T22:11:44.439+0000] {logging_mixin.py:188} INFO - [2026-05-02T22:11:44.439+0000] {dag.py:3823} INFO - Setting next_dagrun for f1_bigdata_pipeline to 2026-04-27 06:00:00+00:00, run_after=2026-05-04 06:00:00+00:00
[2026-05-02T22:11:44.448+0000] {processor.py:183} INFO - Processing /opt/airflow/dags/f1_pipeline_dag.py took 0.093 seconds
[2026-05-02T22:12:14.771+0000] {processor.py:161} INFO - Started process (PID=4046) to work on /opt/airflow/dags/f1_pipeline_dag.py
[2026-05-02T22:12:14.773+0000] {processor.py:830} INFO - Processing file /opt/airflow/dags/f1_pipeline_dag.py for tasks to queue
[2026-05-02T22:12:14.774+0000] {logging_mixin.py:188} INFO - [2026-05-02T22:12:14.774+0000] {dagbag.py:538} INFO - Filling up the DagBag from /opt/airflow/dags/f1_pipeline_dag.py
[2026-05-02T22:12:14.794+0000] {processor.py:840} INFO - DAG(s) 'f1_bigdata_pipeline' retrieved from /opt/airflow/dags/f1_pipeline_dag.py
[2026-05-02T22:12:14.814+0000] {logging_mixin.py:188} INFO - [2026-05-02T22:12:14.814+0000] {dag.py:3036} INFO - Sync 1 DAGs
[2026-05-02T22:12:14.827+0000] {logging_mixin.py:188} INFO - [2026-05-02T22:12:14.827+0000] {dag.py:3823} INFO - Setting next_dagrun for f1_bigdata_pipeline to 2026-04-27 06:00:00+00:00, run_after=2026-05-04 06:00:00+00:00
[2026-05-02T22:12:14.835+0000] {processor.py:183} INFO - Processing /opt/airflow/dags/f1_pipeline_dag.py took 0.070 seconds
[2026-05-02T22:12:45.179+0000] {processor.py:161} INFO - Started process (PID=4051) to work on /opt/airflow/dags/f1_pipeline_dag.py
[2026-05-02T22:12:45.188+0000] {processor.py:830} INFO - Processing file /opt/airflow/dags/f1_pipeline_dag.py for tasks to queue
[2026-05-02T22:12:45.194+0000] {logging_mixin.py:188} INFO - [2026-05-02T22:12:45.193+0000] {dagbag.py:538} INFO - Filling up the DagBag from /opt/airflow/dags/f1_pipeline_dag.py
[2026-05-02T22:12:45.211+0000] {processor.py:840} INFO - DAG(s) 'f1_bigdata_pipeline' retrieved from /opt/airflow/dags/f1_pipeline_dag.py
[2026-05-02T22:12:45.246+0000] {logging_mixin.py:188} INFO - [2026-05-02T22:12:45.246+0000] {dag.py:3036} INFO - Sync 1 DAGs
[2026-05-02T22:12:45.259+0000] {logging_mixin.py:188} INFO - [2026-05-02T22:12:45.259+0000] {dag.py:3823} INFO - Setting next_dagrun for f1_bigdata_pipeline to 2026-04-27 06:00:00+00:00, run_after=2026-05-04 06:00:00+00:00
[2026-05-02T22:12:45.269+0000] {processor.py:183} INFO - Processing /opt/airflow/dags/f1_pipeline_dag.py took 0.103 seconds
[2026-05-02T22:13:15.512+0000] {processor.py:161} INFO - Started process (PID=4056) to work on /opt/airflow/dags/f1_pipeline_dag.py
[2026-05-02T22:13:15.515+0000] {processor.py:830} INFO - Processing file /opt/airflow/dags/f1_pipeline_dag.py for tasks to queue
[2026-05-02T22:13:15.516+0000] {logging_mixin.py:188} INFO - [2026-05-02T22:13:15.515+0000] {dagbag.py:538} INFO - Filling up the DagBag from /opt/airflow/dags/f1_pipeline_dag.py
[2026-05-02T22:13:15.534+0000] {processor.py:840} INFO - DAG(s) 'f1_bigdata_pipeline' retrieved from /opt/airflow/dags/f1_pipeline_dag.py
[2026-05-02T22:13:15.569+0000] {logging_mixin.py:188} INFO - [2026-05-02T22:13:15.569+0000] {dag.py:3036} INFO - Sync 1 DAGs
[2026-05-02T22:13:15.583+0000] {logging_mixin.py:188} INFO - [2026-05-02T22:13:15.583+0000] {dag.py:3823} INFO - Setting next_dagrun for f1_bigdata_pipeline to 2026-04-27 06:00:00+00:00, run_after=2026-05-04 06:00:00+00:00
[2026-05-02T22:13:15.591+0000] {processor.py:183} INFO - Processing /opt/airflow/dags/f1_pipeline_dag.py took 0.086 seconds
[2026-05-02T22:13:45.833+0000] {processor.py:161} INFO - Started process (PID=4061) to work on /opt/airflow/dags/f1_pipeline_dag.py
[2026-05-02T22:13:45.835+0000] {processor.py:830} INFO - Processing file /opt/airflow/dags/f1_pipeline_dag.py for tasks to queue
[2026-05-02T22:13:45.836+0000] {logging_mixin.py:188} INFO - [2026-05-02T22:13:45.836+0000] {dagbag.py:538} INFO - Filling up the DagBag from /opt/airflow/dags/f1_pipeline_dag.py
[2026-05-02T22:13:45.877+0000] {processor.py:840} INFO - DAG(s) 'f1_bigdata_pipeline' retrieved from /opt/airflow/dags/f1_pipeline_dag.py
[2026-05-02T22:13:45.897+0000] {logging_mixin.py:188} INFO - [2026-05-02T22:13:45.897+0000] {dag.py:3036} INFO - Sync 1 DAGs
[2026-05-02T22:13:45.911+0000] {logging_mixin.py:188} INFO - [2026-05-02T22:13:45.911+0000] {dag.py:3823} INFO - Setting next_dagrun for f1_bigdata_pipeline to 2026-04-27 06:00:00+00:00, run_after=2026-05-04 06:00:00+00:00
[2026-05-02T22:13:45.919+0000] {processor.py:183} INFO - Processing /opt/airflow/dags/f1_pipeline_dag.py took 0.095 seconds
[2026-05-02T22:14:16.183+0000] {processor.py:161} INFO - Started process (PID=4066) to work on /opt/airflow/dags/f1_pipeline_dag.py
[2026-05-02T22:14:16.187+0000] {processor.py:830} INFO - Processing file /opt/airflow/dags/f1_pipeline_dag.py for tasks to queue
[2026-05-02T22:14:16.188+0000] {logging_mixin.py:188} INFO - [2026-05-02T22:14:16.188+0000] {dagbag.py:538} INFO - Filling up the DagBag from /opt/airflow/dags/f1_pipeline_dag.py
[2026-05-02T22:14:16.207+0000] {processor.py:840} INFO - DAG(s) 'f1_bigdata_pipeline' retrieved from /opt/airflow/dags/f1_pipeline_dag.py
[2026-05-02T22:14:16.239+0000] {logging_mixin.py:188} INFO - [2026-05-02T22:14:16.239+0000] {dag.py:3036} INFO - Sync 1 DAGs
[2026-05-02T22:14:16.253+0000] {logging_mixin.py:188} INFO - [2026-05-02T22:14:16.253+0000] {dag.py:3823} INFO - Setting next_dagrun for f1_bigdata_pipeline to 2026-04-27 06:00:00+00:00, run_after=2026-05-04 06:00:00+00:00
[2026-05-02T22:14:16.262+0000] {processor.py:183} INFO - Processing /opt/airflow/dags/f1_pipeline_dag.py took 0.095 seconds
[2026-05-02T22:14:46.630+0000] {processor.py:161} INFO - Started process (PID=4071) to work on /opt/airflow/dags/f1_pipeline_dag.py
[2026-05-02T22:14:46.633+0000] {processor.py:830} INFO - Processing file /opt/airflow/dags/f1_pipeline_dag.py for tasks to queue
[2026-05-02T22:14:46.634+0000] {logging_mixin.py:188} INFO - [2026-05-02T22:14:46.633+0000] {dagbag.py:538} INFO - Filling up the DagBag from /opt/airflow/dags/f1_pipeline_dag.py
[2026-05-02T22:14:46.653+0000] {processor.py:840} INFO - DAG(s) 'f1_bigdata_pipeline' retrieved from /opt/airflow/dags/f1_pipeline_dag.py
[2026-05-02T22:14:46.674+0000] {logging_mixin.py:188} INFO - [2026-05-02T22:14:46.674+0000] {dag.py:3036} INFO - Sync 1 DAGs
[2026-05-02T22:14:46.689+0000] {logging_mixin.py:188} INFO - [2026-05-02T22:14:46.689+0000] {dag.py:3823} INFO - Setting next_dagrun for f1_bigdata_pipeline to 2026-04-27 06:00:00+00:00, run_after=2026-05-04 06:00:00+00:00
[2026-05-02T22:14:46.711+0000] {processor.py:183} INFO - Processing /opt/airflow/dags/f1_pipeline_dag.py took 0.087 seconds
[2026-05-02T22:15:17.098+0000] {processor.py:161} INFO - Started process (PID=4076) to work on /opt/airflow/dags/f1_pipeline_dag.py
[2026-05-02T22:15:17.100+0000] {processor.py:830} INFO - Processing file /opt/airflow/dags/f1_pipeline_dag.py for tasks to queue
[2026-05-02T22:15:17.101+0000] {logging_mixin.py:188} INFO - [2026-05-02T22:15:17.101+0000] {dagbag.py:538} INFO - Filling up the DagBag from /opt/airflow/dags/f1_pipeline_dag.py
[2026-05-02T22:15:17.122+0000] {processor.py:840} INFO - DAG(s) 'f1_bigdata_pipeline' retrieved from /opt/airflow/dags/f1_pipeline_dag.py
[2026-05-02T22:15:17.157+0000] {logging_mixin.py:188} INFO - [2026-05-02T22:15:17.157+0000] {dag.py:3036} INFO - Sync 1 DAGs
[2026-05-02T22:15:17.171+0000] {logging_mixin.py:188} INFO - [2026-05-02T22:15:17.171+0000] {dag.py:3823} INFO - Setting next_dagrun for f1_bigdata_pipeline to 2026-04-27 06:00:00+00:00, run_after=2026-05-04 06:00:00+00:00
[2026-05-02T22:15:17.180+0000] {processor.py:183} INFO - Processing /opt/airflow/dags/f1_pipeline_dag.py took 0.093 seconds
[2026-05-02T22:15:47.508+0000] {processor.py:161} INFO - Started process (PID=4081) to work on /opt/airflow/dags/f1_pipeline_dag.py
[2026-05-02T22:15:47.511+0000] {processor.py:830} INFO - Processing file /opt/airflow/dags/f1_pipeline_dag.py for tasks to queue
[2026-05-02T22:15:47.512+0000] {logging_mixin.py:188} INFO - [2026-05-02T22:15:47.512+0000] {dagbag.py:538} INFO - Filling up the DagBag from /opt/airflow/dags/f1_pipeline_dag.py
[2026-05-02T22:15:47.540+0000] {processor.py:840} INFO - DAG(s) 'f1_bigdata_pipeline' retrieved from /opt/airflow/dags/f1_pipeline_dag.py
[2026-05-02T22:15:47.577+0000] {logging_mixin.py:188} INFO - [2026-05-02T22:15:47.577+0000] {dag.py:3036} INFO - Sync 1 DAGs
[2026-05-02T22:15:47.590+0000] {logging_mixin.py:188} INFO - [2026-05-02T22:15:47.590+0000] {dag.py:3823} INFO - Setting next_dagrun for f1_bigdata_pipeline to 2026-04-27 06:00:00+00:00, run_after=2026-05-04 06:00:00+00:00
[2026-05-02T22:15:47.598+0000] {processor.py:183} INFO - Processing /opt/airflow/dags/f1_pipeline_dag.py took 0.099 seconds
[2026-05-02T22:16:17.958+0000] {processor.py:161} INFO - Started process (PID=4086) to work on /opt/airflow/dags/f1_pipeline_dag.py
[2026-05-02T22:16:17.962+0000] {processor.py:830} INFO - Processing file /opt/airflow/dags/f1_pipeline_dag.py for tasks to queue
[2026-05-02T22:16:17.963+0000] {logging_mixin.py:188} INFO - [2026-05-02T22:16:17.962+0000] {dagbag.py:538} INFO - Filling up the DagBag from /opt/airflow/dags/f1_pipeline_dag.py
[2026-05-02T22:16:17.979+0000] {processor.py:840} INFO - DAG(s) 'f1_bigdata_pipeline' retrieved from /opt/airflow/dags/f1_pipeline_dag.py
[2026-05-02T22:16:18.002+0000] {logging_mixin.py:188} INFO - [2026-05-02T22:16:18.002+0000] {dag.py:3036} INFO - Sync 1 DAGs
[2026-05-02T22:16:18.014+0000] {logging_mixin.py:188} INFO - [2026-05-02T22:16:18.014+0000] {dag.py:3823} INFO - Setting next_dagrun for f1_bigdata_pipeline to 2026-04-27 06:00:00+00:00, run_after=2026-05-04 06:00:00+00:00
[2026-05-02T22:16:18.023+0000] {processor.py:183} INFO - Processing /opt/airflow/dags/f1_pipeline_dag.py took 0.088 seconds
[2026-05-02T22:16:48.321+0000] {processor.py:161} INFO - Started process (PID=4091) to work on /opt/airflow/dags/f1_pipeline_dag.py
[2026-05-02T22:16:48.323+0000] {processor.py:830} INFO - Processing file /opt/airflow/dags/f1_pipeline_dag.py for tasks to queue
[2026-05-02T22:16:48.325+0000] {logging_mixin.py:188} INFO - [2026-05-02T22:16:48.324+0000] {dagbag.py:538} INFO - Filling up the DagBag from /opt/airflow/dags/f1_pipeline_dag.py
[2026-05-02T22:16:48.359+0000] {processor.py:840} INFO - DAG(s) 'f1_bigdata_pipeline' retrieved from /opt/airflow/dags/f1_pipeline_dag.py
[2026-05-02T22:16:48.389+0000] {logging_mixin.py:188} INFO - [2026-05-02T22:16:48.388+0000] {dag.py:3036} INFO - Sync 1 DAGs
[2026-05-02T22:16:48.401+0000] {logging_mixin.py:188} INFO - [2026-05-02T22:16:48.401+0000] {dag.py:3823} INFO - Setting next_dagrun for f1_bigdata_pipeline to 2026-04-27 06:00:00+00:00, run_after=2026-05-04 06:00:00+00:00
[2026-05-02T22:16:48.410+0000] {processor.py:183} INFO - Processing /opt/airflow/dags/f1_pipeline_dag.py took 0.095 seconds
[2026-05-02T22:17:18.691+0000] {processor.py:161} INFO - Started process (PID=4096) to work on /opt/airflow/dags/f1_pipeline_dag.py
[2026-05-02T22:17:18.697+0000] {processor.py:830} INFO - Processing file /opt/airflow/dags/f1_pipeline_dag.py for tasks to queue
[2026-05-02T22:17:18.698+0000] {logging_mixin.py:188} INFO - [2026-05-02T22:17:18.698+0000] {dagbag.py:538} INFO - Filling up the DagBag from /opt/airflow/dags/f1_pipeline_dag.py
[2026-05-02T22:17:18.729+0000] {processor.py:840} INFO - DAG(s) 'f1_bigdata_pipeline' retrieved from /opt/airflow/dags/f1_pipeline_dag.py
[2026-05-02T22:17:18.772+0000] {logging_mixin.py:188} INFO - [2026-05-02T22:17:18.772+0000] {dag.py:3036} INFO - Sync 1 DAGs
[2026-05-02T22:17:18.787+0000] {logging_mixin.py:188} INFO - [2026-05-02T22:17:18.786+0000] {dag.py:3823} INFO - Setting next_dagrun for f1_bigdata_pipeline to 2026-04-27 06:00:00+00:00, run_after=2026-05-04 06:00:00+00:00
[2026-05-02T22:17:18.801+0000] {processor.py:183} INFO - Processing /opt/airflow/dags/f1_pipeline_dag.py took 0.136 seconds
[2026-05-02T22:17:49.085+0000] {processor.py:161} INFO - Started process (PID=4101) to work on /opt/airflow/dags/f1_pipeline_dag.py
[2026-05-02T22:17:49.088+0000] {processor.py:830} INFO - Processing file /opt/airflow/dags/f1_pipeline_dag.py for tasks to queue
[2026-05-02T22:17:49.090+0000] {logging_mixin.py:188} INFO - [2026-05-02T22:17:49.089+0000] {dagbag.py:538} INFO - Filling up the DagBag from /opt/airflow/dags/f1_pipeline_dag.py
[2026-05-02T22:17:49.116+0000] {processor.py:840} INFO - DAG(s) 'f1_bigdata_pipeline' retrieved from /opt/airflow/dags/f1_pipeline_dag.py
[2026-05-02T22:17:49.149+0000] {logging_mixin.py:188} INFO - [2026-05-02T22:17:49.149+0000] {dag.py:3036} INFO - Sync 1 DAGs
[2026-05-02T22:17:49.163+0000] {logging_mixin.py:188} INFO - [2026-05-02T22:17:49.162+0000] {dag.py:3823} INFO - Setting next_dagrun for f1_bigdata_pipeline to 2026-04-27 06:00:00+00:00, run_after=2026-05-04 06:00:00+00:00
[2026-05-02T22:17:49.171+0000] {processor.py:183} INFO - Processing /opt/airflow/dags/f1_pipeline_dag.py took 0.093 seconds
[2026-05-02T22:18:19.434+0000] {processor.py:161} INFO - Started process (PID=4106) to work on /opt/airflow/dags/f1_pipeline_dag.py
[2026-05-02T22:18:19.435+0000] {processor.py:830} INFO - Processing file /opt/airflow/dags/f1_pipeline_dag.py for tasks to queue
[2026-05-02T22:18:19.436+0000] {logging_mixin.py:188} INFO - [2026-05-02T22:18:19.435+0000] {dagbag.py:538} INFO - Filling up the DagBag from /opt/airflow/dags/f1_pipeline_dag.py
[2026-05-02T22:18:19.467+0000] {processor.py:840} INFO - DAG(s) 'f1_bigdata_pipeline' retrieved from /opt/airflow/dags/f1_pipeline_dag.py
[2026-05-02T22:18:19.490+0000] {logging_mixin.py:188} INFO - [2026-05-02T22:18:19.490+0000] {dag.py:3036} INFO - Sync 1 DAGs
[2026-05-02T22:18:19.510+0000] {logging_mixin.py:188} INFO - [2026-05-02T22:18:19.510+0000] {dag.py:3823} INFO - Setting next_dagrun for f1_bigdata_pipeline to 2026-04-27 06:00:00+00:00, run_after=2026-05-04 06:00:00+00:00
[2026-05-02T22:18:19.519+0000] {processor.py:183} INFO - Processing /opt/airflow/dags/f1_pipeline_dag.py took 0.090 seconds
[2026-05-02T22:18:49.846+0000] {processor.py:161} INFO - Started process (PID=4111) to work on /opt/airflow/dags/f1_pipeline_dag.py
[2026-05-02T22:18:49.849+0000] {processor.py:830} INFO - Processing file /opt/airflow/dags/f1_pipeline_dag.py for tasks to queue
[2026-05-02T22:18:49.852+0000] {logging_mixin.py:188} INFO - [2026-05-02T22:18:49.851+0000] {dagbag.py:538} INFO - Filling up the DagBag from /opt/airflow/dags/f1_pipeline_dag.py
[2026-05-02T22:18:49.869+0000] {processor.py:840} INFO - DAG(s) 'f1_bigdata_pipeline' retrieved from /opt/airflow/dags/f1_pipeline_dag.py
[2026-05-02T22:18:49.894+0000] {logging_mixin.py:188} INFO - [2026-05-02T22:18:49.894+0000] {dag.py:3036} INFO - Sync 1 DAGs
[2026-05-02T22:18:49.907+0000] {logging_mixin.py:188} INFO - [2026-05-02T22:18:49.907+0000] {dag.py:3823} INFO - Setting next_dagrun for f1_bigdata_pipeline to 2026-04-27 06:00:00+00:00, run_after=2026-05-04 06:00:00+00:00
[2026-05-02T22:18:49.921+0000] {processor.py:183} INFO - Processing /opt/airflow/dags/f1_pipeline_dag.py took 0.086 seconds
[2026-05-02T22:19:20.288+0000] {processor.py:161} INFO - Started process (PID=4116) to work on /opt/airflow/dags/f1_pipeline_dag.py
[2026-05-02T22:19:20.290+0000] {processor.py:830} INFO - Processing file /opt/airflow/dags/f1_pipeline_dag.py for tasks to queue
[2026-05-02T22:19:20.291+0000] {logging_mixin.py:188} INFO - [2026-05-02T22:19:20.290+0000] {dagbag.py:538} INFO - Filling up the DagBag from /opt/airflow/dags/f1_pipeline_dag.py
[2026-05-02T22:19:20.324+0000] {processor.py:840} INFO - DAG(s) 'f1_bigdata_pipeline' retrieved from /opt/airflow/dags/f1_pipeline_dag.py
[2026-05-02T22:19:20.353+0000] {logging_mixin.py:188} INFO - [2026-05-02T22:19:20.353+0000] {dag.py:3036} INFO - Sync 1 DAGs
[2026-05-02T22:19:20.365+0000] {logging_mixin.py:188} INFO - [2026-05-02T22:19:20.365+0000] {dag.py:3823} INFO - Setting next_dagrun for f1_bigdata_pipeline to 2026-04-27 06:00:00+00:00, run_after=2026-05-04 06:00:00+00:00
[2026-05-02T22:19:20.374+0000] {processor.py:183} INFO - Processing /opt/airflow/dags/f1_pipeline_dag.py took 0.092 seconds
[2026-05-02T22:19:50.790+0000] {processor.py:161} INFO - Started process (PID=4121) to work on /opt/airflow/dags/f1_pipeline_dag.py
[2026-05-02T22:19:50.792+0000] {processor.py:830} INFO - Processing file /opt/airflow/dags/f1_pipeline_dag.py for tasks to queue
[2026-05-02T22:19:50.793+0000] {logging_mixin.py:188} INFO - [2026-05-02T22:19:50.793+0000] {dagbag.py:538} INFO - Filling up the DagBag from /opt/airflow/dags/f1_pipeline_dag.py
[2026-05-02T22:19:50.809+0000] {processor.py:840} INFO - DAG(s) 'f1_bigdata_pipeline' retrieved from /opt/airflow/dags/f1_pipeline_dag.py
[2026-05-02T22:19:50.833+0000] {logging_mixin.py:188} INFO - [2026-05-02T22:19:50.833+0000] {dag.py:3036} INFO - Sync 1 DAGs
[2026-05-02T22:19:50.846+0000] {logging_mixin.py:188} INFO - [2026-05-02T22:19:50.846+0000] {dag.py:3823} INFO - Setting next_dagrun for f1_bigdata_pipeline to 2026-04-27 06:00:00+00:00, run_after=2026-05-04 06:00:00+00:00
[2026-05-02T22:19:50.856+0000] {processor.py:183} INFO - Processing /opt/airflow/dags/f1_pipeline_dag.py took 0.072 seconds
[2026-05-02T22:20:21.210+0000] {processor.py:161} INFO - Started process (PID=4126) to work on /opt/airflow/dags/f1_pipeline_dag.py
[2026-05-02T22:20:21.212+0000] {processor.py:830} INFO - Processing file /opt/airflow/dags/f1_pipeline_dag.py for tasks to queue
[2026-05-02T22:20:21.213+0000] {logging_mixin.py:188} INFO - [2026-05-02T22:20:21.213+0000] {dagbag.py:538} INFO - Filling up the DagBag from /opt/airflow/dags/f1_pipeline_dag.py
[2026-05-02T22:20:21.231+0000] {processor.py:840} INFO - DAG(s) 'f1_bigdata_pipeline' retrieved from /opt/airflow/dags/f1_pipeline_dag.py
[2026-05-02T22:20:21.266+0000] {logging_mixin.py:188} INFO - [2026-05-02T22:20:21.266+0000] {dag.py:3036} INFO - Sync 1 DAGs
[2026-05-02T22:20:21.280+0000] {logging_mixin.py:188} INFO - [2026-05-02T22:20:21.280+0000] {dag.py:3823} INFO - Setting next_dagrun for f1_bigdata_pipeline to 2026-04-27 06:00:00+00:00, run_after=2026-05-04 06:00:00+00:00
[2026-05-02T22:20:21.288+0000] {processor.py:183} INFO - Processing /opt/airflow/dags/f1_pipeline_dag.py took 0.084 seconds
[2026-05-02T22:20:51.563+0000] {processor.py:161} INFO - Started process (PID=4131) to work on /opt/airflow/dags/f1_pipeline_dag.py
[2026-05-02T22:20:51.566+0000] {processor.py:830} INFO - Processing file /opt/airflow/dags/f1_pipeline_dag.py for tasks to queue
[2026-05-02T22:20:51.567+0000] {logging_mixin.py:188} INFO - [2026-05-02T22:20:51.566+0000] {dagbag.py:538} INFO - Filling up the DagBag from /opt/airflow/dags/f1_pipeline_dag.py
[2026-05-02T22:20:51.613+0000] {processor.py:840} INFO - DAG(s) 'f1_bigdata_pipeline' retrieved from /opt/airflow/dags/f1_pipeline_dag.py
[2026-05-02T22:20:51.635+0000] {logging_mixin.py:188} INFO - [2026-05-02T22:20:51.635+0000] {dag.py:3036} INFO - Sync 1 DAGs
[2026-05-02T22:20:51.648+0000] {logging_mixin.py:188} INFO - [2026-05-02T22:20:51.648+0000] {dag.py:3823} INFO - Setting next_dagrun for f1_bigdata_pipeline to 2026-04-27 06:00:00+00:00, run_after=2026-05-04 06:00:00+00:00
[2026-05-02T22:20:51.656+0000] {processor.py:183} INFO - Processing /opt/airflow/dags/f1_pipeline_dag.py took 0.102 seconds
[2026-05-02T22:21:21.821+0000] {processor.py:161} INFO - Started process (PID=4136) to work on /opt/airflow/dags/f1_pipeline_dag.py
[2026-05-02T22:21:21.824+0000] {processor.py:830} INFO - Processing file /opt/airflow/dags/f1_pipeline_dag.py for tasks to queue
[2026-05-02T22:21:21.825+0000] {logging_mixin.py:188} INFO - [2026-05-02T22:21:21.824+0000] {dagbag.py:538} INFO - Filling up the DagBag from /opt/airflow/dags/f1_pipeline_dag.py
[2026-05-02T22:21:21.847+0000] {processor.py:840} INFO - DAG(s) 'f1_bigdata_pipeline' retrieved from /opt/airflow/dags/f1_pipeline_dag.py
[2026-05-02T22:21:21.888+0000] {logging_mixin.py:188} INFO - [2026-05-02T22:21:21.888+0000] {dag.py:3036} INFO - Sync 1 DAGs
[2026-05-02T22:21:21.899+0000] {logging_mixin.py:188} INFO - [2026-05-02T22:21:21.899+0000] {dag.py:3823} INFO - Setting next_dagrun for f1_bigdata_pipeline to 2026-04-27 06:00:00+00:00, run_after=2026-05-04 06:00:00+00:00
[2026-05-02T22:21:21.907+0000] {processor.py:183} INFO - Processing /opt/airflow/dags/f1_pipeline_dag.py took 0.091 seconds
[2026-05-02T22:21:52.233+0000] {processor.py:161} INFO - Started process (PID=4141) to work on /opt/airflow/dags/f1_pipeline_dag.py
[2026-05-02T22:21:52.235+0000] {processor.py:830} INFO - Processing file /opt/airflow/dags/f1_pipeline_dag.py for tasks to queue
[2026-05-02T22:21:52.236+0000] {logging_mixin.py:188} INFO - [2026-05-02T22:21:52.235+0000] {dagbag.py:538} INFO - Filling up the DagBag from /opt/airflow/dags/f1_pipeline_dag.py
[2026-05-02T22:21:52.254+0000] {processor.py:840} INFO - DAG(s) 'f1_bigdata_pipeline' retrieved from /opt/airflow/dags/f1_pipeline_dag.py
[2026-05-02T22:21:52.284+0000] {logging_mixin.py:188} INFO - [2026-05-02T22:21:52.284+0000] {dag.py:3036} INFO - Sync 1 DAGs
[2026-05-02T22:21:52.295+0000] {logging_mixin.py:188} INFO - [2026-05-02T22:21:52.295+0000] {dag.py:3823} INFO - Setting next_dagrun for f1_bigdata_pipeline to 2026-04-27 06:00:00+00:00, run_after=2026-05-04 06:00:00+00:00
[2026-05-02T22:21:52.302+0000] {processor.py:183} INFO - Processing /opt/airflow/dags/f1_pipeline_dag.py took 0.072 seconds
[2026-05-02T22:22:22.725+0000] {processor.py:161} INFO - Started process (PID=4146) to work on /opt/airflow/dags/f1_pipeline_dag.py
[2026-05-02T22:22:22.727+0000] {processor.py:830} INFO - Processing file /opt/airflow/dags/f1_pipeline_dag.py for tasks to queue
[2026-05-02T22:22:22.728+0000] {logging_mixin.py:188} INFO - [2026-05-02T22:22:22.728+0000] {dagbag.py:538} INFO - Filling up the DagBag from /opt/airflow/dags/f1_pipeline_dag.py
[2026-05-02T22:22:22.741+0000] {processor.py:840} INFO - DAG(s) 'f1_bigdata_pipeline' retrieved from /opt/airflow/dags/f1_pipeline_dag.py
[2026-05-02T22:22:22.767+0000] {logging_mixin.py:188} INFO - [2026-05-02T22:22:22.767+0000] {dag.py:3036} INFO - Sync 1 DAGs
[2026-05-02T22:22:22.780+0000] {logging_mixin.py:188} INFO - [2026-05-02T22:22:22.780+0000] {dag.py:3823} INFO - Setting next_dagrun for f1_bigdata_pipeline to 2026-04-27 06:00:00+00:00, run_after=2026-05-04 06:00:00+00:00
[2026-05-02T22:22:22.788+0000] {processor.py:183} INFO - Processing /opt/airflow/dags/f1_pipeline_dag.py took 0.070 seconds
[2026-05-02T22:22:53.164+0000] {processor.py:161} INFO - Started process (PID=4151) to work on /opt/airflow/dags/f1_pipeline_dag.py
[2026-05-02T22:22:53.166+0000] {processor.py:830} INFO - Processing file /opt/airflow/dags/f1_pipeline_dag.py for tasks to queue
[2026-05-02T22:22:53.167+0000] {logging_mixin.py:188} INFO - [2026-05-02T22:22:53.167+0000] {dagbag.py:538} INFO - Filling up the DagBag from /opt/airflow/dags/f1_pipeline_dag.py
[2026-05-02T22:22:53.187+0000] {processor.py:840} INFO - DAG(s) 'f1_bigdata_pipeline' retrieved from /opt/airflow/dags/f1_pipeline_dag.py
[2026-05-02T22:22:53.238+0000] {logging_mixin.py:188} INFO - [2026-05-02T22:22:53.238+0000] {dag.py:3036} INFO - Sync 1 DAGs
[2026-05-02T22:22:53.282+0000] {logging_mixin.py:188} INFO - [2026-05-02T22:22:53.282+0000] {dag.py:3823} INFO - Setting next_dagrun for f1_bigdata_pipeline to 2026-04-27 06:00:00+00:00, run_after=2026-05-04 06:00:00+00:00
[2026-05-02T22:22:53.294+0000] {processor.py:183} INFO - Processing /opt/airflow/dags/f1_pipeline_dag.py took 0.137 seconds
[2026-05-02T22:23:23.555+0000] {processor.py:161} INFO - Started process (PID=4156) to work on /opt/airflow/dags/f1_pipeline_dag.py
[2026-05-02T22:23:23.557+0000] {processor.py:830} INFO - Processing file /opt/airflow/dags/f1_pipeline_dag.py for tasks to queue
[2026-05-02T22:23:23.558+0000] {logging_mixin.py:188} INFO - [2026-05-02T22:23:23.557+0000] {dagbag.py:538} INFO - Filling up the DagBag from /opt/airflow/dags/f1_pipeline_dag.py
[2026-05-02T22:23:23.593+0000] {processor.py:840} INFO - DAG(s) 'f1_bigdata_pipeline' retrieved from /opt/airflow/dags/f1_pipeline_dag.py
[2026-05-02T22:23:23.614+0000] {logging_mixin.py:188} INFO - [2026-05-02T22:23:23.614+0000] {dag.py:3036} INFO - Sync 1 DAGs
[2026-05-02T22:23:23.627+0000] {logging_mixin.py:188} INFO - [2026-05-02T22:23:23.627+0000] {dag.py:3823} INFO - Setting next_dagrun for f1_bigdata_pipeline to 2026-04-27 06:00:00+00:00, run_after=2026-05-04 06:00:00+00:00
[2026-05-02T22:23:23.636+0000] {processor.py:183} INFO - Processing /opt/airflow/dags/f1_pipeline_dag.py took 0.086 seconds
[2026-05-02T22:23:53.958+0000] {processor.py:161} INFO - Started process (PID=4161) to work on /opt/airflow/dags/f1_pipeline_dag.py
[2026-05-02T22:23:53.960+0000] {processor.py:830} INFO - Processing file /opt/airflow/dags/f1_pipeline_dag.py for tasks to queue
[2026-05-02T22:23:53.961+0000] {logging_mixin.py:188} INFO - [2026-05-02T22:23:53.961+0000] {dagbag.py:538} INFO - Filling up the DagBag from /opt/airflow/dags/f1_pipeline_dag.py
[2026-05-02T22:23:53.980+0000] {processor.py:840} INFO - DAG(s) 'f1_bigdata_pipeline' retrieved from /opt/airflow/dags/f1_pipeline_dag.py
[2026-05-02T22:23:54.017+0000] {logging_mixin.py:188} INFO - [2026-05-02T22:23:54.017+0000] {dag.py:3036} INFO - Sync 1 DAGs
[2026-05-02T22:23:54.030+0000] {logging_mixin.py:188} INFO - [2026-05-02T22:23:54.030+0000] {dag.py:3823} INFO - Setting next_dagrun for f1_bigdata_pipeline to 2026-04-27 06:00:00+00:00, run_after=2026-05-04 06:00:00+00:00
[2026-05-02T22:23:54.038+0000] {processor.py:183} INFO - Processing /opt/airflow/dags/f1_pipeline_dag.py took 0.086 seconds
[2026-05-02T22:24:24.375+0000] {processor.py:161} INFO - Started process (PID=4166) to work on /opt/airflow/dags/f1_pipeline_dag.py
[2026-05-02T22:24:24.377+0000] {processor.py:830} INFO - Processing file /opt/airflow/dags/f1_pipeline_dag.py for tasks to queue
[2026-05-02T22:24:24.378+0000] {logging_mixin.py:188} INFO - [2026-05-02T22:24:24.377+0000] {dagbag.py:538} INFO - Filling up the DagBag from /opt/airflow/dags/f1_pipeline_dag.py
[2026-05-02T22:24:24.394+0000] {processor.py:840} INFO - DAG(s) 'f1_bigdata_pipeline' retrieved from /opt/airflow/dags/f1_pipeline_dag.py
[2026-05-02T22:24:24.431+0000] {logging_mixin.py:188} INFO - [2026-05-02T22:24:24.431+0000] {dag.py:3036} INFO - Sync 1 DAGs
[2026-05-02T22:24:24.445+0000] {logging_mixin.py:188} INFO - [2026-05-02T22:24:24.445+0000] {dag.py:3823} INFO - Setting next_dagrun for f1_bigdata_pipeline to 2026-04-27 06:00:00+00:00, run_after=2026-05-04 06:00:00+00:00
[2026-05-02T22:24:24.454+0000] {processor.py:183} INFO - Processing /opt/airflow/dags/f1_pipeline_dag.py took 0.084 seconds
[2026-05-02T22:24:54.760+0000] {processor.py:161} INFO - Started process (PID=4171) to work on /opt/airflow/dags/f1_pipeline_dag.py
[2026-05-02T22:24:54.764+0000] {processor.py:830} INFO - Processing file /opt/airflow/dags/f1_pipeline_dag.py for tasks to queue
[2026-05-02T22:24:54.765+0000] {logging_mixin.py:188} INFO - [2026-05-02T22:24:54.765+0000] {dagbag.py:538} INFO - Filling up the DagBag from /opt/airflow/dags/f1_pipeline_dag.py
[2026-05-02T22:24:54.809+0000] {processor.py:840} INFO - DAG(s) 'f1_bigdata_pipeline' retrieved from /opt/airflow/dags/f1_pipeline_dag.py
[2026-05-02T22:24:54.832+0000] {logging_mixin.py:188} INFO - [2026-05-02T22:24:54.832+0000] {dag.py:3036} INFO - Sync 1 DAGs
[2026-05-02T22:24:54.844+0000] {logging_mixin.py:188} INFO - [2026-05-02T22:24:54.844+0000] {dag.py:3823} INFO - Setting next_dagrun for f1_bigdata_pipeline to 2026-04-27 06:00:00+00:00, run_after=2026-05-04 06:00:00+00:00
[2026-05-02T22:24:54.852+0000] {processor.py:183} INFO - Processing /opt/airflow/dags/f1_pipeline_dag.py took 0.101 seconds
[2026-05-02T22:25:25.166+0000] {processor.py:161} INFO - Started process (PID=4176) to work on /opt/airflow/dags/f1_pipeline_dag.py
[2026-05-02T22:25:25.168+0000] {processor.py:830} INFO - Processing file /opt/airflow/dags/f1_pipeline_dag.py for tasks to queue
[2026-05-02T22:25:25.169+0000] {logging_mixin.py:188} INFO - [2026-05-02T22:25:25.168+0000] {dagbag.py:538} INFO - Filling up the DagBag from /opt/airflow/dags/f1_pipeline_dag.py
[2026-05-02T22:25:25.189+0000] {processor.py:840} INFO - DAG(s) 'f1_bigdata_pipeline' retrieved from /opt/airflow/dags/f1_pipeline_dag.py
[2026-05-02T22:25:25.223+0000] {logging_mixin.py:188} INFO - [2026-05-02T22:25:25.223+0000] {dag.py:3036} INFO - Sync 1 DAGs
[2026-05-02T22:25:25.235+0000] {logging_mixin.py:188} INFO - [2026-05-02T22:25:25.235+0000] {dag.py:3823} INFO - Setting next_dagrun for f1_bigdata_pipeline to 2026-04-27 06:00:00+00:00, run_after=2026-05-04 06:00:00+00:00
[2026-05-02T22:25:25.244+0000] {processor.py:183} INFO - Processing /opt/airflow/dags/f1_pipeline_dag.py took 0.084 seconds
[2026-05-02T22:25:55.521+0000] {processor.py:161} INFO - Started process (PID=4181) to work on /opt/airflow/dags/f1_pipeline_dag.py
[2026-05-02T22:25:55.523+0000] {processor.py:830} INFO - Processing file /opt/airflow/dags/f1_pipeline_dag.py for tasks to queue
[2026-05-02T22:25:55.524+0000] {logging_mixin.py:188} INFO - [2026-05-02T22:25:55.524+0000] {dagbag.py:538} INFO - Filling up the DagBag from /opt/airflow/dags/f1_pipeline_dag.py
[2026-05-02T22:25:55.539+0000] {processor.py:840} INFO - DAG(s) 'f1_bigdata_pipeline' retrieved from /opt/airflow/dags/f1_pipeline_dag.py
[2026-05-02T22:25:55.561+0000] {logging_mixin.py:188} INFO - [2026-05-02T22:25:55.561+0000] {dag.py:3036} INFO - Sync 1 DAGs
[2026-05-02T22:25:55.574+0000] {logging_mixin.py:188} INFO - [2026-05-02T22:25:55.574+0000] {dag.py:3823} INFO - Setting next_dagrun for f1_bigdata_pipeline to 2026-04-27 06:00:00+00:00, run_after=2026-05-04 06:00:00+00:00
[2026-05-02T22:25:55.594+0000] {processor.py:183} INFO - Processing /opt/airflow/dags/f1_pipeline_dag.py took 0.079 seconds
[2026-05-02T22:26:25.858+0000] {processor.py:161} INFO - Started process (PID=4186) to work on /opt/airflow/dags/f1_pipeline_dag.py
[2026-05-02T22:26:25.860+0000] {processor.py:830} INFO - Processing file /opt/airflow/dags/f1_pipeline_dag.py for tasks to queue
[2026-05-02T22:26:25.862+0000] {logging_mixin.py:188} INFO - [2026-05-02T22:26:25.861+0000] {dagbag.py:538} INFO - Filling up the DagBag from /opt/airflow/dags/f1_pipeline_dag.py
[2026-05-02T22:26:25.881+0000] {processor.py:840} INFO - DAG(s) 'f1_bigdata_pipeline' retrieved from /opt/airflow/dags/f1_pipeline_dag.py
[2026-05-02T22:26:25.910+0000] {logging_mixin.py:188} INFO - [2026-05-02T22:26:25.910+0000] {dag.py:3036} INFO - Sync 1 DAGs
[2026-05-02T22:26:25.940+0000] {logging_mixin.py:188} INFO - [2026-05-02T22:26:25.940+0000] {dag.py:3823} INFO - Setting next_dagrun for f1_bigdata_pipeline to 2026-04-27 06:00:00+00:00, run_after=2026-05-04 06:00:00+00:00
[2026-05-02T22:26:25.950+0000] {processor.py:183} INFO - Processing /opt/airflow/dags/f1_pipeline_dag.py took 0.098 seconds
[2026-05-02T22:26:56.256+0000] {processor.py:161} INFO - Started process (PID=4191) to work on /opt/airflow/dags/f1_pipeline_dag.py
[2026-05-02T22:26:56.257+0000] {processor.py:830} INFO - Processing file /opt/airflow/dags/f1_pipeline_dag.py for tasks to queue
[2026-05-02T22:26:56.258+0000] {logging_mixin.py:188} INFO - [2026-05-02T22:26:56.258+0000] {dagbag.py:538} INFO - Filling up the DagBag from /opt/airflow/dags/f1_pipeline_dag.py
[2026-05-02T22:26:56.276+0000] {processor.py:840} INFO - DAG(s) 'f1_bigdata_pipeline' retrieved from /opt/airflow/dags/f1_pipeline_dag.py
[2026-05-02T22:26:56.297+0000] {logging_mixin.py:188} INFO - [2026-05-02T22:26:56.297+0000] {dag.py:3036} INFO - Sync 1 DAGs
[2026-05-02T22:26:56.310+0000] {logging_mixin.py:188} INFO - [2026-05-02T22:26:56.310+0000] {dag.py:3823} INFO - Setting next_dagrun for f1_bigdata_pipeline to 2026-04-27 06:00:00+00:00, run_after=2026-05-04 06:00:00+00:00
[2026-05-02T22:26:56.318+0000] {processor.py:183} INFO - Processing /opt/airflow/dags/f1_pipeline_dag.py took 0.068 seconds
[2026-05-02T22:27:26.660+0000] {processor.py:161} INFO - Started process (PID=4196) to work on /opt/airflow/dags/f1_pipeline_dag.py
[2026-05-02T22:27:26.661+0000] {processor.py:830} INFO - Processing file /opt/airflow/dags/f1_pipeline_dag.py for tasks to queue
[2026-05-02T22:27:26.662+0000] {logging_mixin.py:188} INFO - [2026-05-02T22:27:26.662+0000] {dagbag.py:538} INFO - Filling up the DagBag from /opt/airflow/dags/f1_pipeline_dag.py
[2026-05-02T22:27:26.676+0000] {processor.py:840} INFO - DAG(s) 'f1_bigdata_pipeline' retrieved from /opt/airflow/dags/f1_pipeline_dag.py
[2026-05-02T22:27:26.713+0000] {logging_mixin.py:188} INFO - [2026-05-02T22:27:26.713+0000] {dag.py:3036} INFO - Sync 1 DAGs
[2026-05-02T22:27:26.736+0000] {logging_mixin.py:188} INFO - [2026-05-02T22:27:26.736+0000] {dag.py:3823} INFO - Setting next_dagrun for f1_bigdata_pipeline to 2026-04-27 06:00:00+00:00, run_after=2026-05-04 06:00:00+00:00
[2026-05-02T22:27:26.743+0000] {processor.py:183} INFO - Processing /opt/airflow/dags/f1_pipeline_dag.py took 0.099 seconds
[2026-05-02T22:27:57.027+0000] {processor.py:161} INFO - Started process (PID=4201) to work on /opt/airflow/dags/f1_pipeline_dag.py
[2026-05-02T22:27:57.037+0000] {processor.py:830} INFO - Processing file /opt/airflow/dags/f1_pipeline_dag.py for tasks to queue
[2026-05-02T22:27:57.042+0000] {logging_mixin.py:188} INFO - [2026-05-02T22:27:57.039+0000] {dagbag.py:538} INFO - Filling up the DagBag from /opt/airflow/dags/f1_pipeline_dag.py
[2026-05-02T22:27:57.071+0000] {processor.py:840} INFO - DAG(s) 'f1_bigdata_pipeline' retrieved from /opt/airflow/dags/f1_pipeline_dag.py
[2026-05-02T22:27:57.106+0000] {logging_mixin.py:188} INFO - [2026-05-02T22:27:57.106+0000] {dag.py:3036} INFO - Sync 1 DAGs
[2026-05-02T22:27:57.120+0000] {logging_mixin.py:188} INFO - [2026-05-02T22:27:57.120+0000] {dag.py:3823} INFO - Setting next_dagrun for f1_bigdata_pipeline to 2026-04-27 06:00:00+00:00, run_after=2026-05-04 06:00:00+00:00
[2026-05-02T22:27:57.128+0000] {processor.py:183} INFO - Processing /opt/airflow/dags/f1_pipeline_dag.py took 0.107 seconds
[2026-05-02T22:28:27.463+0000] {processor.py:161} INFO - Started process (PID=4206) to work on /opt/airflow/dags/f1_pipeline_dag.py
[2026-05-02T22:28:27.470+0000] {processor.py:830} INFO - Processing file /opt/airflow/dags/f1_pipeline_dag.py for tasks to queue
[2026-05-02T22:28:27.471+0000] {logging_mixin.py:188} INFO - [2026-05-02T22:28:27.471+0000] {dagbag.py:538} INFO - Filling up the DagBag from /opt/airflow/dags/f1_pipeline_dag.py
[2026-05-02T22:28:27.492+0000] {processor.py:840} INFO - DAG(s) 'f1_bigdata_pipeline' retrieved from /opt/airflow/dags/f1_pipeline_dag.py
[2026-05-02T22:28:27.536+0000] {logging_mixin.py:188} INFO - [2026-05-02T22:28:27.536+0000] {dag.py:3036} INFO - Sync 1 DAGs
[2026-05-02T22:28:27.565+0000] {logging_mixin.py:188} INFO - [2026-05-02T22:28:27.565+0000] {dag.py:3823} INFO - Setting next_dagrun for f1_bigdata_pipeline to 2026-04-27 06:00:00+00:00, run_after=2026-05-04 06:00:00+00:00
[2026-05-02T22:28:27.575+0000] {processor.py:183} INFO - Processing /opt/airflow/dags/f1_pipeline_dag.py took 0.124 seconds
[2026-05-02T22:28:58.042+0000] {processor.py:161} INFO - Started process (PID=4211) to work on /opt/airflow/dags/f1_pipeline_dag.py
[2026-05-02T22:28:58.045+0000] {processor.py:830} INFO - Processing file /opt/airflow/dags/f1_pipeline_dag.py for tasks to queue
[2026-05-02T22:28:58.047+0000] {logging_mixin.py:188} INFO - [2026-05-02T22:28:58.046+0000] {dagbag.py:538} INFO - Filling up the DagBag from /opt/airflow/dags/f1_pipeline_dag.py
[2026-05-02T22:28:58.072+0000] {processor.py:840} INFO - DAG(s) 'f1_bigdata_pipeline' retrieved from /opt/airflow/dags/f1_pipeline_dag.py
[2026-05-02T22:28:58.095+0000] {logging_mixin.py:188} INFO - [2026-05-02T22:28:58.095+0000] {dag.py:3036} INFO - Sync 1 DAGs
[2026-05-02T22:28:58.120+0000] {logging_mixin.py:188} INFO - [2026-05-02T22:28:58.120+0000] {dag.py:3823} INFO - Setting next_dagrun for f1_bigdata_pipeline to 2026-04-27 06:00:00+00:00, run_after=2026-05-04 06:00:00+00:00
[2026-05-02T22:28:58.128+0000] {processor.py:183} INFO - Processing /opt/airflow/dags/f1_pipeline_dag.py took 0.120 seconds
[2026-05-02T22:29:28.367+0000] {processor.py:161} INFO - Started process (PID=4216) to work on /opt/airflow/dags/f1_pipeline_dag.py
[2026-05-02T22:29:28.369+0000] {processor.py:830} INFO - Processing file /opt/airflow/dags/f1_pipeline_dag.py for tasks to queue
[2026-05-02T22:29:28.370+0000] {logging_mixin.py:188} INFO - [2026-05-02T22:29:28.369+0000] {dagbag.py:538} INFO - Filling up the DagBag from /opt/airflow/dags/f1_pipeline_dag.py
[2026-05-02T22:29:28.388+0000] {processor.py:840} INFO - DAG(s) 'f1_bigdata_pipeline' retrieved from /opt/airflow/dags/f1_pipeline_dag.py
[2026-05-02T22:29:28.424+0000] {logging_mixin.py:188} INFO - [2026-05-02T22:29:28.424+0000] {dag.py:3036} INFO - Sync 1 DAGs
[2026-05-02T22:29:28.439+0000] {logging_mixin.py:188} INFO - [2026-05-02T22:29:28.438+0000] {dag.py:3823} INFO - Setting next_dagrun for f1_bigdata_pipeline to 2026-04-27 06:00:00+00:00, run_after=2026-05-04 06:00:00+00:00
[2026-05-02T22:29:28.447+0000] {processor.py:183} INFO - Processing /opt/airflow/dags/f1_pipeline_dag.py took 0.086 seconds
[2026-05-02T22:29:58.788+0000] {processor.py:161} INFO - Started process (PID=4221) to work on /opt/airflow/dags/f1_pipeline_dag.py
[2026-05-02T22:29:58.790+0000] {processor.py:830} INFO - Processing file /opt/airflow/dags/f1_pipeline_dag.py for tasks to queue
[2026-05-02T22:29:58.790+0000] {logging_mixin.py:188} INFO - [2026-05-02T22:29:58.790+0000] {dagbag.py:538} INFO - Filling up the DagBag from /opt/airflow/dags/f1_pipeline_dag.py
[2026-05-02T22:29:58.805+0000] {processor.py:840} INFO - DAG(s) 'f1_bigdata_pipeline' retrieved from /opt/airflow/dags/f1_pipeline_dag.py
[2026-05-02T22:29:58.829+0000] {logging_mixin.py:188} INFO - [2026-05-02T22:29:58.828+0000] {dag.py:3036} INFO - Sync 1 DAGs
[2026-05-02T22:29:58.860+0000] {logging_mixin.py:188} INFO - [2026-05-02T22:29:58.860+0000] {dag.py:3823} INFO - Setting next_dagrun for f1_bigdata_pipeline to 2026-04-27 06:00:00+00:00, run_after=2026-05-04 06:00:00+00:00
[2026-05-02T22:29:58.870+0000] {processor.py:183} INFO - Processing /opt/airflow/dags/f1_pipeline_dag.py took 0.086 seconds
[2026-05-02T22:30:29.125+0000] {processor.py:161} INFO - Started process (PID=4226) to work on /opt/airflow/dags/f1_pipeline_dag.py
[2026-05-02T22:30:29.129+0000] {processor.py:830} INFO - Processing file /opt/airflow/dags/f1_pipeline_dag.py for tasks to queue
[2026-05-02T22:30:29.130+0000] {logging_mixin.py:188} INFO - [2026-05-02T22:30:29.129+0000] {dagbag.py:538} INFO - Filling up the DagBag from /opt/airflow/dags/f1_pipeline_dag.py
[2026-05-02T22:30:29.177+0000] {processor.py:840} INFO - DAG(s) 'f1_bigdata_pipeline' retrieved from /opt/airflow/dags/f1_pipeline_dag.py
[2026-05-02T22:30:29.197+0000] {logging_mixin.py:188} INFO - [2026-05-02T22:30:29.197+0000] {dag.py:3036} INFO - Sync 1 DAGs
[2026-05-02T22:30:29.210+0000] {logging_mixin.py:188} INFO - [2026-05-02T22:30:29.210+0000] {dag.py:3823} INFO - Setting next_dagrun for f1_bigdata_pipeline to 2026-04-27 06:00:00+00:00, run_after=2026-05-04 06:00:00+00:00
[2026-05-02T22:30:29.218+0000] {processor.py:183} INFO - Processing /opt/airflow/dags/f1_pipeline_dag.py took 0.102 seconds
[2026-05-02T22:30:59.529+0000] {processor.py:161} INFO - Started process (PID=4231) to work on /opt/airflow/dags/f1_pipeline_dag.py
[2026-05-02T22:30:59.532+0000] {processor.py:830} INFO - Processing file /opt/airflow/dags/f1_pipeline_dag.py for tasks to queue
[2026-05-02T22:30:59.533+0000] {logging_mixin.py:188} INFO - [2026-05-02T22:30:59.533+0000] {dagbag.py:538} INFO - Filling up the DagBag from /opt/airflow/dags/f1_pipeline_dag.py
[2026-05-02T22:30:59.552+0000] {processor.py:840} INFO - DAG(s) 'f1_bigdata_pipeline' retrieved from /opt/airflow/dags/f1_pipeline_dag.py
[2026-05-02T22:30:59.576+0000] {logging_mixin.py:188} INFO - [2026-05-02T22:30:59.576+0000] {dag.py:3036} INFO - Sync 1 DAGs
[2026-05-02T22:30:59.604+0000] {logging_mixin.py:188} INFO - [2026-05-02T22:30:59.604+0000] {dag.py:3823} INFO - Setting next_dagrun for f1_bigdata_pipeline to 2026-04-27 06:00:00+00:00, run_after=2026-05-04 06:00:00+00:00
[2026-05-02T22:30:59.612+0000] {processor.py:183} INFO - Processing /opt/airflow/dags/f1_pipeline_dag.py took 0.091 seconds
[2026-05-02T22:31:29.927+0000] {processor.py:161} INFO - Started process (PID=4236) to work on /opt/airflow/dags/f1_pipeline_dag.py
[2026-05-02T22:31:29.929+0000] {processor.py:830} INFO - Processing file /opt/airflow/dags/f1_pipeline_dag.py for tasks to queue
[2026-05-02T22:31:29.930+0000] {logging_mixin.py:188} INFO - [2026-05-02T22:31:29.930+0000] {dagbag.py:538} INFO - Filling up the DagBag from /opt/airflow/dags/f1_pipeline_dag.py
[2026-05-02T22:31:29.948+0000] {processor.py:840} INFO - DAG(s) 'f1_bigdata_pipeline' retrieved from /opt/airflow/dags/f1_pipeline_dag.py
[2026-05-02T22:31:29.968+0000] {logging_mixin.py:188} INFO - [2026-05-02T22:31:29.967+0000] {dag.py:3036} INFO - Sync 1 DAGs
[2026-05-02T22:31:29.989+0000] {logging_mixin.py:188} INFO - [2026-05-02T22:31:29.989+0000] {dag.py:3823} INFO - Setting next_dagrun for f1_bigdata_pipeline to 2026-04-27 06:00:00+00:00, run_after=2026-05-04 06:00:00+00:00
[2026-05-02T22:31:30.004+0000] {processor.py:183} INFO - Processing /opt/airflow/dags/f1_pipeline_dag.py took 0.081 seconds
[2026-05-02T22:32:00.331+0000] {processor.py:161} INFO - Started process (PID=4241) to work on /opt/airflow/dags/f1_pipeline_dag.py
[2026-05-02T22:32:00.333+0000] {processor.py:830} INFO - Processing file /opt/airflow/dags/f1_pipeline_dag.py for tasks to queue
[2026-05-02T22:32:00.335+0000] {logging_mixin.py:188} INFO - [2026-05-02T22:32:00.334+0000] {dagbag.py:538} INFO - Filling up the DagBag from /opt/airflow/dags/f1_pipeline_dag.py
[2026-05-02T22:32:00.359+0000] {processor.py:840} INFO - DAG(s) 'f1_bigdata_pipeline' retrieved from /opt/airflow/dags/f1_pipeline_dag.py
[2026-05-02T22:32:00.397+0000] {logging_mixin.py:188} INFO - [2026-05-02T22:32:00.396+0000] {dag.py:3036} INFO - Sync 1 DAGs
[2026-05-02T22:32:00.422+0000] {logging_mixin.py:188} INFO - [2026-05-02T22:32:00.421+0000] {dag.py:3823} INFO - Setting next_dagrun for f1_bigdata_pipeline to 2026-04-27 06:00:00+00:00, run_after=2026-05-04 06:00:00+00:00
[2026-05-02T22:32:00.437+0000] {processor.py:183} INFO - Processing /opt/airflow/dags/f1_pipeline_dag.py took 0.112 seconds
[2026-05-02T22:32:30.760+0000] {processor.py:161} INFO - Started process (PID=4246) to work on /opt/airflow/dags/f1_pipeline_dag.py
[2026-05-02T22:32:30.762+0000] {processor.py:830} INFO - Processing file /opt/airflow/dags/f1_pipeline_dag.py for tasks to queue
[2026-05-02T22:32:30.763+0000] {logging_mixin.py:188} INFO - [2026-05-02T22:32:30.763+0000] {dagbag.py:538} INFO - Filling up the DagBag from /opt/airflow/dags/f1_pipeline_dag.py
[2026-05-02T22:32:30.817+0000] {processor.py:840} INFO - DAG(s) 'f1_bigdata_pipeline' retrieved from /opt/airflow/dags/f1_pipeline_dag.py
[2026-05-02T22:32:30.843+0000] {logging_mixin.py:188} INFO - [2026-05-02T22:32:30.843+0000] {dag.py:3036} INFO - Sync 1 DAGs
[2026-05-02T22:32:30.856+0000] {logging_mixin.py:188} INFO - [2026-05-02T22:32:30.856+0000] {dag.py:3823} INFO - Setting next_dagrun for f1_bigdata_pipeline to 2026-04-27 06:00:00+00:00, run_after=2026-05-04 06:00:00+00:00
[2026-05-02T22:32:30.865+0000] {processor.py:183} INFO - Processing /opt/airflow/dags/f1_pipeline_dag.py took 0.111 seconds
[2026-05-02T22:33:01.149+0000] {processor.py:161} INFO - Started process (PID=4251) to work on /opt/airflow/dags/f1_pipeline_dag.py
[2026-05-02T22:33:01.152+0000] {processor.py:830} INFO - Processing file /opt/airflow/dags/f1_pipeline_dag.py for tasks to queue
[2026-05-02T22:33:01.155+0000] {logging_mixin.py:188} INFO - [2026-05-02T22:33:01.154+0000] {dagbag.py:538} INFO - Filling up the DagBag from /opt/airflow/dags/f1_pipeline_dag.py
[2026-05-02T22:33:01.197+0000] {processor.py:840} INFO - DAG(s) 'f1_bigdata_pipeline' retrieved from /opt/airflow/dags/f1_pipeline_dag.py
[2026-05-02T22:33:01.234+0000] {logging_mixin.py:188} INFO - [2026-05-02T22:33:01.234+0000] {dag.py:3036} INFO - Sync 1 DAGs
[2026-05-02T22:33:01.246+0000] {logging_mixin.py:188} INFO - [2026-05-02T22:33:01.246+0000] {dag.py:3823} INFO - Setting next_dagrun for f1_bigdata_pipeline to 2026-04-27 06:00:00+00:00, run_after=2026-05-04 06:00:00+00:00
[2026-05-02T22:33:01.255+0000] {processor.py:183} INFO - Processing /opt/airflow/dags/f1_pipeline_dag.py took 0.114 seconds
[2026-05-02T22:33:31.553+0000] {processor.py:161} INFO - Started process (PID=4256) to work on /opt/airflow/dags/f1_pipeline_dag.py
[2026-05-02T22:33:31.555+0000] {processor.py:830} INFO - Processing file /opt/airflow/dags/f1_pipeline_dag.py for tasks to queue
[2026-05-02T22:33:31.556+0000] {logging_mixin.py:188} INFO - [2026-05-02T22:33:31.555+0000] {dagbag.py:538} INFO - Filling up the DagBag from /opt/airflow/dags/f1_pipeline_dag.py
[2026-05-02T22:33:31.585+0000] {processor.py:840} INFO - DAG(s) 'f1_bigdata_pipeline' retrieved from /opt/airflow/dags/f1_pipeline_dag.py
[2026-05-02T22:33:31.606+0000] {logging_mixin.py:188} INFO - [2026-05-02T22:33:31.606+0000] {dag.py:3036} INFO - Sync 1 DAGs
[2026-05-02T22:33:31.619+0000] {logging_mixin.py:188} INFO - [2026-05-02T22:33:31.619+0000] {dag.py:3823} INFO - Setting next_dagrun for f1_bigdata_pipeline to 2026-04-27 06:00:00+00:00, run_after=2026-05-04 06:00:00+00:00
[2026-05-02T22:33:31.628+0000] {processor.py:183} INFO - Processing /opt/airflow/dags/f1_pipeline_dag.py took 0.082 seconds
[2026-05-02T22:34:01.900+0000] {processor.py:161} INFO - Started process (PID=4261) to work on /opt/airflow/dags/f1_pipeline_dag.py
[2026-05-02T22:34:01.903+0000] {processor.py:830} INFO - Processing file /opt/airflow/dags/f1_pipeline_dag.py for tasks to queue
[2026-05-02T22:34:01.904+0000] {logging_mixin.py:188} INFO - [2026-05-02T22:34:01.904+0000] {dagbag.py:538} INFO - Filling up the DagBag from /opt/airflow/dags/f1_pipeline_dag.py
[2026-05-02T22:34:01.918+0000] {processor.py:840} INFO - DAG(s) 'f1_bigdata_pipeline' retrieved from /opt/airflow/dags/f1_pipeline_dag.py
[2026-05-02T22:34:01.952+0000] {logging_mixin.py:188} INFO - [2026-05-02T22:34:01.952+0000] {dag.py:3036} INFO - Sync 1 DAGs
[2026-05-02T22:34:01.970+0000] {logging_mixin.py:188} INFO - [2026-05-02T22:34:01.970+0000] {dag.py:3823} INFO - Setting next_dagrun for f1_bigdata_pipeline to 2026-04-27 06:00:00+00:00, run_after=2026-05-04 06:00:00+00:00
[2026-05-02T22:34:01.978+0000] {processor.py:183} INFO - Processing /opt/airflow/dags/f1_pipeline_dag.py took 0.085 seconds
[2026-05-02T22:34:32.378+0000] {processor.py:161} INFO - Started process (PID=4266) to work on /opt/airflow/dags/f1_pipeline_dag.py
[2026-05-02T22:34:32.380+0000] {processor.py:830} INFO - Processing file /opt/airflow/dags/f1_pipeline_dag.py for tasks to queue
[2026-05-02T22:34:32.381+0000] {logging_mixin.py:188} INFO - [2026-05-02T22:34:32.381+0000] {dagbag.py:538} INFO - Filling up the DagBag from /opt/airflow/dags/f1_pipeline_dag.py
[2026-05-02T22:34:32.411+0000] {processor.py:840} INFO - DAG(s) 'f1_bigdata_pipeline' retrieved from /opt/airflow/dags/f1_pipeline_dag.py
[2026-05-02T22:34:32.433+0000] {logging_mixin.py:188} INFO - [2026-05-02T22:34:32.433+0000] {dag.py:3036} INFO - Sync 1 DAGs
[2026-05-02T22:34:32.446+0000] {logging_mixin.py:188} INFO - [2026-05-02T22:34:32.446+0000] {dag.py:3823} INFO - Setting next_dagrun for f1_bigdata_pipeline to 2026-04-27 06:00:00+00:00, run_after=2026-05-04 06:00:00+00:00
[2026-05-02T22:34:32.454+0000] {processor.py:183} INFO - Processing /opt/airflow/dags/f1_pipeline_dag.py took 0.082 seconds
[2026-05-02T22:35:02.792+0000] {processor.py:161} INFO - Started process (PID=4271) to work on /opt/airflow/dags/f1_pipeline_dag.py
[2026-05-02T22:35:02.794+0000] {processor.py:830} INFO - Processing file /opt/airflow/dags/f1_pipeline_dag.py for tasks to queue
[2026-05-02T22:35:02.795+0000] {logging_mixin.py:188} INFO - [2026-05-02T22:35:02.794+0000] {dagbag.py:538} INFO - Filling up the DagBag from /opt/airflow/dags/f1_pipeline_dag.py
[2026-05-02T22:35:02.811+0000] {processor.py:840} INFO - DAG(s) 'f1_bigdata_pipeline' retrieved from /opt/airflow/dags/f1_pipeline_dag.py
[2026-05-02T22:35:02.851+0000] {logging_mixin.py:188} INFO - [2026-05-02T22:35:02.851+0000] {dag.py:3036} INFO - Sync 1 DAGs
[2026-05-02T22:35:02.864+0000] {logging_mixin.py:188} INFO - [2026-05-02T22:35:02.864+0000] {dag.py:3823} INFO - Setting next_dagrun for f1_bigdata_pipeline to 2026-04-27 06:00:00+00:00, run_after=2026-05-04 06:00:00+00:00
[2026-05-02T22:35:02.873+0000] {processor.py:183} INFO - Processing /opt/airflow/dags/f1_pipeline_dag.py took 0.087 seconds
[2026-05-02T22:35:33.137+0000] {processor.py:161} INFO - Started process (PID=4276) to work on /opt/airflow/dags/f1_pipeline_dag.py
[2026-05-02T22:35:33.139+0000] {processor.py:830} INFO - Processing file /opt/airflow/dags/f1_pipeline_dag.py for tasks to queue
[2026-05-02T22:35:33.140+0000] {logging_mixin.py:188} INFO - [2026-05-02T22:35:33.139+0000] {dagbag.py:538} INFO - Filling up the DagBag from /opt/airflow/dags/f1_pipeline_dag.py
[2026-05-02T22:35:33.167+0000] {processor.py:840} INFO - DAG(s) 'f1_bigdata_pipeline' retrieved from /opt/airflow/dags/f1_pipeline_dag.py
[2026-05-02T22:35:33.204+0000] {logging_mixin.py:188} INFO - [2026-05-02T22:35:33.204+0000] {dag.py:3036} INFO - Sync 1 DAGs
[2026-05-02T22:35:33.228+0000] {logging_mixin.py:188} INFO - [2026-05-02T22:35:33.228+0000] {dag.py:3823} INFO - Setting next_dagrun for f1_bigdata_pipeline to 2026-04-27 06:00:00+00:00, run_after=2026-05-04 06:00:00+00:00
[2026-05-02T22:35:33.238+0000] {processor.py:183} INFO - Processing /opt/airflow/dags/f1_pipeline_dag.py took 0.106 seconds
[2026-05-02T22:36:03.538+0000] {processor.py:161} INFO - Started process (PID=4281) to work on /opt/airflow/dags/f1_pipeline_dag.py
[2026-05-02T22:36:03.540+0000] {processor.py:830} INFO - Processing file /opt/airflow/dags/f1_pipeline_dag.py for tasks to queue
[2026-05-02T22:36:03.542+0000] {logging_mixin.py:188} INFO - [2026-05-02T22:36:03.541+0000] {dagbag.py:538} INFO - Filling up the DagBag from /opt/airflow/dags/f1_pipeline_dag.py
[2026-05-02T22:36:03.573+0000] {processor.py:840} INFO - DAG(s) 'f1_bigdata_pipeline' retrieved from /opt/airflow/dags/f1_pipeline_dag.py
[2026-05-02T22:36:03.597+0000] {logging_mixin.py:188} INFO - [2026-05-02T22:36:03.597+0000] {dag.py:3036} INFO - Sync 1 DAGs
[2026-05-02T22:36:03.611+0000] {logging_mixin.py:188} INFO - [2026-05-02T22:36:03.611+0000] {dag.py:3823} INFO - Setting next_dagrun for f1_bigdata_pipeline to 2026-04-27 06:00:00+00:00, run_after=2026-05-04 06:00:00+00:00
[2026-05-02T22:36:03.619+0000] {processor.py:183} INFO - Processing /opt/airflow/dags/f1_pipeline_dag.py took 0.086 seconds
[2026-05-02T22:36:33.947+0000] {processor.py:161} INFO - Started process (PID=4286) to work on /opt/airflow/dags/f1_pipeline_dag.py
[2026-05-02T22:36:33.949+0000] {processor.py:830} INFO - Processing file /opt/airflow/dags/f1_pipeline_dag.py for tasks to queue
[2026-05-02T22:36:33.951+0000] {logging_mixin.py:188} INFO - [2026-05-02T22:36:33.950+0000] {dagbag.py:538} INFO - Filling up the DagBag from /opt/airflow/dags/f1_pipeline_dag.py
[2026-05-02T22:36:33.971+0000] {processor.py:840} INFO - DAG(s) 'f1_bigdata_pipeline' retrieved from /opt/airflow/dags/f1_pipeline_dag.py
[2026-05-02T22:36:34.008+0000] {logging_mixin.py:188} INFO - [2026-05-02T22:36:34.008+0000] {dag.py:3036} INFO - Sync 1 DAGs
[2026-05-02T22:36:34.023+0000] {logging_mixin.py:188} INFO - [2026-05-02T22:36:34.023+0000] {dag.py:3823} INFO - Setting next_dagrun for f1_bigdata_pipeline to 2026-04-27 06:00:00+00:00, run_after=2026-05-04 06:00:00+00:00
[2026-05-02T22:36:34.033+0000] {processor.py:183} INFO - Processing /opt/airflow/dags/f1_pipeline_dag.py took 0.091 seconds
[2026-05-02T22:37:04.393+0000] {processor.py:161} INFO - Started process (PID=4291) to work on /opt/airflow/dags/f1_pipeline_dag.py
[2026-05-02T22:37:04.396+0000] {processor.py:830} INFO - Processing file /opt/airflow/dags/f1_pipeline_dag.py for tasks to queue
[2026-05-02T22:37:04.397+0000] {logging_mixin.py:188} INFO - [2026-05-02T22:37:04.396+0000] {dagbag.py:538} INFO - Filling up the DagBag from /opt/airflow/dags/f1_pipeline_dag.py
[2026-05-02T22:37:04.412+0000] {processor.py:840} INFO - DAG(s) 'f1_bigdata_pipeline' retrieved from /opt/airflow/dags/f1_pipeline_dag.py
[2026-05-02T22:37:04.438+0000] {logging_mixin.py:188} INFO - [2026-05-02T22:37:04.438+0000] {dag.py:3036} INFO - Sync 1 DAGs
[2026-05-02T22:37:04.452+0000] {logging_mixin.py:188} INFO - [2026-05-02T22:37:04.452+0000] {dag.py:3823} INFO - Setting next_dagrun for f1_bigdata_pipeline to 2026-04-27 06:00:00+00:00, run_after=2026-05-04 06:00:00+00:00
[2026-05-02T22:37:04.459+0000] {processor.py:183} INFO - Processing /opt/airflow/dags/f1_pipeline_dag.py took 0.071 seconds
[2026-05-02T22:37:34.761+0000] {processor.py:161} INFO - Started process (PID=4296) to work on /opt/airflow/dags/f1_pipeline_dag.py
[2026-05-02T22:37:34.763+0000] {processor.py:830} INFO - Processing file /opt/airflow/dags/f1_pipeline_dag.py for tasks to queue
[2026-05-02T22:37:34.765+0000] {logging_mixin.py:188} INFO - [2026-05-02T22:37:34.764+0000] {dagbag.py:538} INFO - Filling up the DagBag from /opt/airflow/dags/f1_pipeline_dag.py
[2026-05-02T22:37:34.783+0000] {processor.py:840} INFO - DAG(s) 'f1_bigdata_pipeline' retrieved from /opt/airflow/dags/f1_pipeline_dag.py
[2026-05-02T22:37:34.820+0000] {logging_mixin.py:188} INFO - [2026-05-02T22:37:34.820+0000] {dag.py:3036} INFO - Sync 1 DAGs
[2026-05-02T22:37:34.833+0000] {logging_mixin.py:188} INFO - [2026-05-02T22:37:34.833+0000] {dag.py:3823} INFO - Setting next_dagrun for f1_bigdata_pipeline to 2026-04-27 06:00:00+00:00, run_after=2026-05-04 06:00:00+00:00
[2026-05-02T22:37:34.842+0000] {processor.py:183} INFO - Processing /opt/airflow/dags/f1_pipeline_dag.py took 0.089 seconds
[2026-05-02T22:38:05.239+0000] {processor.py:161} INFO - Started process (PID=4301) to work on /opt/airflow/dags/f1_pipeline_dag.py
[2026-05-02T22:38:05.242+0000] {processor.py:830} INFO - Processing file /opt/airflow/dags/f1_pipeline_dag.py for tasks to queue
[2026-05-02T22:38:05.244+0000] {logging_mixin.py:188} INFO - [2026-05-02T22:38:05.243+0000] {dagbag.py:538} INFO - Filling up the DagBag from /opt/airflow/dags/f1_pipeline_dag.py
[2026-05-02T22:38:05.290+0000] {processor.py:840} INFO - DAG(s) 'f1_bigdata_pipeline' retrieved from /opt/airflow/dags/f1_pipeline_dag.py
[2026-05-02T22:38:05.313+0000] {logging_mixin.py:188} INFO - [2026-05-02T22:38:05.313+0000] {dag.py:3036} INFO - Sync 1 DAGs
[2026-05-02T22:38:05.327+0000] {logging_mixin.py:188} INFO - [2026-05-02T22:38:05.327+0000] {dag.py:3823} INFO - Setting next_dagrun for f1_bigdata_pipeline to 2026-04-27 06:00:00+00:00, run_after=2026-05-04 06:00:00+00:00
[2026-05-02T22:38:05.335+0000] {processor.py:183} INFO - Processing /opt/airflow/dags/f1_pipeline_dag.py took 0.105 seconds
[2026-05-02T22:38:35.620+0000] {processor.py:161} INFO - Started process (PID=4306) to work on /opt/airflow/dags/f1_pipeline_dag.py
[2026-05-02T22:38:35.624+0000] {processor.py:830} INFO - Processing file /opt/airflow/dags/f1_pipeline_dag.py for tasks to queue
[2026-05-02T22:38:35.625+0000] {logging_mixin.py:188} INFO - [2026-05-02T22:38:35.624+0000] {dagbag.py:538} INFO - Filling up the DagBag from /opt/airflow/dags/f1_pipeline_dag.py
[2026-05-02T22:38:35.646+0000] {processor.py:840} INFO - DAG(s) 'f1_bigdata_pipeline' retrieved from /opt/airflow/dags/f1_pipeline_dag.py
[2026-05-02T22:38:35.665+0000] {logging_mixin.py:188} INFO - [2026-05-02T22:38:35.665+0000] {dag.py:3036} INFO - Sync 1 DAGs
[2026-05-02T22:38:35.678+0000] {logging_mixin.py:188} INFO - [2026-05-02T22:38:35.678+0000] {dag.py:3823} INFO - Setting next_dagrun for f1_bigdata_pipeline to 2026-04-27 06:00:00+00:00, run_after=2026-05-04 06:00:00+00:00
[2026-05-02T22:38:35.686+0000] {processor.py:183} INFO - Processing /opt/airflow/dags/f1_pipeline_dag.py took 0.073 seconds
[2026-05-02T22:39:05.992+0000] {processor.py:161} INFO - Started process (PID=4311) to work on /opt/airflow/dags/f1_pipeline_dag.py
[2026-05-02T22:39:06.003+0000] {processor.py:830} INFO - Processing file /opt/airflow/dags/f1_pipeline_dag.py for tasks to queue
[2026-05-02T22:39:06.014+0000] {logging_mixin.py:188} INFO - [2026-05-02T22:39:06.012+0000] {dagbag.py:538} INFO - Filling up the DagBag from /opt/airflow/dags/f1_pipeline_dag.py
[2026-05-02T22:39:06.035+0000] {processor.py:840} INFO - DAG(s) 'f1_bigdata_pipeline' retrieved from /opt/airflow/dags/f1_pipeline_dag.py
[2026-05-02T22:39:06.059+0000] {logging_mixin.py:188} INFO - [2026-05-02T22:39:06.059+0000] {dag.py:3036} INFO - Sync 1 DAGs
[2026-05-02T22:39:06.072+0000] {logging_mixin.py:188} INFO - [2026-05-02T22:39:06.072+0000] {dag.py:3823} INFO - Setting next_dagrun for f1_bigdata_pipeline to 2026-04-27 06:00:00+00:00, run_after=2026-05-04 06:00:00+00:00
[2026-05-02T22:39:06.080+0000] {processor.py:183} INFO - Processing /opt/airflow/dags/f1_pipeline_dag.py took 0.095 seconds
[2026-05-02T22:39:36.443+0000] {processor.py:161} INFO - Started process (PID=4316) to work on /opt/airflow/dags/f1_pipeline_dag.py
[2026-05-02T22:39:36.446+0000] {processor.py:830} INFO - Processing file /opt/airflow/dags/f1_pipeline_dag.py for tasks to queue
[2026-05-02T22:39:36.447+0000] {logging_mixin.py:188} INFO - [2026-05-02T22:39:36.447+0000] {dagbag.py:538} INFO - Filling up the DagBag from /opt/airflow/dags/f1_pipeline_dag.py
[2026-05-02T22:39:36.483+0000] {processor.py:840} INFO - DAG(s) 'f1_bigdata_pipeline' retrieved from /opt/airflow/dags/f1_pipeline_dag.py
[2026-05-02T22:39:36.505+0000] {logging_mixin.py:188} INFO - [2026-05-02T22:39:36.505+0000] {dag.py:3036} INFO - Sync 1 DAGs
[2026-05-02T22:39:36.519+0000] {logging_mixin.py:188} INFO - [2026-05-02T22:39:36.519+0000] {dag.py:3823} INFO - Setting next_dagrun for f1_bigdata_pipeline to 2026-04-27 06:00:00+00:00, run_after=2026-05-04 06:00:00+00:00
[2026-05-02T22:39:36.527+0000] {processor.py:183} INFO - Processing /opt/airflow/dags/f1_pipeline_dag.py took 0.090 seconds
[2026-05-02T22:40:06.830+0000] {processor.py:161} INFO - Started process (PID=4321) to work on /opt/airflow/dags/f1_pipeline_dag.py
[2026-05-02T22:40:06.832+0000] {processor.py:830} INFO - Processing file /opt/airflow/dags/f1_pipeline_dag.py for tasks to queue
[2026-05-02T22:40:06.834+0000] {logging_mixin.py:188} INFO - [2026-05-02T22:40:06.833+0000] {dagbag.py:538} INFO - Filling up the DagBag from /opt/airflow/dags/f1_pipeline_dag.py
[2026-05-02T22:40:06.874+0000] {processor.py:840} INFO - DAG(s) 'f1_bigdata_pipeline' retrieved from /opt/airflow/dags/f1_pipeline_dag.py
[2026-05-02T22:40:06.902+0000] {logging_mixin.py:188} INFO - [2026-05-02T22:40:06.901+0000] {dag.py:3036} INFO - Sync 1 DAGs
[2026-05-02T22:40:06.915+0000] {logging_mixin.py:188} INFO - [2026-05-02T22:40:06.915+0000] {dag.py:3823} INFO - Setting next_dagrun for f1_bigdata_pipeline to 2026-04-27 06:00:00+00:00, run_after=2026-05-04 06:00:00+00:00
[2026-05-02T22:40:06.924+0000] {processor.py:183} INFO - Processing /opt/airflow/dags/f1_pipeline_dag.py took 0.100 seconds
[2026-05-02T22:40:37.257+0000] {processor.py:161} INFO - Started process (PID=4326) to work on /opt/airflow/dags/f1_pipeline_dag.py
[2026-05-02T22:40:37.259+0000] {processor.py:830} INFO - Processing file /opt/airflow/dags/f1_pipeline_dag.py for tasks to queue
[2026-05-02T22:40:37.260+0000] {logging_mixin.py:188} INFO - [2026-05-02T22:40:37.260+0000] {dagbag.py:538} INFO - Filling up the DagBag from /opt/airflow/dags/f1_pipeline_dag.py
[2026-05-02T22:40:37.310+0000] {processor.py:840} INFO - DAG(s) 'f1_bigdata_pipeline' retrieved from /opt/airflow/dags/f1_pipeline_dag.py
[2026-05-02T22:40:37.424+0000] {logging_mixin.py:188} INFO - [2026-05-02T22:40:37.423+0000] {dag.py:3036} INFO - Sync 1 DAGs
[2026-05-02T22:40:37.466+0000] {logging_mixin.py:188} INFO - [2026-05-02T22:40:37.466+0000] {dag.py:3823} INFO - Setting next_dagrun for f1_bigdata_pipeline to 2026-04-27 06:00:00+00:00, run_after=2026-05-04 06:00:00+00:00
[2026-05-02T22:40:37.496+0000] {processor.py:183} INFO - Processing /opt/airflow/dags/f1_pipeline_dag.py took 0.257 seconds
[2026-05-02T22:41:07.789+0000] {processor.py:161} INFO - Started process (PID=4331) to work on /opt/airflow/dags/f1_pipeline_dag.py
[2026-05-02T22:41:07.790+0000] {processor.py:830} INFO - Processing file /opt/airflow/dags/f1_pipeline_dag.py for tasks to queue
[2026-05-02T22:41:07.791+0000] {logging_mixin.py:188} INFO - [2026-05-02T22:41:07.791+0000] {dagbag.py:538} INFO - Filling up the DagBag from /opt/airflow/dags/f1_pipeline_dag.py
[2026-05-02T22:41:07.818+0000] {processor.py:840} INFO - DAG(s) 'f1_bigdata_pipeline' retrieved from /opt/airflow/dags/f1_pipeline_dag.py
[2026-05-02T22:41:07.842+0000] {logging_mixin.py:188} INFO - [2026-05-02T22:41:07.842+0000] {dag.py:3036} INFO - Sync 1 DAGs
[2026-05-02T22:41:07.864+0000] {logging_mixin.py:188} INFO - [2026-05-02T22:41:07.864+0000] {dag.py:3823} INFO - Setting next_dagrun for f1_bigdata_pipeline to 2026-04-27 06:00:00+00:00, run_after=2026-05-04 06:00:00+00:00
[2026-05-02T22:41:07.874+0000] {processor.py:183} INFO - Processing /opt/airflow/dags/f1_pipeline_dag.py took 0.091 seconds
[2026-05-02T22:41:38.149+0000] {processor.py:161} INFO - Started process (PID=4336) to work on /opt/airflow/dags/f1_pipeline_dag.py
[2026-05-02T22:41:38.151+0000] {processor.py:830} INFO - Processing file /opt/airflow/dags/f1_pipeline_dag.py for tasks to queue
[2026-05-02T22:41:38.152+0000] {logging_mixin.py:188} INFO - [2026-05-02T22:41:38.152+0000] {dagbag.py:538} INFO - Filling up the DagBag from /opt/airflow/dags/f1_pipeline_dag.py
[2026-05-02T22:41:38.175+0000] {processor.py:840} INFO - DAG(s) 'f1_bigdata_pipeline' retrieved from /opt/airflow/dags/f1_pipeline_dag.py
[2026-05-02T22:41:38.208+0000] {logging_mixin.py:188} INFO - [2026-05-02T22:41:38.208+0000] {dag.py:3036} INFO - Sync 1 DAGs
[2026-05-02T22:41:38.229+0000] {logging_mixin.py:188} INFO - [2026-05-02T22:41:38.229+0000] {dag.py:3823} INFO - Setting next_dagrun for f1_bigdata_pipeline to 2026-04-27 06:00:00+00:00, run_after=2026-05-04 06:00:00+00:00
[2026-05-02T22:41:38.238+0000] {processor.py:183} INFO - Processing /opt/airflow/dags/f1_pipeline_dag.py took 0.094 seconds
[2026-05-02T22:42:08.530+0000] {processor.py:161} INFO - Started process (PID=4341) to work on /opt/airflow/dags/f1_pipeline_dag.py
[2026-05-02T22:42:08.532+0000] {processor.py:830} INFO - Processing file /opt/airflow/dags/f1_pipeline_dag.py for tasks to queue
[2026-05-02T22:42:08.534+0000] {logging_mixin.py:188} INFO - [2026-05-02T22:42:08.533+0000] {dagbag.py:538} INFO - Filling up the DagBag from /opt/airflow/dags/f1_pipeline_dag.py
[2026-05-02T22:42:08.578+0000] {processor.py:840} INFO - DAG(s) 'f1_bigdata_pipeline' retrieved from /opt/airflow/dags/f1_pipeline_dag.py
[2026-05-02T22:42:08.603+0000] {logging_mixin.py:188} INFO - [2026-05-02T22:42:08.602+0000] {dag.py:3036} INFO - Sync 1 DAGs
[2026-05-02T22:42:08.617+0000] {logging_mixin.py:188} INFO - [2026-05-02T22:42:08.617+0000] {dag.py:3823} INFO - Setting next_dagrun for f1_bigdata_pipeline to 2026-04-27 06:00:00+00:00, run_after=2026-05-04 06:00:00+00:00
[2026-05-02T22:42:08.626+0000] {processor.py:183} INFO - Processing /opt/airflow/dags/f1_pipeline_dag.py took 0.105 seconds
[2026-05-02T22:42:38.944+0000] {processor.py:161} INFO - Started process (PID=4346) to work on /opt/airflow/dags/f1_pipeline_dag.py
[2026-05-02T22:42:38.946+0000] {processor.py:830} INFO - Processing file /opt/airflow/dags/f1_pipeline_dag.py for tasks to queue
[2026-05-02T22:42:38.947+0000] {logging_mixin.py:188} INFO - [2026-05-02T22:42:38.947+0000] {dagbag.py:538} INFO - Filling up the DagBag from /opt/airflow/dags/f1_pipeline_dag.py
[2026-05-02T22:42:38.967+0000] {processor.py:840} INFO - DAG(s) 'f1_bigdata_pipeline' retrieved from /opt/airflow/dags/f1_pipeline_dag.py
[2026-05-02T22:42:39.006+0000] {logging_mixin.py:188} INFO - [2026-05-02T22:42:39.006+0000] {dag.py:3036} INFO - Sync 1 DAGs
[2026-05-02T22:42:39.019+0000] {logging_mixin.py:188} INFO - [2026-05-02T22:42:39.019+0000] {dag.py:3823} INFO - Setting next_dagrun for f1_bigdata_pipeline to 2026-04-27 06:00:00+00:00, run_after=2026-05-04 06:00:00+00:00
[2026-05-02T22:42:39.027+0000] {processor.py:183} INFO - Processing /opt/airflow/dags/f1_pipeline_dag.py took 0.095 seconds
[2026-05-02T22:43:09.355+0000] {processor.py:161} INFO - Started process (PID=4351) to work on /opt/airflow/dags/f1_pipeline_dag.py
[2026-05-02T22:43:09.358+0000] {processor.py:830} INFO - Processing file /opt/airflow/dags/f1_pipeline_dag.py for tasks to queue
[2026-05-02T22:43:09.360+0000] {logging_mixin.py:188} INFO - [2026-05-02T22:43:09.359+0000] {dagbag.py:538} INFO - Filling up the DagBag from /opt/airflow/dags/f1_pipeline_dag.py
[2026-05-02T22:43:09.400+0000] {processor.py:840} INFO - DAG(s) 'f1_bigdata_pipeline' retrieved from /opt/airflow/dags/f1_pipeline_dag.py
[2026-05-02T22:43:09.424+0000] {logging_mixin.py:188} INFO - [2026-05-02T22:43:09.424+0000] {dag.py:3036} INFO - Sync 1 DAGs
[2026-05-02T22:43:09.442+0000] {logging_mixin.py:188} INFO - [2026-05-02T22:43:09.442+0000] {dag.py:3823} INFO - Setting next_dagrun for f1_bigdata_pipeline to 2026-04-27 06:00:00+00:00, run_after=2026-05-04 06:00:00+00:00
[2026-05-02T22:43:09.461+0000] {processor.py:183} INFO - Processing /opt/airflow/dags/f1_pipeline_dag.py took 0.113 seconds
[2026-05-02T22:43:39.780+0000] {processor.py:161} INFO - Started process (PID=4356) to work on /opt/airflow/dags/f1_pipeline_dag.py
[2026-05-02T22:43:39.782+0000] {processor.py:830} INFO - Processing file /opt/airflow/dags/f1_pipeline_dag.py for tasks to queue
[2026-05-02T22:43:39.783+0000] {logging_mixin.py:188} INFO - [2026-05-02T22:43:39.783+0000] {dagbag.py:538} INFO - Filling up the DagBag from /opt/airflow/dags/f1_pipeline_dag.py
[2026-05-02T22:43:39.809+0000] {processor.py:840} INFO - DAG(s) 'f1_bigdata_pipeline' retrieved from /opt/airflow/dags/f1_pipeline_dag.py
[2026-05-02T22:43:39.843+0000] {logging_mixin.py:188} INFO - [2026-05-02T22:43:39.843+0000] {dag.py:3036} INFO - Sync 1 DAGs
[2026-05-02T22:43:39.856+0000] {logging_mixin.py:188} INFO - [2026-05-02T22:43:39.856+0000] {dag.py:3823} INFO - Setting next_dagrun for f1_bigdata_pipeline to 2026-04-27 06:00:00+00:00, run_after=2026-05-04 06:00:00+00:00
[2026-05-02T22:43:39.865+0000] {processor.py:183} INFO - Processing /opt/airflow/dags/f1_pipeline_dag.py took 0.089 seconds
[2026-05-02T22:44:10.087+0000] {processor.py:161} INFO - Started process (PID=4361) to work on /opt/airflow/dags/f1_pipeline_dag.py
[2026-05-02T22:44:10.098+0000] {processor.py:830} INFO - Processing file /opt/airflow/dags/f1_pipeline_dag.py for tasks to queue
[2026-05-02T22:44:10.105+0000] {logging_mixin.py:188} INFO - [2026-05-02T22:44:10.102+0000] {dagbag.py:538} INFO - Filling up the DagBag from /opt/airflow/dags/f1_pipeline_dag.py
[2026-05-02T22:44:10.130+0000] {processor.py:840} INFO - DAG(s) 'f1_bigdata_pipeline' retrieved from /opt/airflow/dags/f1_pipeline_dag.py
[2026-05-02T22:44:10.156+0000] {logging_mixin.py:188} INFO - [2026-05-02T22:44:10.155+0000] {dag.py:3036} INFO - Sync 1 DAGs
[2026-05-02T22:44:10.172+0000] {logging_mixin.py:188} INFO - [2026-05-02T22:44:10.172+0000] {dag.py:3823} INFO - Setting next_dagrun for f1_bigdata_pipeline to 2026-04-27 06:00:00+00:00, run_after=2026-05-04 06:00:00+00:00
[2026-05-02T22:44:10.195+0000] {processor.py:183} INFO - Processing /opt/airflow/dags/f1_pipeline_dag.py took 0.113 seconds
[2026-05-02T22:44:40.571+0000] {processor.py:161} INFO - Started process (PID=4366) to work on /opt/airflow/dags/f1_pipeline_dag.py
[2026-05-02T22:44:40.574+0000] {processor.py:830} INFO - Processing file /opt/airflow/dags/f1_pipeline_dag.py for tasks to queue
[2026-05-02T22:44:40.575+0000] {logging_mixin.py:188} INFO - [2026-05-02T22:44:40.575+0000] {dagbag.py:538} INFO - Filling up the DagBag from /opt/airflow/dags/f1_pipeline_dag.py
[2026-05-02T22:44:40.608+0000] {processor.py:840} INFO - DAG(s) 'f1_bigdata_pipeline' retrieved from /opt/airflow/dags/f1_pipeline_dag.py
[2026-05-02T22:44:40.634+0000] {logging_mixin.py:188} INFO - [2026-05-02T22:44:40.634+0000] {dag.py:3036} INFO - Sync 1 DAGs
[2026-05-02T22:44:40.647+0000] {logging_mixin.py:188} INFO - [2026-05-02T22:44:40.647+0000] {dag.py:3823} INFO - Setting next_dagrun for f1_bigdata_pipeline to 2026-04-27 06:00:00+00:00, run_after=2026-05-04 06:00:00+00:00
[2026-05-02T22:44:40.656+0000] {processor.py:183} INFO - Processing /opt/airflow/dags/f1_pipeline_dag.py took 0.092 seconds
[2026-05-02T22:45:11.097+0000] {processor.py:161} INFO - Started process (PID=4371) to work on /opt/airflow/dags/f1_pipeline_dag.py
[2026-05-02T22:45:11.099+0000] {processor.py:830} INFO - Processing file /opt/airflow/dags/f1_pipeline_dag.py for tasks to queue
[2026-05-02T22:45:11.103+0000] {logging_mixin.py:188} INFO - [2026-05-02T22:45:11.101+0000] {dagbag.py:538} INFO - Filling up the DagBag from /opt/airflow/dags/f1_pipeline_dag.py
[2026-05-02T22:45:11.151+0000] {processor.py:840} INFO - DAG(s) 'f1_bigdata_pipeline' retrieved from /opt/airflow/dags/f1_pipeline_dag.py
[2026-05-02T22:45:11.234+0000] {logging_mixin.py:188} INFO - [2026-05-02T22:45:11.233+0000] {dag.py:3036} INFO - Sync 1 DAGs
[2026-05-02T22:45:11.247+0000] {logging_mixin.py:188} INFO - [2026-05-02T22:45:11.247+0000] {dag.py:3823} INFO - Setting next_dagrun for f1_bigdata_pipeline to 2026-04-27 06:00:00+00:00, run_after=2026-05-04 06:00:00+00:00
[2026-05-02T22:45:11.256+0000] {processor.py:183} INFO - Processing /opt/airflow/dags/f1_pipeline_dag.py took 0.170 seconds
[2026-05-02T22:45:41.431+0000] {processor.py:161} INFO - Started process (PID=4376) to work on /opt/airflow/dags/f1_pipeline_dag.py
[2026-05-02T22:45:41.446+0000] {processor.py:830} INFO - Processing file /opt/airflow/dags/f1_pipeline_dag.py for tasks to queue
[2026-05-02T22:45:41.453+0000] {logging_mixin.py:188} INFO - [2026-05-02T22:45:41.449+0000] {dagbag.py:538} INFO - Filling up the DagBag from /opt/airflow/dags/f1_pipeline_dag.py
[2026-05-02T22:45:41.475+0000] {processor.py:840} INFO - DAG(s) 'f1_bigdata_pipeline' retrieved from /opt/airflow/dags/f1_pipeline_dag.py
[2026-05-02T22:45:41.551+0000] {logging_mixin.py:188} INFO - [2026-05-02T22:45:41.551+0000] {dag.py:3036} INFO - Sync 1 DAGs
[2026-05-02T22:45:41.568+0000] {logging_mixin.py:188} INFO - [2026-05-02T22:45:41.567+0000] {dag.py:3823} INFO - Setting next_dagrun for f1_bigdata_pipeline to 2026-04-27 06:00:00+00:00, run_after=2026-05-04 06:00:00+00:00
[2026-05-02T22:45:41.593+0000] {processor.py:183} INFO - Processing /opt/airflow/dags/f1_pipeline_dag.py took 0.172 seconds
[2026-05-02T22:46:11.971+0000] {processor.py:161} INFO - Started process (PID=4381) to work on /opt/airflow/dags/f1_pipeline_dag.py
[2026-05-02T22:46:11.973+0000] {processor.py:830} INFO - Processing file /opt/airflow/dags/f1_pipeline_dag.py for tasks to queue
[2026-05-02T22:46:11.975+0000] {logging_mixin.py:188} INFO - [2026-05-02T22:46:11.974+0000] {dagbag.py:538} INFO - Filling up the DagBag from /opt/airflow/dags/f1_pipeline_dag.py
[2026-05-02T22:46:11.998+0000] {processor.py:840} INFO - DAG(s) 'f1_bigdata_pipeline' retrieved from /opt/airflow/dags/f1_pipeline_dag.py
[2026-05-02T22:46:12.019+0000] {logging_mixin.py:188} INFO - [2026-05-02T22:46:12.019+0000] {dag.py:3036} INFO - Sync 1 DAGs
[2026-05-02T22:46:12.032+0000] {logging_mixin.py:188} INFO - [2026-05-02T22:46:12.031+0000] {dag.py:3823} INFO - Setting next_dagrun for f1_bigdata_pipeline to 2026-04-27 06:00:00+00:00, run_after=2026-05-04 06:00:00+00:00
[2026-05-02T22:46:12.040+0000] {processor.py:183} INFO - Processing /opt/airflow/dags/f1_pipeline_dag.py took 0.077 seconds
[2026-05-02T22:46:42.500+0000] {processor.py:161} INFO - Started process (PID=4386) to work on /opt/airflow/dags/f1_pipeline_dag.py
[2026-05-02T22:46:42.503+0000] {processor.py:830} INFO - Processing file /opt/airflow/dags/f1_pipeline_dag.py for tasks to queue
[2026-05-02T22:46:42.504+0000] {logging_mixin.py:188} INFO - [2026-05-02T22:46:42.503+0000] {dagbag.py:538} INFO - Filling up the DagBag from /opt/airflow/dags/f1_pipeline_dag.py
[2026-05-02T22:46:42.527+0000] {processor.py:840} INFO - DAG(s) 'f1_bigdata_pipeline' retrieved from /opt/airflow/dags/f1_pipeline_dag.py
[2026-05-02T22:46:42.558+0000] {logging_mixin.py:188} INFO - [2026-05-02T22:46:42.558+0000] {dag.py:3036} INFO - Sync 1 DAGs
[2026-05-02T22:46:42.571+0000] {logging_mixin.py:188} INFO - [2026-05-02T22:46:42.571+0000] {dag.py:3823} INFO - Setting next_dagrun for f1_bigdata_pipeline to 2026-04-27 06:00:00+00:00, run_after=2026-05-04 06:00:00+00:00
[2026-05-02T22:46:42.580+0000] {processor.py:183} INFO - Processing /opt/airflow/dags/f1_pipeline_dag.py took 0.087 seconds
[2026-05-02T22:47:12.921+0000] {processor.py:161} INFO - Started process (PID=4391) to work on /opt/airflow/dags/f1_pipeline_dag.py
[2026-05-02T22:47:12.923+0000] {processor.py:830} INFO - Processing file /opt/airflow/dags/f1_pipeline_dag.py for tasks to queue
[2026-05-02T22:47:12.924+0000] {logging_mixin.py:188} INFO - [2026-05-02T22:47:12.923+0000] {dagbag.py:538} INFO - Filling up the DagBag from /opt/airflow/dags/f1_pipeline_dag.py
[2026-05-02T22:47:12.938+0000] {processor.py:840} INFO - DAG(s) 'f1_bigdata_pipeline' retrieved from /opt/airflow/dags/f1_pipeline_dag.py
[2026-05-02T22:47:12.960+0000] {logging_mixin.py:188} INFO - [2026-05-02T22:47:12.960+0000] {dag.py:3036} INFO - Sync 1 DAGs
[2026-05-02T22:47:12.989+0000] {logging_mixin.py:188} INFO - [2026-05-02T22:47:12.989+0000] {dag.py:3823} INFO - Setting next_dagrun for f1_bigdata_pipeline to 2026-04-27 06:00:00+00:00, run_after=2026-05-04 06:00:00+00:00
[2026-05-02T22:47:12.999+0000] {processor.py:183} INFO - Processing /opt/airflow/dags/f1_pipeline_dag.py took 0.082 seconds
[2026-05-02T22:47:43.613+0000] {processor.py:161} INFO - Started process (PID=4396) to work on /opt/airflow/dags/f1_pipeline_dag.py
[2026-05-02T22:47:43.616+0000] {processor.py:830} INFO - Processing file /opt/airflow/dags/f1_pipeline_dag.py for tasks to queue
[2026-05-02T22:47:43.618+0000] {logging_mixin.py:188} INFO - [2026-05-02T22:47:43.617+0000] {dagbag.py:538} INFO - Filling up the DagBag from /opt/airflow/dags/f1_pipeline_dag.py
[2026-05-02T22:47:43.631+0000] {processor.py:840} INFO - DAG(s) 'f1_bigdata_pipeline' retrieved from /opt/airflow/dags/f1_pipeline_dag.py
[2026-05-02T22:47:43.653+0000] {logging_mixin.py:188} INFO - [2026-05-02T22:47:43.653+0000] {dag.py:3036} INFO - Sync 1 DAGs
[2026-05-02T22:47:43.667+0000] {logging_mixin.py:188} INFO - [2026-05-02T22:47:43.667+0000] {dag.py:3823} INFO - Setting next_dagrun for f1_bigdata_pipeline to 2026-04-27 06:00:00+00:00, run_after=2026-05-04 06:00:00+00:00
[2026-05-02T22:47:43.675+0000] {processor.py:183} INFO - Processing /opt/airflow/dags/f1_pipeline_dag.py took 0.083 seconds
[2026-05-02T22:48:13.984+0000] {processor.py:161} INFO - Started process (PID=4401) to work on /opt/airflow/dags/f1_pipeline_dag.py
[2026-05-02T22:48:13.986+0000] {processor.py:830} INFO - Processing file /opt/airflow/dags/f1_pipeline_dag.py for tasks to queue
[2026-05-02T22:48:13.987+0000] {logging_mixin.py:188} INFO - [2026-05-02T22:48:13.986+0000] {dagbag.py:538} INFO - Filling up the DagBag from /opt/airflow/dags/f1_pipeline_dag.py
[2026-05-02T22:48:14.008+0000] {processor.py:840} INFO - DAG(s) 'f1_bigdata_pipeline' retrieved from /opt/airflow/dags/f1_pipeline_dag.py
[2026-05-02T22:48:14.043+0000] {logging_mixin.py:188} INFO - [2026-05-02T22:48:14.043+0000] {dag.py:3036} INFO - Sync 1 DAGs
[2026-05-02T22:48:14.058+0000] {logging_mixin.py:188} INFO - [2026-05-02T22:48:14.058+0000] {dag.py:3823} INFO - Setting next_dagrun for f1_bigdata_pipeline to 2026-04-27 06:00:00+00:00, run_after=2026-05-04 06:00:00+00:00
[2026-05-02T22:48:14.067+0000] {processor.py:183} INFO - Processing /opt/airflow/dags/f1_pipeline_dag.py took 0.088 seconds
[2026-05-02T22:48:44.387+0000] {processor.py:161} INFO - Started process (PID=4406) to work on /opt/airflow/dags/f1_pipeline_dag.py
[2026-05-02T22:48:44.389+0000] {processor.py:830} INFO - Processing file /opt/airflow/dags/f1_pipeline_dag.py for tasks to queue
[2026-05-02T22:48:44.391+0000] {logging_mixin.py:188} INFO - [2026-05-02T22:48:44.390+0000] {dagbag.py:538} INFO - Filling up the DagBag from /opt/airflow/dags/f1_pipeline_dag.py
[2026-05-02T22:48:44.409+0000] {processor.py:840} INFO - DAG(s) 'f1_bigdata_pipeline' retrieved from /opt/airflow/dags/f1_pipeline_dag.py
[2026-05-02T22:48:44.453+0000] {logging_mixin.py:188} INFO - [2026-05-02T22:48:44.453+0000] {dag.py:3036} INFO - Sync 1 DAGs
[2026-05-02T22:48:44.468+0000] {logging_mixin.py:188} INFO - [2026-05-02T22:48:44.468+0000] {dag.py:3823} INFO - Setting next_dagrun for f1_bigdata_pipeline to 2026-04-27 06:00:00+00:00, run_after=2026-05-04 06:00:00+00:00
[2026-05-02T22:48:44.476+0000] {processor.py:183} INFO - Processing /opt/airflow/dags/f1_pipeline_dag.py took 0.095 seconds
[2026-05-02T22:49:14.754+0000] {processor.py:161} INFO - Started process (PID=4411) to work on /opt/airflow/dags/f1_pipeline_dag.py
[2026-05-02T22:49:14.755+0000] {processor.py:830} INFO - Processing file /opt/airflow/dags/f1_pipeline_dag.py for tasks to queue
[2026-05-02T22:49:14.756+0000] {logging_mixin.py:188} INFO - [2026-05-02T22:49:14.756+0000] {dagbag.py:538} INFO - Filling up the DagBag from /opt/airflow/dags/f1_pipeline_dag.py
[2026-05-02T22:49:14.787+0000] {processor.py:840} INFO - DAG(s) 'f1_bigdata_pipeline' retrieved from /opt/airflow/dags/f1_pipeline_dag.py
[2026-05-02T22:49:14.811+0000] {logging_mixin.py:188} INFO - [2026-05-02T22:49:14.811+0000] {dag.py:3036} INFO - Sync 1 DAGs
[2026-05-02T22:49:14.824+0000] {logging_mixin.py:188} INFO - [2026-05-02T22:49:14.824+0000] {dag.py:3823} INFO - Setting next_dagrun for f1_bigdata_pipeline to 2026-04-27 06:00:00+00:00, run_after=2026-05-04 06:00:00+00:00
[2026-05-02T22:49:14.833+0000] {processor.py:183} INFO - Processing /opt/airflow/dags/f1_pipeline_dag.py took 0.083 seconds
[2026-05-02T22:49:45.225+0000] {processor.py:161} INFO - Started process (PID=4416) to work on /opt/airflow/dags/f1_pipeline_dag.py
[2026-05-02T22:49:45.227+0000] {processor.py:830} INFO - Processing file /opt/airflow/dags/f1_pipeline_dag.py for tasks to queue
[2026-05-02T22:49:45.227+0000] {logging_mixin.py:188} INFO - [2026-05-02T22:49:45.227+0000] {dagbag.py:538} INFO - Filling up the DagBag from /opt/airflow/dags/f1_pipeline_dag.py
[2026-05-02T22:49:45.241+0000] {processor.py:840} INFO - DAG(s) 'f1_bigdata_pipeline' retrieved from /opt/airflow/dags/f1_pipeline_dag.py
[2026-05-02T22:49:45.264+0000] {logging_mixin.py:188} INFO - [2026-05-02T22:49:45.264+0000] {dag.py:3036} INFO - Sync 1 DAGs
[2026-05-02T22:49:45.281+0000] {logging_mixin.py:188} INFO - [2026-05-02T22:49:45.280+0000] {dag.py:3823} INFO - Setting next_dagrun for f1_bigdata_pipeline to 2026-04-27 06:00:00+00:00, run_after=2026-05-04 06:00:00+00:00
[2026-05-02T22:49:45.294+0000] {processor.py:183} INFO - Processing /opt/airflow/dags/f1_pipeline_dag.py took 0.074 seconds
[2026-05-02T22:50:15.747+0000] {processor.py:161} INFO - Started process (PID=4421) to work on /opt/airflow/dags/f1_pipeline_dag.py
[2026-05-02T22:50:15.749+0000] {processor.py:830} INFO - Processing file /opt/airflow/dags/f1_pipeline_dag.py for tasks to queue
[2026-05-02T22:50:15.750+0000] {logging_mixin.py:188} INFO - [2026-05-02T22:50:15.749+0000] {dagbag.py:538} INFO - Filling up the DagBag from /opt/airflow/dags/f1_pipeline_dag.py
[2026-05-02T22:50:15.765+0000] {processor.py:840} INFO - DAG(s) 'f1_bigdata_pipeline' retrieved from /opt/airflow/dags/f1_pipeline_dag.py
[2026-05-02T22:50:15.811+0000] {logging_mixin.py:188} INFO - [2026-05-02T22:50:15.811+0000] {dag.py:3036} INFO - Sync 1 DAGs
[2026-05-02T22:50:15.857+0000] {logging_mixin.py:188} INFO - [2026-05-02T22:50:15.856+0000] {dag.py:3823} INFO - Setting next_dagrun for f1_bigdata_pipeline to 2026-04-27 06:00:00+00:00, run_after=2026-05-04 06:00:00+00:00
[2026-05-02T22:50:15.864+0000] {processor.py:183} INFO - Processing /opt/airflow/dags/f1_pipeline_dag.py took 0.128 seconds
[2026-05-02T22:50:46.133+0000] {processor.py:161} INFO - Started process (PID=4426) to work on /opt/airflow/dags/f1_pipeline_dag.py
[2026-05-02T22:50:46.135+0000] {processor.py:830} INFO - Processing file /opt/airflow/dags/f1_pipeline_dag.py for tasks to queue
[2026-05-02T22:50:46.136+0000] {logging_mixin.py:188} INFO - [2026-05-02T22:50:46.135+0000] {dagbag.py:538} INFO - Filling up the DagBag from /opt/airflow/dags/f1_pipeline_dag.py
[2026-05-02T22:50:46.152+0000] {processor.py:840} INFO - DAG(s) 'f1_bigdata_pipeline' retrieved from /opt/airflow/dags/f1_pipeline_dag.py
[2026-05-02T22:50:46.191+0000] {logging_mixin.py:188} INFO - [2026-05-02T22:50:46.191+0000] {dag.py:3036} INFO - Sync 1 DAGs
[2026-05-02T22:50:46.207+0000] {logging_mixin.py:188} INFO - [2026-05-02T22:50:46.207+0000] {dag.py:3823} INFO - Setting next_dagrun for f1_bigdata_pipeline to 2026-04-27 06:00:00+00:00, run_after=2026-05-04 06:00:00+00:00
[2026-05-02T22:50:46.216+0000] {processor.py:183} INFO - Processing /opt/airflow/dags/f1_pipeline_dag.py took 0.089 seconds
[2026-05-02T22:51:16.508+0000] {processor.py:161} INFO - Started process (PID=4431) to work on /opt/airflow/dags/f1_pipeline_dag.py
[2026-05-02T22:51:16.510+0000] {processor.py:830} INFO - Processing file /opt/airflow/dags/f1_pipeline_dag.py for tasks to queue
[2026-05-02T22:51:16.511+0000] {logging_mixin.py:188} INFO - [2026-05-02T22:51:16.510+0000] {dagbag.py:538} INFO - Filling up the DagBag from /opt/airflow/dags/f1_pipeline_dag.py
[2026-05-02T22:51:16.530+0000] {processor.py:840} INFO - DAG(s) 'f1_bigdata_pipeline' retrieved from /opt/airflow/dags/f1_pipeline_dag.py
[2026-05-02T22:51:16.553+0000] {logging_mixin.py:188} INFO - [2026-05-02T22:51:16.553+0000] {dag.py:3036} INFO - Sync 1 DAGs
[2026-05-02T22:51:16.572+0000] {logging_mixin.py:188} INFO - [2026-05-02T22:51:16.571+0000] {dag.py:3823} INFO - Setting next_dagrun for f1_bigdata_pipeline to 2026-04-27 06:00:00+00:00, run_after=2026-05-04 06:00:00+00:00
[2026-05-02T22:51:16.590+0000] {processor.py:183} INFO - Processing /opt/airflow/dags/f1_pipeline_dag.py took 0.088 seconds
[2026-05-02T22:51:46.963+0000] {processor.py:161} INFO - Started process (PID=4436) to work on /opt/airflow/dags/f1_pipeline_dag.py
[2026-05-02T22:51:46.969+0000] {processor.py:830} INFO - Processing file /opt/airflow/dags/f1_pipeline_dag.py for tasks to queue
[2026-05-02T22:51:46.970+0000] {logging_mixin.py:188} INFO - [2026-05-02T22:51:46.969+0000] {dagbag.py:538} INFO - Filling up the DagBag from /opt/airflow/dags/f1_pipeline_dag.py
[2026-05-02T22:51:47.011+0000] {processor.py:840} INFO - DAG(s) 'f1_bigdata_pipeline' retrieved from /opt/airflow/dags/f1_pipeline_dag.py
[2026-05-02T22:51:47.059+0000] {logging_mixin.py:188} INFO - [2026-05-02T22:51:47.059+0000] {dag.py:3036} INFO - Sync 1 DAGs
[2026-05-02T22:51:47.073+0000] {logging_mixin.py:188} INFO - [2026-05-02T22:51:47.073+0000] {dag.py:3823} INFO - Setting next_dagrun for f1_bigdata_pipeline to 2026-04-27 06:00:00+00:00, run_after=2026-05-04 06:00:00+00:00
[2026-05-02T22:51:47.082+0000] {processor.py:183} INFO - Processing /opt/airflow/dags/f1_pipeline_dag.py took 0.178 seconds
[2026-05-02T22:52:17.333+0000] {processor.py:161} INFO - Started process (PID=4441) to work on /opt/airflow/dags/f1_pipeline_dag.py
[2026-05-02T22:52:17.336+0000] {processor.py:830} INFO - Processing file /opt/airflow/dags/f1_pipeline_dag.py for tasks to queue
[2026-05-02T22:52:17.337+0000] {logging_mixin.py:188} INFO - [2026-05-02T22:52:17.337+0000] {dagbag.py:538} INFO - Filling up the DagBag from /opt/airflow/dags/f1_pipeline_dag.py
[2026-05-02T22:52:17.363+0000] {processor.py:840} INFO - DAG(s) 'f1_bigdata_pipeline' retrieved from /opt/airflow/dags/f1_pipeline_dag.py
[2026-05-02T22:52:17.388+0000] {logging_mixin.py:188} INFO - [2026-05-02T22:52:17.388+0000] {dag.py:3036} INFO - Sync 1 DAGs
[2026-05-02T22:52:17.408+0000] {logging_mixin.py:188} INFO - [2026-05-02T22:52:17.408+0000] {dag.py:3823} INFO - Setting next_dagrun for f1_bigdata_pipeline to 2026-04-27 06:00:00+00:00, run_after=2026-05-04 06:00:00+00:00
[2026-05-02T22:52:17.424+0000] {processor.py:183} INFO - Processing /opt/airflow/dags/f1_pipeline_dag.py took 0.099 seconds
[2026-05-02T22:52:47.736+0000] {processor.py:161} INFO - Started process (PID=4446) to work on /opt/airflow/dags/f1_pipeline_dag.py
[2026-05-02T22:52:47.739+0000] {processor.py:830} INFO - Processing file /opt/airflow/dags/f1_pipeline_dag.py for tasks to queue
[2026-05-02T22:52:47.741+0000] {logging_mixin.py:188} INFO - [2026-05-02T22:52:47.740+0000] {dagbag.py:538} INFO - Filling up the DagBag from /opt/airflow/dags/f1_pipeline_dag.py
[2026-05-02T22:52:47.765+0000] {processor.py:840} INFO - DAG(s) 'f1_bigdata_pipeline' retrieved from /opt/airflow/dags/f1_pipeline_dag.py
[2026-05-02T22:52:47.788+0000] {logging_mixin.py:188} INFO - [2026-05-02T22:52:47.788+0000] {dag.py:3036} INFO - Sync 1 DAGs
[2026-05-02T22:52:47.818+0000] {logging_mixin.py:188} INFO - [2026-05-02T22:52:47.818+0000] {dag.py:3823} INFO - Setting next_dagrun for f1_bigdata_pipeline to 2026-04-27 06:00:00+00:00, run_after=2026-05-04 06:00:00+00:00
[2026-05-02T22:52:47.826+0000] {processor.py:183} INFO - Processing /opt/airflow/dags/f1_pipeline_dag.py took 0.099 seconds
[2026-05-02T22:53:18.200+0000] {processor.py:161} INFO - Started process (PID=4451) to work on /opt/airflow/dags/f1_pipeline_dag.py
[2026-05-02T22:53:18.202+0000] {processor.py:830} INFO - Processing file /opt/airflow/dags/f1_pipeline_dag.py for tasks to queue
[2026-05-02T22:53:18.202+0000] {logging_mixin.py:188} INFO - [2026-05-02T22:53:18.202+0000] {dagbag.py:538} INFO - Filling up the DagBag from /opt/airflow/dags/f1_pipeline_dag.py
[2026-05-02T22:53:18.220+0000] {processor.py:840} INFO - DAG(s) 'f1_bigdata_pipeline' retrieved from /opt/airflow/dags/f1_pipeline_dag.py
[2026-05-02T22:53:18.260+0000] {logging_mixin.py:188} INFO - [2026-05-02T22:53:18.260+0000] {dag.py:3036} INFO - Sync 1 DAGs
[2026-05-02T22:53:18.278+0000] {logging_mixin.py:188} INFO - [2026-05-02T22:53:18.277+0000] {dag.py:3823} INFO - Setting next_dagrun for f1_bigdata_pipeline to 2026-04-27 06:00:00+00:00, run_after=2026-05-04 06:00:00+00:00
[2026-05-02T22:53:18.290+0000] {processor.py:183} INFO - Processing /opt/airflow/dags/f1_pipeline_dag.py took 0.096 seconds
[2026-05-02T22:53:48.648+0000] {processor.py:161} INFO - Started process (PID=4456) to work on /opt/airflow/dags/f1_pipeline_dag.py
[2026-05-02T22:53:48.652+0000] {processor.py:830} INFO - Processing file /opt/airflow/dags/f1_pipeline_dag.py for tasks to queue
[2026-05-02T22:53:48.653+0000] {logging_mixin.py:188} INFO - [2026-05-02T22:53:48.652+0000] {dagbag.py:538} INFO - Filling up the DagBag from /opt/airflow/dags/f1_pipeline_dag.py
[2026-05-02T22:53:48.679+0000] {processor.py:840} INFO - DAG(s) 'f1_bigdata_pipeline' retrieved from /opt/airflow/dags/f1_pipeline_dag.py
[2026-05-02T22:53:48.719+0000] {logging_mixin.py:188} INFO - [2026-05-02T22:53:48.719+0000] {dag.py:3036} INFO - Sync 1 DAGs
[2026-05-02T22:53:48.742+0000] {logging_mixin.py:188} INFO - [2026-05-02T22:53:48.742+0000] {dag.py:3823} INFO - Setting next_dagrun for f1_bigdata_pipeline to 2026-04-27 06:00:00+00:00, run_after=2026-05-04 06:00:00+00:00
[2026-05-02T22:53:48.756+0000] {processor.py:183} INFO - Processing /opt/airflow/dags/f1_pipeline_dag.py took 0.115 seconds
[2026-05-02T22:54:19.057+0000] {processor.py:161} INFO - Started process (PID=4461) to work on /opt/airflow/dags/f1_pipeline_dag.py
[2026-05-02T22:54:19.058+0000] {processor.py:830} INFO - Processing file /opt/airflow/dags/f1_pipeline_dag.py for tasks to queue
[2026-05-02T22:54:19.060+0000] {logging_mixin.py:188} INFO - [2026-05-02T22:54:19.059+0000] {dagbag.py:538} INFO - Filling up the DagBag from /opt/airflow/dags/f1_pipeline_dag.py
[2026-05-02T22:54:19.075+0000] {processor.py:840} INFO - DAG(s) 'f1_bigdata_pipeline' retrieved from /opt/airflow/dags/f1_pipeline_dag.py
[2026-05-02T22:54:19.116+0000] {logging_mixin.py:188} INFO - [2026-05-02T22:54:19.116+0000] {dag.py:3036} INFO - Sync 1 DAGs
[2026-05-02T22:54:19.129+0000] {logging_mixin.py:188} INFO - [2026-05-02T22:54:19.129+0000] {dag.py:3823} INFO - Setting next_dagrun for f1_bigdata_pipeline to 2026-04-27 06:00:00+00:00, run_after=2026-05-04 06:00:00+00:00
[2026-05-02T22:54:19.138+0000] {processor.py:183} INFO - Processing /opt/airflow/dags/f1_pipeline_dag.py took 0.089 seconds
[2026-05-02T22:54:49.429+0000] {processor.py:161} INFO - Started process (PID=4466) to work on /opt/airflow/dags/f1_pipeline_dag.py
[2026-05-02T22:54:49.431+0000] {processor.py:830} INFO - Processing file /opt/airflow/dags/f1_pipeline_dag.py for tasks to queue
[2026-05-02T22:54:49.432+0000] {logging_mixin.py:188} INFO - [2026-05-02T22:54:49.431+0000] {dagbag.py:538} INFO - Filling up the DagBag from /opt/airflow/dags/f1_pipeline_dag.py
[2026-05-02T22:54:49.462+0000] {processor.py:840} INFO - DAG(s) 'f1_bigdata_pipeline' retrieved from /opt/airflow/dags/f1_pipeline_dag.py
[2026-05-02T22:54:49.486+0000] {logging_mixin.py:188} INFO - [2026-05-02T22:54:49.486+0000] {dag.py:3036} INFO - Sync 1 DAGs
[2026-05-02T22:54:49.509+0000] {logging_mixin.py:188} INFO - [2026-05-02T22:54:49.509+0000] {dag.py:3823} INFO - Setting next_dagrun for f1_bigdata_pipeline to 2026-04-27 06:00:00+00:00, run_after=2026-05-04 06:00:00+00:00
[2026-05-02T22:54:49.518+0000] {processor.py:183} INFO - Processing /opt/airflow/dags/f1_pipeline_dag.py took 0.094 seconds
[2026-05-02T22:55:19.858+0000] {processor.py:161} INFO - Started process (PID=4471) to work on /opt/airflow/dags/f1_pipeline_dag.py
[2026-05-02T22:55:19.860+0000] {processor.py:830} INFO - Processing file /opt/airflow/dags/f1_pipeline_dag.py for tasks to queue
[2026-05-02T22:55:19.861+0000] {logging_mixin.py:188} INFO - [2026-05-02T22:55:19.861+0000] {dagbag.py:538} INFO - Filling up the DagBag from /opt/airflow/dags/f1_pipeline_dag.py
[2026-05-02T22:55:19.882+0000] {processor.py:840} INFO - DAG(s) 'f1_bigdata_pipeline' retrieved from /opt/airflow/dags/f1_pipeline_dag.py
[2026-05-02T22:55:19.926+0000] {logging_mixin.py:188} INFO - [2026-05-02T22:55:19.926+0000] {dag.py:3036} INFO - Sync 1 DAGs
[2026-05-02T22:55:19.940+0000] {logging_mixin.py:188} INFO - [2026-05-02T22:55:19.940+0000] {dag.py:3823} INFO - Setting next_dagrun for f1_bigdata_pipeline to 2026-04-27 06:00:00+00:00, run_after=2026-05-04 06:00:00+00:00
[2026-05-02T22:55:19.948+0000] {processor.py:183} INFO - Processing /opt/airflow/dags/f1_pipeline_dag.py took 0.096 seconds
[2026-05-02T22:55:50.258+0000] {processor.py:161} INFO - Started process (PID=4476) to work on /opt/airflow/dags/f1_pipeline_dag.py
[2026-05-02T22:55:50.260+0000] {processor.py:830} INFO - Processing file /opt/airflow/dags/f1_pipeline_dag.py for tasks to queue
[2026-05-02T22:55:50.261+0000] {logging_mixin.py:188} INFO - [2026-05-02T22:55:50.260+0000] {dagbag.py:538} INFO - Filling up the DagBag from /opt/airflow/dags/f1_pipeline_dag.py
[2026-05-02T22:55:50.279+0000] {processor.py:840} INFO - DAG(s) 'f1_bigdata_pipeline' retrieved from /opt/airflow/dags/f1_pipeline_dag.py
[2026-05-02T22:55:50.304+0000] {logging_mixin.py:188} INFO - [2026-05-02T22:55:50.304+0000] {dag.py:3036} INFO - Sync 1 DAGs
[2026-05-02T22:55:50.317+0000] {logging_mixin.py:188} INFO - [2026-05-02T22:55:50.317+0000] {dag.py:3823} INFO - Setting next_dagrun for f1_bigdata_pipeline to 2026-04-27 06:00:00+00:00, run_after=2026-05-04 06:00:00+00:00
[2026-05-02T22:55:50.327+0000] {processor.py:183} INFO - Processing /opt/airflow/dags/f1_pipeline_dag.py took 0.074 seconds
[2026-05-02T22:56:20.673+0000] {processor.py:161} INFO - Started process (PID=4481) to work on /opt/airflow/dags/f1_pipeline_dag.py
[2026-05-02T22:56:20.675+0000] {processor.py:830} INFO - Processing file /opt/airflow/dags/f1_pipeline_dag.py for tasks to queue
[2026-05-02T22:56:20.677+0000] {logging_mixin.py:188} INFO - [2026-05-02T22:56:20.676+0000] {dagbag.py:538} INFO - Filling up the DagBag from /opt/airflow/dags/f1_pipeline_dag.py
[2026-05-02T22:56:20.696+0000] {processor.py:840} INFO - DAG(s) 'f1_bigdata_pipeline' retrieved from /opt/airflow/dags/f1_pipeline_dag.py
[2026-05-02T22:56:20.721+0000] {logging_mixin.py:188} INFO - [2026-05-02T22:56:20.721+0000] {dag.py:3036} INFO - Sync 1 DAGs
[2026-05-02T22:56:20.735+0000] {logging_mixin.py:188} INFO - [2026-05-02T22:56:20.735+0000] {dag.py:3823} INFO - Setting next_dagrun for f1_bigdata_pipeline to 2026-04-27 06:00:00+00:00, run_after=2026-05-04 06:00:00+00:00
[2026-05-02T22:56:20.756+0000] {processor.py:183} INFO - Processing /opt/airflow/dags/f1_pipeline_dag.py took 0.088 seconds
[2026-05-02T22:56:51.085+0000] {processor.py:161} INFO - Started process (PID=4486) to work on /opt/airflow/dags/f1_pipeline_dag.py
[2026-05-02T22:56:51.087+0000] {processor.py:830} INFO - Processing file /opt/airflow/dags/f1_pipeline_dag.py for tasks to queue
[2026-05-02T22:56:51.088+0000] {logging_mixin.py:188} INFO - [2026-05-02T22:56:51.087+0000] {dagbag.py:538} INFO - Filling up the DagBag from /opt/airflow/dags/f1_pipeline_dag.py
[2026-05-02T22:56:51.119+0000] {processor.py:840} INFO - DAG(s) 'f1_bigdata_pipeline' retrieved from /opt/airflow/dags/f1_pipeline_dag.py
[2026-05-02T22:56:51.155+0000] {logging_mixin.py:188} INFO - [2026-05-02T22:56:51.155+0000] {dag.py:3036} INFO - Sync 1 DAGs
[2026-05-02T22:56:51.174+0000] {logging_mixin.py:188} INFO - [2026-05-02T22:56:51.173+0000] {dag.py:3823} INFO - Setting next_dagrun for f1_bigdata_pipeline to 2026-04-27 06:00:00+00:00, run_after=2026-05-04 06:00:00+00:00
[2026-05-02T22:56:51.195+0000] {processor.py:183} INFO - Processing /opt/airflow/dags/f1_pipeline_dag.py took 0.116 seconds
[2026-05-02T22:57:21.638+0000] {processor.py:161} INFO - Started process (PID=4491) to work on /opt/airflow/dags/f1_pipeline_dag.py
[2026-05-02T22:57:21.640+0000] {processor.py:830} INFO - Processing file /opt/airflow/dags/f1_pipeline_dag.py for tasks to queue
[2026-05-02T22:57:21.642+0000] {logging_mixin.py:188} INFO - [2026-05-02T22:57:21.641+0000] {dagbag.py:538} INFO - Filling up the DagBag from /opt/airflow/dags/f1_pipeline_dag.py
[2026-05-02T22:57:21.658+0000] {processor.py:840} INFO - DAG(s) 'f1_bigdata_pipeline' retrieved from /opt/airflow/dags/f1_pipeline_dag.py
[2026-05-02T22:57:21.683+0000] {logging_mixin.py:188} INFO - [2026-05-02T22:57:21.683+0000] {dag.py:3036} INFO - Sync 1 DAGs
[2026-05-02T22:57:21.696+0000] {logging_mixin.py:188} INFO - [2026-05-02T22:57:21.696+0000] {dag.py:3823} INFO - Setting next_dagrun for f1_bigdata_pipeline to 2026-04-27 06:00:00+00:00, run_after=2026-05-04 06:00:00+00:00
[2026-05-02T22:57:21.704+0000] {processor.py:183} INFO - Processing /opt/airflow/dags/f1_pipeline_dag.py took 0.076 seconds
[2026-05-02T22:57:52.022+0000] {processor.py:161} INFO - Started process (PID=4496) to work on /opt/airflow/dags/f1_pipeline_dag.py
[2026-05-02T22:57:52.042+0000] {processor.py:830} INFO - Processing file /opt/airflow/dags/f1_pipeline_dag.py for tasks to queue
[2026-05-02T22:57:52.045+0000] {logging_mixin.py:188} INFO - [2026-05-02T22:57:52.044+0000] {dagbag.py:538} INFO - Filling up the DagBag from /opt/airflow/dags/f1_pipeline_dag.py
[2026-05-02T22:57:52.070+0000] {processor.py:840} INFO - DAG(s) 'f1_bigdata_pipeline' retrieved from /opt/airflow/dags/f1_pipeline_dag.py
[2026-05-02T22:57:52.102+0000] {logging_mixin.py:188} INFO - [2026-05-02T22:57:52.101+0000] {dag.py:3036} INFO - Sync 1 DAGs
[2026-05-02T22:57:52.125+0000] {logging_mixin.py:188} INFO - [2026-05-02T22:57:52.125+0000] {dag.py:3823} INFO - Setting next_dagrun for f1_bigdata_pipeline to 2026-04-27 06:00:00+00:00, run_after=2026-05-04 06:00:00+00:00
[2026-05-02T22:57:52.134+0000] {processor.py:183} INFO - Processing /opt/airflow/dags/f1_pipeline_dag.py took 0.123 seconds
[2026-05-02T22:58:22.434+0000] {processor.py:161} INFO - Started process (PID=4501) to work on /opt/airflow/dags/f1_pipeline_dag.py
[2026-05-02T22:58:22.438+0000] {processor.py:830} INFO - Processing file /opt/airflow/dags/f1_pipeline_dag.py for tasks to queue
[2026-05-02T22:58:22.440+0000] {logging_mixin.py:188} INFO - [2026-05-02T22:58:22.439+0000] {dagbag.py:538} INFO - Filling up the DagBag from /opt/airflow/dags/f1_pipeline_dag.py
[2026-05-02T22:58:22.457+0000] {processor.py:840} INFO - DAG(s) 'f1_bigdata_pipeline' retrieved from /opt/airflow/dags/f1_pipeline_dag.py
[2026-05-02T22:58:22.482+0000] {logging_mixin.py:188} INFO - [2026-05-02T22:58:22.482+0000] {dag.py:3036} INFO - Sync 1 DAGs
[2026-05-02T22:58:22.505+0000] {logging_mixin.py:188} INFO - [2026-05-02T22:58:22.505+0000] {dag.py:3823} INFO - Setting next_dagrun for f1_bigdata_pipeline to 2026-04-27 06:00:00+00:00, run_after=2026-05-04 06:00:00+00:00
[2026-05-02T22:58:22.520+0000] {processor.py:183} INFO - Processing /opt/airflow/dags/f1_pipeline_dag.py took 0.096 seconds
[2026-05-02T22:58:52.789+0000] {processor.py:161} INFO - Started process (PID=4506) to work on /opt/airflow/dags/f1_pipeline_dag.py
[2026-05-02T22:58:52.791+0000] {processor.py:830} INFO - Processing file /opt/airflow/dags/f1_pipeline_dag.py for tasks to queue
[2026-05-02T22:58:52.792+0000] {logging_mixin.py:188} INFO - [2026-05-02T22:58:52.792+0000] {dagbag.py:538} INFO - Filling up the DagBag from /opt/airflow/dags/f1_pipeline_dag.py
[2026-05-02T22:58:52.805+0000] {processor.py:840} INFO - DAG(s) 'f1_bigdata_pipeline' retrieved from /opt/airflow/dags/f1_pipeline_dag.py
[2026-05-02T22:58:52.828+0000] {logging_mixin.py:188} INFO - [2026-05-02T22:58:52.828+0000] {dag.py:3036} INFO - Sync 1 DAGs
[2026-05-02T22:58:52.868+0000] {logging_mixin.py:188} INFO - [2026-05-02T22:58:52.867+0000] {dag.py:3823} INFO - Setting next_dagrun for f1_bigdata_pipeline to 2026-04-27 06:00:00+00:00, run_after=2026-05-04 06:00:00+00:00
[2026-05-02T22:58:52.876+0000] {processor.py:183} INFO - Processing /opt/airflow/dags/f1_pipeline_dag.py took 0.092 seconds
[2026-05-02T22:59:23.137+0000] {processor.py:161} INFO - Started process (PID=4511) to work on /opt/airflow/dags/f1_pipeline_dag.py
[2026-05-02T22:59:23.139+0000] {processor.py:830} INFO - Processing file /opt/airflow/dags/f1_pipeline_dag.py for tasks to queue
[2026-05-02T22:59:23.140+0000] {logging_mixin.py:188} INFO - [2026-05-02T22:59:23.140+0000] {dagbag.py:538} INFO - Filling up the DagBag from /opt/airflow/dags/f1_pipeline_dag.py
[2026-05-02T22:59:23.152+0000] {processor.py:840} INFO - DAG(s) 'f1_bigdata_pipeline' retrieved from /opt/airflow/dags/f1_pipeline_dag.py
[2026-05-02T22:59:23.173+0000] {logging_mixin.py:188} INFO - [2026-05-02T22:59:23.173+0000] {dag.py:3036} INFO - Sync 1 DAGs
[2026-05-02T22:59:23.202+0000] {logging_mixin.py:188} INFO - [2026-05-02T22:59:23.201+0000] {dag.py:3823} INFO - Setting next_dagrun for f1_bigdata_pipeline to 2026-04-27 06:00:00+00:00, run_after=2026-05-04 06:00:00+00:00
[2026-05-02T22:59:23.210+0000] {processor.py:183} INFO - Processing /opt/airflow/dags/f1_pipeline_dag.py took 0.076 seconds
[2026-05-02T22:59:53.622+0000] {processor.py:161} INFO - Started process (PID=4516) to work on /opt/airflow/dags/f1_pipeline_dag.py
[2026-05-02T22:59:53.624+0000] {processor.py:830} INFO - Processing file /opt/airflow/dags/f1_pipeline_dag.py for tasks to queue
[2026-05-02T22:59:53.624+0000] {logging_mixin.py:188} INFO - [2026-05-02T22:59:53.624+0000] {dagbag.py:538} INFO - Filling up the DagBag from /opt/airflow/dags/f1_pipeline_dag.py
[2026-05-02T22:59:53.636+0000] {processor.py:840} INFO - DAG(s) 'f1_bigdata_pipeline' retrieved from /opt/airflow/dags/f1_pipeline_dag.py
[2026-05-02T22:59:53.667+0000] {logging_mixin.py:188} INFO - [2026-05-02T22:59:53.667+0000] {dag.py:3036} INFO - Sync 1 DAGs
[2026-05-02T22:59:53.682+0000] {logging_mixin.py:188} INFO - [2026-05-02T22:59:53.682+0000] {dag.py:3823} INFO - Setting next_dagrun for f1_bigdata_pipeline to 2026-04-27 06:00:00+00:00, run_after=2026-05-04 06:00:00+00:00
[2026-05-02T22:59:53.692+0000] {processor.py:183} INFO - Processing /opt/airflow/dags/f1_pipeline_dag.py took 0.075 seconds
[2026-05-02T23:00:24.154+0000] {processor.py:161} INFO - Started process (PID=4521) to work on /opt/airflow/dags/f1_pipeline_dag.py
[2026-05-02T23:00:24.156+0000] {processor.py:830} INFO - Processing file /opt/airflow/dags/f1_pipeline_dag.py for tasks to queue
[2026-05-02T23:00:24.157+0000] {logging_mixin.py:188} INFO - [2026-05-02T23:00:24.157+0000] {dagbag.py:538} INFO - Filling up the DagBag from /opt/airflow/dags/f1_pipeline_dag.py
[2026-05-02T23:00:24.172+0000] {processor.py:840} INFO - DAG(s) 'f1_bigdata_pipeline' retrieved from /opt/airflow/dags/f1_pipeline_dag.py
[2026-05-02T23:00:24.201+0000] {logging_mixin.py:188} INFO - [2026-05-02T23:00:24.201+0000] {dag.py:3036} INFO - Sync 1 DAGs
[2026-05-02T23:00:24.229+0000] {logging_mixin.py:188} INFO - [2026-05-02T23:00:24.229+0000] {dag.py:3823} INFO - Setting next_dagrun for f1_bigdata_pipeline to 2026-04-27 06:00:00+00:00, run_after=2026-05-04 06:00:00+00:00
[2026-05-02T23:00:24.240+0000] {processor.py:183} INFO - Processing /opt/airflow/dags/f1_pipeline_dag.py took 0.114 seconds
[2026-05-02T23:00:54.575+0000] {processor.py:161} INFO - Started process (PID=4526) to work on /opt/airflow/dags/f1_pipeline_dag.py
[2026-05-02T23:00:54.576+0000] {processor.py:830} INFO - Processing file /opt/airflow/dags/f1_pipeline_dag.py for tasks to queue
[2026-05-02T23:00:54.577+0000] {logging_mixin.py:188} INFO - [2026-05-02T23:00:54.577+0000] {dagbag.py:538} INFO - Filling up the DagBag from /opt/airflow/dags/f1_pipeline_dag.py
[2026-05-02T23:00:54.594+0000] {processor.py:840} INFO - DAG(s) 'f1_bigdata_pipeline' retrieved from /opt/airflow/dags/f1_pipeline_dag.py
[2026-05-02T23:00:54.616+0000] {logging_mixin.py:188} INFO - [2026-05-02T23:00:54.616+0000] {dag.py:3036} INFO - Sync 1 DAGs
[2026-05-02T23:00:54.639+0000] {logging_mixin.py:188} INFO - [2026-05-02T23:00:54.639+0000] {dag.py:3823} INFO - Setting next_dagrun for f1_bigdata_pipeline to 2026-04-27 06:00:00+00:00, run_after=2026-05-04 06:00:00+00:00
[2026-05-02T23:00:54.654+0000] {processor.py:183} INFO - Processing /opt/airflow/dags/f1_pipeline_dag.py took 0.084 seconds
[2026-05-02T23:01:24.976+0000] {processor.py:161} INFO - Started process (PID=4531) to work on /opt/airflow/dags/f1_pipeline_dag.py
[2026-05-02T23:01:24.979+0000] {processor.py:830} INFO - Processing file /opt/airflow/dags/f1_pipeline_dag.py for tasks to queue
[2026-05-02T23:01:24.980+0000] {logging_mixin.py:188} INFO - [2026-05-02T23:01:24.979+0000] {dagbag.py:538} INFO - Filling up the DagBag from /opt/airflow/dags/f1_pipeline_dag.py
[2026-05-02T23:01:24.999+0000] {processor.py:840} INFO - DAG(s) 'f1_bigdata_pipeline' retrieved from /opt/airflow/dags/f1_pipeline_dag.py
[2026-05-02T23:01:25.033+0000] {logging_mixin.py:188} INFO - [2026-05-02T23:01:25.033+0000] {dag.py:3036} INFO - Sync 1 DAGs
[2026-05-02T23:01:25.047+0000] {logging_mixin.py:188} INFO - [2026-05-02T23:01:25.047+0000] {dag.py:3823} INFO - Setting next_dagrun for f1_bigdata_pipeline to 2026-04-27 06:00:00+00:00, run_after=2026-05-04 06:00:00+00:00
[2026-05-02T23:01:25.055+0000] {processor.py:183} INFO - Processing /opt/airflow/dags/f1_pipeline_dag.py took 0.086 seconds
[2026-05-02T23:01:55.365+0000] {processor.py:161} INFO - Started process (PID=4536) to work on /opt/airflow/dags/f1_pipeline_dag.py
[2026-05-02T23:01:55.367+0000] {processor.py:830} INFO - Processing file /opt/airflow/dags/f1_pipeline_dag.py for tasks to queue
[2026-05-02T23:01:55.368+0000] {logging_mixin.py:188} INFO - [2026-05-02T23:01:55.368+0000] {dagbag.py:538} INFO - Filling up the DagBag from /opt/airflow/dags/f1_pipeline_dag.py
[2026-05-02T23:01:55.393+0000] {processor.py:840} INFO - DAG(s) 'f1_bigdata_pipeline' retrieved from /opt/airflow/dags/f1_pipeline_dag.py
[2026-05-02T23:01:55.427+0000] {logging_mixin.py:188} INFO - [2026-05-02T23:01:55.427+0000] {dag.py:3036} INFO - Sync 1 DAGs
[2026-05-02T23:01:55.441+0000] {logging_mixin.py:188} INFO - [2026-05-02T23:01:55.441+0000] {dag.py:3823} INFO - Setting next_dagrun for f1_bigdata_pipeline to 2026-04-27 06:00:00+00:00, run_after=2026-05-04 06:00:00+00:00
[2026-05-02T23:01:55.450+0000] {processor.py:183} INFO - Processing /opt/airflow/dags/f1_pipeline_dag.py took 0.090 seconds
[2026-05-02T23:02:25.760+0000] {processor.py:161} INFO - Started process (PID=4541) to work on /opt/airflow/dags/f1_pipeline_dag.py
[2026-05-02T23:02:25.763+0000] {processor.py:830} INFO - Processing file /opt/airflow/dags/f1_pipeline_dag.py for tasks to queue
[2026-05-02T23:02:25.764+0000] {logging_mixin.py:188} INFO - [2026-05-02T23:02:25.763+0000] {dagbag.py:538} INFO - Filling up the DagBag from /opt/airflow/dags/f1_pipeline_dag.py
[2026-05-02T23:02:25.779+0000] {processor.py:840} INFO - DAG(s) 'f1_bigdata_pipeline' retrieved from /opt/airflow/dags/f1_pipeline_dag.py
[2026-05-02T23:02:25.804+0000] {logging_mixin.py:188} INFO - [2026-05-02T23:02:25.804+0000] {dag.py:3036} INFO - Sync 1 DAGs
[2026-05-02T23:02:25.817+0000] {logging_mixin.py:188} INFO - [2026-05-02T23:02:25.817+0000] {dag.py:3823} INFO - Setting next_dagrun for f1_bigdata_pipeline to 2026-04-27 06:00:00+00:00, run_after=2026-05-04 06:00:00+00:00
[2026-05-02T23:02:25.826+0000] {processor.py:183} INFO - Processing /opt/airflow/dags/f1_pipeline_dag.py took 0.070 seconds
[2026-05-02T23:02:56.133+0000] {processor.py:161} INFO - Started process (PID=4546) to work on /opt/airflow/dags/f1_pipeline_dag.py
[2026-05-02T23:02:56.135+0000] {processor.py:830} INFO - Processing file /opt/airflow/dags/f1_pipeline_dag.py for tasks to queue
[2026-05-02T23:02:56.135+0000] {logging_mixin.py:188} INFO - [2026-05-02T23:02:56.135+0000] {dagbag.py:538} INFO - Filling up the DagBag from /opt/airflow/dags/f1_pipeline_dag.py
[2026-05-02T23:02:56.148+0000] {processor.py:840} INFO - DAG(s) 'f1_bigdata_pipeline' retrieved from /opt/airflow/dags/f1_pipeline_dag.py
[2026-05-02T23:02:56.192+0000] {logging_mixin.py:188} INFO - [2026-05-02T23:02:56.192+0000] {dag.py:3036} INFO - Sync 1 DAGs
[2026-05-02T23:02:56.207+0000] {logging_mixin.py:188} INFO - [2026-05-02T23:02:56.207+0000] {dag.py:3823} INFO - Setting next_dagrun for f1_bigdata_pipeline to 2026-04-27 06:00:00+00:00, run_after=2026-05-04 06:00:00+00:00
[2026-05-02T23:02:56.218+0000] {processor.py:183} INFO - Processing /opt/airflow/dags/f1_pipeline_dag.py took 0.088 seconds
[2026-05-02T23:03:26.546+0000] {processor.py:161} INFO - Started process (PID=4551) to work on /opt/airflow/dags/f1_pipeline_dag.py
[2026-05-02T23:03:26.549+0000] {processor.py:830} INFO - Processing file /opt/airflow/dags/f1_pipeline_dag.py for tasks to queue
[2026-05-02T23:03:26.550+0000] {logging_mixin.py:188} INFO - [2026-05-02T23:03:26.549+0000] {dagbag.py:538} INFO - Filling up the DagBag from /opt/airflow/dags/f1_pipeline_dag.py
[2026-05-02T23:03:26.563+0000] {processor.py:840} INFO - DAG(s) 'f1_bigdata_pipeline' retrieved from /opt/airflow/dags/f1_pipeline_dag.py
[2026-05-02T23:03:26.589+0000] {logging_mixin.py:188} INFO - [2026-05-02T23:03:26.589+0000] {dag.py:3036} INFO - Sync 1 DAGs
[2026-05-02T23:03:26.602+0000] {logging_mixin.py:188} INFO - [2026-05-02T23:03:26.602+0000] {dag.py:3823} INFO - Setting next_dagrun for f1_bigdata_pipeline to 2026-04-27 06:00:00+00:00, run_after=2026-05-04 06:00:00+00:00
[2026-05-02T23:03:26.621+0000] {processor.py:183} INFO - Processing /opt/airflow/dags/f1_pipeline_dag.py took 0.102 seconds
[2026-05-02T23:03:56.893+0000] {processor.py:161} INFO - Started process (PID=4556) to work on /opt/airflow/dags/f1_pipeline_dag.py
[2026-05-02T23:03:56.897+0000] {processor.py:830} INFO - Processing file /opt/airflow/dags/f1_pipeline_dag.py for tasks to queue
[2026-05-02T23:03:56.898+0000] {logging_mixin.py:188} INFO - [2026-05-02T23:03:56.898+0000] {dagbag.py:538} INFO - Filling up the DagBag from /opt/airflow/dags/f1_pipeline_dag.py
[2026-05-02T23:03:56.918+0000] {processor.py:840} INFO - DAG(s) 'f1_bigdata_pipeline' retrieved from /opt/airflow/dags/f1_pipeline_dag.py
[2026-05-02T23:03:56.963+0000] {logging_mixin.py:188} INFO - [2026-05-02T23:03:56.963+0000] {dag.py:3036} INFO - Sync 1 DAGs
[2026-05-02T23:03:57.005+0000] {logging_mixin.py:188} INFO - [2026-05-02T23:03:57.004+0000] {dag.py:3823} INFO - Setting next_dagrun for f1_bigdata_pipeline to 2026-04-27 06:00:00+00:00, run_after=2026-05-04 06:00:00+00:00
[2026-05-02T23:03:57.013+0000] {processor.py:183} INFO - Processing /opt/airflow/dags/f1_pipeline_dag.py took 0.128 seconds
[2026-05-02T23:04:27.318+0000] {processor.py:161} INFO - Started process (PID=4561) to work on /opt/airflow/dags/f1_pipeline_dag.py
[2026-05-02T23:04:27.320+0000] {processor.py:830} INFO - Processing file /opt/airflow/dags/f1_pipeline_dag.py for tasks to queue
[2026-05-02T23:04:27.321+0000] {logging_mixin.py:188} INFO - [2026-05-02T23:04:27.321+0000] {dagbag.py:538} INFO - Filling up the DagBag from /opt/airflow/dags/f1_pipeline_dag.py
[2026-05-02T23:04:27.350+0000] {processor.py:840} INFO - DAG(s) 'f1_bigdata_pipeline' retrieved from /opt/airflow/dags/f1_pipeline_dag.py
[2026-05-02T23:04:27.376+0000] {logging_mixin.py:188} INFO - [2026-05-02T23:04:27.375+0000] {dag.py:3036} INFO - Sync 1 DAGs
[2026-05-02T23:04:27.388+0000] {logging_mixin.py:188} INFO - [2026-05-02T23:04:27.388+0000] {dag.py:3823} INFO - Setting next_dagrun for f1_bigdata_pipeline to 2026-04-27 06:00:00+00:00, run_after=2026-05-04 06:00:00+00:00
[2026-05-02T23:04:27.397+0000] {processor.py:183} INFO - Processing /opt/airflow/dags/f1_pipeline_dag.py took 0.086 seconds
[2026-05-02T23:04:57.728+0000] {processor.py:161} INFO - Started process (PID=4566) to work on /opt/airflow/dags/f1_pipeline_dag.py
[2026-05-02T23:04:57.730+0000] {processor.py:830} INFO - Processing file /opt/airflow/dags/f1_pipeline_dag.py for tasks to queue
[2026-05-02T23:04:57.731+0000] {logging_mixin.py:188} INFO - [2026-05-02T23:04:57.731+0000] {dagbag.py:538} INFO - Filling up the DagBag from /opt/airflow/dags/f1_pipeline_dag.py
[2026-05-02T23:04:57.765+0000] {processor.py:840} INFO - DAG(s) 'f1_bigdata_pipeline' retrieved from /opt/airflow/dags/f1_pipeline_dag.py
[2026-05-02T23:04:57.793+0000] {logging_mixin.py:188} INFO - [2026-05-02T23:04:57.793+0000] {dag.py:3036} INFO - Sync 1 DAGs
[2026-05-02T23:04:57.807+0000] {logging_mixin.py:188} INFO - [2026-05-02T23:04:57.807+0000] {dag.py:3823} INFO - Setting next_dagrun for f1_bigdata_pipeline to 2026-04-27 06:00:00+00:00, run_after=2026-05-04 06:00:00+00:00
[2026-05-02T23:04:57.816+0000] {processor.py:183} INFO - Processing /opt/airflow/dags/f1_pipeline_dag.py took 0.094 seconds
[2026-05-02T23:05:28.111+0000] {processor.py:161} INFO - Started process (PID=4571) to work on /opt/airflow/dags/f1_pipeline_dag.py
[2026-05-02T23:05:28.113+0000] {processor.py:830} INFO - Processing file /opt/airflow/dags/f1_pipeline_dag.py for tasks to queue
[2026-05-02T23:05:28.114+0000] {logging_mixin.py:188} INFO - [2026-05-02T23:05:28.114+0000] {dagbag.py:538} INFO - Filling up the DagBag from /opt/airflow/dags/f1_pipeline_dag.py
[2026-05-02T23:05:28.132+0000] {processor.py:840} INFO - DAG(s) 'f1_bigdata_pipeline' retrieved from /opt/airflow/dags/f1_pipeline_dag.py
[2026-05-02T23:05:28.154+0000] {logging_mixin.py:188} INFO - [2026-05-02T23:05:28.153+0000] {dag.py:3036} INFO - Sync 1 DAGs
[2026-05-02T23:05:28.167+0000] {logging_mixin.py:188} INFO - [2026-05-02T23:05:28.167+0000] {dag.py:3823} INFO - Setting next_dagrun for f1_bigdata_pipeline to 2026-04-27 06:00:00+00:00, run_after=2026-05-04 06:00:00+00:00
[2026-05-02T23:05:28.175+0000] {processor.py:183} INFO - Processing /opt/airflow/dags/f1_pipeline_dag.py took 0.070 seconds
[2026-05-02T23:05:58.521+0000] {processor.py:161} INFO - Started process (PID=4576) to work on /opt/airflow/dags/f1_pipeline_dag.py
[2026-05-02T23:05:58.523+0000] {processor.py:830} INFO - Processing file /opt/airflow/dags/f1_pipeline_dag.py for tasks to queue
[2026-05-02T23:05:58.525+0000] {logging_mixin.py:188} INFO - [2026-05-02T23:05:58.524+0000] {dagbag.py:538} INFO - Filling up the DagBag from /opt/airflow/dags/f1_pipeline_dag.py
[2026-05-02T23:05:58.553+0000] {processor.py:840} INFO - DAG(s) 'f1_bigdata_pipeline' retrieved from /opt/airflow/dags/f1_pipeline_dag.py
[2026-05-02T23:05:58.575+0000] {logging_mixin.py:188} INFO - [2026-05-02T23:05:58.575+0000] {dag.py:3036} INFO - Sync 1 DAGs
[2026-05-02T23:05:58.594+0000] {logging_mixin.py:188} INFO - [2026-05-02T23:05:58.594+0000] {dag.py:3823} INFO - Setting next_dagrun for f1_bigdata_pipeline to 2026-04-27 06:00:00+00:00, run_after=2026-05-04 06:00:00+00:00
[2026-05-02T23:05:58.603+0000] {processor.py:183} INFO - Processing /opt/airflow/dags/f1_pipeline_dag.py took 0.088 seconds
[2026-05-02T23:06:29.049+0000] {processor.py:161} INFO - Started process (PID=4581) to work on /opt/airflow/dags/f1_pipeline_dag.py
[2026-05-02T23:06:29.051+0000] {processor.py:830} INFO - Processing file /opt/airflow/dags/f1_pipeline_dag.py for tasks to queue
[2026-05-02T23:06:29.052+0000] {logging_mixin.py:188} INFO - [2026-05-02T23:06:29.052+0000] {dagbag.py:538} INFO - Filling up the DagBag from /opt/airflow/dags/f1_pipeline_dag.py
[2026-05-02T23:06:29.074+0000] {processor.py:840} INFO - DAG(s) 'f1_bigdata_pipeline' retrieved from /opt/airflow/dags/f1_pipeline_dag.py
[2026-05-02T23:06:29.122+0000] {logging_mixin.py:188} INFO - [2026-05-02T23:06:29.122+0000] {dag.py:3036} INFO - Sync 1 DAGs
[2026-05-02T23:06:29.136+0000] {logging_mixin.py:188} INFO - [2026-05-02T23:06:29.136+0000] {dag.py:3823} INFO - Setting next_dagrun for f1_bigdata_pipeline to 2026-04-27 06:00:00+00:00, run_after=2026-05-04 06:00:00+00:00
[2026-05-02T23:06:29.146+0000] {processor.py:183} INFO - Processing /opt/airflow/dags/f1_pipeline_dag.py took 0.103 seconds
[2026-05-02T23:06:59.436+0000] {processor.py:161} INFO - Started process (PID=4586) to work on /opt/airflow/dags/f1_pipeline_dag.py
[2026-05-02T23:06:59.440+0000] {processor.py:830} INFO - Processing file /opt/airflow/dags/f1_pipeline_dag.py for tasks to queue
[2026-05-02T23:06:59.441+0000] {logging_mixin.py:188} INFO - [2026-05-02T23:06:59.440+0000] {dagbag.py:538} INFO - Filling up the DagBag from /opt/airflow/dags/f1_pipeline_dag.py
[2026-05-02T23:06:59.458+0000] {processor.py:840} INFO - DAG(s) 'f1_bigdata_pipeline' retrieved from /opt/airflow/dags/f1_pipeline_dag.py
[2026-05-02T23:06:59.502+0000] {logging_mixin.py:188} INFO - [2026-05-02T23:06:59.501+0000] {dag.py:3036} INFO - Sync 1 DAGs
[2026-05-02T23:06:59.515+0000] {logging_mixin.py:188} INFO - [2026-05-02T23:06:59.515+0000] {dag.py:3823} INFO - Setting next_dagrun for f1_bigdata_pipeline to 2026-04-27 06:00:00+00:00, run_after=2026-05-04 06:00:00+00:00
[2026-05-02T23:06:59.524+0000] {processor.py:183} INFO - Processing /opt/airflow/dags/f1_pipeline_dag.py took 0.096 seconds
[2026-05-02T23:07:29.795+0000] {processor.py:161} INFO - Started process (PID=4591) to work on /opt/airflow/dags/f1_pipeline_dag.py
[2026-05-02T23:07:29.797+0000] {processor.py:830} INFO - Processing file /opt/airflow/dags/f1_pipeline_dag.py for tasks to queue
[2026-05-02T23:07:29.798+0000] {logging_mixin.py:188} INFO - [2026-05-02T23:07:29.798+0000] {dagbag.py:538} INFO - Filling up the DagBag from /opt/airflow/dags/f1_pipeline_dag.py
[2026-05-02T23:07:29.814+0000] {processor.py:840} INFO - DAG(s) 'f1_bigdata_pipeline' retrieved from /opt/airflow/dags/f1_pipeline_dag.py
[2026-05-02T23:07:29.857+0000] {logging_mixin.py:188} INFO - [2026-05-02T23:07:29.857+0000] {dag.py:3036} INFO - Sync 1 DAGs
[2026-05-02T23:07:29.870+0000] {logging_mixin.py:188} INFO - [2026-05-02T23:07:29.870+0000] {dag.py:3823} INFO - Setting next_dagrun for f1_bigdata_pipeline to 2026-04-27 06:00:00+00:00, run_after=2026-05-04 06:00:00+00:00
[2026-05-02T23:07:29.879+0000] {processor.py:183} INFO - Processing /opt/airflow/dags/f1_pipeline_dag.py took 0.088 seconds
[2026-05-02T23:08:00.186+0000] {processor.py:161} INFO - Started process (PID=4596) to work on /opt/airflow/dags/f1_pipeline_dag.py
[2026-05-02T23:08:00.188+0000] {processor.py:830} INFO - Processing file /opt/airflow/dags/f1_pipeline_dag.py for tasks to queue
[2026-05-02T23:08:00.190+0000] {logging_mixin.py:188} INFO - [2026-05-02T23:08:00.189+0000] {dagbag.py:538} INFO - Filling up the DagBag from /opt/airflow/dags/f1_pipeline_dag.py
[2026-05-02T23:08:00.224+0000] {processor.py:840} INFO - DAG(s) 'f1_bigdata_pipeline' retrieved from /opt/airflow/dags/f1_pipeline_dag.py
[2026-05-02T23:08:00.248+0000] {logging_mixin.py:188} INFO - [2026-05-02T23:08:00.248+0000] {dag.py:3036} INFO - Sync 1 DAGs
[2026-05-02T23:08:00.270+0000] {logging_mixin.py:188} INFO - [2026-05-02T23:08:00.269+0000] {dag.py:3823} INFO - Setting next_dagrun for f1_bigdata_pipeline to 2026-04-27 06:00:00+00:00, run_after=2026-05-04 06:00:00+00:00
[2026-05-02T23:08:00.279+0000] {processor.py:183} INFO - Processing /opt/airflow/dags/f1_pipeline_dag.py took 0.099 seconds
[2026-05-02T23:08:30.568+0000] {processor.py:161} INFO - Started process (PID=4601) to work on /opt/airflow/dags/f1_pipeline_dag.py
[2026-05-02T23:08:30.570+0000] {processor.py:830} INFO - Processing file /opt/airflow/dags/f1_pipeline_dag.py for tasks to queue
[2026-05-02T23:08:30.572+0000] {logging_mixin.py:188} INFO - [2026-05-02T23:08:30.571+0000] {dagbag.py:538} INFO - Filling up the DagBag from /opt/airflow/dags/f1_pipeline_dag.py
[2026-05-02T23:08:30.618+0000] {processor.py:840} INFO - DAG(s) 'f1_bigdata_pipeline' retrieved from /opt/airflow/dags/f1_pipeline_dag.py
[2026-05-02T23:08:30.640+0000] {logging_mixin.py:188} INFO - [2026-05-02T23:08:30.640+0000] {dag.py:3036} INFO - Sync 1 DAGs
[2026-05-02T23:08:30.654+0000] {logging_mixin.py:188} INFO - [2026-05-02T23:08:30.654+0000] {dag.py:3823} INFO - Setting next_dagrun for f1_bigdata_pipeline to 2026-04-27 06:00:00+00:00, run_after=2026-05-04 06:00:00+00:00
[2026-05-02T23:08:30.662+0000] {processor.py:183} INFO - Processing /opt/airflow/dags/f1_pipeline_dag.py took 0.104 seconds
[2026-05-02T23:09:01.018+0000] {processor.py:161} INFO - Started process (PID=4606) to work on /opt/airflow/dags/f1_pipeline_dag.py
[2026-05-02T23:09:01.025+0000] {processor.py:830} INFO - Processing file /opt/airflow/dags/f1_pipeline_dag.py for tasks to queue
[2026-05-02T23:09:01.029+0000] {logging_mixin.py:188} INFO - [2026-05-02T23:09:01.026+0000] {dagbag.py:538} INFO - Filling up the DagBag from /opt/airflow/dags/f1_pipeline_dag.py
[2026-05-02T23:09:01.049+0000] {processor.py:840} INFO - DAG(s) 'f1_bigdata_pipeline' retrieved from /opt/airflow/dags/f1_pipeline_dag.py
[2026-05-02T23:09:01.085+0000] {logging_mixin.py:188} INFO - [2026-05-02T23:09:01.085+0000] {dag.py:3036} INFO - Sync 1 DAGs
[2026-05-02T23:09:01.099+0000] {logging_mixin.py:188} INFO - [2026-05-02T23:09:01.099+0000] {dag.py:3823} INFO - Setting next_dagrun for f1_bigdata_pipeline to 2026-04-27 06:00:00+00:00, run_after=2026-05-04 06:00:00+00:00
[2026-05-02T23:09:01.108+0000] {processor.py:183} INFO - Processing /opt/airflow/dags/f1_pipeline_dag.py took 0.108 seconds
[2026-05-02T23:09:31.476+0000] {processor.py:161} INFO - Started process (PID=4611) to work on /opt/airflow/dags/f1_pipeline_dag.py
[2026-05-02T23:09:31.479+0000] {processor.py:830} INFO - Processing file /opt/airflow/dags/f1_pipeline_dag.py for tasks to queue
[2026-05-02T23:09:31.480+0000] {logging_mixin.py:188} INFO - [2026-05-02T23:09:31.480+0000] {dagbag.py:538} INFO - Filling up the DagBag from /opt/airflow/dags/f1_pipeline_dag.py
[2026-05-02T23:09:31.525+0000] {processor.py:840} INFO - DAG(s) 'f1_bigdata_pipeline' retrieved from /opt/airflow/dags/f1_pipeline_dag.py
[2026-05-02T23:09:31.546+0000] {logging_mixin.py:188} INFO - [2026-05-02T23:09:31.546+0000] {dag.py:3036} INFO - Sync 1 DAGs
[2026-05-02T23:09:31.559+0000] {logging_mixin.py:188} INFO - [2026-05-02T23:09:31.559+0000] {dag.py:3823} INFO - Setting next_dagrun for f1_bigdata_pipeline to 2026-04-27 06:00:00+00:00, run_after=2026-05-04 06:00:00+00:00
[2026-05-02T23:09:31.567+0000] {processor.py:183} INFO - Processing /opt/airflow/dags/f1_pipeline_dag.py took 0.100 seconds
[2026-05-02T23:10:01.931+0000] {processor.py:161} INFO - Started process (PID=4616) to work on /opt/airflow/dags/f1_pipeline_dag.py
[2026-05-02T23:10:01.935+0000] {processor.py:830} INFO - Processing file /opt/airflow/dags/f1_pipeline_dag.py for tasks to queue
[2026-05-02T23:10:01.937+0000] {logging_mixin.py:188} INFO - [2026-05-02T23:10:01.936+0000] {dagbag.py:538} INFO - Filling up the DagBag from /opt/airflow/dags/f1_pipeline_dag.py
[2026-05-02T23:10:01.963+0000] {processor.py:840} INFO - DAG(s) 'f1_bigdata_pipeline' retrieved from /opt/airflow/dags/f1_pipeline_dag.py
[2026-05-02T23:10:01.983+0000] {logging_mixin.py:188} INFO - [2026-05-02T23:10:01.983+0000] {dag.py:3036} INFO - Sync 1 DAGs
[2026-05-02T23:10:01.996+0000] {logging_mixin.py:188} INFO - [2026-05-02T23:10:01.996+0000] {dag.py:3823} INFO - Setting next_dagrun for f1_bigdata_pipeline to 2026-04-27 06:00:00+00:00, run_after=2026-05-04 06:00:00+00:00
[2026-05-02T23:10:02.005+0000] {processor.py:183} INFO - Processing /opt/airflow/dags/f1_pipeline_dag.py took 0.082 seconds
[2026-05-02T23:10:32.295+0000] {processor.py:161} INFO - Started process (PID=4621) to work on /opt/airflow/dags/f1_pipeline_dag.py
[2026-05-02T23:10:32.298+0000] {processor.py:830} INFO - Processing file /opt/airflow/dags/f1_pipeline_dag.py for tasks to queue
[2026-05-02T23:10:32.299+0000] {logging_mixin.py:188} INFO - [2026-05-02T23:10:32.298+0000] {dagbag.py:538} INFO - Filling up the DagBag from /opt/airflow/dags/f1_pipeline_dag.py
[2026-05-02T23:10:32.331+0000] {processor.py:840} INFO - DAG(s) 'f1_bigdata_pipeline' retrieved from /opt/airflow/dags/f1_pipeline_dag.py
[2026-05-02T23:10:32.352+0000] {logging_mixin.py:188} INFO - [2026-05-02T23:10:32.352+0000] {dag.py:3036} INFO - Sync 1 DAGs
[2026-05-02T23:10:32.366+0000] {logging_mixin.py:188} INFO - [2026-05-02T23:10:32.366+0000] {dag.py:3823} INFO - Setting next_dagrun for f1_bigdata_pipeline to 2026-04-27 06:00:00+00:00, run_after=2026-05-04 06:00:00+00:00
[2026-05-02T23:10:32.379+0000] {processor.py:183} INFO - Processing /opt/airflow/dags/f1_pipeline_dag.py took 0.090 seconds
[2026-05-02T23:11:02.668+0000] {processor.py:161} INFO - Started process (PID=4626) to work on /opt/airflow/dags/f1_pipeline_dag.py
[2026-05-02T23:11:02.671+0000] {processor.py:830} INFO - Processing file /opt/airflow/dags/f1_pipeline_dag.py for tasks to queue
[2026-05-02T23:11:02.672+0000] {logging_mixin.py:188} INFO - [2026-05-02T23:11:02.672+0000] {dagbag.py:538} INFO - Filling up the DagBag from /opt/airflow/dags/f1_pipeline_dag.py
[2026-05-02T23:11:02.702+0000] {processor.py:840} INFO - DAG(s) 'f1_bigdata_pipeline' retrieved from /opt/airflow/dags/f1_pipeline_dag.py
[2026-05-02T23:11:02.730+0000] {logging_mixin.py:188} INFO - [2026-05-02T23:11:02.730+0000] {dag.py:3036} INFO - Sync 1 DAGs
[2026-05-02T23:11:02.743+0000] {logging_mixin.py:188} INFO - [2026-05-02T23:11:02.743+0000] {dag.py:3823} INFO - Setting next_dagrun for f1_bigdata_pipeline to 2026-04-27 06:00:00+00:00, run_after=2026-05-04 06:00:00+00:00
[2026-05-02T23:11:02.758+0000] {processor.py:183} INFO - Processing /opt/airflow/dags/f1_pipeline_dag.py took 0.095 seconds
[2026-05-02T23:11:33.029+0000] {processor.py:161} INFO - Started process (PID=4631) to work on /opt/airflow/dags/f1_pipeline_dag.py
[2026-05-02T23:11:33.030+0000] {processor.py:830} INFO - Processing file /opt/airflow/dags/f1_pipeline_dag.py for tasks to queue
[2026-05-02T23:11:33.031+0000] {logging_mixin.py:188} INFO - [2026-05-02T23:11:33.031+0000] {dagbag.py:538} INFO - Filling up the DagBag from /opt/airflow/dags/f1_pipeline_dag.py
[2026-05-02T23:11:33.061+0000] {processor.py:840} INFO - DAG(s) 'f1_bigdata_pipeline' retrieved from /opt/airflow/dags/f1_pipeline_dag.py
[2026-05-02T23:11:33.083+0000] {logging_mixin.py:188} INFO - [2026-05-02T23:11:33.083+0000] {dag.py:3036} INFO - Sync 1 DAGs
[2026-05-02T23:11:33.098+0000] {logging_mixin.py:188} INFO - [2026-05-02T23:11:33.098+0000] {dag.py:3823} INFO - Setting next_dagrun for f1_bigdata_pipeline to 2026-04-27 06:00:00+00:00, run_after=2026-05-04 06:00:00+00:00
[2026-05-02T23:11:33.106+0000] {processor.py:183} INFO - Processing /opt/airflow/dags/f1_pipeline_dag.py took 0.081 seconds
[2026-05-02T23:12:03.502+0000] {processor.py:161} INFO - Started process (PID=4636) to work on /opt/airflow/dags/f1_pipeline_dag.py
[2026-05-02T23:12:03.504+0000] {processor.py:830} INFO - Processing file /opt/airflow/dags/f1_pipeline_dag.py for tasks to queue
[2026-05-02T23:12:03.506+0000] {logging_mixin.py:188} INFO - [2026-05-02T23:12:03.505+0000] {dagbag.py:538} INFO - Filling up the DagBag from /opt/airflow/dags/f1_pipeline_dag.py
[2026-05-02T23:12:03.528+0000] {processor.py:840} INFO - DAG(s) 'f1_bigdata_pipeline' retrieved from /opt/airflow/dags/f1_pipeline_dag.py
[2026-05-02T23:12:03.546+0000] {logging_mixin.py:188} INFO - [2026-05-02T23:12:03.545+0000] {dag.py:3036} INFO - Sync 1 DAGs
[2026-05-02T23:12:03.559+0000] {logging_mixin.py:188} INFO - [2026-05-02T23:12:03.558+0000] {dag.py:3823} INFO - Setting next_dagrun for f1_bigdata_pipeline to 2026-04-27 06:00:00+00:00, run_after=2026-05-04 06:00:00+00:00
[2026-05-02T23:12:03.566+0000] {processor.py:183} INFO - Processing /opt/airflow/dags/f1_pipeline_dag.py took 0.072 seconds
[2026-05-02T23:12:33.872+0000] {processor.py:161} INFO - Started process (PID=4641) to work on /opt/airflow/dags/f1_pipeline_dag.py
[2026-05-02T23:12:33.874+0000] {processor.py:830} INFO - Processing file /opt/airflow/dags/f1_pipeline_dag.py for tasks to queue
[2026-05-02T23:12:33.875+0000] {logging_mixin.py:188} INFO - [2026-05-02T23:12:33.875+0000] {dagbag.py:538} INFO - Filling up the DagBag from /opt/airflow/dags/f1_pipeline_dag.py
[2026-05-02T23:12:33.904+0000] {processor.py:840} INFO - DAG(s) 'f1_bigdata_pipeline' retrieved from /opt/airflow/dags/f1_pipeline_dag.py
[2026-05-02T23:12:33.935+0000] {logging_mixin.py:188} INFO - [2026-05-02T23:12:33.935+0000] {dag.py:3036} INFO - Sync 1 DAGs
[2026-05-02T23:12:33.948+0000] {logging_mixin.py:188} INFO - [2026-05-02T23:12:33.948+0000] {dag.py:3823} INFO - Setting next_dagrun for f1_bigdata_pipeline to 2026-04-27 06:00:00+00:00, run_after=2026-05-04 06:00:00+00:00
[2026-05-02T23:12:33.956+0000] {processor.py:183} INFO - Processing /opt/airflow/dags/f1_pipeline_dag.py took 0.089 seconds
[2026-05-02T23:13:04.326+0000] {processor.py:161} INFO - Started process (PID=4646) to work on /opt/airflow/dags/f1_pipeline_dag.py
[2026-05-02T23:13:04.328+0000] {processor.py:830} INFO - Processing file /opt/airflow/dags/f1_pipeline_dag.py for tasks to queue
[2026-05-02T23:13:04.329+0000] {logging_mixin.py:188} INFO - [2026-05-02T23:13:04.328+0000] {dagbag.py:538} INFO - Filling up the DagBag from /opt/airflow/dags/f1_pipeline_dag.py
[2026-05-02T23:13:04.359+0000] {processor.py:840} INFO - DAG(s) 'f1_bigdata_pipeline' retrieved from /opt/airflow/dags/f1_pipeline_dag.py
[2026-05-02T23:13:04.387+0000] {logging_mixin.py:188} INFO - [2026-05-02T23:13:04.387+0000] {dag.py:3036} INFO - Sync 1 DAGs
[2026-05-02T23:13:04.414+0000] {logging_mixin.py:188} INFO - [2026-05-02T23:13:04.413+0000] {dag.py:3823} INFO - Setting next_dagrun for f1_bigdata_pipeline to 2026-04-27 06:00:00+00:00, run_after=2026-05-04 06:00:00+00:00
[2026-05-02T23:13:04.427+0000] {processor.py:183} INFO - Processing /opt/airflow/dags/f1_pipeline_dag.py took 0.107 seconds
[2026-05-02T23:13:34.704+0000] {processor.py:161} INFO - Started process (PID=4651) to work on /opt/airflow/dags/f1_pipeline_dag.py
[2026-05-02T23:13:34.706+0000] {processor.py:830} INFO - Processing file /opt/airflow/dags/f1_pipeline_dag.py for tasks to queue
[2026-05-02T23:13:34.707+0000] {logging_mixin.py:188} INFO - [2026-05-02T23:13:34.707+0000] {dagbag.py:538} INFO - Filling up the DagBag from /opt/airflow/dags/f1_pipeline_dag.py
[2026-05-02T23:13:34.733+0000] {processor.py:840} INFO - DAG(s) 'f1_bigdata_pipeline' retrieved from /opt/airflow/dags/f1_pipeline_dag.py
[2026-05-02T23:13:34.757+0000] {logging_mixin.py:188} INFO - [2026-05-02T23:13:34.757+0000] {dag.py:3036} INFO - Sync 1 DAGs
[2026-05-02T23:13:34.770+0000] {logging_mixin.py:188} INFO - [2026-05-02T23:13:34.770+0000] {dag.py:3823} INFO - Setting next_dagrun for f1_bigdata_pipeline to 2026-04-27 06:00:00+00:00, run_after=2026-05-04 06:00:00+00:00
[2026-05-02T23:13:34.778+0000] {processor.py:183} INFO - Processing /opt/airflow/dags/f1_pipeline_dag.py took 0.076 seconds
[2026-05-02T23:14:05.129+0000] {processor.py:161} INFO - Started process (PID=4656) to work on /opt/airflow/dags/f1_pipeline_dag.py
[2026-05-02T23:14:05.131+0000] {processor.py:830} INFO - Processing file /opt/airflow/dags/f1_pipeline_dag.py for tasks to queue
[2026-05-02T23:14:05.132+0000] {logging_mixin.py:188} INFO - [2026-05-02T23:14:05.132+0000] {dagbag.py:538} INFO - Filling up the DagBag from /opt/airflow/dags/f1_pipeline_dag.py
[2026-05-02T23:14:05.149+0000] {processor.py:840} INFO - DAG(s) 'f1_bigdata_pipeline' retrieved from /opt/airflow/dags/f1_pipeline_dag.py
[2026-05-02T23:14:05.169+0000] {logging_mixin.py:188} INFO - [2026-05-02T23:14:05.169+0000] {dag.py:3036} INFO - Sync 1 DAGs
[2026-05-02T23:14:05.182+0000] {logging_mixin.py:188} INFO - [2026-05-02T23:14:05.182+0000] {dag.py:3823} INFO - Setting next_dagrun for f1_bigdata_pipeline to 2026-04-27 06:00:00+00:00, run_after=2026-05-04 06:00:00+00:00
[2026-05-02T23:14:05.206+0000] {processor.py:183} INFO - Processing /opt/airflow/dags/f1_pipeline_dag.py took 0.081 seconds
[2026-05-02T23:14:35.560+0000] {processor.py:161} INFO - Started process (PID=4661) to work on /opt/airflow/dags/f1_pipeline_dag.py
[2026-05-02T23:14:35.564+0000] {processor.py:830} INFO - Processing file /opt/airflow/dags/f1_pipeline_dag.py for tasks to queue
[2026-05-02T23:14:35.565+0000] {logging_mixin.py:188} INFO - [2026-05-02T23:14:35.565+0000] {dagbag.py:538} INFO - Filling up the DagBag from /opt/airflow/dags/f1_pipeline_dag.py
[2026-05-02T23:14:35.586+0000] {processor.py:840} INFO - DAG(s) 'f1_bigdata_pipeline' retrieved from /opt/airflow/dags/f1_pipeline_dag.py
[2026-05-02T23:14:35.606+0000] {logging_mixin.py:188} INFO - [2026-05-02T23:14:35.606+0000] {dag.py:3036} INFO - Sync 1 DAGs
[2026-05-02T23:14:35.619+0000] {logging_mixin.py:188} INFO - [2026-05-02T23:14:35.619+0000] {dag.py:3823} INFO - Setting next_dagrun for f1_bigdata_pipeline to 2026-04-27 06:00:00+00:00, run_after=2026-05-04 06:00:00+00:00
[2026-05-02T23:14:35.627+0000] {processor.py:183} INFO - Processing /opt/airflow/dags/f1_pipeline_dag.py took 0.074 seconds
[2026-05-02T23:15:05.917+0000] {processor.py:161} INFO - Started process (PID=4666) to work on /opt/airflow/dags/f1_pipeline_dag.py
[2026-05-02T23:15:05.918+0000] {processor.py:830} INFO - Processing file /opt/airflow/dags/f1_pipeline_dag.py for tasks to queue
[2026-05-02T23:15:05.919+0000] {logging_mixin.py:188} INFO - [2026-05-02T23:15:05.919+0000] {dagbag.py:538} INFO - Filling up the DagBag from /opt/airflow/dags/f1_pipeline_dag.py
[2026-05-02T23:15:05.930+0000] {processor.py:840} INFO - DAG(s) 'f1_bigdata_pipeline' retrieved from /opt/airflow/dags/f1_pipeline_dag.py
[2026-05-02T23:15:05.965+0000] {logging_mixin.py:188} INFO - [2026-05-02T23:15:05.964+0000] {dag.py:3036} INFO - Sync 1 DAGs
[2026-05-02T23:15:05.983+0000] {logging_mixin.py:188} INFO - [2026-05-02T23:15:05.983+0000] {dag.py:3823} INFO - Setting next_dagrun for f1_bigdata_pipeline to 2026-04-27 06:00:00+00:00, run_after=2026-05-04 06:00:00+00:00
[2026-05-02T23:15:05.992+0000] {processor.py:183} INFO - Processing /opt/airflow/dags/f1_pipeline_dag.py took 0.078 seconds
[2026-05-02T23:15:36.267+0000] {processor.py:161} INFO - Started process (PID=4671) to work on /opt/airflow/dags/f1_pipeline_dag.py
[2026-05-02T23:15:36.269+0000] {processor.py:830} INFO - Processing file /opt/airflow/dags/f1_pipeline_dag.py for tasks to queue
[2026-05-02T23:15:36.271+0000] {logging_mixin.py:188} INFO - [2026-05-02T23:15:36.270+0000] {dagbag.py:538} INFO - Filling up the DagBag from /opt/airflow/dags/f1_pipeline_dag.py
[2026-05-02T23:15:36.289+0000] {processor.py:840} INFO - DAG(s) 'f1_bigdata_pipeline' retrieved from /opt/airflow/dags/f1_pipeline_dag.py
[2026-05-02T23:15:36.323+0000] {logging_mixin.py:188} INFO - [2026-05-02T23:15:36.323+0000] {dag.py:3036} INFO - Sync 1 DAGs
[2026-05-02T23:15:36.338+0000] {logging_mixin.py:188} INFO - [2026-05-02T23:15:36.338+0000] {dag.py:3823} INFO - Setting next_dagrun for f1_bigdata_pipeline to 2026-04-27 06:00:00+00:00, run_after=2026-05-04 06:00:00+00:00
[2026-05-02T23:15:36.347+0000] {processor.py:183} INFO - Processing /opt/airflow/dags/f1_pipeline_dag.py took 0.086 seconds
[2026-05-02T23:16:06.786+0000] {processor.py:161} INFO - Started process (PID=4676) to work on /opt/airflow/dags/f1_pipeline_dag.py
[2026-05-02T23:16:06.788+0000] {processor.py:830} INFO - Processing file /opt/airflow/dags/f1_pipeline_dag.py for tasks to queue
[2026-05-02T23:16:06.789+0000] {logging_mixin.py:188} INFO - [2026-05-02T23:16:06.789+0000] {dagbag.py:538} INFO - Filling up the DagBag from /opt/airflow/dags/f1_pipeline_dag.py
[2026-05-02T23:16:06.808+0000] {processor.py:840} INFO - DAG(s) 'f1_bigdata_pipeline' retrieved from /opt/airflow/dags/f1_pipeline_dag.py
[2026-05-02T23:16:06.851+0000] {logging_mixin.py:188} INFO - [2026-05-02T23:16:06.851+0000] {dag.py:3036} INFO - Sync 1 DAGs
[2026-05-02T23:16:06.866+0000] {logging_mixin.py:188} INFO - [2026-05-02T23:16:06.866+0000] {dag.py:3823} INFO - Setting next_dagrun for f1_bigdata_pipeline to 2026-04-27 06:00:00+00:00, run_after=2026-05-04 06:00:00+00:00
[2026-05-02T23:16:06.875+0000] {processor.py:183} INFO - Processing /opt/airflow/dags/f1_pipeline_dag.py took 0.095 seconds
[2026-05-02T23:16:37.166+0000] {processor.py:161} INFO - Started process (PID=4681) to work on /opt/airflow/dags/f1_pipeline_dag.py
[2026-05-02T23:16:37.168+0000] {processor.py:830} INFO - Processing file /opt/airflow/dags/f1_pipeline_dag.py for tasks to queue
[2026-05-02T23:16:37.169+0000] {logging_mixin.py:188} INFO - [2026-05-02T23:16:37.168+0000] {dagbag.py:538} INFO - Filling up the DagBag from /opt/airflow/dags/f1_pipeline_dag.py
[2026-05-02T23:16:37.186+0000] {processor.py:840} INFO - DAG(s) 'f1_bigdata_pipeline' retrieved from /opt/airflow/dags/f1_pipeline_dag.py
[2026-05-02T23:16:37.300+0000] {logging_mixin.py:188} INFO - [2026-05-02T23:16:37.294+0000] {dag.py:3036} INFO - Sync 1 DAGs
[2026-05-02T23:16:37.342+0000] {logging_mixin.py:188} INFO - [2026-05-02T23:16:37.342+0000] {dag.py:3823} INFO - Setting next_dagrun for f1_bigdata_pipeline to 2026-04-27 06:00:00+00:00, run_after=2026-05-04 06:00:00+00:00
[2026-05-02T23:16:37.378+0000] {processor.py:183} INFO - Processing /opt/airflow/dags/f1_pipeline_dag.py took 0.217 seconds
[2026-05-02T23:17:07.531+0000] {processor.py:161} INFO - Started process (PID=4686) to work on /opt/airflow/dags/f1_pipeline_dag.py
[2026-05-02T23:17:07.535+0000] {processor.py:830} INFO - Processing file /opt/airflow/dags/f1_pipeline_dag.py for tasks to queue
[2026-05-02T23:17:07.537+0000] {logging_mixin.py:188} INFO - [2026-05-02T23:17:07.536+0000] {dagbag.py:538} INFO - Filling up the DagBag from /opt/airflow/dags/f1_pipeline_dag.py
[2026-05-02T23:17:07.567+0000] {processor.py:840} INFO - DAG(s) 'f1_bigdata_pipeline' retrieved from /opt/airflow/dags/f1_pipeline_dag.py
[2026-05-02T23:17:07.595+0000] {logging_mixin.py:188} INFO - [2026-05-02T23:17:07.595+0000] {dag.py:3036} INFO - Sync 1 DAGs
[2026-05-02T23:17:07.609+0000] {logging_mixin.py:188} INFO - [2026-05-02T23:17:07.608+0000] {dag.py:3823} INFO - Setting next_dagrun for f1_bigdata_pipeline to 2026-04-27 06:00:00+00:00, run_after=2026-05-04 06:00:00+00:00
[2026-05-02T23:17:07.618+0000] {processor.py:183} INFO - Processing /opt/airflow/dags/f1_pipeline_dag.py took 0.097 seconds
[2026-05-02T23:17:37.941+0000] {processor.py:161} INFO - Started process (PID=4691) to work on /opt/airflow/dags/f1_pipeline_dag.py
[2026-05-02T23:17:37.943+0000] {processor.py:830} INFO - Processing file /opt/airflow/dags/f1_pipeline_dag.py for tasks to queue
[2026-05-02T23:17:37.944+0000] {logging_mixin.py:188} INFO - [2026-05-02T23:17:37.944+0000] {dagbag.py:538} INFO - Filling up the DagBag from /opt/airflow/dags/f1_pipeline_dag.py
[2026-05-02T23:17:38.025+0000] {processor.py:840} INFO - DAG(s) 'f1_bigdata_pipeline' retrieved from /opt/airflow/dags/f1_pipeline_dag.py
[2026-05-02T23:17:38.068+0000] {logging_mixin.py:188} INFO - [2026-05-02T23:17:38.068+0000] {dag.py:3036} INFO - Sync 1 DAGs
[2026-05-02T23:17:38.086+0000] {logging_mixin.py:188} INFO - [2026-05-02T23:17:38.086+0000] {dag.py:3823} INFO - Setting next_dagrun for f1_bigdata_pipeline to 2026-04-27 06:00:00+00:00, run_after=2026-05-04 06:00:00+00:00
[2026-05-02T23:17:38.095+0000] {processor.py:183} INFO - Processing /opt/airflow/dags/f1_pipeline_dag.py took 0.162 seconds
[2026-05-02T23:18:08.302+0000] {processor.py:161} INFO - Started process (PID=4696) to work on /opt/airflow/dags/f1_pipeline_dag.py
[2026-05-02T23:18:08.305+0000] {processor.py:830} INFO - Processing file /opt/airflow/dags/f1_pipeline_dag.py for tasks to queue
[2026-05-02T23:18:08.306+0000] {logging_mixin.py:188} INFO - [2026-05-02T23:18:08.306+0000] {dagbag.py:538} INFO - Filling up the DagBag from /opt/airflow/dags/f1_pipeline_dag.py
[2026-05-02T23:18:08.330+0000] {processor.py:840} INFO - DAG(s) 'f1_bigdata_pipeline' retrieved from /opt/airflow/dags/f1_pipeline_dag.py
[2026-05-02T23:18:08.369+0000] {logging_mixin.py:188} INFO - [2026-05-02T23:18:08.369+0000] {dag.py:3036} INFO - Sync 1 DAGs
[2026-05-02T23:18:08.383+0000] {logging_mixin.py:188} INFO - [2026-05-02T23:18:08.382+0000] {dag.py:3823} INFO - Setting next_dagrun for f1_bigdata_pipeline to 2026-04-27 06:00:00+00:00, run_after=2026-05-04 06:00:00+00:00
[2026-05-02T23:18:08.391+0000] {processor.py:183} INFO - Processing /opt/airflow/dags/f1_pipeline_dag.py took 0.096 seconds
[2026-05-02T23:18:38.802+0000] {processor.py:161} INFO - Started process (PID=4701) to work on /opt/airflow/dags/f1_pipeline_dag.py
[2026-05-02T23:18:38.804+0000] {processor.py:830} INFO - Processing file /opt/airflow/dags/f1_pipeline_dag.py for tasks to queue
[2026-05-02T23:18:38.805+0000] {logging_mixin.py:188} INFO - [2026-05-02T23:18:38.804+0000] {dagbag.py:538} INFO - Filling up the DagBag from /opt/airflow/dags/f1_pipeline_dag.py
[2026-05-02T23:18:38.829+0000] {processor.py:840} INFO - DAG(s) 'f1_bigdata_pipeline' retrieved from /opt/airflow/dags/f1_pipeline_dag.py
[2026-05-02T23:18:38.868+0000] {logging_mixin.py:188} INFO - [2026-05-02T23:18:38.868+0000] {dag.py:3036} INFO - Sync 1 DAGs
[2026-05-02T23:18:38.881+0000] {logging_mixin.py:188} INFO - [2026-05-02T23:18:38.881+0000] {dag.py:3823} INFO - Setting next_dagrun for f1_bigdata_pipeline to 2026-04-27 06:00:00+00:00, run_after=2026-05-04 06:00:00+00:00
[2026-05-02T23:18:38.889+0000] {processor.py:183} INFO - Processing /opt/airflow/dags/f1_pipeline_dag.py took 0.095 seconds
[2026-05-02T23:19:09.193+0000] {processor.py:161} INFO - Started process (PID=4706) to work on /opt/airflow/dags/f1_pipeline_dag.py
[2026-05-02T23:19:09.195+0000] {processor.py:830} INFO - Processing file /opt/airflow/dags/f1_pipeline_dag.py for tasks to queue
[2026-05-02T23:19:09.196+0000] {logging_mixin.py:188} INFO - [2026-05-02T23:19:09.195+0000] {dagbag.py:538} INFO - Filling up the DagBag from /opt/airflow/dags/f1_pipeline_dag.py
[2026-05-02T23:19:09.209+0000] {processor.py:840} INFO - DAG(s) 'f1_bigdata_pipeline' retrieved from /opt/airflow/dags/f1_pipeline_dag.py
[2026-05-02T23:19:09.230+0000] {logging_mixin.py:188} INFO - [2026-05-02T23:19:09.230+0000] {dag.py:3036} INFO - Sync 1 DAGs
[2026-05-02T23:19:09.243+0000] {logging_mixin.py:188} INFO - [2026-05-02T23:19:09.243+0000] {dag.py:3823} INFO - Setting next_dagrun for f1_bigdata_pipeline to 2026-04-27 06:00:00+00:00, run_after=2026-05-04 06:00:00+00:00
[2026-05-02T23:19:09.252+0000] {processor.py:183} INFO - Processing /opt/airflow/dags/f1_pipeline_dag.py took 0.064 seconds
[2026-05-02T23:19:39.605+0000] {processor.py:161} INFO - Started process (PID=4711) to work on /opt/airflow/dags/f1_pipeline_dag.py
[2026-05-02T23:19:39.607+0000] {processor.py:830} INFO - Processing file /opt/airflow/dags/f1_pipeline_dag.py for tasks to queue
[2026-05-02T23:19:39.608+0000] {logging_mixin.py:188} INFO - [2026-05-02T23:19:39.607+0000] {dagbag.py:538} INFO - Filling up the DagBag from /opt/airflow/dags/f1_pipeline_dag.py
[2026-05-02T23:19:39.621+0000] {processor.py:840} INFO - DAG(s) 'f1_bigdata_pipeline' retrieved from /opt/airflow/dags/f1_pipeline_dag.py
[2026-05-02T23:19:39.665+0000] {logging_mixin.py:188} INFO - [2026-05-02T23:19:39.664+0000] {dag.py:3036} INFO - Sync 1 DAGs
[2026-05-02T23:19:39.678+0000] {logging_mixin.py:188} INFO - [2026-05-02T23:19:39.678+0000] {dag.py:3823} INFO - Setting next_dagrun for f1_bigdata_pipeline to 2026-04-27 06:00:00+00:00, run_after=2026-05-04 06:00:00+00:00
[2026-05-02T23:19:39.687+0000] {processor.py:183} INFO - Processing /opt/airflow/dags/f1_pipeline_dag.py took 0.086 seconds
[2026-05-02T23:20:09.994+0000] {processor.py:161} INFO - Started process (PID=4716) to work on /opt/airflow/dags/f1_pipeline_dag.py
[2026-05-02T23:20:09.997+0000] {processor.py:830} INFO - Processing file /opt/airflow/dags/f1_pipeline_dag.py for tasks to queue
[2026-05-02T23:20:09.998+0000] {logging_mixin.py:188} INFO - [2026-05-02T23:20:09.997+0000] {dagbag.py:538} INFO - Filling up the DagBag from /opt/airflow/dags/f1_pipeline_dag.py
[2026-05-02T23:20:10.018+0000] {processor.py:840} INFO - DAG(s) 'f1_bigdata_pipeline' retrieved from /opt/airflow/dags/f1_pipeline_dag.py
[2026-05-02T23:20:10.044+0000] {logging_mixin.py:188} INFO - [2026-05-02T23:20:10.044+0000] {dag.py:3036} INFO - Sync 1 DAGs
[2026-05-02T23:20:10.058+0000] {logging_mixin.py:188} INFO - [2026-05-02T23:20:10.058+0000] {dag.py:3823} INFO - Setting next_dagrun for f1_bigdata_pipeline to 2026-04-27 06:00:00+00:00, run_after=2026-05-04 06:00:00+00:00
[2026-05-02T23:20:10.067+0000] {processor.py:183} INFO - Processing /opt/airflow/dags/f1_pipeline_dag.py took 0.080 seconds
[2026-05-02T23:20:40.380+0000] {processor.py:161} INFO - Started process (PID=4721) to work on /opt/airflow/dags/f1_pipeline_dag.py
[2026-05-02T23:20:40.382+0000] {processor.py:830} INFO - Processing file /opt/airflow/dags/f1_pipeline_dag.py for tasks to queue
[2026-05-02T23:20:40.384+0000] {logging_mixin.py:188} INFO - [2026-05-02T23:20:40.383+0000] {dagbag.py:538} INFO - Filling up the DagBag from /opt/airflow/dags/f1_pipeline_dag.py
[2026-05-02T23:20:40.402+0000] {processor.py:840} INFO - DAG(s) 'f1_bigdata_pipeline' retrieved from /opt/airflow/dags/f1_pipeline_dag.py
[2026-05-02T23:20:40.423+0000] {logging_mixin.py:188} INFO - [2026-05-02T23:20:40.423+0000] {dag.py:3036} INFO - Sync 1 DAGs
[2026-05-02T23:20:40.437+0000] {logging_mixin.py:188} INFO - [2026-05-02T23:20:40.437+0000] {dag.py:3823} INFO - Setting next_dagrun for f1_bigdata_pipeline to 2026-04-27 06:00:00+00:00, run_after=2026-05-04 06:00:00+00:00
[2026-05-02T23:20:40.445+0000] {processor.py:183} INFO - Processing /opt/airflow/dags/f1_pipeline_dag.py took 0.095 seconds
[2026-05-02T23:21:10.752+0000] {processor.py:161} INFO - Started process (PID=4726) to work on /opt/airflow/dags/f1_pipeline_dag.py
[2026-05-02T23:21:10.755+0000] {processor.py:830} INFO - Processing file /opt/airflow/dags/f1_pipeline_dag.py for tasks to queue
[2026-05-02T23:21:10.757+0000] {logging_mixin.py:188} INFO - [2026-05-02T23:21:10.756+0000] {dagbag.py:538} INFO - Filling up the DagBag from /opt/airflow/dags/f1_pipeline_dag.py
[2026-05-02T23:21:10.780+0000] {processor.py:840} INFO - DAG(s) 'f1_bigdata_pipeline' retrieved from /opt/airflow/dags/f1_pipeline_dag.py
[2026-05-02T23:21:10.801+0000] {logging_mixin.py:188} INFO - [2026-05-02T23:21:10.801+0000] {dag.py:3036} INFO - Sync 1 DAGs
[2026-05-02T23:21:10.818+0000] {logging_mixin.py:188} INFO - [2026-05-02T23:21:10.818+0000] {dag.py:3823} INFO - Setting next_dagrun for f1_bigdata_pipeline to 2026-04-27 06:00:00+00:00, run_after=2026-05-04 06:00:00+00:00
[2026-05-02T23:21:10.831+0000] {processor.py:183} INFO - Processing /opt/airflow/dags/f1_pipeline_dag.py took 0.086 seconds
[2026-05-02T23:21:41.156+0000] {processor.py:161} INFO - Started process (PID=4731) to work on /opt/airflow/dags/f1_pipeline_dag.py
[2026-05-02T23:21:41.161+0000] {processor.py:830} INFO - Processing file /opt/airflow/dags/f1_pipeline_dag.py for tasks to queue
[2026-05-02T23:21:41.164+0000] {logging_mixin.py:188} INFO - [2026-05-02T23:21:41.162+0000] {dagbag.py:538} INFO - Filling up the DagBag from /opt/airflow/dags/f1_pipeline_dag.py
[2026-05-02T23:21:41.193+0000] {processor.py:840} INFO - DAG(s) 'f1_bigdata_pipeline' retrieved from /opt/airflow/dags/f1_pipeline_dag.py
[2026-05-02T23:21:41.248+0000] {logging_mixin.py:188} INFO - [2026-05-02T23:21:41.247+0000] {dag.py:3036} INFO - Sync 1 DAGs
[2026-05-02T23:21:41.263+0000] {logging_mixin.py:188} INFO - [2026-05-02T23:21:41.263+0000] {dag.py:3823} INFO - Setting next_dagrun for f1_bigdata_pipeline to 2026-04-27 06:00:00+00:00, run_after=2026-05-04 06:00:00+00:00
[2026-05-02T23:21:41.273+0000] {processor.py:183} INFO - Processing /opt/airflow/dags/f1_pipeline_dag.py took 0.124 seconds
[2026-05-02T23:22:11.611+0000] {processor.py:161} INFO - Started process (PID=4736) to work on /opt/airflow/dags/f1_pipeline_dag.py
[2026-05-02T23:22:11.614+0000] {processor.py:830} INFO - Processing file /opt/airflow/dags/f1_pipeline_dag.py for tasks to queue
[2026-05-02T23:22:11.615+0000] {logging_mixin.py:188} INFO - [2026-05-02T23:22:11.615+0000] {dagbag.py:538} INFO - Filling up the DagBag from /opt/airflow/dags/f1_pipeline_dag.py
[2026-05-02T23:22:11.636+0000] {processor.py:840} INFO - DAG(s) 'f1_bigdata_pipeline' retrieved from /opt/airflow/dags/f1_pipeline_dag.py
[2026-05-02T23:22:11.676+0000] {logging_mixin.py:188} INFO - [2026-05-02T23:22:11.676+0000] {dag.py:3036} INFO - Sync 1 DAGs
[2026-05-02T23:22:11.691+0000] {logging_mixin.py:188} INFO - [2026-05-02T23:22:11.691+0000] {dag.py:3823} INFO - Setting next_dagrun for f1_bigdata_pipeline to 2026-04-27 06:00:00+00:00, run_after=2026-05-04 06:00:00+00:00
[2026-05-02T23:22:11.700+0000] {processor.py:183} INFO - Processing /opt/airflow/dags/f1_pipeline_dag.py took 0.096 seconds
[2026-05-02T23:22:42.008+0000] {processor.py:161} INFO - Started process (PID=4741) to work on /opt/airflow/dags/f1_pipeline_dag.py
[2026-05-02T23:22:42.011+0000] {processor.py:830} INFO - Processing file /opt/airflow/dags/f1_pipeline_dag.py for tasks to queue
[2026-05-02T23:22:42.012+0000] {logging_mixin.py:188} INFO - [2026-05-02T23:22:42.012+0000] {dagbag.py:538} INFO - Filling up the DagBag from /opt/airflow/dags/f1_pipeline_dag.py
[2026-05-02T23:22:42.056+0000] {processor.py:840} INFO - DAG(s) 'f1_bigdata_pipeline' retrieved from /opt/airflow/dags/f1_pipeline_dag.py
[2026-05-02T23:22:42.078+0000] {logging_mixin.py:188} INFO - [2026-05-02T23:22:42.078+0000] {dag.py:3036} INFO - Sync 1 DAGs
[2026-05-02T23:22:42.091+0000] {logging_mixin.py:188} INFO - [2026-05-02T23:22:42.091+0000] {dag.py:3823} INFO - Setting next_dagrun for f1_bigdata_pipeline to 2026-04-27 06:00:00+00:00, run_after=2026-05-04 06:00:00+00:00
[2026-05-02T23:22:42.112+0000] {processor.py:183} INFO - Processing /opt/airflow/dags/f1_pipeline_dag.py took 0.113 seconds
[2026-05-02T23:23:12.426+0000] {processor.py:161} INFO - Started process (PID=4746) to work on /opt/airflow/dags/f1_pipeline_dag.py
[2026-05-02T23:23:12.429+0000] {processor.py:830} INFO - Processing file /opt/airflow/dags/f1_pipeline_dag.py for tasks to queue
[2026-05-02T23:23:12.431+0000] {logging_mixin.py:188} INFO - [2026-05-02T23:23:12.430+0000] {dagbag.py:538} INFO - Filling up the DagBag from /opt/airflow/dags/f1_pipeline_dag.py
[2026-05-02T23:23:12.467+0000] {processor.py:840} INFO - DAG(s) 'f1_bigdata_pipeline' retrieved from /opt/airflow/dags/f1_pipeline_dag.py
[2026-05-02T23:23:12.491+0000] {logging_mixin.py:188} INFO - [2026-05-02T23:23:12.491+0000] {dag.py:3036} INFO - Sync 1 DAGs
[2026-05-02T23:23:12.504+0000] {logging_mixin.py:188} INFO - [2026-05-02T23:23:12.504+0000] {dag.py:3823} INFO - Setting next_dagrun for f1_bigdata_pipeline to 2026-04-27 06:00:00+00:00, run_after=2026-05-04 06:00:00+00:00
[2026-05-02T23:23:12.513+0000] {processor.py:183} INFO - Processing /opt/airflow/dags/f1_pipeline_dag.py took 0.094 seconds
[2026-05-02T23:23:42.818+0000] {processor.py:161} INFO - Started process (PID=4751) to work on /opt/airflow/dags/f1_pipeline_dag.py
[2026-05-02T23:23:42.821+0000] {processor.py:830} INFO - Processing file /opt/airflow/dags/f1_pipeline_dag.py for tasks to queue
[2026-05-02T23:23:42.823+0000] {logging_mixin.py:188} INFO - [2026-05-02T23:23:42.822+0000] {dagbag.py:538} INFO - Filling up the DagBag from /opt/airflow/dags/f1_pipeline_dag.py
[2026-05-02T23:23:42.863+0000] {processor.py:840} INFO - DAG(s) 'f1_bigdata_pipeline' retrieved from /opt/airflow/dags/f1_pipeline_dag.py
[2026-05-02T23:23:42.885+0000] {logging_mixin.py:188} INFO - [2026-05-02T23:23:42.885+0000] {dag.py:3036} INFO - Sync 1 DAGs
[2026-05-02T23:23:42.899+0000] {logging_mixin.py:188} INFO - [2026-05-02T23:23:42.899+0000] {dag.py:3823} INFO - Setting next_dagrun for f1_bigdata_pipeline to 2026-04-27 06:00:00+00:00, run_after=2026-05-04 06:00:00+00:00
[2026-05-02T23:23:42.908+0000] {processor.py:183} INFO - Processing /opt/airflow/dags/f1_pipeline_dag.py took 0.097 seconds
[2026-05-02T23:24:13.178+0000] {processor.py:161} INFO - Started process (PID=4756) to work on /opt/airflow/dags/f1_pipeline_dag.py
[2026-05-02T23:24:13.182+0000] {processor.py:830} INFO - Processing file /opt/airflow/dags/f1_pipeline_dag.py for tasks to queue
[2026-05-02T23:24:13.182+0000] {logging_mixin.py:188} INFO - [2026-05-02T23:24:13.182+0000] {dagbag.py:538} INFO - Filling up the DagBag from /opt/airflow/dags/f1_pipeline_dag.py
[2026-05-02T23:24:13.197+0000] {processor.py:840} INFO - DAG(s) 'f1_bigdata_pipeline' retrieved from /opt/airflow/dags/f1_pipeline_dag.py
[2026-05-02T23:24:13.235+0000] {logging_mixin.py:188} INFO - [2026-05-02T23:24:13.234+0000] {dag.py:3036} INFO - Sync 1 DAGs
[2026-05-02T23:24:13.248+0000] {logging_mixin.py:188} INFO - [2026-05-02T23:24:13.248+0000] {dag.py:3823} INFO - Setting next_dagrun for f1_bigdata_pipeline to 2026-04-27 06:00:00+00:00, run_after=2026-05-04 06:00:00+00:00
[2026-05-02T23:24:13.259+0000] {processor.py:183} INFO - Processing /opt/airflow/dags/f1_pipeline_dag.py took 0.096 seconds
[2026-05-02T23:24:43.582+0000] {processor.py:161} INFO - Started process (PID=4761) to work on /opt/airflow/dags/f1_pipeline_dag.py
[2026-05-02T23:24:43.587+0000] {processor.py:830} INFO - Processing file /opt/airflow/dags/f1_pipeline_dag.py for tasks to queue
[2026-05-02T23:24:43.590+0000] {logging_mixin.py:188} INFO - [2026-05-02T23:24:43.588+0000] {dagbag.py:538} INFO - Filling up the DagBag from /opt/airflow/dags/f1_pipeline_dag.py
[2026-05-02T23:24:43.606+0000] {processor.py:840} INFO - DAG(s) 'f1_bigdata_pipeline' retrieved from /opt/airflow/dags/f1_pipeline_dag.py
[2026-05-02T23:24:43.634+0000] {logging_mixin.py:188} INFO - [2026-05-02T23:24:43.634+0000] {dag.py:3036} INFO - Sync 1 DAGs
[2026-05-02T23:24:43.648+0000] {logging_mixin.py:188} INFO - [2026-05-02T23:24:43.647+0000] {dag.py:3823} INFO - Setting next_dagrun for f1_bigdata_pipeline to 2026-04-27 06:00:00+00:00, run_after=2026-05-04 06:00:00+00:00
[2026-05-02T23:24:43.656+0000] {processor.py:183} INFO - Processing /opt/airflow/dags/f1_pipeline_dag.py took 0.099 seconds
[2026-05-02T23:25:14.081+0000] {processor.py:161} INFO - Started process (PID=4766) to work on /opt/airflow/dags/f1_pipeline_dag.py
[2026-05-02T23:25:14.083+0000] {processor.py:830} INFO - Processing file /opt/airflow/dags/f1_pipeline_dag.py for tasks to queue
[2026-05-02T23:25:14.084+0000] {logging_mixin.py:188} INFO - [2026-05-02T23:25:14.084+0000] {dagbag.py:538} INFO - Filling up the DagBag from /opt/airflow/dags/f1_pipeline_dag.py
[2026-05-02T23:25:14.123+0000] {processor.py:840} INFO - DAG(s) 'f1_bigdata_pipeline' retrieved from /opt/airflow/dags/f1_pipeline_dag.py
[2026-05-02T23:25:14.177+0000] {logging_mixin.py:188} INFO - [2026-05-02T23:25:14.177+0000] {dag.py:3036} INFO - Sync 1 DAGs
[2026-05-02T23:25:14.194+0000] {logging_mixin.py:188} INFO - [2026-05-02T23:25:14.194+0000] {dag.py:3823} INFO - Setting next_dagrun for f1_bigdata_pipeline to 2026-04-27 06:00:00+00:00, run_after=2026-05-04 06:00:00+00:00
[2026-05-02T23:25:14.207+0000] {processor.py:183} INFO - Processing /opt/airflow/dags/f1_pipeline_dag.py took 0.145 seconds
[2026-05-02T23:25:44.569+0000] {processor.py:161} INFO - Started process (PID=4771) to work on /opt/airflow/dags/f1_pipeline_dag.py
[2026-05-02T23:25:44.573+0000] {processor.py:830} INFO - Processing file /opt/airflow/dags/f1_pipeline_dag.py for tasks to queue
[2026-05-02T23:25:44.577+0000] {logging_mixin.py:188} INFO - [2026-05-02T23:25:44.575+0000] {dagbag.py:538} INFO - Filling up the DagBag from /opt/airflow/dags/f1_pipeline_dag.py
[2026-05-02T23:25:44.601+0000] {processor.py:840} INFO - DAG(s) 'f1_bigdata_pipeline' retrieved from /opt/airflow/dags/f1_pipeline_dag.py
[2026-05-02T23:25:44.626+0000] {logging_mixin.py:188} INFO - [2026-05-02T23:25:44.626+0000] {dag.py:3036} INFO - Sync 1 DAGs
[2026-05-02T23:25:44.647+0000] {logging_mixin.py:188} INFO - [2026-05-02T23:25:44.647+0000] {dag.py:3823} INFO - Setting next_dagrun for f1_bigdata_pipeline to 2026-04-27 06:00:00+00:00, run_after=2026-05-04 06:00:00+00:00
[2026-05-02T23:25:44.656+0000] {processor.py:183} INFO - Processing /opt/airflow/dags/f1_pipeline_dag.py took 0.093 seconds
[2026-05-02T23:26:14.981+0000] {processor.py:161} INFO - Started process (PID=4776) to work on /opt/airflow/dags/f1_pipeline_dag.py
[2026-05-02T23:26:14.985+0000] {processor.py:830} INFO - Processing file /opt/airflow/dags/f1_pipeline_dag.py for tasks to queue
[2026-05-02T23:26:14.986+0000] {logging_mixin.py:188} INFO - [2026-05-02T23:26:14.985+0000] {dagbag.py:538} INFO - Filling up the DagBag from /opt/airflow/dags/f1_pipeline_dag.py
[2026-05-02T23:26:15.000+0000] {processor.py:840} INFO - DAG(s) 'f1_bigdata_pipeline' retrieved from /opt/airflow/dags/f1_pipeline_dag.py
[2026-05-02T23:26:15.022+0000] {logging_mixin.py:188} INFO - [2026-05-02T23:26:15.022+0000] {dag.py:3036} INFO - Sync 1 DAGs
[2026-05-02T23:26:15.046+0000] {logging_mixin.py:188} INFO - [2026-05-02T23:26:15.045+0000] {dag.py:3823} INFO - Setting next_dagrun for f1_bigdata_pipeline to 2026-04-27 06:00:00+00:00, run_after=2026-05-04 06:00:00+00:00
[2026-05-02T23:26:15.055+0000] {processor.py:183} INFO - Processing /opt/airflow/dags/f1_pipeline_dag.py took 0.084 seconds
[2026-05-02T23:26:45.338+0000] {processor.py:161} INFO - Started process (PID=4781) to work on /opt/airflow/dags/f1_pipeline_dag.py
[2026-05-02T23:26:45.341+0000] {processor.py:830} INFO - Processing file /opt/airflow/dags/f1_pipeline_dag.py for tasks to queue
[2026-05-02T23:26:45.343+0000] {logging_mixin.py:188} INFO - [2026-05-02T23:26:45.342+0000] {dagbag.py:538} INFO - Filling up the DagBag from /opt/airflow/dags/f1_pipeline_dag.py
[2026-05-02T23:26:45.359+0000] {processor.py:840} INFO - DAG(s) 'f1_bigdata_pipeline' retrieved from /opt/airflow/dags/f1_pipeline_dag.py
[2026-05-02T23:26:45.386+0000] {logging_mixin.py:188} INFO - [2026-05-02T23:26:45.386+0000] {dag.py:3036} INFO - Sync 1 DAGs
[2026-05-02T23:26:45.403+0000] {logging_mixin.py:188} INFO - [2026-05-02T23:26:45.403+0000] {dag.py:3823} INFO - Setting next_dagrun for f1_bigdata_pipeline to 2026-04-27 06:00:00+00:00, run_after=2026-05-04 06:00:00+00:00
[2026-05-02T23:26:45.412+0000] {processor.py:183} INFO - Processing /opt/airflow/dags/f1_pipeline_dag.py took 0.083 seconds
[2026-05-02T23:27:15.735+0000] {processor.py:161} INFO - Started process (PID=4786) to work on /opt/airflow/dags/f1_pipeline_dag.py
[2026-05-02T23:27:15.737+0000] {processor.py:830} INFO - Processing file /opt/airflow/dags/f1_pipeline_dag.py for tasks to queue
[2026-05-02T23:27:15.738+0000] {logging_mixin.py:188} INFO - [2026-05-02T23:27:15.737+0000] {dagbag.py:538} INFO - Filling up the DagBag from /opt/airflow/dags/f1_pipeline_dag.py
[2026-05-02T23:27:15.774+0000] {processor.py:840} INFO - DAG(s) 'f1_bigdata_pipeline' retrieved from /opt/airflow/dags/f1_pipeline_dag.py
[2026-05-02T23:27:15.803+0000] {logging_mixin.py:188} INFO - [2026-05-02T23:27:15.802+0000] {dag.py:3036} INFO - Sync 1 DAGs
[2026-05-02T23:27:15.816+0000] {logging_mixin.py:188} INFO - [2026-05-02T23:27:15.816+0000] {dag.py:3823} INFO - Setting next_dagrun for f1_bigdata_pipeline to 2026-04-27 06:00:00+00:00, run_after=2026-05-04 06:00:00+00:00
[2026-05-02T23:27:15.829+0000] {processor.py:183} INFO - Processing /opt/airflow/dags/f1_pipeline_dag.py took 0.101 seconds
[2026-05-02T23:27:46.171+0000] {processor.py:161} INFO - Started process (PID=4791) to work on /opt/airflow/dags/f1_pipeline_dag.py
[2026-05-02T23:27:46.175+0000] {processor.py:830} INFO - Processing file /opt/airflow/dags/f1_pipeline_dag.py for tasks to queue
[2026-05-02T23:27:46.177+0000] {logging_mixin.py:188} INFO - [2026-05-02T23:27:46.176+0000] {dagbag.py:538} INFO - Filling up the DagBag from /opt/airflow/dags/f1_pipeline_dag.py
[2026-05-02T23:27:46.201+0000] {processor.py:840} INFO - DAG(s) 'f1_bigdata_pipeline' retrieved from /opt/airflow/dags/f1_pipeline_dag.py
[2026-05-02T23:27:46.238+0000] {logging_mixin.py:188} INFO - [2026-05-02T23:27:46.238+0000] {dag.py:3036} INFO - Sync 1 DAGs
[2026-05-02T23:27:46.252+0000] {logging_mixin.py:188} INFO - [2026-05-02T23:27:46.252+0000] {dag.py:3823} INFO - Setting next_dagrun for f1_bigdata_pipeline to 2026-04-27 06:00:00+00:00, run_after=2026-05-04 06:00:00+00:00
[2026-05-02T23:27:46.261+0000] {processor.py:183} INFO - Processing /opt/airflow/dags/f1_pipeline_dag.py took 0.099 seconds
[2026-05-02T23:28:16.545+0000] {processor.py:161} INFO - Started process (PID=4796) to work on /opt/airflow/dags/f1_pipeline_dag.py
[2026-05-02T23:28:16.547+0000] {processor.py:830} INFO - Processing file /opt/airflow/dags/f1_pipeline_dag.py for tasks to queue
[2026-05-02T23:28:16.549+0000] {logging_mixin.py:188} INFO - [2026-05-02T23:28:16.548+0000] {dagbag.py:538} INFO - Filling up the DagBag from /opt/airflow/dags/f1_pipeline_dag.py
[2026-05-02T23:28:16.568+0000] {processor.py:840} INFO - DAG(s) 'f1_bigdata_pipeline' retrieved from /opt/airflow/dags/f1_pipeline_dag.py
[2026-05-02T23:28:16.612+0000] {logging_mixin.py:188} INFO - [2026-05-02T23:28:16.612+0000] {dag.py:3036} INFO - Sync 1 DAGs
[2026-05-02T23:28:16.626+0000] {logging_mixin.py:188} INFO - [2026-05-02T23:28:16.625+0000] {dag.py:3823} INFO - Setting next_dagrun for f1_bigdata_pipeline to 2026-04-27 06:00:00+00:00, run_after=2026-05-04 06:00:00+00:00
[2026-05-02T23:28:16.635+0000] {processor.py:183} INFO - Processing /opt/airflow/dags/f1_pipeline_dag.py took 0.111 seconds
[2026-05-02T23:28:46.937+0000] {processor.py:161} INFO - Started process (PID=4801) to work on /opt/airflow/dags/f1_pipeline_dag.py
[2026-05-02T23:28:46.939+0000] {processor.py:830} INFO - Processing file /opt/airflow/dags/f1_pipeline_dag.py for tasks to queue
[2026-05-02T23:28:46.940+0000] {logging_mixin.py:188} INFO - [2026-05-02T23:28:46.940+0000] {dagbag.py:538} INFO - Filling up the DagBag from /opt/airflow/dags/f1_pipeline_dag.py
[2026-05-02T23:28:46.972+0000] {processor.py:840} INFO - DAG(s) 'f1_bigdata_pipeline' retrieved from /opt/airflow/dags/f1_pipeline_dag.py
[2026-05-02T23:28:46.998+0000] {logging_mixin.py:188} INFO - [2026-05-02T23:28:46.997+0000] {dag.py:3036} INFO - Sync 1 DAGs
[2026-05-02T23:28:47.011+0000] {logging_mixin.py:188} INFO - [2026-05-02T23:28:47.011+0000] {dag.py:3823} INFO - Setting next_dagrun for f1_bigdata_pipeline to 2026-04-27 06:00:00+00:00, run_after=2026-05-04 06:00:00+00:00
[2026-05-02T23:28:47.019+0000] {processor.py:183} INFO - Processing /opt/airflow/dags/f1_pipeline_dag.py took 0.088 seconds
[2026-05-02T23:29:17.375+0000] {processor.py:161} INFO - Started process (PID=4806) to work on /opt/airflow/dags/f1_pipeline_dag.py
[2026-05-02T23:29:17.379+0000] {processor.py:830} INFO - Processing file /opt/airflow/dags/f1_pipeline_dag.py for tasks to queue
[2026-05-02T23:29:17.381+0000] {logging_mixin.py:188} INFO - [2026-05-02T23:29:17.380+0000] {dagbag.py:538} INFO - Filling up the DagBag from /opt/airflow/dags/f1_pipeline_dag.py
[2026-05-02T23:29:17.401+0000] {processor.py:840} INFO - DAG(s) 'f1_bigdata_pipeline' retrieved from /opt/airflow/dags/f1_pipeline_dag.py
[2026-05-02T23:29:17.426+0000] {logging_mixin.py:188} INFO - [2026-05-02T23:29:17.426+0000] {dag.py:3036} INFO - Sync 1 DAGs
[2026-05-02T23:29:17.448+0000] {logging_mixin.py:188} INFO - [2026-05-02T23:29:17.448+0000] {dag.py:3823} INFO - Setting next_dagrun for f1_bigdata_pipeline to 2026-04-27 06:00:00+00:00, run_after=2026-05-04 06:00:00+00:00
[2026-05-02T23:29:17.456+0000] {processor.py:183} INFO - Processing /opt/airflow/dags/f1_pipeline_dag.py took 0.104 seconds
[2026-05-02T23:29:47.794+0000] {processor.py:161} INFO - Started process (PID=4811) to work on /opt/airflow/dags/f1_pipeline_dag.py
[2026-05-02T23:29:47.796+0000] {processor.py:830} INFO - Processing file /opt/airflow/dags/f1_pipeline_dag.py for tasks to queue
[2026-05-02T23:29:47.798+0000] {logging_mixin.py:188} INFO - [2026-05-02T23:29:47.797+0000] {dagbag.py:538} INFO - Filling up the DagBag from /opt/airflow/dags/f1_pipeline_dag.py
[2026-05-02T23:29:47.817+0000] {processor.py:840} INFO - DAG(s) 'f1_bigdata_pipeline' retrieved from /opt/airflow/dags/f1_pipeline_dag.py
[2026-05-02T23:29:47.856+0000] {logging_mixin.py:188} INFO - [2026-05-02T23:29:47.856+0000] {dag.py:3036} INFO - Sync 1 DAGs
[2026-05-02T23:29:47.876+0000] {logging_mixin.py:188} INFO - [2026-05-02T23:29:47.876+0000] {dag.py:3823} INFO - Setting next_dagrun for f1_bigdata_pipeline to 2026-04-27 06:00:00+00:00, run_after=2026-05-04 06:00:00+00:00
[2026-05-02T23:29:47.885+0000] {processor.py:183} INFO - Processing /opt/airflow/dags/f1_pipeline_dag.py took 0.097 seconds
[2026-05-02T23:30:18.238+0000] {processor.py:161} INFO - Started process (PID=4816) to work on /opt/airflow/dags/f1_pipeline_dag.py
[2026-05-02T23:30:18.248+0000] {processor.py:830} INFO - Processing file /opt/airflow/dags/f1_pipeline_dag.py for tasks to queue
[2026-05-02T23:30:18.249+0000] {logging_mixin.py:188} INFO - [2026-05-02T23:30:18.248+0000] {dagbag.py:538} INFO - Filling up the DagBag from /opt/airflow/dags/f1_pipeline_dag.py
[2026-05-02T23:30:18.267+0000] {processor.py:840} INFO - DAG(s) 'f1_bigdata_pipeline' retrieved from /opt/airflow/dags/f1_pipeline_dag.py
[2026-05-02T23:30:18.291+0000] {logging_mixin.py:188} INFO - [2026-05-02T23:30:18.291+0000] {dag.py:3036} INFO - Sync 1 DAGs
[2026-05-02T23:30:18.311+0000] {logging_mixin.py:188} INFO - [2026-05-02T23:30:18.311+0000] {dag.py:3823} INFO - Setting next_dagrun for f1_bigdata_pipeline to 2026-04-27 06:00:00+00:00, run_after=2026-05-04 06:00:00+00:00
[2026-05-02T23:30:18.320+0000] {processor.py:183} INFO - Processing /opt/airflow/dags/f1_pipeline_dag.py took 0.092 seconds
[2026-05-02T23:30:48.681+0000] {processor.py:161} INFO - Started process (PID=4821) to work on /opt/airflow/dags/f1_pipeline_dag.py
[2026-05-02T23:30:48.686+0000] {processor.py:830} INFO - Processing file /opt/airflow/dags/f1_pipeline_dag.py for tasks to queue
[2026-05-02T23:30:48.688+0000] {logging_mixin.py:188} INFO - [2026-05-02T23:30:48.687+0000] {dagbag.py:538} INFO - Filling up the DagBag from /opt/airflow/dags/f1_pipeline_dag.py
[2026-05-02T23:30:48.706+0000] {processor.py:840} INFO - DAG(s) 'f1_bigdata_pipeline' retrieved from /opt/airflow/dags/f1_pipeline_dag.py
[2026-05-02T23:30:48.728+0000] {logging_mixin.py:188} INFO - [2026-05-02T23:30:48.728+0000] {dag.py:3036} INFO - Sync 1 DAGs
[2026-05-02T23:30:48.741+0000] {logging_mixin.py:188} INFO - [2026-05-02T23:30:48.741+0000] {dag.py:3823} INFO - Setting next_dagrun for f1_bigdata_pipeline to 2026-04-27 06:00:00+00:00, run_after=2026-05-04 06:00:00+00:00
[2026-05-02T23:30:48.749+0000] {processor.py:183} INFO - Processing /opt/airflow/dags/f1_pipeline_dag.py took 0.086 seconds
[2026-05-02T23:31:19.088+0000] {processor.py:161} INFO - Started process (PID=4826) to work on /opt/airflow/dags/f1_pipeline_dag.py
[2026-05-02T23:31:19.090+0000] {processor.py:830} INFO - Processing file /opt/airflow/dags/f1_pipeline_dag.py for tasks to queue
[2026-05-02T23:31:19.091+0000] {logging_mixin.py:188} INFO - [2026-05-02T23:31:19.091+0000] {dagbag.py:538} INFO - Filling up the DagBag from /opt/airflow/dags/f1_pipeline_dag.py
[2026-05-02T23:31:19.111+0000] {processor.py:840} INFO - DAG(s) 'f1_bigdata_pipeline' retrieved from /opt/airflow/dags/f1_pipeline_dag.py
[2026-05-02T23:31:19.150+0000] {logging_mixin.py:188} INFO - [2026-05-02T23:31:19.150+0000] {dag.py:3036} INFO - Sync 1 DAGs
[2026-05-02T23:31:19.191+0000] {logging_mixin.py:188} INFO - [2026-05-02T23:31:19.191+0000] {dag.py:3823} INFO - Setting next_dagrun for f1_bigdata_pipeline to 2026-04-27 06:00:00+00:00, run_after=2026-05-04 06:00:00+00:00
[2026-05-02T23:31:19.204+0000] {processor.py:183} INFO - Processing /opt/airflow/dags/f1_pipeline_dag.py took 0.125 seconds
[2026-05-02T23:31:49.468+0000] {processor.py:161} INFO - Started process (PID=4831) to work on /opt/airflow/dags/f1_pipeline_dag.py
[2026-05-02T23:31:49.470+0000] {processor.py:830} INFO - Processing file /opt/airflow/dags/f1_pipeline_dag.py for tasks to queue
[2026-05-02T23:31:49.471+0000] {logging_mixin.py:188} INFO - [2026-05-02T23:31:49.471+0000] {dagbag.py:538} INFO - Filling up the DagBag from /opt/airflow/dags/f1_pipeline_dag.py
[2026-05-02T23:31:49.500+0000] {processor.py:840} INFO - DAG(s) 'f1_bigdata_pipeline' retrieved from /opt/airflow/dags/f1_pipeline_dag.py
[2026-05-02T23:31:49.524+0000] {logging_mixin.py:188} INFO - [2026-05-02T23:31:49.524+0000] {dag.py:3036} INFO - Sync 1 DAGs
[2026-05-02T23:31:49.537+0000] {logging_mixin.py:188} INFO - [2026-05-02T23:31:49.537+0000] {dag.py:3823} INFO - Setting next_dagrun for f1_bigdata_pipeline to 2026-04-27 06:00:00+00:00, run_after=2026-05-04 06:00:00+00:00
[2026-05-02T23:31:49.547+0000] {processor.py:183} INFO - Processing /opt/airflow/dags/f1_pipeline_dag.py took 0.089 seconds
[2026-05-02T23:32:19.867+0000] {processor.py:161} INFO - Started process (PID=4836) to work on /opt/airflow/dags/f1_pipeline_dag.py
[2026-05-02T23:32:19.870+0000] {processor.py:830} INFO - Processing file /opt/airflow/dags/f1_pipeline_dag.py for tasks to queue
[2026-05-02T23:32:19.872+0000] {logging_mixin.py:188} INFO - [2026-05-02T23:32:19.871+0000] {dagbag.py:538} INFO - Filling up the DagBag from /opt/airflow/dags/f1_pipeline_dag.py
[2026-05-02T23:32:19.897+0000] {processor.py:840} INFO - DAG(s) 'f1_bigdata_pipeline' retrieved from /opt/airflow/dags/f1_pipeline_dag.py
[2026-05-02T23:32:19.928+0000] {logging_mixin.py:188} INFO - [2026-05-02T23:32:19.928+0000] {dag.py:3036} INFO - Sync 1 DAGs
[2026-05-02T23:32:19.941+0000] {logging_mixin.py:188} INFO - [2026-05-02T23:32:19.941+0000] {dag.py:3823} INFO - Setting next_dagrun for f1_bigdata_pipeline to 2026-04-27 06:00:00+00:00, run_after=2026-05-04 06:00:00+00:00
[2026-05-02T23:32:19.950+0000] {processor.py:183} INFO - Processing /opt/airflow/dags/f1_pipeline_dag.py took 0.092 seconds
[2026-05-02T23:32:50.247+0000] {processor.py:161} INFO - Started process (PID=4841) to work on /opt/airflow/dags/f1_pipeline_dag.py
[2026-05-02T23:32:50.249+0000] {processor.py:830} INFO - Processing file /opt/airflow/dags/f1_pipeline_dag.py for tasks to queue
[2026-05-02T23:32:50.250+0000] {logging_mixin.py:188} INFO - [2026-05-02T23:32:50.250+0000] {dagbag.py:538} INFO - Filling up the DagBag from /opt/airflow/dags/f1_pipeline_dag.py
[2026-05-02T23:32:50.263+0000] {processor.py:840} INFO - DAG(s) 'f1_bigdata_pipeline' retrieved from /opt/airflow/dags/f1_pipeline_dag.py
[2026-05-02T23:32:50.288+0000] {logging_mixin.py:188} INFO - [2026-05-02T23:32:50.288+0000] {dag.py:3036} INFO - Sync 1 DAGs
[2026-05-02T23:32:50.301+0000] {logging_mixin.py:188} INFO - [2026-05-02T23:32:50.301+0000] {dag.py:3823} INFO - Setting next_dagrun for f1_bigdata_pipeline to 2026-04-27 06:00:00+00:00, run_after=2026-05-04 06:00:00+00:00
[2026-05-02T23:32:50.310+0000] {processor.py:183} INFO - Processing /opt/airflow/dags/f1_pipeline_dag.py took 0.073 seconds
[2026-05-02T23:33:20.650+0000] {processor.py:161} INFO - Started process (PID=4846) to work on /opt/airflow/dags/f1_pipeline_dag.py
[2026-05-02T23:33:20.652+0000] {processor.py:830} INFO - Processing file /opt/airflow/dags/f1_pipeline_dag.py for tasks to queue
[2026-05-02T23:33:20.654+0000] {logging_mixin.py:188} INFO - [2026-05-02T23:33:20.653+0000] {dagbag.py:538} INFO - Filling up the DagBag from /opt/airflow/dags/f1_pipeline_dag.py
[2026-05-02T23:33:20.671+0000] {processor.py:840} INFO - DAG(s) 'f1_bigdata_pipeline' retrieved from /opt/airflow/dags/f1_pipeline_dag.py
[2026-05-02T23:33:20.694+0000] {logging_mixin.py:188} INFO - [2026-05-02T23:33:20.694+0000] {dag.py:3036} INFO - Sync 1 DAGs
[2026-05-02T23:33:20.708+0000] {logging_mixin.py:188} INFO - [2026-05-02T23:33:20.707+0000] {dag.py:3823} INFO - Setting next_dagrun for f1_bigdata_pipeline to 2026-04-27 06:00:00+00:00, run_after=2026-05-04 06:00:00+00:00
[2026-05-02T23:33:20.716+0000] {processor.py:183} INFO - Processing /opt/airflow/dags/f1_pipeline_dag.py took 0.075 seconds
[2026-05-02T23:33:51.103+0000] {processor.py:161} INFO - Started process (PID=4851) to work on /opt/airflow/dags/f1_pipeline_dag.py
[2026-05-02T23:33:51.111+0000] {processor.py:830} INFO - Processing file /opt/airflow/dags/f1_pipeline_dag.py for tasks to queue
[2026-05-02T23:33:51.112+0000] {logging_mixin.py:188} INFO - [2026-05-02T23:33:51.112+0000] {dagbag.py:538} INFO - Filling up the DagBag from /opt/airflow/dags/f1_pipeline_dag.py
[2026-05-02T23:33:51.132+0000] {processor.py:840} INFO - DAG(s) 'f1_bigdata_pipeline' retrieved from /opt/airflow/dags/f1_pipeline_dag.py
[2026-05-02T23:33:51.154+0000] {logging_mixin.py:188} INFO - [2026-05-02T23:33:51.154+0000] {dag.py:3036} INFO - Sync 1 DAGs
[2026-05-02T23:33:51.179+0000] {logging_mixin.py:188} INFO - [2026-05-02T23:33:51.179+0000] {dag.py:3823} INFO - Setting next_dagrun for f1_bigdata_pipeline to 2026-04-27 06:00:00+00:00, run_after=2026-05-04 06:00:00+00:00
[2026-05-02T23:33:51.188+0000] {processor.py:183} INFO - Processing /opt/airflow/dags/f1_pipeline_dag.py took 0.112 seconds
[2026-05-02T23:34:21.497+0000] {processor.py:161} INFO - Started process (PID=4856) to work on /opt/airflow/dags/f1_pipeline_dag.py
[2026-05-02T23:34:21.500+0000] {processor.py:830} INFO - Processing file /opt/airflow/dags/f1_pipeline_dag.py for tasks to queue
[2026-05-02T23:34:21.501+0000] {logging_mixin.py:188} INFO - [2026-05-02T23:34:21.501+0000] {dagbag.py:538} INFO - Filling up the DagBag from /opt/airflow/dags/f1_pipeline_dag.py
[2026-05-02T23:34:21.520+0000] {processor.py:840} INFO - DAG(s) 'f1_bigdata_pipeline' retrieved from /opt/airflow/dags/f1_pipeline_dag.py
[2026-05-02T23:34:21.560+0000] {logging_mixin.py:188} INFO - [2026-05-02T23:34:21.560+0000] {dag.py:3036} INFO - Sync 1 DAGs
[2026-05-02T23:34:21.574+0000] {logging_mixin.py:188} INFO - [2026-05-02T23:34:21.574+0000] {dag.py:3823} INFO - Setting next_dagrun for f1_bigdata_pipeline to 2026-04-27 06:00:00+00:00, run_after=2026-05-04 06:00:00+00:00
[2026-05-02T23:34:21.582+0000] {processor.py:183} INFO - Processing /opt/airflow/dags/f1_pipeline_dag.py took 0.092 seconds
[2026-05-02T23:34:52.070+0000] {processor.py:161} INFO - Started process (PID=4861) to work on /opt/airflow/dags/f1_pipeline_dag.py
[2026-05-02T23:34:52.072+0000] {processor.py:830} INFO - Processing file /opt/airflow/dags/f1_pipeline_dag.py for tasks to queue
[2026-05-02T23:34:52.072+0000] {logging_mixin.py:188} INFO - [2026-05-02T23:34:52.072+0000] {dagbag.py:538} INFO - Filling up the DagBag from /opt/airflow/dags/f1_pipeline_dag.py
[2026-05-02T23:34:52.107+0000] {processor.py:840} INFO - DAG(s) 'f1_bigdata_pipeline' retrieved from /opt/airflow/dags/f1_pipeline_dag.py
[2026-05-02T23:34:52.137+0000] {logging_mixin.py:188} INFO - [2026-05-02T23:34:52.137+0000] {dag.py:3036} INFO - Sync 1 DAGs
[2026-05-02T23:34:52.150+0000] {logging_mixin.py:188} INFO - [2026-05-02T23:34:52.150+0000] {dag.py:3823} INFO - Setting next_dagrun for f1_bigdata_pipeline to 2026-04-27 06:00:00+00:00, run_after=2026-05-04 06:00:00+00:00
[2026-05-02T23:34:52.160+0000] {processor.py:183} INFO - Processing /opt/airflow/dags/f1_pipeline_dag.py took 0.095 seconds
[2026-05-02T23:35:22.430+0000] {processor.py:161} INFO - Started process (PID=4866) to work on /opt/airflow/dags/f1_pipeline_dag.py
[2026-05-02T23:35:22.433+0000] {processor.py:830} INFO - Processing file /opt/airflow/dags/f1_pipeline_dag.py for tasks to queue
[2026-05-02T23:35:22.435+0000] {logging_mixin.py:188} INFO - [2026-05-02T23:35:22.434+0000] {dagbag.py:538} INFO - Filling up the DagBag from /opt/airflow/dags/f1_pipeline_dag.py
[2026-05-02T23:35:22.461+0000] {processor.py:840} INFO - DAG(s) 'f1_bigdata_pipeline' retrieved from /opt/airflow/dags/f1_pipeline_dag.py
[2026-05-02T23:35:22.482+0000] {logging_mixin.py:188} INFO - [2026-05-02T23:35:22.482+0000] {dag.py:3036} INFO - Sync 1 DAGs
[2026-05-02T23:35:22.496+0000] {logging_mixin.py:188} INFO - [2026-05-02T23:35:22.496+0000] {dag.py:3823} INFO - Setting next_dagrun for f1_bigdata_pipeline to 2026-04-27 06:00:00+00:00, run_after=2026-05-04 06:00:00+00:00
[2026-05-02T23:35:22.504+0000] {processor.py:183} INFO - Processing /opt/airflow/dags/f1_pipeline_dag.py took 0.096 seconds
[2026-05-02T23:35:52.855+0000] {processor.py:161} INFO - Started process (PID=4871) to work on /opt/airflow/dags/f1_pipeline_dag.py
[2026-05-02T23:35:52.861+0000] {processor.py:830} INFO - Processing file /opt/airflow/dags/f1_pipeline_dag.py for tasks to queue
[2026-05-02T23:35:52.865+0000] {logging_mixin.py:188} INFO - [2026-05-02T23:35:52.863+0000] {dagbag.py:538} INFO - Filling up the DagBag from /opt/airflow/dags/f1_pipeline_dag.py
[2026-05-02T23:35:52.886+0000] {processor.py:840} INFO - DAG(s) 'f1_bigdata_pipeline' retrieved from /opt/airflow/dags/f1_pipeline_dag.py
[2026-05-02T23:35:52.909+0000] {logging_mixin.py:188} INFO - [2026-05-02T23:35:52.909+0000] {dag.py:3036} INFO - Sync 1 DAGs
[2026-05-02T23:35:52.921+0000] {logging_mixin.py:188} INFO - [2026-05-02T23:35:52.921+0000] {dag.py:3823} INFO - Setting next_dagrun for f1_bigdata_pipeline to 2026-04-27 06:00:00+00:00, run_after=2026-05-04 06:00:00+00:00
[2026-05-02T23:35:52.929+0000] {processor.py:183} INFO - Processing /opt/airflow/dags/f1_pipeline_dag.py took 0.079 seconds
[2026-05-02T23:36:23.229+0000] {processor.py:161} INFO - Started process (PID=4876) to work on /opt/airflow/dags/f1_pipeline_dag.py
[2026-05-02T23:36:23.231+0000] {processor.py:830} INFO - Processing file /opt/airflow/dags/f1_pipeline_dag.py for tasks to queue
[2026-05-02T23:36:23.232+0000] {logging_mixin.py:188} INFO - [2026-05-02T23:36:23.232+0000] {dagbag.py:538} INFO - Filling up the DagBag from /opt/airflow/dags/f1_pipeline_dag.py
[2026-05-02T23:36:23.267+0000] {processor.py:840} INFO - DAG(s) 'f1_bigdata_pipeline' retrieved from /opt/airflow/dags/f1_pipeline_dag.py
[2026-05-02T23:36:23.290+0000] {logging_mixin.py:188} INFO - [2026-05-02T23:36:23.290+0000] {dag.py:3036} INFO - Sync 1 DAGs
[2026-05-02T23:36:23.303+0000] {logging_mixin.py:188} INFO - [2026-05-02T23:36:23.303+0000] {dag.py:3823} INFO - Setting next_dagrun for f1_bigdata_pipeline to 2026-04-27 06:00:00+00:00, run_after=2026-05-04 06:00:00+00:00
[2026-05-02T23:36:23.311+0000] {processor.py:183} INFO - Processing /opt/airflow/dags/f1_pipeline_dag.py took 0.091 seconds
[2026-05-02T23:36:53.678+0000] {processor.py:161} INFO - Started process (PID=4881) to work on /opt/airflow/dags/f1_pipeline_dag.py
[2026-05-02T23:36:53.679+0000] {processor.py:830} INFO - Processing file /opt/airflow/dags/f1_pipeline_dag.py for tasks to queue
[2026-05-02T23:36:53.680+0000] {logging_mixin.py:188} INFO - [2026-05-02T23:36:53.679+0000] {dagbag.py:538} INFO - Filling up the DagBag from /opt/airflow/dags/f1_pipeline_dag.py
[2026-05-02T23:36:53.694+0000] {processor.py:840} INFO - DAG(s) 'f1_bigdata_pipeline' retrieved from /opt/airflow/dags/f1_pipeline_dag.py
[2026-05-02T23:36:53.729+0000] {logging_mixin.py:188} INFO - [2026-05-02T23:36:53.729+0000] {dag.py:3036} INFO - Sync 1 DAGs
[2026-05-02T23:36:53.742+0000] {logging_mixin.py:188} INFO - [2026-05-02T23:36:53.742+0000] {dag.py:3823} INFO - Setting next_dagrun for f1_bigdata_pipeline to 2026-04-27 06:00:00+00:00, run_after=2026-05-04 06:00:00+00:00
[2026-05-02T23:36:53.751+0000] {processor.py:183} INFO - Processing /opt/airflow/dags/f1_pipeline_dag.py took 0.080 seconds
[2026-05-02T23:37:24.063+0000] {processor.py:161} INFO - Started process (PID=4886) to work on /opt/airflow/dags/f1_pipeline_dag.py
[2026-05-02T23:37:24.065+0000] {processor.py:830} INFO - Processing file /opt/airflow/dags/f1_pipeline_dag.py for tasks to queue
[2026-05-02T23:37:24.067+0000] {logging_mixin.py:188} INFO - [2026-05-02T23:37:24.066+0000] {dagbag.py:538} INFO - Filling up the DagBag from /opt/airflow/dags/f1_pipeline_dag.py
[2026-05-02T23:37:24.081+0000] {processor.py:840} INFO - DAG(s) 'f1_bigdata_pipeline' retrieved from /opt/airflow/dags/f1_pipeline_dag.py
[2026-05-02T23:37:24.116+0000] {logging_mixin.py:188} INFO - [2026-05-02T23:37:24.116+0000] {dag.py:3036} INFO - Sync 1 DAGs
[2026-05-02T23:37:24.129+0000] {logging_mixin.py:188} INFO - [2026-05-02T23:37:24.129+0000] {dag.py:3823} INFO - Setting next_dagrun for f1_bigdata_pipeline to 2026-04-27 06:00:00+00:00, run_after=2026-05-04 06:00:00+00:00
[2026-05-02T23:37:24.137+0000] {processor.py:183} INFO - Processing /opt/airflow/dags/f1_pipeline_dag.py took 0.088 seconds
[2026-05-02T23:37:54.435+0000] {processor.py:161} INFO - Started process (PID=4891) to work on /opt/airflow/dags/f1_pipeline_dag.py
[2026-05-02T23:37:54.437+0000] {processor.py:830} INFO - Processing file /opt/airflow/dags/f1_pipeline_dag.py for tasks to queue
[2026-05-02T23:37:54.438+0000] {logging_mixin.py:188} INFO - [2026-05-02T23:37:54.437+0000] {dagbag.py:538} INFO - Filling up the DagBag from /opt/airflow/dags/f1_pipeline_dag.py
[2026-05-02T23:37:54.473+0000] {processor.py:840} INFO - DAG(s) 'f1_bigdata_pipeline' retrieved from /opt/airflow/dags/f1_pipeline_dag.py
[2026-05-02T23:37:54.501+0000] {logging_mixin.py:188} INFO - [2026-05-02T23:37:54.501+0000] {dag.py:3036} INFO - Sync 1 DAGs
[2026-05-02T23:37:54.515+0000] {logging_mixin.py:188} INFO - [2026-05-02T23:37:54.515+0000] {dag.py:3823} INFO - Setting next_dagrun for f1_bigdata_pipeline to 2026-04-27 06:00:00+00:00, run_after=2026-05-04 06:00:00+00:00
[2026-05-02T23:37:54.530+0000] {processor.py:183} INFO - Processing /opt/airflow/dags/f1_pipeline_dag.py took 0.098 seconds
[2026-05-02T23:38:24.835+0000] {processor.py:161} INFO - Started process (PID=4896) to work on /opt/airflow/dags/f1_pipeline_dag.py
[2026-05-02T23:38:24.838+0000] {processor.py:830} INFO - Processing file /opt/airflow/dags/f1_pipeline_dag.py for tasks to queue
[2026-05-02T23:38:24.840+0000] {logging_mixin.py:188} INFO - [2026-05-02T23:38:24.839+0000] {dagbag.py:538} INFO - Filling up the DagBag from /opt/airflow/dags/f1_pipeline_dag.py
[2026-05-02T23:38:24.861+0000] {processor.py:840} INFO - DAG(s) 'f1_bigdata_pipeline' retrieved from /opt/airflow/dags/f1_pipeline_dag.py
[2026-05-02T23:38:24.885+0000] {logging_mixin.py:188} INFO - [2026-05-02T23:38:24.885+0000] {dag.py:3036} INFO - Sync 1 DAGs
[2026-05-02T23:38:24.911+0000] {logging_mixin.py:188} INFO - [2026-05-02T23:38:24.910+0000] {dag.py:3823} INFO - Setting next_dagrun for f1_bigdata_pipeline to 2026-04-27 06:00:00+00:00, run_after=2026-05-04 06:00:00+00:00
[2026-05-02T23:38:24.920+0000] {processor.py:183} INFO - Processing /opt/airflow/dags/f1_pipeline_dag.py took 0.091 seconds
[2026-05-02T23:38:55.208+0000] {processor.py:161} INFO - Started process (PID=4901) to work on /opt/airflow/dags/f1_pipeline_dag.py
[2026-05-02T23:38:55.209+0000] {processor.py:830} INFO - Processing file /opt/airflow/dags/f1_pipeline_dag.py for tasks to queue
[2026-05-02T23:38:55.210+0000] {logging_mixin.py:188} INFO - [2026-05-02T23:38:55.210+0000] {dagbag.py:538} INFO - Filling up the DagBag from /opt/airflow/dags/f1_pipeline_dag.py
[2026-05-02T23:38:55.224+0000] {processor.py:840} INFO - DAG(s) 'f1_bigdata_pipeline' retrieved from /opt/airflow/dags/f1_pipeline_dag.py
[2026-05-02T23:38:55.246+0000] {logging_mixin.py:188} INFO - [2026-05-02T23:38:55.246+0000] {dag.py:3036} INFO - Sync 1 DAGs
[2026-05-02T23:38:55.259+0000] {logging_mixin.py:188} INFO - [2026-05-02T23:38:55.259+0000] {dag.py:3823} INFO - Setting next_dagrun for f1_bigdata_pipeline to 2026-04-27 06:00:00+00:00, run_after=2026-05-04 06:00:00+00:00
[2026-05-02T23:38:55.271+0000] {processor.py:183} INFO - Processing /opt/airflow/dags/f1_pipeline_dag.py took 0.067 seconds
[2026-05-02T23:39:25.651+0000] {processor.py:161} INFO - Started process (PID=4906) to work on /opt/airflow/dags/f1_pipeline_dag.py
[2026-05-02T23:39:25.652+0000] {processor.py:830} INFO - Processing file /opt/airflow/dags/f1_pipeline_dag.py for tasks to queue
[2026-05-02T23:39:25.653+0000] {logging_mixin.py:188} INFO - [2026-05-02T23:39:25.653+0000] {dagbag.py:538} INFO - Filling up the DagBag from /opt/airflow/dags/f1_pipeline_dag.py
[2026-05-02T23:39:25.665+0000] {processor.py:840} INFO - DAG(s) 'f1_bigdata_pipeline' retrieved from /opt/airflow/dags/f1_pipeline_dag.py
[2026-05-02T23:39:25.700+0000] {logging_mixin.py:188} INFO - [2026-05-02T23:39:25.700+0000] {dag.py:3036} INFO - Sync 1 DAGs
[2026-05-02T23:39:25.713+0000] {logging_mixin.py:188} INFO - [2026-05-02T23:39:25.713+0000] {dag.py:3823} INFO - Setting next_dagrun for f1_bigdata_pipeline to 2026-04-27 06:00:00+00:00, run_after=2026-05-04 06:00:00+00:00
[2026-05-02T23:39:25.721+0000] {processor.py:183} INFO - Processing /opt/airflow/dags/f1_pipeline_dag.py took 0.072 seconds
[2026-05-02T23:39:56.052+0000] {processor.py:161} INFO - Started process (PID=4911) to work on /opt/airflow/dags/f1_pipeline_dag.py
[2026-05-02T23:39:56.054+0000] {processor.py:830} INFO - Processing file /opt/airflow/dags/f1_pipeline_dag.py for tasks to queue
[2026-05-02T23:39:56.055+0000] {logging_mixin.py:188} INFO - [2026-05-02T23:39:56.055+0000] {dagbag.py:538} INFO - Filling up the DagBag from /opt/airflow/dags/f1_pipeline_dag.py
[2026-05-02T23:39:56.073+0000] {processor.py:840} INFO - DAG(s) 'f1_bigdata_pipeline' retrieved from /opt/airflow/dags/f1_pipeline_dag.py
[2026-05-02T23:39:56.098+0000] {logging_mixin.py:188} INFO - [2026-05-02T23:39:56.098+0000] {dag.py:3036} INFO - Sync 1 DAGs
[2026-05-02T23:39:56.112+0000] {logging_mixin.py:188} INFO - [2026-05-02T23:39:56.112+0000] {dag.py:3823} INFO - Setting next_dagrun for f1_bigdata_pipeline to 2026-04-27 06:00:00+00:00, run_after=2026-05-04 06:00:00+00:00
[2026-05-02T23:39:56.120+0000] {processor.py:183} INFO - Processing /opt/airflow/dags/f1_pipeline_dag.py took 0.085 seconds
[2026-05-02T23:40:26.472+0000] {processor.py:161} INFO - Started process (PID=4916) to work on /opt/airflow/dags/f1_pipeline_dag.py
[2026-05-02T23:40:26.476+0000] {processor.py:830} INFO - Processing file /opt/airflow/dags/f1_pipeline_dag.py for tasks to queue
[2026-05-02T23:40:26.477+0000] {logging_mixin.py:188} INFO - [2026-05-02T23:40:26.477+0000] {dagbag.py:538} INFO - Filling up the DagBag from /opt/airflow/dags/f1_pipeline_dag.py
[2026-05-02T23:40:26.489+0000] {processor.py:840} INFO - DAG(s) 'f1_bigdata_pipeline' retrieved from /opt/airflow/dags/f1_pipeline_dag.py
[2026-05-02T23:40:26.521+0000] {logging_mixin.py:188} INFO - [2026-05-02T23:40:26.521+0000] {dag.py:3036} INFO - Sync 1 DAGs
[2026-05-02T23:40:26.538+0000] {logging_mixin.py:188} INFO - [2026-05-02T23:40:26.538+0000] {dag.py:3823} INFO - Setting next_dagrun for f1_bigdata_pipeline to 2026-04-27 06:00:00+00:00, run_after=2026-05-04 06:00:00+00:00
[2026-05-02T23:40:26.554+0000] {processor.py:183} INFO - Processing /opt/airflow/dags/f1_pipeline_dag.py took 0.092 seconds
[2026-05-02T23:40:56.839+0000] {processor.py:161} INFO - Started process (PID=4921) to work on /opt/airflow/dags/f1_pipeline_dag.py
[2026-05-02T23:40:56.840+0000] {processor.py:830} INFO - Processing file /opt/airflow/dags/f1_pipeline_dag.py for tasks to queue
[2026-05-02T23:40:56.842+0000] {logging_mixin.py:188} INFO - [2026-05-02T23:40:56.841+0000] {dagbag.py:538} INFO - Filling up the DagBag from /opt/airflow/dags/f1_pipeline_dag.py
[2026-05-02T23:40:56.869+0000] {processor.py:840} INFO - DAG(s) 'f1_bigdata_pipeline' retrieved from /opt/airflow/dags/f1_pipeline_dag.py
[2026-05-02T23:40:56.892+0000] {logging_mixin.py:188} INFO - [2026-05-02T23:40:56.892+0000] {dag.py:3036} INFO - Sync 1 DAGs
[2026-05-02T23:40:56.906+0000] {logging_mixin.py:188} INFO - [2026-05-02T23:40:56.906+0000] {dag.py:3823} INFO - Setting next_dagrun for f1_bigdata_pipeline to 2026-04-27 06:00:00+00:00, run_after=2026-05-04 06:00:00+00:00
[2026-05-02T23:40:56.915+0000] {processor.py:183} INFO - Processing /opt/airflow/dags/f1_pipeline_dag.py took 0.081 seconds
[2026-05-02T23:41:27.274+0000] {processor.py:161} INFO - Started process (PID=4926) to work on /opt/airflow/dags/f1_pipeline_dag.py
[2026-05-02T23:41:27.276+0000] {processor.py:830} INFO - Processing file /opt/airflow/dags/f1_pipeline_dag.py for tasks to queue
[2026-05-02T23:41:27.278+0000] {logging_mixin.py:188} INFO - [2026-05-02T23:41:27.277+0000] {dagbag.py:538} INFO - Filling up the DagBag from /opt/airflow/dags/f1_pipeline_dag.py
[2026-05-02T23:41:27.300+0000] {processor.py:840} INFO - DAG(s) 'f1_bigdata_pipeline' retrieved from /opt/airflow/dags/f1_pipeline_dag.py
[2026-05-02T23:41:27.340+0000] {logging_mixin.py:188} INFO - [2026-05-02T23:41:27.340+0000] {dag.py:3036} INFO - Sync 1 DAGs
[2026-05-02T23:41:27.363+0000] {logging_mixin.py:188} INFO - [2026-05-02T23:41:27.363+0000] {dag.py:3823} INFO - Setting next_dagrun for f1_bigdata_pipeline to 2026-04-27 06:00:00+00:00, run_after=2026-05-04 06:00:00+00:00
[2026-05-02T23:41:27.372+0000] {processor.py:183} INFO - Processing /opt/airflow/dags/f1_pipeline_dag.py took 0.105 seconds
[2026-05-02T23:41:57.702+0000] {processor.py:161} INFO - Started process (PID=4931) to work on /opt/airflow/dags/f1_pipeline_dag.py
[2026-05-02T23:41:57.707+0000] {processor.py:830} INFO - Processing file /opt/airflow/dags/f1_pipeline_dag.py for tasks to queue
[2026-05-02T23:41:57.710+0000] {logging_mixin.py:188} INFO - [2026-05-02T23:41:57.708+0000] {dagbag.py:538} INFO - Filling up the DagBag from /opt/airflow/dags/f1_pipeline_dag.py
[2026-05-02T23:41:57.745+0000] {processor.py:840} INFO - DAG(s) 'f1_bigdata_pipeline' retrieved from /opt/airflow/dags/f1_pipeline_dag.py
[2026-05-02T23:41:57.768+0000] {logging_mixin.py:188} INFO - [2026-05-02T23:41:57.768+0000] {dag.py:3036} INFO - Sync 1 DAGs
[2026-05-02T23:41:57.785+0000] {logging_mixin.py:188} INFO - [2026-05-02T23:41:57.785+0000] {dag.py:3823} INFO - Setting next_dagrun for f1_bigdata_pipeline to 2026-04-27 06:00:00+00:00, run_after=2026-05-04 06:00:00+00:00
[2026-05-02T23:41:57.797+0000] {processor.py:183} INFO - Processing /opt/airflow/dags/f1_pipeline_dag.py took 0.110 seconds
[2026-05-02T23:42:28.103+0000] {processor.py:161} INFO - Started process (PID=4936) to work on /opt/airflow/dags/f1_pipeline_dag.py
[2026-05-02T23:42:28.104+0000] {processor.py:830} INFO - Processing file /opt/airflow/dags/f1_pipeline_dag.py for tasks to queue
[2026-05-02T23:42:28.106+0000] {logging_mixin.py:188} INFO - [2026-05-02T23:42:28.105+0000] {dagbag.py:538} INFO - Filling up the DagBag from /opt/airflow/dags/f1_pipeline_dag.py
[2026-05-02T23:42:28.138+0000] {processor.py:840} INFO - DAG(s) 'f1_bigdata_pipeline' retrieved from /opt/airflow/dags/f1_pipeline_dag.py
[2026-05-02T23:42:28.171+0000] {logging_mixin.py:188} INFO - [2026-05-02T23:42:28.171+0000] {dag.py:3036} INFO - Sync 1 DAGs
[2026-05-02T23:42:28.185+0000] {logging_mixin.py:188} INFO - [2026-05-02T23:42:28.185+0000] {dag.py:3823} INFO - Setting next_dagrun for f1_bigdata_pipeline to 2026-04-27 06:00:00+00:00, run_after=2026-05-04 06:00:00+00:00
[2026-05-02T23:42:28.194+0000] {processor.py:183} INFO - Processing /opt/airflow/dags/f1_pipeline_dag.py took 0.097 seconds
[2026-05-02T23:42:58.496+0000] {processor.py:161} INFO - Started process (PID=4941) to work on /opt/airflow/dags/f1_pipeline_dag.py
[2026-05-02T23:42:58.498+0000] {processor.py:830} INFO - Processing file /opt/airflow/dags/f1_pipeline_dag.py for tasks to queue
[2026-05-02T23:42:58.499+0000] {logging_mixin.py:188} INFO - [2026-05-02T23:42:58.498+0000] {dagbag.py:538} INFO - Filling up the DagBag from /opt/airflow/dags/f1_pipeline_dag.py
[2026-05-02T23:42:58.513+0000] {processor.py:840} INFO - DAG(s) 'f1_bigdata_pipeline' retrieved from /opt/airflow/dags/f1_pipeline_dag.py
[2026-05-02T23:42:58.552+0000] {logging_mixin.py:188} INFO - [2026-05-02T23:42:58.552+0000] {dag.py:3036} INFO - Sync 1 DAGs
[2026-05-02T23:42:58.568+0000] {logging_mixin.py:188} INFO - [2026-05-02T23:42:58.567+0000] {dag.py:3823} INFO - Setting next_dagrun for f1_bigdata_pipeline to 2026-04-27 06:00:00+00:00, run_after=2026-05-04 06:00:00+00:00
[2026-05-02T23:42:58.577+0000] {processor.py:183} INFO - Processing /opt/airflow/dags/f1_pipeline_dag.py took 0.085 seconds
[2026-05-02T23:43:28.890+0000] {processor.py:161} INFO - Started process (PID=4946) to work on /opt/airflow/dags/f1_pipeline_dag.py
[2026-05-02T23:43:28.893+0000] {processor.py:830} INFO - Processing file /opt/airflow/dags/f1_pipeline_dag.py for tasks to queue
[2026-05-02T23:43:28.894+0000] {logging_mixin.py:188} INFO - [2026-05-02T23:43:28.893+0000] {dagbag.py:538} INFO - Filling up the DagBag from /opt/airflow/dags/f1_pipeline_dag.py
[2026-05-02T23:43:28.932+0000] {processor.py:840} INFO - DAG(s) 'f1_bigdata_pipeline' retrieved from /opt/airflow/dags/f1_pipeline_dag.py
[2026-05-02T23:43:28.959+0000] {logging_mixin.py:188} INFO - [2026-05-02T23:43:28.959+0000] {dag.py:3036} INFO - Sync 1 DAGs
[2026-05-02T23:43:28.973+0000] {logging_mixin.py:188} INFO - [2026-05-02T23:43:28.973+0000] {dag.py:3823} INFO - Setting next_dagrun for f1_bigdata_pipeline to 2026-04-27 06:00:00+00:00, run_after=2026-05-04 06:00:00+00:00
[2026-05-02T23:43:28.982+0000] {processor.py:183} INFO - Processing /opt/airflow/dags/f1_pipeline_dag.py took 0.097 seconds
[2026-05-02T23:43:59.305+0000] {processor.py:161} INFO - Started process (PID=4951) to work on /opt/airflow/dags/f1_pipeline_dag.py
[2026-05-02T23:43:59.307+0000] {processor.py:830} INFO - Processing file /opt/airflow/dags/f1_pipeline_dag.py for tasks to queue
[2026-05-02T23:43:59.308+0000] {logging_mixin.py:188} INFO - [2026-05-02T23:43:59.308+0000] {dagbag.py:538} INFO - Filling up the DagBag from /opt/airflow/dags/f1_pipeline_dag.py
[2026-05-02T23:43:59.341+0000] {processor.py:840} INFO - DAG(s) 'f1_bigdata_pipeline' retrieved from /opt/airflow/dags/f1_pipeline_dag.py
[2026-05-02T23:43:59.372+0000] {logging_mixin.py:188} INFO - [2026-05-02T23:43:59.372+0000] {dag.py:3036} INFO - Sync 1 DAGs
[2026-05-02T23:43:59.385+0000] {logging_mixin.py:188} INFO - [2026-05-02T23:43:59.385+0000] {dag.py:3823} INFO - Setting next_dagrun for f1_bigdata_pipeline to 2026-04-27 06:00:00+00:00, run_after=2026-05-04 06:00:00+00:00
[2026-05-02T23:43:59.393+0000] {processor.py:183} INFO - Processing /opt/airflow/dags/f1_pipeline_dag.py took 0.097 seconds
[2026-05-02T23:44:29.840+0000] {processor.py:161} INFO - Started process (PID=4956) to work on /opt/airflow/dags/f1_pipeline_dag.py
[2026-05-02T23:44:29.841+0000] {processor.py:830} INFO - Processing file /opt/airflow/dags/f1_pipeline_dag.py for tasks to queue
[2026-05-02T23:44:29.842+0000] {logging_mixin.py:188} INFO - [2026-05-02T23:44:29.842+0000] {dagbag.py:538} INFO - Filling up the DagBag from /opt/airflow/dags/f1_pipeline_dag.py
[2026-05-02T23:44:29.888+0000] {processor.py:840} INFO - DAG(s) 'f1_bigdata_pipeline' retrieved from /opt/airflow/dags/f1_pipeline_dag.py
[2026-05-02T23:44:29.915+0000] {logging_mixin.py:188} INFO - [2026-05-02T23:44:29.915+0000] {dag.py:3036} INFO - Sync 1 DAGs
[2026-05-02T23:44:29.929+0000] {logging_mixin.py:188} INFO - [2026-05-02T23:44:29.929+0000] {dag.py:3823} INFO - Setting next_dagrun for f1_bigdata_pipeline to 2026-04-27 06:00:00+00:00, run_after=2026-05-04 06:00:00+00:00
[2026-05-02T23:44:29.948+0000] {processor.py:183} INFO - Processing /opt/airflow/dags/f1_pipeline_dag.py took 0.113 seconds
[2026-05-02T23:45:00.232+0000] {processor.py:161} INFO - Started process (PID=4961) to work on /opt/airflow/dags/f1_pipeline_dag.py
[2026-05-02T23:45:00.234+0000] {processor.py:830} INFO - Processing file /opt/airflow/dags/f1_pipeline_dag.py for tasks to queue
[2026-05-02T23:45:00.235+0000] {logging_mixin.py:188} INFO - [2026-05-02T23:45:00.234+0000] {dagbag.py:538} INFO - Filling up the DagBag from /opt/airflow/dags/f1_pipeline_dag.py
[2026-05-02T23:45:00.255+0000] {processor.py:840} INFO - DAG(s) 'f1_bigdata_pipeline' retrieved from /opt/airflow/dags/f1_pipeline_dag.py
[2026-05-02T23:45:00.295+0000] {logging_mixin.py:188} INFO - [2026-05-02T23:45:00.295+0000] {dag.py:3036} INFO - Sync 1 DAGs
[2026-05-02T23:45:00.308+0000] {logging_mixin.py:188} INFO - [2026-05-02T23:45:00.307+0000] {dag.py:3823} INFO - Setting next_dagrun for f1_bigdata_pipeline to 2026-04-27 06:00:00+00:00, run_after=2026-05-04 06:00:00+00:00
[2026-05-02T23:45:00.316+0000] {processor.py:183} INFO - Processing /opt/airflow/dags/f1_pipeline_dag.py took 0.089 seconds
[2026-05-02T23:45:30.610+0000] {processor.py:161} INFO - Started process (PID=4966) to work on /opt/airflow/dags/f1_pipeline_dag.py
[2026-05-02T23:45:30.612+0000] {processor.py:830} INFO - Processing file /opt/airflow/dags/f1_pipeline_dag.py for tasks to queue
[2026-05-02T23:45:30.612+0000] {logging_mixin.py:188} INFO - [2026-05-02T23:45:30.612+0000] {dagbag.py:538} INFO - Filling up the DagBag from /opt/airflow/dags/f1_pipeline_dag.py
[2026-05-02T23:45:30.623+0000] {processor.py:840} INFO - DAG(s) 'f1_bigdata_pipeline' retrieved from /opt/airflow/dags/f1_pipeline_dag.py
[2026-05-02T23:45:30.658+0000] {logging_mixin.py:188} INFO - [2026-05-02T23:45:30.658+0000] {dag.py:3036} INFO - Sync 1 DAGs
[2026-05-02T23:45:30.671+0000] {logging_mixin.py:188} INFO - [2026-05-02T23:45:30.671+0000] {dag.py:3823} INFO - Setting next_dagrun for f1_bigdata_pipeline to 2026-04-27 06:00:00+00:00, run_after=2026-05-04 06:00:00+00:00
[2026-05-02T23:45:30.679+0000] {processor.py:183} INFO - Processing /opt/airflow/dags/f1_pipeline_dag.py took 0.072 seconds
[2026-05-02T23:46:01.019+0000] {processor.py:161} INFO - Started process (PID=4971) to work on /opt/airflow/dags/f1_pipeline_dag.py
[2026-05-02T23:46:01.020+0000] {processor.py:830} INFO - Processing file /opt/airflow/dags/f1_pipeline_dag.py for tasks to queue
[2026-05-02T23:46:01.022+0000] {logging_mixin.py:188} INFO - [2026-05-02T23:46:01.021+0000] {dagbag.py:538} INFO - Filling up the DagBag from /opt/airflow/dags/f1_pipeline_dag.py
[2026-05-02T23:46:01.038+0000] {processor.py:840} INFO - DAG(s) 'f1_bigdata_pipeline' retrieved from /opt/airflow/dags/f1_pipeline_dag.py
[2026-05-02T23:46:01.075+0000] {logging_mixin.py:188} INFO - [2026-05-02T23:46:01.075+0000] {dag.py:3036} INFO - Sync 1 DAGs
[2026-05-02T23:46:01.092+0000] {logging_mixin.py:188} INFO - [2026-05-02T23:46:01.092+0000] {dag.py:3823} INFO - Setting next_dagrun for f1_bigdata_pipeline to 2026-04-27 06:00:00+00:00, run_after=2026-05-04 06:00:00+00:00
[2026-05-02T23:46:01.100+0000] {processor.py:183} INFO - Processing /opt/airflow/dags/f1_pipeline_dag.py took 0.087 seconds
[2026-05-02T23:46:31.460+0000] {processor.py:161} INFO - Started process (PID=4976) to work on /opt/airflow/dags/f1_pipeline_dag.py
[2026-05-02T23:46:31.462+0000] {processor.py:830} INFO - Processing file /opt/airflow/dags/f1_pipeline_dag.py for tasks to queue
[2026-05-02T23:46:31.464+0000] {logging_mixin.py:188} INFO - [2026-05-02T23:46:31.463+0000] {dagbag.py:538} INFO - Filling up the DagBag from /opt/airflow/dags/f1_pipeline_dag.py
[2026-05-02T23:46:31.486+0000] {processor.py:840} INFO - DAG(s) 'f1_bigdata_pipeline' retrieved from /opt/airflow/dags/f1_pipeline_dag.py
[2026-05-02T23:46:31.533+0000] {logging_mixin.py:188} INFO - [2026-05-02T23:46:31.533+0000] {dag.py:3036} INFO - Sync 1 DAGs
[2026-05-02T23:46:31.548+0000] {logging_mixin.py:188} INFO - [2026-05-02T23:46:31.548+0000] {dag.py:3823} INFO - Setting next_dagrun for f1_bigdata_pipeline to 2026-04-27 06:00:00+00:00, run_after=2026-05-04 06:00:00+00:00
[2026-05-02T23:46:31.557+0000] {processor.py:183} INFO - Processing /opt/airflow/dags/f1_pipeline_dag.py took 0.105 seconds
[2026-05-02T23:47:01.910+0000] {processor.py:161} INFO - Started process (PID=4981) to work on /opt/airflow/dags/f1_pipeline_dag.py
[2026-05-02T23:47:01.912+0000] {processor.py:830} INFO - Processing file /opt/airflow/dags/f1_pipeline_dag.py for tasks to queue
[2026-05-02T23:47:01.913+0000] {logging_mixin.py:188} INFO - [2026-05-02T23:47:01.913+0000] {dagbag.py:538} INFO - Filling up the DagBag from /opt/airflow/dags/f1_pipeline_dag.py
[2026-05-02T23:47:01.946+0000] {processor.py:840} INFO - DAG(s) 'f1_bigdata_pipeline' retrieved from /opt/airflow/dags/f1_pipeline_dag.py
[2026-05-02T23:47:01.971+0000] {logging_mixin.py:188} INFO - [2026-05-02T23:47:01.970+0000] {dag.py:3036} INFO - Sync 1 DAGs
[2026-05-02T23:47:01.984+0000] {logging_mixin.py:188} INFO - [2026-05-02T23:47:01.984+0000] {dag.py:3823} INFO - Setting next_dagrun for f1_bigdata_pipeline to 2026-04-27 06:00:00+00:00, run_after=2026-05-04 06:00:00+00:00
[2026-05-02T23:47:01.995+0000] {processor.py:183} INFO - Processing /opt/airflow/dags/f1_pipeline_dag.py took 0.089 seconds
[2026-05-02T23:47:32.291+0000] {processor.py:161} INFO - Started process (PID=4986) to work on /opt/airflow/dags/f1_pipeline_dag.py
[2026-05-02T23:47:32.294+0000] {processor.py:830} INFO - Processing file /opt/airflow/dags/f1_pipeline_dag.py for tasks to queue
[2026-05-02T23:47:32.295+0000] {logging_mixin.py:188} INFO - [2026-05-02T23:47:32.295+0000] {dagbag.py:538} INFO - Filling up the DagBag from /opt/airflow/dags/f1_pipeline_dag.py
[2026-05-02T23:47:32.325+0000] {processor.py:840} INFO - DAG(s) 'f1_bigdata_pipeline' retrieved from /opt/airflow/dags/f1_pipeline_dag.py
[2026-05-02T23:47:32.347+0000] {logging_mixin.py:188} INFO - [2026-05-02T23:47:32.347+0000] {dag.py:3036} INFO - Sync 1 DAGs
[2026-05-02T23:47:32.360+0000] {logging_mixin.py:188} INFO - [2026-05-02T23:47:32.359+0000] {dag.py:3823} INFO - Setting next_dagrun for f1_bigdata_pipeline to 2026-04-27 06:00:00+00:00, run_after=2026-05-04 06:00:00+00:00
[2026-05-02T23:47:32.367+0000] {processor.py:183} INFO - Processing /opt/airflow/dags/f1_pipeline_dag.py took 0.085 seconds
[2026-05-02T23:48:02.711+0000] {processor.py:161} INFO - Started process (PID=4991) to work on /opt/airflow/dags/f1_pipeline_dag.py
[2026-05-02T23:48:02.715+0000] {processor.py:830} INFO - Processing file /opt/airflow/dags/f1_pipeline_dag.py for tasks to queue
[2026-05-02T23:48:02.718+0000] {logging_mixin.py:188} INFO - [2026-05-02T23:48:02.717+0000] {dagbag.py:538} INFO - Filling up the DagBag from /opt/airflow/dags/f1_pipeline_dag.py
[2026-05-02T23:48:02.744+0000] {processor.py:840} INFO - DAG(s) 'f1_bigdata_pipeline' retrieved from /opt/airflow/dags/f1_pipeline_dag.py
[2026-05-02T23:48:02.768+0000] {logging_mixin.py:188} INFO - [2026-05-02T23:48:02.768+0000] {dag.py:3036} INFO - Sync 1 DAGs
[2026-05-02T23:48:02.782+0000] {logging_mixin.py:188} INFO - [2026-05-02T23:48:02.782+0000] {dag.py:3823} INFO - Setting next_dagrun for f1_bigdata_pipeline to 2026-04-27 06:00:00+00:00, run_after=2026-05-04 06:00:00+00:00
[2026-05-02T23:48:02.791+0000] {processor.py:183} INFO - Processing /opt/airflow/dags/f1_pipeline_dag.py took 0.092 seconds
[2026-05-02T23:48:33.119+0000] {processor.py:161} INFO - Started process (PID=4996) to work on /opt/airflow/dags/f1_pipeline_dag.py
[2026-05-02T23:48:33.121+0000] {processor.py:830} INFO - Processing file /opt/airflow/dags/f1_pipeline_dag.py for tasks to queue
[2026-05-02T23:48:33.122+0000] {logging_mixin.py:188} INFO - [2026-05-02T23:48:33.122+0000] {dagbag.py:538} INFO - Filling up the DagBag from /opt/airflow/dags/f1_pipeline_dag.py
[2026-05-02T23:48:33.153+0000] {processor.py:840} INFO - DAG(s) 'f1_bigdata_pipeline' retrieved from /opt/airflow/dags/f1_pipeline_dag.py
[2026-05-02T23:48:33.188+0000] {logging_mixin.py:188} INFO - [2026-05-02T23:48:33.188+0000] {dag.py:3036} INFO - Sync 1 DAGs
[2026-05-02T23:48:33.202+0000] {logging_mixin.py:188} INFO - [2026-05-02T23:48:33.202+0000] {dag.py:3823} INFO - Setting next_dagrun for f1_bigdata_pipeline to 2026-04-27 06:00:00+00:00, run_after=2026-05-04 06:00:00+00:00
[2026-05-02T23:48:33.210+0000] {processor.py:183} INFO - Processing /opt/airflow/dags/f1_pipeline_dag.py took 0.098 seconds
[2026-05-02T23:49:03.531+0000] {processor.py:161} INFO - Started process (PID=5001) to work on /opt/airflow/dags/f1_pipeline_dag.py
[2026-05-02T23:49:03.538+0000] {processor.py:830} INFO - Processing file /opt/airflow/dags/f1_pipeline_dag.py for tasks to queue
[2026-05-02T23:49:03.540+0000] {logging_mixin.py:188} INFO - [2026-05-02T23:49:03.539+0000] {dagbag.py:538} INFO - Filling up the DagBag from /opt/airflow/dags/f1_pipeline_dag.py
[2026-05-02T23:49:03.575+0000] {processor.py:840} INFO - DAG(s) 'f1_bigdata_pipeline' retrieved from /opt/airflow/dags/f1_pipeline_dag.py
[2026-05-02T23:49:03.599+0000] {logging_mixin.py:188} INFO - [2026-05-02T23:49:03.599+0000] {dag.py:3036} INFO - Sync 1 DAGs
[2026-05-02T23:49:03.613+0000] {logging_mixin.py:188} INFO - [2026-05-02T23:49:03.613+0000] {dag.py:3823} INFO - Setting next_dagrun for f1_bigdata_pipeline to 2026-04-27 06:00:00+00:00, run_after=2026-05-04 06:00:00+00:00
[2026-05-02T23:49:03.621+0000] {processor.py:183} INFO - Processing /opt/airflow/dags/f1_pipeline_dag.py took 0.096 seconds
[2026-05-02T23:49:33.912+0000] {processor.py:161} INFO - Started process (PID=5006) to work on /opt/airflow/dags/f1_pipeline_dag.py
[2026-05-02T23:49:33.914+0000] {processor.py:830} INFO - Processing file /opt/airflow/dags/f1_pipeline_dag.py for tasks to queue
[2026-05-02T23:49:33.915+0000] {logging_mixin.py:188} INFO - [2026-05-02T23:49:33.915+0000] {dagbag.py:538} INFO - Filling up the DagBag from /opt/airflow/dags/f1_pipeline_dag.py
[2026-05-02T23:49:33.934+0000] {processor.py:840} INFO - DAG(s) 'f1_bigdata_pipeline' retrieved from /opt/airflow/dags/f1_pipeline_dag.py
[2026-05-02T23:49:33.958+0000] {logging_mixin.py:188} INFO - [2026-05-02T23:49:33.958+0000] {dag.py:3036} INFO - Sync 1 DAGs
[2026-05-02T23:49:33.971+0000] {logging_mixin.py:188} INFO - [2026-05-02T23:49:33.971+0000] {dag.py:3823} INFO - Setting next_dagrun for f1_bigdata_pipeline to 2026-04-27 06:00:00+00:00, run_after=2026-05-04 06:00:00+00:00
[2026-05-02T23:49:33.979+0000] {processor.py:183} INFO - Processing /opt/airflow/dags/f1_pipeline_dag.py took 0.072 seconds
[2026-05-02T23:50:04.294+0000] {processor.py:161} INFO - Started process (PID=5011) to work on /opt/airflow/dags/f1_pipeline_dag.py
[2026-05-02T23:50:04.296+0000] {processor.py:830} INFO - Processing file /opt/airflow/dags/f1_pipeline_dag.py for tasks to queue
[2026-05-02T23:50:04.297+0000] {logging_mixin.py:188} INFO - [2026-05-02T23:50:04.296+0000] {dagbag.py:538} INFO - Filling up the DagBag from /opt/airflow/dags/f1_pipeline_dag.py
[2026-05-02T23:50:04.309+0000] {processor.py:840} INFO - DAG(s) 'f1_bigdata_pipeline' retrieved from /opt/airflow/dags/f1_pipeline_dag.py
[2026-05-02T23:50:04.340+0000] {logging_mixin.py:188} INFO - [2026-05-02T23:50:04.340+0000] {dag.py:3036} INFO - Sync 1 DAGs
[2026-05-02T23:50:04.354+0000] {logging_mixin.py:188} INFO - [2026-05-02T23:50:04.354+0000] {dag.py:3823} INFO - Setting next_dagrun for f1_bigdata_pipeline to 2026-04-27 06:00:00+00:00, run_after=2026-05-04 06:00:00+00:00
[2026-05-02T23:50:04.362+0000] {processor.py:183} INFO - Processing /opt/airflow/dags/f1_pipeline_dag.py took 0.072 seconds
[2026-05-02T23:50:34.685+0000] {processor.py:161} INFO - Started process (PID=5016) to work on /opt/airflow/dags/f1_pipeline_dag.py
[2026-05-02T23:50:34.687+0000] {processor.py:830} INFO - Processing file /opt/airflow/dags/f1_pipeline_dag.py for tasks to queue
[2026-05-02T23:50:34.688+0000] {logging_mixin.py:188} INFO - [2026-05-02T23:50:34.687+0000] {dagbag.py:538} INFO - Filling up the DagBag from /opt/airflow/dags/f1_pipeline_dag.py
[2026-05-02T23:50:34.706+0000] {processor.py:840} INFO - DAG(s) 'f1_bigdata_pipeline' retrieved from /opt/airflow/dags/f1_pipeline_dag.py
[2026-05-02T23:50:34.746+0000] {logging_mixin.py:188} INFO - [2026-05-02T23:50:34.746+0000] {dag.py:3036} INFO - Sync 1 DAGs
[2026-05-02T23:50:34.760+0000] {logging_mixin.py:188} INFO - [2026-05-02T23:50:34.760+0000] {dag.py:3823} INFO - Setting next_dagrun for f1_bigdata_pipeline to 2026-04-27 06:00:00+00:00, run_after=2026-05-04 06:00:00+00:00
[2026-05-02T23:50:34.769+0000] {processor.py:183} INFO - Processing /opt/airflow/dags/f1_pipeline_dag.py took 0.089 seconds
[2026-05-02T23:51:05.088+0000] {processor.py:161} INFO - Started process (PID=5021) to work on /opt/airflow/dags/f1_pipeline_dag.py
[2026-05-02T23:51:05.090+0000] {processor.py:830} INFO - Processing file /opt/airflow/dags/f1_pipeline_dag.py for tasks to queue
[2026-05-02T23:51:05.091+0000] {logging_mixin.py:188} INFO - [2026-05-02T23:51:05.091+0000] {dagbag.py:538} INFO - Filling up the DagBag from /opt/airflow/dags/f1_pipeline_dag.py
[2026-05-02T23:51:05.111+0000] {processor.py:840} INFO - DAG(s) 'f1_bigdata_pipeline' retrieved from /opt/airflow/dags/f1_pipeline_dag.py
[2026-05-02T23:51:05.152+0000] {logging_mixin.py:188} INFO - [2026-05-02T23:51:05.152+0000] {dag.py:3036} INFO - Sync 1 DAGs
[2026-05-02T23:51:05.166+0000] {logging_mixin.py:188} INFO - [2026-05-02T23:51:05.166+0000] {dag.py:3823} INFO - Setting next_dagrun for f1_bigdata_pipeline to 2026-04-27 06:00:00+00:00, run_after=2026-05-04 06:00:00+00:00
[2026-05-02T23:51:05.174+0000] {processor.py:183} INFO - Processing /opt/airflow/dags/f1_pipeline_dag.py took 0.093 seconds
[2026-05-02T23:51:35.489+0000] {processor.py:161} INFO - Started process (PID=5026) to work on /opt/airflow/dags/f1_pipeline_dag.py
[2026-05-02T23:51:35.493+0000] {processor.py:830} INFO - Processing file /opt/airflow/dags/f1_pipeline_dag.py for tasks to queue
[2026-05-02T23:51:35.494+0000] {logging_mixin.py:188} INFO - [2026-05-02T23:51:35.493+0000] {dagbag.py:538} INFO - Filling up the DagBag from /opt/airflow/dags/f1_pipeline_dag.py
[2026-05-02T23:51:35.535+0000] {processor.py:840} INFO - DAG(s) 'f1_bigdata_pipeline' retrieved from /opt/airflow/dags/f1_pipeline_dag.py
[2026-05-02T23:51:35.567+0000] {logging_mixin.py:188} INFO - [2026-05-02T23:51:35.567+0000] {dag.py:3036} INFO - Sync 1 DAGs
[2026-05-02T23:51:35.581+0000] {logging_mixin.py:188} INFO - [2026-05-02T23:51:35.581+0000] {dag.py:3823} INFO - Setting next_dagrun for f1_bigdata_pipeline to 2026-04-27 06:00:00+00:00, run_after=2026-05-04 06:00:00+00:00
[2026-05-02T23:51:35.590+0000] {processor.py:183} INFO - Processing /opt/airflow/dags/f1_pipeline_dag.py took 0.109 seconds
[2026-05-02T23:52:05.880+0000] {processor.py:161} INFO - Started process (PID=5031) to work on /opt/airflow/dags/f1_pipeline_dag.py
[2026-05-02T23:52:05.882+0000] {processor.py:830} INFO - Processing file /opt/airflow/dags/f1_pipeline_dag.py for tasks to queue
[2026-05-02T23:52:05.883+0000] {logging_mixin.py:188} INFO - [2026-05-02T23:52:05.883+0000] {dagbag.py:538} INFO - Filling up the DagBag from /opt/airflow/dags/f1_pipeline_dag.py
[2026-05-02T23:52:05.901+0000] {processor.py:840} INFO - DAG(s) 'f1_bigdata_pipeline' retrieved from /opt/airflow/dags/f1_pipeline_dag.py
[2026-05-02T23:52:05.926+0000] {logging_mixin.py:188} INFO - [2026-05-02T23:52:05.925+0000] {dag.py:3036} INFO - Sync 1 DAGs
[2026-05-02T23:52:05.940+0000] {logging_mixin.py:188} INFO - [2026-05-02T23:52:05.939+0000] {dag.py:3823} INFO - Setting next_dagrun for f1_bigdata_pipeline to 2026-04-27 06:00:00+00:00, run_after=2026-05-04 06:00:00+00:00
[2026-05-02T23:52:05.957+0000] {processor.py:183} INFO - Processing /opt/airflow/dags/f1_pipeline_dag.py took 0.083 seconds
[2026-05-02T23:52:36.262+0000] {processor.py:161} INFO - Started process (PID=5036) to work on /opt/airflow/dags/f1_pipeline_dag.py
[2026-05-02T23:52:36.264+0000] {processor.py:830} INFO - Processing file /opt/airflow/dags/f1_pipeline_dag.py for tasks to queue
[2026-05-02T23:52:36.264+0000] {logging_mixin.py:188} INFO - [2026-05-02T23:52:36.264+0000] {dagbag.py:538} INFO - Filling up the DagBag from /opt/airflow/dags/f1_pipeline_dag.py
[2026-05-02T23:52:36.280+0000] {processor.py:840} INFO - DAG(s) 'f1_bigdata_pipeline' retrieved from /opt/airflow/dags/f1_pipeline_dag.py
[2026-05-02T23:52:36.312+0000] {logging_mixin.py:188} INFO - [2026-05-02T23:52:36.312+0000] {dag.py:3036} INFO - Sync 1 DAGs
[2026-05-02T23:52:36.326+0000] {logging_mixin.py:188} INFO - [2026-05-02T23:52:36.326+0000] {dag.py:3823} INFO - Setting next_dagrun for f1_bigdata_pipeline to 2026-04-27 06:00:00+00:00, run_after=2026-05-04 06:00:00+00:00
[2026-05-02T23:52:36.336+0000] {processor.py:183} INFO - Processing /opt/airflow/dags/f1_pipeline_dag.py took 0.078 seconds
[2026-05-02T23:53:06.657+0000] {processor.py:161} INFO - Started process (PID=5041) to work on /opt/airflow/dags/f1_pipeline_dag.py
[2026-05-02T23:53:06.681+0000] {processor.py:830} INFO - Processing file /opt/airflow/dags/f1_pipeline_dag.py for tasks to queue
[2026-05-02T23:53:06.683+0000] {logging_mixin.py:188} INFO - [2026-05-02T23:53:06.682+0000] {dagbag.py:538} INFO - Filling up the DagBag from /opt/airflow/dags/f1_pipeline_dag.py
[2026-05-02T23:53:06.706+0000] {processor.py:840} INFO - DAG(s) 'f1_bigdata_pipeline' retrieved from /opt/airflow/dags/f1_pipeline_dag.py
[2026-05-02T23:53:06.733+0000] {logging_mixin.py:188} INFO - [2026-05-02T23:53:06.733+0000] {dag.py:3036} INFO - Sync 1 DAGs
[2026-05-02T23:53:06.748+0000] {logging_mixin.py:188} INFO - [2026-05-02T23:53:06.748+0000] {dag.py:3823} INFO - Setting next_dagrun for f1_bigdata_pipeline to 2026-04-27 06:00:00+00:00, run_after=2026-05-04 06:00:00+00:00
[2026-05-02T23:53:06.757+0000] {processor.py:183} INFO - Processing /opt/airflow/dags/f1_pipeline_dag.py took 0.113 seconds
[2026-05-02T23:53:37.274+0000] {processor.py:161} INFO - Started process (PID=5046) to work on /opt/airflow/dags/f1_pipeline_dag.py
[2026-05-02T23:53:37.292+0000] {processor.py:830} INFO - Processing file /opt/airflow/dags/f1_pipeline_dag.py for tasks to queue
[2026-05-02T23:53:37.294+0000] {logging_mixin.py:188} INFO - [2026-05-02T23:53:37.293+0000] {dagbag.py:538} INFO - Filling up the DagBag from /opt/airflow/dags/f1_pipeline_dag.py
[2026-05-02T23:53:37.379+0000] {processor.py:840} INFO - DAG(s) 'f1_bigdata_pipeline' retrieved from /opt/airflow/dags/f1_pipeline_dag.py
[2026-05-02T23:53:37.670+0000] {logging_mixin.py:188} INFO - [2026-05-02T23:53:37.664+0000] {dag.py:3036} INFO - Sync 1 DAGs
[2026-05-02T23:53:37.808+0000] {logging_mixin.py:188} INFO - [2026-05-02T23:53:37.807+0000] {dag.py:3823} INFO - Setting next_dagrun for f1_bigdata_pipeline to 2026-04-27 06:00:00+00:00, run_after=2026-05-04 06:00:00+00:00
[2026-05-02T23:53:37.839+0000] {processor.py:183} INFO - Processing /opt/airflow/dags/f1_pipeline_dag.py took 0.592 seconds
[2026-05-02T23:54:08.219+0000] {processor.py:161} INFO - Started process (PID=5051) to work on /opt/airflow/dags/f1_pipeline_dag.py
[2026-05-02T23:54:08.221+0000] {processor.py:830} INFO - Processing file /opt/airflow/dags/f1_pipeline_dag.py for tasks to queue
[2026-05-02T23:54:08.222+0000] {logging_mixin.py:188} INFO - [2026-05-02T23:54:08.221+0000] {dagbag.py:538} INFO - Filling up the DagBag from /opt/airflow/dags/f1_pipeline_dag.py
[2026-05-02T23:54:08.237+0000] {processor.py:840} INFO - DAG(s) 'f1_bigdata_pipeline' retrieved from /opt/airflow/dags/f1_pipeline_dag.py
[2026-05-02T23:54:08.263+0000] {logging_mixin.py:188} INFO - [2026-05-02T23:54:08.262+0000] {dag.py:3036} INFO - Sync 1 DAGs
[2026-05-02T23:54:08.276+0000] {logging_mixin.py:188} INFO - [2026-05-02T23:54:08.276+0000] {dag.py:3823} INFO - Setting next_dagrun for f1_bigdata_pipeline to 2026-04-27 06:00:00+00:00, run_after=2026-05-04 06:00:00+00:00
[2026-05-02T23:54:08.285+0000] {processor.py:183} INFO - Processing /opt/airflow/dags/f1_pipeline_dag.py took 0.072 seconds
[2026-05-02T23:54:38.665+0000] {processor.py:161} INFO - Started process (PID=5056) to work on /opt/airflow/dags/f1_pipeline_dag.py
[2026-05-02T23:54:38.667+0000] {processor.py:830} INFO - Processing file /opt/airflow/dags/f1_pipeline_dag.py for tasks to queue
[2026-05-02T23:54:38.668+0000] {logging_mixin.py:188} INFO - [2026-05-02T23:54:38.668+0000] {dagbag.py:538} INFO - Filling up the DagBag from /opt/airflow/dags/f1_pipeline_dag.py
[2026-05-02T23:54:38.692+0000] {processor.py:840} INFO - DAG(s) 'f1_bigdata_pipeline' retrieved from /opt/airflow/dags/f1_pipeline_dag.py
[2026-05-02T23:54:38.724+0000] {logging_mixin.py:188} INFO - [2026-05-02T23:54:38.723+0000] {dag.py:3036} INFO - Sync 1 DAGs
[2026-05-02T23:54:38.737+0000] {logging_mixin.py:188} INFO - [2026-05-02T23:54:38.737+0000] {dag.py:3823} INFO - Setting next_dagrun for f1_bigdata_pipeline to 2026-04-27 06:00:00+00:00, run_after=2026-05-04 06:00:00+00:00
[2026-05-02T23:54:38.746+0000] {processor.py:183} INFO - Processing /opt/airflow/dags/f1_pipeline_dag.py took 0.088 seconds
[2026-05-02T23:55:09.028+0000] {processor.py:161} INFO - Started process (PID=5061) to work on /opt/airflow/dags/f1_pipeline_dag.py
[2026-05-02T23:55:09.030+0000] {processor.py:830} INFO - Processing file /opt/airflow/dags/f1_pipeline_dag.py for tasks to queue
[2026-05-02T23:55:09.040+0000] {logging_mixin.py:188} INFO - [2026-05-02T23:55:09.031+0000] {dagbag.py:538} INFO - Filling up the DagBag from /opt/airflow/dags/f1_pipeline_dag.py
[2026-05-02T23:55:09.069+0000] {processor.py:840} INFO - DAG(s) 'f1_bigdata_pipeline' retrieved from /opt/airflow/dags/f1_pipeline_dag.py
[2026-05-02T23:55:09.094+0000] {logging_mixin.py:188} INFO - [2026-05-02T23:55:09.094+0000] {dag.py:3036} INFO - Sync 1 DAGs
[2026-05-02T23:55:09.108+0000] {logging_mixin.py:188} INFO - [2026-05-02T23:55:09.108+0000] {dag.py:3823} INFO - Setting next_dagrun for f1_bigdata_pipeline to 2026-04-27 06:00:00+00:00, run_after=2026-05-04 06:00:00+00:00
[2026-05-02T23:55:09.116+0000] {processor.py:183} INFO - Processing /opt/airflow/dags/f1_pipeline_dag.py took 0.094 seconds
[2026-05-02T23:55:39.502+0000] {processor.py:161} INFO - Started process (PID=5066) to work on /opt/airflow/dags/f1_pipeline_dag.py
[2026-05-02T23:55:39.504+0000] {processor.py:830} INFO - Processing file /opt/airflow/dags/f1_pipeline_dag.py for tasks to queue
[2026-05-02T23:55:39.505+0000] {logging_mixin.py:188} INFO - [2026-05-02T23:55:39.505+0000] {dagbag.py:538} INFO - Filling up the DagBag from /opt/airflow/dags/f1_pipeline_dag.py
[2026-05-02T23:55:39.524+0000] {processor.py:840} INFO - DAG(s) 'f1_bigdata_pipeline' retrieved from /opt/airflow/dags/f1_pipeline_dag.py
[2026-05-02T23:55:39.564+0000] {logging_mixin.py:188} INFO - [2026-05-02T23:55:39.564+0000] {dag.py:3036} INFO - Sync 1 DAGs
[2026-05-02T23:55:39.602+0000] {logging_mixin.py:188} INFO - [2026-05-02T23:55:39.602+0000] {dag.py:3823} INFO - Setting next_dagrun for f1_bigdata_pipeline to 2026-04-27 06:00:00+00:00, run_after=2026-05-04 06:00:00+00:00
[2026-05-02T23:55:39.630+0000] {processor.py:183} INFO - Processing /opt/airflow/dags/f1_pipeline_dag.py took 0.134 seconds
[2026-05-02T23:56:09.891+0000] {processor.py:161} INFO - Started process (PID=5071) to work on /opt/airflow/dags/f1_pipeline_dag.py
[2026-05-02T23:56:09.893+0000] {processor.py:830} INFO - Processing file /opt/airflow/dags/f1_pipeline_dag.py for tasks to queue
[2026-05-02T23:56:09.894+0000] {logging_mixin.py:188} INFO - [2026-05-02T23:56:09.894+0000] {dagbag.py:538} INFO - Filling up the DagBag from /opt/airflow/dags/f1_pipeline_dag.py
[2026-05-02T23:56:09.910+0000] {processor.py:840} INFO - DAG(s) 'f1_bigdata_pipeline' retrieved from /opt/airflow/dags/f1_pipeline_dag.py
[2026-05-02T23:56:09.934+0000] {logging_mixin.py:188} INFO - [2026-05-02T23:56:09.934+0000] {dag.py:3036} INFO - Sync 1 DAGs
[2026-05-02T23:56:09.947+0000] {logging_mixin.py:188} INFO - [2026-05-02T23:56:09.947+0000] {dag.py:3823} INFO - Setting next_dagrun for f1_bigdata_pipeline to 2026-04-27 06:00:00+00:00, run_after=2026-05-04 06:00:00+00:00
[2026-05-02T23:56:09.965+0000] {processor.py:183} INFO - Processing /opt/airflow/dags/f1_pipeline_dag.py took 0.078 seconds
[2026-05-02T23:56:40.307+0000] {processor.py:161} INFO - Started process (PID=5076) to work on /opt/airflow/dags/f1_pipeline_dag.py
[2026-05-02T23:56:40.309+0000] {processor.py:830} INFO - Processing file /opt/airflow/dags/f1_pipeline_dag.py for tasks to queue
[2026-05-02T23:56:40.311+0000] {logging_mixin.py:188} INFO - [2026-05-02T23:56:40.310+0000] {dagbag.py:538} INFO - Filling up the DagBag from /opt/airflow/dags/f1_pipeline_dag.py
[2026-05-02T23:56:40.342+0000] {processor.py:840} INFO - DAG(s) 'f1_bigdata_pipeline' retrieved from /opt/airflow/dags/f1_pipeline_dag.py
[2026-05-02T23:56:40.367+0000] {logging_mixin.py:188} INFO - [2026-05-02T23:56:40.367+0000] {dag.py:3036} INFO - Sync 1 DAGs
[2026-05-02T23:56:40.380+0000] {logging_mixin.py:188} INFO - [2026-05-02T23:56:40.380+0000] {dag.py:3823} INFO - Setting next_dagrun for f1_bigdata_pipeline to 2026-04-27 06:00:00+00:00, run_after=2026-05-04 06:00:00+00:00
[2026-05-02T23:56:40.405+0000] {processor.py:183} INFO - Processing /opt/airflow/dags/f1_pipeline_dag.py took 0.104 seconds
[2026-05-02T23:57:10.836+0000] {processor.py:161} INFO - Started process (PID=5081) to work on /opt/airflow/dags/f1_pipeline_dag.py
[2026-05-02T23:57:10.839+0000] {processor.py:830} INFO - Processing file /opt/airflow/dags/f1_pipeline_dag.py for tasks to queue
[2026-05-02T23:57:10.840+0000] {logging_mixin.py:188} INFO - [2026-05-02T23:57:10.840+0000] {dagbag.py:538} INFO - Filling up the DagBag from /opt/airflow/dags/f1_pipeline_dag.py
[2026-05-02T23:57:10.859+0000] {processor.py:840} INFO - DAG(s) 'f1_bigdata_pipeline' retrieved from /opt/airflow/dags/f1_pipeline_dag.py
[2026-05-02T23:57:10.895+0000] {logging_mixin.py:188} INFO - [2026-05-02T23:57:10.895+0000] {dag.py:3036} INFO - Sync 1 DAGs
[2026-05-02T23:57:10.910+0000] {logging_mixin.py:188} INFO - [2026-05-02T23:57:10.910+0000] {dag.py:3823} INFO - Setting next_dagrun for f1_bigdata_pipeline to 2026-04-27 06:00:00+00:00, run_after=2026-05-04 06:00:00+00:00
[2026-05-02T23:57:10.919+0000] {processor.py:183} INFO - Processing /opt/airflow/dags/f1_pipeline_dag.py took 0.089 seconds
[2026-05-02T23:57:41.238+0000] {processor.py:161} INFO - Started process (PID=5086) to work on /opt/airflow/dags/f1_pipeline_dag.py
[2026-05-02T23:57:41.240+0000] {processor.py:830} INFO - Processing file /opt/airflow/dags/f1_pipeline_dag.py for tasks to queue
[2026-05-02T23:57:41.241+0000] {logging_mixin.py:188} INFO - [2026-05-02T23:57:41.241+0000] {dagbag.py:538} INFO - Filling up the DagBag from /opt/airflow/dags/f1_pipeline_dag.py
[2026-05-02T23:57:41.255+0000] {processor.py:840} INFO - DAG(s) 'f1_bigdata_pipeline' retrieved from /opt/airflow/dags/f1_pipeline_dag.py
[2026-05-02T23:57:41.283+0000] {logging_mixin.py:188} INFO - [2026-05-02T23:57:41.282+0000] {dag.py:3036} INFO - Sync 1 DAGs
[2026-05-02T23:57:41.296+0000] {logging_mixin.py:188} INFO - [2026-05-02T23:57:41.296+0000] {dag.py:3823} INFO - Setting next_dagrun for f1_bigdata_pipeline to 2026-04-27 06:00:00+00:00, run_after=2026-05-04 06:00:00+00:00
[2026-05-02T23:57:41.304+0000] {processor.py:183} INFO - Processing /opt/airflow/dags/f1_pipeline_dag.py took 0.080 seconds
[2026-05-02T23:58:11.611+0000] {processor.py:161} INFO - Started process (PID=5091) to work on /opt/airflow/dags/f1_pipeline_dag.py
[2026-05-02T23:58:11.613+0000] {processor.py:830} INFO - Processing file /opt/airflow/dags/f1_pipeline_dag.py for tasks to queue
[2026-05-02T23:58:11.614+0000] {logging_mixin.py:188} INFO - [2026-05-02T23:58:11.614+0000] {dagbag.py:538} INFO - Filling up the DagBag from /opt/airflow/dags/f1_pipeline_dag.py
[2026-05-02T23:58:11.654+0000] {processor.py:840} INFO - DAG(s) 'f1_bigdata_pipeline' retrieved from /opt/airflow/dags/f1_pipeline_dag.py
[2026-05-02T23:58:11.680+0000] {logging_mixin.py:188} INFO - [2026-05-02T23:58:11.680+0000] {dag.py:3036} INFO - Sync 1 DAGs
[2026-05-02T23:58:11.694+0000] {logging_mixin.py:188} INFO - [2026-05-02T23:58:11.694+0000] {dag.py:3823} INFO - Setting next_dagrun for f1_bigdata_pipeline to 2026-04-27 06:00:00+00:00, run_after=2026-05-04 06:00:00+00:00
[2026-05-02T23:58:11.702+0000] {processor.py:183} INFO - Processing /opt/airflow/dags/f1_pipeline_dag.py took 0.097 seconds
[2026-05-02T23:58:42.010+0000] {processor.py:161} INFO - Started process (PID=5096) to work on /opt/airflow/dags/f1_pipeline_dag.py
[2026-05-02T23:58:42.013+0000] {processor.py:830} INFO - Processing file /opt/airflow/dags/f1_pipeline_dag.py for tasks to queue
[2026-05-02T23:58:42.014+0000] {logging_mixin.py:188} INFO - [2026-05-02T23:58:42.014+0000] {dagbag.py:538} INFO - Filling up the DagBag from /opt/airflow/dags/f1_pipeline_dag.py
[2026-05-02T23:58:42.032+0000] {processor.py:840} INFO - DAG(s) 'f1_bigdata_pipeline' retrieved from /opt/airflow/dags/f1_pipeline_dag.py
[2026-05-02T23:58:42.076+0000] {logging_mixin.py:188} INFO - [2026-05-02T23:58:42.076+0000] {dag.py:3036} INFO - Sync 1 DAGs
[2026-05-02T23:58:42.090+0000] {logging_mixin.py:188} INFO - [2026-05-02T23:58:42.090+0000] {dag.py:3823} INFO - Setting next_dagrun for f1_bigdata_pipeline to 2026-04-27 06:00:00+00:00, run_after=2026-05-04 06:00:00+00:00
[2026-05-02T23:58:42.099+0000] {processor.py:183} INFO - Processing /opt/airflow/dags/f1_pipeline_dag.py took 0.094 seconds
[2026-05-02T23:59:12.378+0000] {processor.py:161} INFO - Started process (PID=5101) to work on /opt/airflow/dags/f1_pipeline_dag.py
[2026-05-02T23:59:12.381+0000] {processor.py:830} INFO - Processing file /opt/airflow/dags/f1_pipeline_dag.py for tasks to queue
[2026-05-02T23:59:12.382+0000] {logging_mixin.py:188} INFO - [2026-05-02T23:59:12.382+0000] {dagbag.py:538} INFO - Filling up the DagBag from /opt/airflow/dags/f1_pipeline_dag.py
[2026-05-02T23:59:12.401+0000] {processor.py:840} INFO - DAG(s) 'f1_bigdata_pipeline' retrieved from /opt/airflow/dags/f1_pipeline_dag.py
[2026-05-02T23:59:12.425+0000] {logging_mixin.py:188} INFO - [2026-05-02T23:59:12.424+0000] {dag.py:3036} INFO - Sync 1 DAGs
[2026-05-02T23:59:12.457+0000] {logging_mixin.py:188} INFO - [2026-05-02T23:59:12.457+0000] {dag.py:3823} INFO - Setting next_dagrun for f1_bigdata_pipeline to 2026-04-27 06:00:00+00:00, run_after=2026-05-04 06:00:00+00:00
[2026-05-02T23:59:12.467+0000] {processor.py:183} INFO - Processing /opt/airflow/dags/f1_pipeline_dag.py took 0.094 seconds
[2026-05-02T23:59:42.858+0000] {processor.py:161} INFO - Started process (PID=5106) to work on /opt/airflow/dags/f1_pipeline_dag.py
[2026-05-02T23:59:42.859+0000] {processor.py:830} INFO - Processing file /opt/airflow/dags/f1_pipeline_dag.py for tasks to queue
[2026-05-02T23:59:42.860+0000] {logging_mixin.py:188} INFO - [2026-05-02T23:59:42.860+0000] {dagbag.py:538} INFO - Filling up the DagBag from /opt/airflow/dags/f1_pipeline_dag.py
[2026-05-02T23:59:42.874+0000] {processor.py:840} INFO - DAG(s) 'f1_bigdata_pipeline' retrieved from /opt/airflow/dags/f1_pipeline_dag.py
[2026-05-02T23:59:42.916+0000] {logging_mixin.py:188} INFO - [2026-05-02T23:59:42.916+0000] {dag.py:3036} INFO - Sync 1 DAGs
[2026-05-02T23:59:42.930+0000] {logging_mixin.py:188} INFO - [2026-05-02T23:59:42.930+0000] {dag.py:3823} INFO - Setting next_dagrun for f1_bigdata_pipeline to 2026-04-27 06:00:00+00:00, run_after=2026-05-04 06:00:00+00:00
[2026-05-02T23:59:42.939+0000] {processor.py:183} INFO - Processing /opt/airflow/dags/f1_pipeline_dag.py took 0.085 seconds
