[2026-05-04T00:08:42.993+0000] {processor.py:161} INFO - Started process (PID=14023) to work on /opt/airflow/dags/f1_pipeline_dag.py
[2026-05-04T00:08:42.998+0000] {processor.py:830} INFO - Processing file /opt/airflow/dags/f1_pipeline_dag.py for tasks to queue
[2026-05-04T00:08:43.000+0000] {logging_mixin.py:188} INFO - [2026-05-04T00:08:42.999+0000] {dagbag.py:538} INFO - Filling up the DagBag from /opt/airflow/dags/f1_pipeline_dag.py
[2026-05-04T00:08:43.051+0000] {processor.py:840} INFO - DAG(s) 'f1_bigdata_pipeline' retrieved from /opt/airflow/dags/f1_pipeline_dag.py
[2026-05-04T00:08:43.140+0000] {logging_mixin.py:188} INFO - [2026-05-04T00:08:43.140+0000] {dag.py:3036} INFO - Sync 1 DAGs
[2026-05-04T00:08:43.200+0000] {logging_mixin.py:188} INFO - [2026-05-04T00:08:43.200+0000] {dag.py:3823} INFO - Setting next_dagrun for f1_bigdata_pipeline to 2026-04-27 06:00:00+00:00, run_after=2026-05-04 06:00:00+00:00
[2026-05-04T00:08:43.233+0000] {processor.py:183} INFO - Processing /opt/airflow/dags/f1_pipeline_dag.py took 0.270 seconds
[2026-05-04T00:54:01.787+0000] {processor.py:161} INFO - Started process (PID=14028) to work on /opt/airflow/dags/f1_pipeline_dag.py
[2026-05-04T00:54:01.789+0000] {processor.py:830} INFO - Processing file /opt/airflow/dags/f1_pipeline_dag.py for tasks to queue
[2026-05-04T00:54:01.794+0000] {logging_mixin.py:188} INFO - [2026-05-04T00:54:01.792+0000] {dagbag.py:538} INFO - Filling up the DagBag from /opt/airflow/dags/f1_pipeline_dag.py
[2026-05-04T00:54:01.869+0000] {processor.py:840} INFO - DAG(s) 'f1_bigdata_pipeline' retrieved from /opt/airflow/dags/f1_pipeline_dag.py
[2026-05-04T00:54:01.946+0000] {logging_mixin.py:188} INFO - [2026-05-04T00:54:01.946+0000] {dag.py:3036} INFO - Sync 1 DAGs
[2026-05-04T00:54:01.988+0000] {logging_mixin.py:188} INFO - [2026-05-04T00:54:01.988+0000] {dag.py:3823} INFO - Setting next_dagrun for f1_bigdata_pipeline to 2026-04-27 06:00:00+00:00, run_after=2026-05-04 06:00:00+00:00
[2026-05-04T00:54:02.013+0000] {processor.py:183} INFO - Processing /opt/airflow/dags/f1_pipeline_dag.py took 0.238 seconds
[2026-05-04T01:05:34.937+0000] {processor.py:161} INFO - Started process (PID=14033) to work on /opt/airflow/dags/f1_pipeline_dag.py
[2026-05-04T01:05:34.938+0000] {processor.py:830} INFO - Processing file /opt/airflow/dags/f1_pipeline_dag.py for tasks to queue
[2026-05-04T01:05:34.939+0000] {logging_mixin.py:188} INFO - [2026-05-04T01:05:34.938+0000] {dagbag.py:538} INFO - Filling up the DagBag from /opt/airflow/dags/f1_pipeline_dag.py
[2026-05-04T01:05:34.954+0000] {processor.py:840} INFO - DAG(s) 'f1_bigdata_pipeline' retrieved from /opt/airflow/dags/f1_pipeline_dag.py
[2026-05-04T01:05:34.987+0000] {logging_mixin.py:188} INFO - [2026-05-04T01:05:34.987+0000] {dag.py:3036} INFO - Sync 1 DAGs
[2026-05-04T01:05:35.003+0000] {logging_mixin.py:188} INFO - [2026-05-04T01:05:35.003+0000] {dag.py:3823} INFO - Setting next_dagrun for f1_bigdata_pipeline to 2026-04-27 06:00:00+00:00, run_after=2026-05-04 06:00:00+00:00
[2026-05-04T01:05:35.015+0000] {processor.py:183} INFO - Processing /opt/airflow/dags/f1_pipeline_dag.py took 0.082 seconds
[2026-05-04T01:35:03.917+0000] {processor.py:161} INFO - Started process (PID=14040) to work on /opt/airflow/dags/f1_pipeline_dag.py
[2026-05-04T01:35:03.919+0000] {processor.py:830} INFO - Processing file /opt/airflow/dags/f1_pipeline_dag.py for tasks to queue
[2026-05-04T01:35:03.920+0000] {logging_mixin.py:188} INFO - [2026-05-04T01:35:03.919+0000] {dagbag.py:538} INFO - Filling up the DagBag from /opt/airflow/dags/f1_pipeline_dag.py
[2026-05-04T01:35:03.956+0000] {processor.py:840} INFO - DAG(s) 'f1_bigdata_pipeline' retrieved from /opt/airflow/dags/f1_pipeline_dag.py
[2026-05-04T01:35:04.059+0000] {logging_mixin.py:188} INFO - [2026-05-04T01:35:04.059+0000] {dag.py:3036} INFO - Sync 1 DAGs
[2026-05-04T01:35:04.092+0000] {logging_mixin.py:188} INFO - [2026-05-04T01:35:04.092+0000] {dag.py:3823} INFO - Setting next_dagrun for f1_bigdata_pipeline to 2026-04-27 06:00:00+00:00, run_after=2026-05-04 06:00:00+00:00
[2026-05-04T01:35:04.121+0000] {processor.py:183} INFO - Processing /opt/airflow/dags/f1_pipeline_dag.py took 0.209 seconds
[2026-05-04T01:48:11.363+0000] {processor.py:161} INFO - Started process (PID=14047) to work on /opt/airflow/dags/f1_pipeline_dag.py
[2026-05-04T01:48:11.364+0000] {processor.py:830} INFO - Processing file /opt/airflow/dags/f1_pipeline_dag.py for tasks to queue
[2026-05-04T01:48:11.365+0000] {logging_mixin.py:188} INFO - [2026-05-04T01:48:11.365+0000] {dagbag.py:538} INFO - Filling up the DagBag from /opt/airflow/dags/f1_pipeline_dag.py
[2026-05-04T01:48:11.396+0000] {processor.py:840} INFO - DAG(s) 'f1_bigdata_pipeline' retrieved from /opt/airflow/dags/f1_pipeline_dag.py
[2026-05-04T01:48:11.426+0000] {logging_mixin.py:188} INFO - [2026-05-04T01:48:11.426+0000] {dag.py:3036} INFO - Sync 1 DAGs
[2026-05-04T01:48:11.441+0000] {logging_mixin.py:188} INFO - [2026-05-04T01:48:11.441+0000] {dag.py:3823} INFO - Setting next_dagrun for f1_bigdata_pipeline to 2026-04-27 06:00:00+00:00, run_after=2026-05-04 06:00:00+00:00
[2026-05-04T01:48:11.450+0000] {processor.py:183} INFO - Processing /opt/airflow/dags/f1_pipeline_dag.py took 0.091 seconds
[2026-05-04T02:23:24.957+0000] {processor.py:161} INFO - Started process (PID=14052) to work on /opt/airflow/dags/f1_pipeline_dag.py
[2026-05-04T02:23:24.958+0000] {processor.py:830} INFO - Processing file /opt/airflow/dags/f1_pipeline_dag.py for tasks to queue
[2026-05-04T02:23:24.961+0000] {logging_mixin.py:188} INFO - [2026-05-04T02:23:24.960+0000] {dagbag.py:538} INFO - Filling up the DagBag from /opt/airflow/dags/f1_pipeline_dag.py
[2026-05-04T02:23:25.015+0000] {processor.py:840} INFO - DAG(s) 'f1_bigdata_pipeline' retrieved from /opt/airflow/dags/f1_pipeline_dag.py
[2026-05-04T02:23:25.069+0000] {logging_mixin.py:188} INFO - [2026-05-04T02:23:25.069+0000] {dag.py:3036} INFO - Sync 1 DAGs
[2026-05-04T02:23:25.117+0000] {logging_mixin.py:188} INFO - [2026-05-04T02:23:25.117+0000] {dag.py:3823} INFO - Setting next_dagrun for f1_bigdata_pipeline to 2026-04-27 06:00:00+00:00, run_after=2026-05-04 06:00:00+00:00
[2026-05-04T02:23:25.154+0000] {processor.py:183} INFO - Processing /opt/airflow/dags/f1_pipeline_dag.py took 0.204 seconds
[2026-05-04T03:00:07.875+0000] {processor.py:161} INFO - Started process (PID=14057) to work on /opt/airflow/dags/f1_pipeline_dag.py
[2026-05-04T03:00:07.881+0000] {processor.py:830} INFO - Processing file /opt/airflow/dags/f1_pipeline_dag.py for tasks to queue
[2026-05-04T03:00:07.886+0000] {logging_mixin.py:188} INFO - [2026-05-04T03:00:07.883+0000] {dagbag.py:538} INFO - Filling up the DagBag from /opt/airflow/dags/f1_pipeline_dag.py
[2026-05-04T03:00:07.943+0000] {processor.py:840} INFO - DAG(s) 'f1_bigdata_pipeline' retrieved from /opt/airflow/dags/f1_pipeline_dag.py
[2026-05-04T03:00:08.096+0000] {logging_mixin.py:188} INFO - [2026-05-04T03:00:08.095+0000] {dag.py:3036} INFO - Sync 1 DAGs
[2026-05-04T03:00:08.184+0000] {logging_mixin.py:188} INFO - [2026-05-04T03:00:08.184+0000] {dag.py:3823} INFO - Setting next_dagrun for f1_bigdata_pipeline to 2026-04-27 06:00:00+00:00, run_after=2026-05-04 06:00:00+00:00
[2026-05-04T03:00:08.208+0000] {processor.py:183} INFO - Processing /opt/airflow/dags/f1_pipeline_dag.py took 0.360 seconds
[2026-05-04T04:21:49.903+0000] {processor.py:161} INFO - Started process (PID=14062) to work on /opt/airflow/dags/f1_pipeline_dag.py
[2026-05-04T04:21:49.905+0000] {processor.py:830} INFO - Processing file /opt/airflow/dags/f1_pipeline_dag.py for tasks to queue
[2026-05-04T04:21:49.907+0000] {logging_mixin.py:188} INFO - [2026-05-04T04:21:49.906+0000] {dagbag.py:538} INFO - Filling up the DagBag from /opt/airflow/dags/f1_pipeline_dag.py
[2026-05-04T04:21:49.962+0000] {processor.py:840} INFO - DAG(s) 'f1_bigdata_pipeline' retrieved from /opt/airflow/dags/f1_pipeline_dag.py
[2026-05-04T04:21:50.028+0000] {logging_mixin.py:188} INFO - [2026-05-04T04:21:50.027+0000] {dag.py:3036} INFO - Sync 1 DAGs
[2026-05-04T04:21:50.077+0000] {logging_mixin.py:188} INFO - [2026-05-04T04:21:50.076+0000] {dag.py:3823} INFO - Setting next_dagrun for f1_bigdata_pipeline to 2026-04-27 06:00:00+00:00, run_after=2026-05-04 06:00:00+00:00
[2026-05-04T04:21:50.112+0000] {processor.py:183} INFO - Processing /opt/airflow/dags/f1_pipeline_dag.py took 0.228 seconds
[2026-05-04T04:54:48.219+0000] {processor.py:161} INFO - Started process (PID=14069) to work on /opt/airflow/dags/f1_pipeline_dag.py
[2026-05-04T04:54:48.220+0000] {processor.py:830} INFO - Processing file /opt/airflow/dags/f1_pipeline_dag.py for tasks to queue
[2026-05-04T04:54:48.222+0000] {logging_mixin.py:188} INFO - [2026-05-04T04:54:48.222+0000] {dagbag.py:538} INFO - Filling up the DagBag from /opt/airflow/dags/f1_pipeline_dag.py
[2026-05-04T04:54:48.263+0000] {processor.py:840} INFO - DAG(s) 'f1_bigdata_pipeline' retrieved from /opt/airflow/dags/f1_pipeline_dag.py
[2026-05-04T04:54:48.321+0000] {logging_mixin.py:188} INFO - [2026-05-04T04:54:48.321+0000] {dag.py:3036} INFO - Sync 1 DAGs
[2026-05-04T04:54:48.358+0000] {logging_mixin.py:188} INFO - [2026-05-04T04:54:48.357+0000] {dag.py:3823} INFO - Setting next_dagrun for f1_bigdata_pipeline to 2026-04-27 06:00:00+00:00, run_after=2026-05-04 06:00:00+00:00
[2026-05-04T04:54:48.376+0000] {processor.py:183} INFO - Processing /opt/airflow/dags/f1_pipeline_dag.py took 0.167 seconds
[2026-05-04T05:39:35.901+0000] {processor.py:161} INFO - Started process (PID=14074) to work on /opt/airflow/dags/f1_pipeline_dag.py
[2026-05-04T05:39:35.903+0000] {processor.py:830} INFO - Processing file /opt/airflow/dags/f1_pipeline_dag.py for tasks to queue
[2026-05-04T05:39:35.905+0000] {logging_mixin.py:188} INFO - [2026-05-04T05:39:35.904+0000] {dagbag.py:538} INFO - Filling up the DagBag from /opt/airflow/dags/f1_pipeline_dag.py
[2026-05-04T05:39:35.956+0000] {processor.py:840} INFO - DAG(s) 'f1_bigdata_pipeline' retrieved from /opt/airflow/dags/f1_pipeline_dag.py
[2026-05-04T05:39:36.018+0000] {logging_mixin.py:188} INFO - [2026-05-04T05:39:36.018+0000] {dag.py:3036} INFO - Sync 1 DAGs
[2026-05-04T05:39:36.052+0000] {logging_mixin.py:188} INFO - [2026-05-04T05:39:36.052+0000] {dag.py:3823} INFO - Setting next_dagrun for f1_bigdata_pipeline to 2026-04-27 06:00:00+00:00, run_after=2026-05-04 06:00:00+00:00
[2026-05-04T05:39:36.079+0000] {processor.py:183} INFO - Processing /opt/airflow/dags/f1_pipeline_dag.py took 0.188 seconds
[2026-05-04T06:39:23.925+0000] {processor.py:161} INFO - Started process (PID=14080) to work on /opt/airflow/dags/f1_pipeline_dag.py
[2026-05-04T06:39:23.929+0000] {processor.py:830} INFO - Processing file /opt/airflow/dags/f1_pipeline_dag.py for tasks to queue
[2026-05-04T06:39:23.931+0000] {logging_mixin.py:188} INFO - [2026-05-04T06:39:23.930+0000] {dagbag.py:538} INFO - Filling up the DagBag from /opt/airflow/dags/f1_pipeline_dag.py
[2026-05-04T06:39:23.979+0000] {processor.py:840} INFO - DAG(s) 'f1_bigdata_pipeline' retrieved from /opt/airflow/dags/f1_pipeline_dag.py
[2026-05-04T06:39:24.037+0000] {logging_mixin.py:188} INFO - [2026-05-04T06:39:24.037+0000] {dag.py:3036} INFO - Sync 1 DAGs
[2026-05-04T06:39:24.080+0000] {logging_mixin.py:188} INFO - [2026-05-04T06:39:24.079+0000] {dag.py:3823} INFO - Setting next_dagrun for f1_bigdata_pipeline to 2026-05-04 06:00:00+00:00, run_after=2026-05-11 06:00:00+00:00
[2026-05-04T06:39:24.108+0000] {processor.py:183} INFO - Processing /opt/airflow/dags/f1_pipeline_dag.py took 0.198 seconds
[2026-05-04T07:12:11.345+0000] {processor.py:161} INFO - Started process (PID=14106) to work on /opt/airflow/dags/f1_pipeline_dag.py
[2026-05-04T07:12:11.348+0000] {processor.py:830} INFO - Processing file /opt/airflow/dags/f1_pipeline_dag.py for tasks to queue
[2026-05-04T07:12:11.349+0000] {logging_mixin.py:188} INFO - [2026-05-04T07:12:11.348+0000] {dagbag.py:538} INFO - Filling up the DagBag from /opt/airflow/dags/f1_pipeline_dag.py
[2026-05-04T07:12:11.395+0000] {processor.py:840} INFO - DAG(s) 'f1_bigdata_pipeline' retrieved from /opt/airflow/dags/f1_pipeline_dag.py
[2026-05-04T07:12:11.469+0000] {logging_mixin.py:188} INFO - [2026-05-04T07:12:11.468+0000] {dag.py:3036} INFO - Sync 1 DAGs
[2026-05-04T07:12:11.525+0000] {logging_mixin.py:188} INFO - [2026-05-04T07:12:11.525+0000] {dag.py:3823} INFO - Setting next_dagrun for f1_bigdata_pipeline to 2026-05-04 06:00:00+00:00, run_after=2026-05-11 06:00:00+00:00
[2026-05-04T07:12:11.571+0000] {processor.py:183} INFO - Processing /opt/airflow/dags/f1_pipeline_dag.py took 0.238 seconds
[2026-05-04T07:13:19.437+0000] {processor.py:161} INFO - Started process (PID=14111) to work on /opt/airflow/dags/f1_pipeline_dag.py
[2026-05-04T07:13:19.444+0000] {processor.py:830} INFO - Processing file /opt/airflow/dags/f1_pipeline_dag.py for tasks to queue
[2026-05-04T07:13:19.457+0000] {logging_mixin.py:188} INFO - [2026-05-04T07:13:19.453+0000] {dagbag.py:538} INFO - Filling up the DagBag from /opt/airflow/dags/f1_pipeline_dag.py
[2026-05-04T07:13:22.260+0000] {processor.py:840} INFO - DAG(s) 'f1_bigdata_pipeline' retrieved from /opt/airflow/dags/f1_pipeline_dag.py
[2026-05-04T07:13:23.315+0000] {logging_mixin.py:188} INFO - [2026-05-04T07:13:23.313+0000] {dag.py:3036} INFO - Sync 1 DAGs
[2026-05-04T07:13:24.057+0000] {logging_mixin.py:188} INFO - [2026-05-04T07:13:24.052+0000] {dag.py:3823} INFO - Setting next_dagrun for f1_bigdata_pipeline to 2026-05-04 06:00:00+00:00, run_after=2026-05-11 06:00:00+00:00
[2026-05-04T07:13:24.310+0000] {processor.py:183} INFO - Processing /opt/airflow/dags/f1_pipeline_dag.py took 4.957 seconds
[2026-05-04T07:15:29.321+0000] {processor.py:161} INFO - Started process (PID=14116) to work on /opt/airflow/dags/f1_pipeline_dag.py
[2026-05-04T07:15:29.352+0000] {processor.py:830} INFO - Processing file /opt/airflow/dags/f1_pipeline_dag.py for tasks to queue
[2026-05-04T07:15:29.433+0000] {logging_mixin.py:188} INFO - [2026-05-04T07:15:29.402+0000] {dagbag.py:538} INFO - Filling up the DagBag from /opt/airflow/dags/f1_pipeline_dag.py
[2026-05-04T07:15:29.602+0000] {processor.py:840} INFO - DAG(s) 'f1_bigdata_pipeline' retrieved from /opt/airflow/dags/f1_pipeline_dag.py
[2026-05-04T07:15:29.715+0000] {logging_mixin.py:188} INFO - [2026-05-04T07:15:29.714+0000] {dag.py:3036} INFO - Sync 1 DAGs
[2026-05-04T07:15:29.844+0000] {logging_mixin.py:188} INFO - [2026-05-04T07:15:29.843+0000] {dag.py:3823} INFO - Setting next_dagrun for f1_bigdata_pipeline to 2026-05-04 06:00:00+00:00, run_after=2026-05-11 06:00:00+00:00
[2026-05-04T07:15:29.877+0000] {processor.py:183} INFO - Processing /opt/airflow/dags/f1_pipeline_dag.py took 1.724 seconds
[2026-05-04T07:32:01.096+0000] {processor.py:161} INFO - Started process (PID=14123) to work on /opt/airflow/dags/f1_pipeline_dag.py
[2026-05-04T07:32:01.105+0000] {processor.py:830} INFO - Processing file /opt/airflow/dags/f1_pipeline_dag.py for tasks to queue
[2026-05-04T07:32:01.114+0000] {logging_mixin.py:188} INFO - [2026-05-04T07:32:01.109+0000] {dagbag.py:538} INFO - Filling up the DagBag from /opt/airflow/dags/f1_pipeline_dag.py
[2026-05-04T07:32:01.146+0000] {processor.py:840} INFO - DAG(s) 'f1_bigdata_pipeline' retrieved from /opt/airflow/dags/f1_pipeline_dag.py
[2026-05-04T07:32:01.295+0000] {logging_mixin.py:188} INFO - [2026-05-04T07:32:01.295+0000] {taskinstance.py:2700} ERROR - {'DAG Id': 'f1_bigdata_pipeline', 'Task Id': 'spark_silver_transform', 'Run Id': 'scheduled__2026-04-27T06:00:00+00:00', 'Hostname': '6879df3dac39'}
[2026-05-04T07:32:01.430+0000] {logging_mixin.py:188} INFO - [2026-05-04T07:32:01.430+0000] {taskinstance.py:1138} INFO - Marking task as UP_FOR_RETRY. dag_id=f1_bigdata_pipeline, task_id=spark_silver_transform, execution_date=20260427T060000, start_date=20260504T071210, end_date=20260504T073201
[2026-05-04T07:32:01.479+0000] {processor.py:791} INFO - Executed failure callback for <TaskInstance: f1_bigdata_pipeline.spark_silver_transform scheduled__2026-04-27T06:00:00+00:00 [up_for_retry]> in state up_for_retry
[2026-05-04T07:32:01.526+0000] {logging_mixin.py:188} INFO - [2026-05-04T07:32:01.526+0000] {dag.py:3036} INFO - Sync 1 DAGs
[2026-05-04T07:32:01.580+0000] {logging_mixin.py:188} INFO - [2026-05-04T07:32:01.579+0000] {dag.py:3823} INFO - Setting next_dagrun for f1_bigdata_pipeline to 2026-05-04 06:00:00+00:00, run_after=2026-05-11 06:00:00+00:00
[2026-05-04T07:32:01.609+0000] {processor.py:183} INFO - Processing /opt/airflow/dags/f1_pipeline_dag.py took 0.526 seconds
[2026-05-04T07:32:32.031+0000] {processor.py:161} INFO - Started process (PID=14130) to work on /opt/airflow/dags/f1_pipeline_dag.py
[2026-05-04T07:32:32.032+0000] {processor.py:830} INFO - Processing file /opt/airflow/dags/f1_pipeline_dag.py for tasks to queue
[2026-05-04T07:32:32.034+0000] {logging_mixin.py:188} INFO - [2026-05-04T07:32:32.033+0000] {dagbag.py:538} INFO - Filling up the DagBag from /opt/airflow/dags/f1_pipeline_dag.py
[2026-05-04T07:32:32.056+0000] {processor.py:840} INFO - DAG(s) 'f1_bigdata_pipeline' retrieved from /opt/airflow/dags/f1_pipeline_dag.py
[2026-05-04T07:32:32.117+0000] {logging_mixin.py:188} INFO - [2026-05-04T07:32:32.117+0000] {dag.py:3036} INFO - Sync 1 DAGs
[2026-05-04T07:32:32.155+0000] {logging_mixin.py:188} INFO - [2026-05-04T07:32:32.155+0000] {dag.py:3823} INFO - Setting next_dagrun for f1_bigdata_pipeline to 2026-05-04 06:00:00+00:00, run_after=2026-05-11 06:00:00+00:00
[2026-05-04T07:32:32.187+0000] {processor.py:183} INFO - Processing /opt/airflow/dags/f1_pipeline_dag.py took 0.162 seconds
[2026-05-04T07:33:02.233+0000] {processor.py:161} INFO - Started process (PID=14135) to work on /opt/airflow/dags/f1_pipeline_dag.py
[2026-05-04T07:33:02.234+0000] {processor.py:830} INFO - Processing file /opt/airflow/dags/f1_pipeline_dag.py for tasks to queue
[2026-05-04T07:33:02.235+0000] {logging_mixin.py:188} INFO - [2026-05-04T07:33:02.234+0000] {dagbag.py:538} INFO - Filling up the DagBag from /opt/airflow/dags/f1_pipeline_dag.py
[2026-05-04T07:33:02.262+0000] {processor.py:840} INFO - DAG(s) 'f1_bigdata_pipeline' retrieved from /opt/airflow/dags/f1_pipeline_dag.py
[2026-05-04T07:33:02.309+0000] {logging_mixin.py:188} INFO - [2026-05-04T07:33:02.309+0000] {dag.py:3036} INFO - Sync 1 DAGs
[2026-05-04T07:33:02.343+0000] {logging_mixin.py:188} INFO - [2026-05-04T07:33:02.343+0000] {dag.py:3823} INFO - Setting next_dagrun for f1_bigdata_pipeline to 2026-05-04 06:00:00+00:00, run_after=2026-05-11 06:00:00+00:00
[2026-05-04T07:33:02.375+0000] {processor.py:183} INFO - Processing /opt/airflow/dags/f1_pipeline_dag.py took 0.146 seconds
[2026-05-04T07:33:32.634+0000] {processor.py:161} INFO - Started process (PID=14140) to work on /opt/airflow/dags/f1_pipeline_dag.py
[2026-05-04T07:33:32.636+0000] {processor.py:830} INFO - Processing file /opt/airflow/dags/f1_pipeline_dag.py for tasks to queue
[2026-05-04T07:33:32.637+0000] {logging_mixin.py:188} INFO - [2026-05-04T07:33:32.637+0000] {dagbag.py:538} INFO - Filling up the DagBag from /opt/airflow/dags/f1_pipeline_dag.py
[2026-05-04T07:33:32.673+0000] {processor.py:840} INFO - DAG(s) 'f1_bigdata_pipeline' retrieved from /opt/airflow/dags/f1_pipeline_dag.py
[2026-05-04T07:33:32.721+0000] {logging_mixin.py:188} INFO - [2026-05-04T07:33:32.721+0000] {dag.py:3036} INFO - Sync 1 DAGs
[2026-05-04T07:33:32.740+0000] {logging_mixin.py:188} INFO - [2026-05-04T07:33:32.740+0000] {dag.py:3823} INFO - Setting next_dagrun for f1_bigdata_pipeline to 2026-05-04 06:00:00+00:00, run_after=2026-05-11 06:00:00+00:00
[2026-05-04T07:33:32.761+0000] {processor.py:183} INFO - Processing /opt/airflow/dags/f1_pipeline_dag.py took 0.131 seconds
[2026-05-04T08:15:59.945+0000] {processor.py:161} INFO - Started process (PID=14147) to work on /opt/airflow/dags/f1_pipeline_dag.py
[2026-05-04T08:15:59.985+0000] {processor.py:830} INFO - Processing file /opt/airflow/dags/f1_pipeline_dag.py for tasks to queue
[2026-05-04T08:16:00.006+0000] {logging_mixin.py:188} INFO - [2026-05-04T08:15:59.995+0000] {dagbag.py:538} INFO - Filling up the DagBag from /opt/airflow/dags/f1_pipeline_dag.py
[2026-05-04T08:16:00.237+0000] {processor.py:840} INFO - DAG(s) 'f1_bigdata_pipeline' retrieved from /opt/airflow/dags/f1_pipeline_dag.py
[2026-05-04T08:16:00.438+0000] {logging_mixin.py:188} INFO - [2026-05-04T08:16:00.437+0000] {dag.py:3036} INFO - Sync 1 DAGs
[2026-05-04T08:16:00.536+0000] {logging_mixin.py:188} INFO - [2026-05-04T08:16:00.536+0000] {dag.py:3823} INFO - Setting next_dagrun for f1_bigdata_pipeline to 2026-05-04 06:00:00+00:00, run_after=2026-05-11 06:00:00+00:00
[2026-05-04T08:16:00.580+0000] {processor.py:183} INFO - Processing /opt/airflow/dags/f1_pipeline_dag.py took 0.713 seconds
[2026-05-04T08:16:38.715+0000] {processor.py:161} INFO - Started process (PID=14165) to work on /opt/airflow/dags/f1_pipeline_dag.py
[2026-05-04T08:16:38.867+0000] {processor.py:830} INFO - Processing file /opt/airflow/dags/f1_pipeline_dag.py for tasks to queue
[2026-05-04T08:16:38.982+0000] {logging_mixin.py:188} INFO - [2026-05-04T08:16:38.932+0000] {dagbag.py:538} INFO - Filling up the DagBag from /opt/airflow/dags/f1_pipeline_dag.py
[2026-05-04T08:16:40.351+0000] {processor.py:840} INFO - DAG(s) 'f1_bigdata_pipeline' retrieved from /opt/airflow/dags/f1_pipeline_dag.py
[2026-05-04T08:16:44.264+0000] {logging_mixin.py:188} INFO - [2026-05-04T08:16:44.255+0000] {dag.py:3036} INFO - Sync 1 DAGs
[2026-05-04T08:16:58.567+0000] {logging_mixin.py:188} INFO - [2026-05-04T08:16:58.426+0000] {dag.py:3823} INFO - Setting next_dagrun for f1_bigdata_pipeline to 2026-05-04 06:00:00+00:00, run_after=2026-05-11 06:00:00+00:00
[2026-05-04T08:17:04.253+0000] {processor.py:183} INFO - Processing /opt/airflow/dags/f1_pipeline_dag.py took 26.922 seconds
[2026-05-04T08:17:36.896+0000] {processor.py:161} INFO - Started process (PID=14170) to work on /opt/airflow/dags/f1_pipeline_dag.py
[2026-05-04T08:17:36.917+0000] {processor.py:830} INFO - Processing file /opt/airflow/dags/f1_pipeline_dag.py for tasks to queue
[2026-05-04T08:17:36.960+0000] {logging_mixin.py:188} INFO - [2026-05-04T08:17:36.936+0000] {dagbag.py:538} INFO - Filling up the DagBag from /opt/airflow/dags/f1_pipeline_dag.py
[2026-05-04T08:17:37.848+0000] {processor.py:840} INFO - DAG(s) 'f1_bigdata_pipeline' retrieved from /opt/airflow/dags/f1_pipeline_dag.py
[2026-05-04T08:17:39.599+0000] {logging_mixin.py:188} INFO - [2026-05-04T08:17:39.437+0000] {dag.py:3036} INFO - Sync 1 DAGs
[2026-05-04T08:17:40.259+0000] {logging_mixin.py:188} INFO - [2026-05-04T08:17:40.255+0000] {dag.py:3823} INFO - Setting next_dagrun for f1_bigdata_pipeline to 2026-05-04 06:00:00+00:00, run_after=2026-05-11 06:00:00+00:00
[2026-05-04T08:17:40.391+0000] {processor.py:183} INFO - Processing /opt/airflow/dags/f1_pipeline_dag.py took 3.820 seconds
[2026-05-04T09:41:44.917+0000] {processor.py:161} INFO - Started process (PID=14177) to work on /opt/airflow/dags/f1_pipeline_dag.py
[2026-05-04T09:41:44.936+0000] {processor.py:830} INFO - Processing file /opt/airflow/dags/f1_pipeline_dag.py for tasks to queue
[2026-05-04T09:41:44.966+0000] {logging_mixin.py:188} INFO - [2026-05-04T09:41:44.956+0000] {dagbag.py:538} INFO - Filling up the DagBag from /opt/airflow/dags/f1_pipeline_dag.py
[2026-05-04T09:41:45.884+0000] {processor.py:840} INFO - DAG(s) 'f1_bigdata_pipeline' retrieved from /opt/airflow/dags/f1_pipeline_dag.py
[2026-05-04T09:41:46.369+0000] {logging_mixin.py:188} INFO - [2026-05-04T09:41:46.366+0000] {dag.py:3036} INFO - Sync 1 DAGs
[2026-05-04T09:41:46.646+0000] {logging_mixin.py:188} INFO - [2026-05-04T09:41:46.643+0000] {dag.py:3823} INFO - Setting next_dagrun for f1_bigdata_pipeline to 2026-05-04 06:00:00+00:00, run_after=2026-05-11 06:00:00+00:00
[2026-05-04T09:41:48.982+0000] {processor.py:183} INFO - Processing /opt/airflow/dags/f1_pipeline_dag.py took 4.171 seconds
[2026-05-04T09:42:20.540+0000] {processor.py:161} INFO - Started process (PID=14182) to work on /opt/airflow/dags/f1_pipeline_dag.py
[2026-05-04T09:42:20.561+0000] {processor.py:830} INFO - Processing file /opt/airflow/dags/f1_pipeline_dag.py for tasks to queue
[2026-05-04T09:42:20.615+0000] {logging_mixin.py:188} INFO - [2026-05-04T09:42:20.599+0000] {dagbag.py:538} INFO - Filling up the DagBag from /opt/airflow/dags/f1_pipeline_dag.py
[2026-05-04T09:42:21.627+0000] {processor.py:840} INFO - DAG(s) 'f1_bigdata_pipeline' retrieved from /opt/airflow/dags/f1_pipeline_dag.py
[2026-05-04T09:42:23.654+0000] {logging_mixin.py:188} INFO - [2026-05-04T09:42:23.636+0000] {dag.py:3036} INFO - Sync 1 DAGs
[2026-05-04T09:42:25.207+0000] {logging_mixin.py:188} INFO - [2026-05-04T09:42:25.206+0000] {dag.py:3823} INFO - Setting next_dagrun for f1_bigdata_pipeline to 2026-05-04 06:00:00+00:00, run_after=2026-05-11 06:00:00+00:00
[2026-05-04T09:42:27.601+0000] {processor.py:183} INFO - Processing /opt/airflow/dags/f1_pipeline_dag.py took 7.333 seconds
[2026-05-04T10:22:18.815+0000] {processor.py:161} INFO - Started process (PID=14189) to work on /opt/airflow/dags/f1_pipeline_dag.py
[2026-05-04T10:22:19.188+0000] {processor.py:830} INFO - Processing file /opt/airflow/dags/f1_pipeline_dag.py for tasks to queue
[2026-05-04T10:22:19.254+0000] {logging_mixin.py:188} INFO - [2026-05-04T10:22:19.219+0000] {dagbag.py:538} INFO - Filling up the DagBag from /opt/airflow/dags/f1_pipeline_dag.py
[2026-05-04T10:22:20.155+0000] {processor.py:840} INFO - DAG(s) 'f1_bigdata_pipeline' retrieved from /opt/airflow/dags/f1_pipeline_dag.py
[2026-05-04T10:22:20.978+0000] {logging_mixin.py:188} INFO - [2026-05-04T10:22:20.971+0000] {dag.py:3036} INFO - Sync 1 DAGs
[2026-05-04T10:22:21.438+0000] {logging_mixin.py:188} INFO - [2026-05-04T10:22:21.435+0000] {dag.py:3823} INFO - Setting next_dagrun for f1_bigdata_pipeline to 2026-05-04 06:00:00+00:00, run_after=2026-05-11 06:00:00+00:00
[2026-05-04T10:22:21.677+0000] {processor.py:183} INFO - Processing /opt/airflow/dags/f1_pipeline_dag.py took 3.196 seconds
[2026-05-04T10:30:08.729+0000] {processor.py:161} INFO - Started process (PID=14196) to work on /opt/airflow/dags/f1_pipeline_dag.py
[2026-05-04T10:30:08.745+0000] {processor.py:830} INFO - Processing file /opt/airflow/dags/f1_pipeline_dag.py for tasks to queue
[2026-05-04T10:30:08.766+0000] {logging_mixin.py:188} INFO - [2026-05-04T10:30:08.754+0000] {dagbag.py:538} INFO - Filling up the DagBag from /opt/airflow/dags/f1_pipeline_dag.py
[2026-05-04T10:30:09.207+0000] {processor.py:840} INFO - DAG(s) 'f1_bigdata_pipeline' retrieved from /opt/airflow/dags/f1_pipeline_dag.py
[2026-05-04T10:30:09.575+0000] {logging_mixin.py:188} INFO - [2026-05-04T10:30:09.573+0000] {taskinstance.py:2700} ERROR - {'DAG Id': 'f1_bigdata_pipeline', 'Task Id': 'spark_silver_transform', 'Run Id': 'scheduled__2026-04-27T06:00:00+00:00', 'Hostname': '6879df3dac39'}
[2026-05-04T10:30:09.904+0000] {logging_mixin.py:188} INFO - [2026-05-04T10:30:09.904+0000] {taskinstance.py:1138} INFO - Marking task as UP_FOR_RETRY. dag_id=f1_bigdata_pipeline, task_id=spark_silver_transform, execution_date=20260427T060000, start_date=20260504T081607, end_date=20260504T103009
[2026-05-04T10:30:10.014+0000] {processor.py:791} INFO - Executed failure callback for <TaskInstance: f1_bigdata_pipeline.spark_silver_transform scheduled__2026-04-27T06:00:00+00:00 [up_for_retry]> in state up_for_retry
[2026-05-04T10:30:10.494+0000] {logging_mixin.py:188} INFO - [2026-05-04T10:30:10.493+0000] {dag.py:3036} INFO - Sync 1 DAGs
[2026-05-04T10:30:10.737+0000] {logging_mixin.py:188} INFO - [2026-05-04T10:30:10.737+0000] {dag.py:3823} INFO - Setting next_dagrun for f1_bigdata_pipeline to 2026-05-04 06:00:00+00:00, run_after=2026-05-11 06:00:00+00:00
[2026-05-04T10:30:10.759+0000] {processor.py:183} INFO - Processing /opt/airflow/dags/f1_pipeline_dag.py took 2.131 seconds
[2026-05-04T10:44:44.217+0000] {processor.py:161} INFO - Started process (PID=14201) to work on /opt/airflow/dags/f1_pipeline_dag.py
[2026-05-04T10:44:44.230+0000] {processor.py:830} INFO - Processing file /opt/airflow/dags/f1_pipeline_dag.py for tasks to queue
[2026-05-04T10:44:44.263+0000] {logging_mixin.py:188} INFO - [2026-05-04T10:44:44.244+0000] {dagbag.py:538} INFO - Filling up the DagBag from /opt/airflow/dags/f1_pipeline_dag.py
[2026-05-04T10:44:44.598+0000] {processor.py:840} INFO - DAG(s) 'f1_bigdata_pipeline' retrieved from /opt/airflow/dags/f1_pipeline_dag.py
[2026-05-04T10:44:45.304+0000] {logging_mixin.py:188} INFO - [2026-05-04T10:44:45.303+0000] {dag.py:3036} INFO - Sync 1 DAGs
[2026-05-04T10:44:45.762+0000] {logging_mixin.py:188} INFO - [2026-05-04T10:44:45.762+0000] {dag.py:3823} INFO - Setting next_dagrun for f1_bigdata_pipeline to 2026-05-04 06:00:00+00:00, run_after=2026-05-11 06:00:00+00:00
[2026-05-04T10:44:45.921+0000] {processor.py:183} INFO - Processing /opt/airflow/dags/f1_pipeline_dag.py took 1.856 seconds
[2026-05-04T10:59:45.951+0000] {processor.py:161} INFO - Started process (PID=14208) to work on /opt/airflow/dags/f1_pipeline_dag.py
[2026-05-04T10:59:45.995+0000] {processor.py:830} INFO - Processing file /opt/airflow/dags/f1_pipeline_dag.py for tasks to queue
[2026-05-04T10:59:46.020+0000] {logging_mixin.py:188} INFO - [2026-05-04T10:59:46.007+0000] {dagbag.py:538} INFO - Filling up the DagBag from /opt/airflow/dags/f1_pipeline_dag.py
[2026-05-04T10:59:46.342+0000] {processor.py:840} INFO - DAG(s) 'f1_bigdata_pipeline' retrieved from /opt/airflow/dags/f1_pipeline_dag.py
[2026-05-04T10:59:46.724+0000] {logging_mixin.py:188} INFO - [2026-05-04T10:59:46.722+0000] {dag.py:3036} INFO - Sync 1 DAGs
[2026-05-04T10:59:46.902+0000] {logging_mixin.py:188} INFO - [2026-05-04T10:59:46.901+0000] {dag.py:3823} INFO - Setting next_dagrun for f1_bigdata_pipeline to 2026-05-04 06:00:00+00:00, run_after=2026-05-11 06:00:00+00:00
[2026-05-04T10:59:46.968+0000] {processor.py:183} INFO - Processing /opt/airflow/dags/f1_pipeline_dag.py took 1.087 seconds
[2026-05-04T11:39:33.174+0000] {processor.py:161} INFO - Started process (PID=14213) to work on /opt/airflow/dags/f1_pipeline_dag.py
[2026-05-04T11:39:33.194+0000] {processor.py:830} INFO - Processing file /opt/airflow/dags/f1_pipeline_dag.py for tasks to queue
[2026-05-04T11:39:33.246+0000] {logging_mixin.py:188} INFO - [2026-05-04T11:39:33.218+0000] {dagbag.py:538} INFO - Filling up the DagBag from /opt/airflow/dags/f1_pipeline_dag.py
[2026-05-04T11:39:33.982+0000] {processor.py:840} INFO - DAG(s) 'f1_bigdata_pipeline' retrieved from /opt/airflow/dags/f1_pipeline_dag.py
[2026-05-04T11:39:34.781+0000] {logging_mixin.py:188} INFO - [2026-05-04T11:39:34.780+0000] {dag.py:3036} INFO - Sync 1 DAGs
[2026-05-04T11:39:35.452+0000] {logging_mixin.py:188} INFO - [2026-05-04T11:39:35.451+0000] {dag.py:3823} INFO - Setting next_dagrun for f1_bigdata_pipeline to 2026-05-04 06:00:00+00:00, run_after=2026-05-11 06:00:00+00:00
[2026-05-04T11:39:35.705+0000] {processor.py:183} INFO - Processing /opt/airflow/dags/f1_pipeline_dag.py took 2.805 seconds
[2026-05-04T11:40:07.331+0000] {processor.py:161} INFO - Started process (PID=14220) to work on /opt/airflow/dags/f1_pipeline_dag.py
[2026-05-04T11:40:07.368+0000] {processor.py:830} INFO - Processing file /opt/airflow/dags/f1_pipeline_dag.py for tasks to queue
[2026-05-04T11:40:07.397+0000] {logging_mixin.py:188} INFO - [2026-05-04T11:40:07.386+0000] {dagbag.py:538} INFO - Filling up the DagBag from /opt/airflow/dags/f1_pipeline_dag.py
[2026-05-04T11:40:12.498+0000] {processor.py:840} INFO - DAG(s) 'f1_bigdata_pipeline' retrieved from /opt/airflow/dags/f1_pipeline_dag.py
[2026-05-04T11:40:14.555+0000] {logging_mixin.py:188} INFO - [2026-05-04T11:40:14.550+0000] {dag.py:3036} INFO - Sync 1 DAGs
[2026-05-04T11:40:15.265+0000] {logging_mixin.py:188} INFO - [2026-05-04T11:40:15.265+0000] {dag.py:3823} INFO - Setting next_dagrun for f1_bigdata_pipeline to 2026-05-04 06:00:00+00:00, run_after=2026-05-11 06:00:00+00:00
[2026-05-04T11:40:15.334+0000] {processor.py:183} INFO - Processing /opt/airflow/dags/f1_pipeline_dag.py took 8.207 seconds
[2026-05-04T12:07:19.335+0000] {processor.py:161} INFO - Started process (PID=14225) to work on /opt/airflow/dags/f1_pipeline_dag.py
[2026-05-04T12:07:19.374+0000] {processor.py:830} INFO - Processing file /opt/airflow/dags/f1_pipeline_dag.py for tasks to queue
[2026-05-04T12:07:19.447+0000] {logging_mixin.py:188} INFO - [2026-05-04T12:07:19.420+0000] {dagbag.py:538} INFO - Filling up the DagBag from /opt/airflow/dags/f1_pipeline_dag.py
[2026-05-04T12:07:19.825+0000] {processor.py:840} INFO - DAG(s) 'f1_bigdata_pipeline' retrieved from /opt/airflow/dags/f1_pipeline_dag.py
[2026-05-04T12:07:20.281+0000] {logging_mixin.py:188} INFO - [2026-05-04T12:07:20.280+0000] {dag.py:3036} INFO - Sync 1 DAGs
[2026-05-04T12:07:20.555+0000] {logging_mixin.py:188} INFO - [2026-05-04T12:07:20.554+0000] {dag.py:3823} INFO - Setting next_dagrun for f1_bigdata_pipeline to 2026-05-04 06:00:00+00:00, run_after=2026-05-11 06:00:00+00:00
[2026-05-04T12:07:20.596+0000] {processor.py:183} INFO - Processing /opt/airflow/dags/f1_pipeline_dag.py took 1.496 seconds
[2026-05-04T12:59:49.254+0000] {processor.py:161} INFO - Started process (PID=14234) to work on /opt/airflow/dags/f1_pipeline_dag.py
[2026-05-04T12:59:49.269+0000] {processor.py:830} INFO - Processing file /opt/airflow/dags/f1_pipeline_dag.py for tasks to queue
[2026-05-04T12:59:49.302+0000] {logging_mixin.py:188} INFO - [2026-05-04T12:59:49.288+0000] {dagbag.py:538} INFO - Filling up the DagBag from /opt/airflow/dags/f1_pipeline_dag.py
[2026-05-04T12:59:49.715+0000] {processor.py:840} INFO - DAG(s) 'f1_bigdata_pipeline' retrieved from /opt/airflow/dags/f1_pipeline_dag.py
[2026-05-04T12:59:50.213+0000] {logging_mixin.py:188} INFO - [2026-05-04T12:59:50.213+0000] {dag.py:3036} INFO - Sync 1 DAGs
[2026-05-04T12:59:50.498+0000] {logging_mixin.py:188} INFO - [2026-05-04T12:59:50.494+0000] {dag.py:3823} INFO - Setting next_dagrun for f1_bigdata_pipeline to 2026-05-04 06:00:00+00:00, run_after=2026-05-11 06:00:00+00:00
[2026-05-04T12:59:50.664+0000] {processor.py:183} INFO - Processing /opt/airflow/dags/f1_pipeline_dag.py took 1.505 seconds
[2026-05-04T13:18:36.100+0000] {processor.py:161} INFO - Started process (PID=14239) to work on /opt/airflow/dags/f1_pipeline_dag.py
[2026-05-04T13:18:36.106+0000] {processor.py:830} INFO - Processing file /opt/airflow/dags/f1_pipeline_dag.py for tasks to queue
[2026-05-04T13:18:36.126+0000] {logging_mixin.py:188} INFO - [2026-05-04T13:18:36.116+0000] {dagbag.py:538} INFO - Filling up the DagBag from /opt/airflow/dags/f1_pipeline_dag.py
[2026-05-04T13:18:36.543+0000] {processor.py:840} INFO - DAG(s) 'f1_bigdata_pipeline' retrieved from /opt/airflow/dags/f1_pipeline_dag.py
[2026-05-04T13:18:37.241+0000] {logging_mixin.py:188} INFO - [2026-05-04T13:18:37.240+0000] {dag.py:3036} INFO - Sync 1 DAGs
[2026-05-04T13:18:37.494+0000] {logging_mixin.py:188} INFO - [2026-05-04T13:18:37.492+0000] {dag.py:3823} INFO - Setting next_dagrun for f1_bigdata_pipeline to 2026-05-04 06:00:00+00:00, run_after=2026-05-11 06:00:00+00:00
[2026-05-04T13:18:37.657+0000] {processor.py:183} INFO - Processing /opt/airflow/dags/f1_pipeline_dag.py took 1.643 seconds
[2026-05-04T13:19:14.559+0000] {processor.py:161} INFO - Started process (PID=14246) to work on /opt/airflow/dags/f1_pipeline_dag.py
[2026-05-04T13:19:14.569+0000] {processor.py:830} INFO - Processing file /opt/airflow/dags/f1_pipeline_dag.py for tasks to queue
[2026-05-04T13:19:14.580+0000] {logging_mixin.py:188} INFO - [2026-05-04T13:19:14.574+0000] {dagbag.py:538} INFO - Filling up the DagBag from /opt/airflow/dags/f1_pipeline_dag.py
[2026-05-04T13:19:15.134+0000] {processor.py:840} INFO - DAG(s) 'f1_bigdata_pipeline' retrieved from /opt/airflow/dags/f1_pipeline_dag.py
[2026-05-04T13:19:15.682+0000] {logging_mixin.py:188} INFO - [2026-05-04T13:19:15.680+0000] {dag.py:3036} INFO - Sync 1 DAGs
[2026-05-04T13:19:16.101+0000] {logging_mixin.py:188} INFO - [2026-05-04T13:19:16.100+0000] {dag.py:3823} INFO - Setting next_dagrun for f1_bigdata_pipeline to 2026-05-04 06:00:00+00:00, run_after=2026-05-11 06:00:00+00:00
[2026-05-04T13:19:16.429+0000] {processor.py:183} INFO - Processing /opt/airflow/dags/f1_pipeline_dag.py took 2.050 seconds
[2026-05-04T13:31:57.062+0000] {processor.py:161} INFO - Started process (PID=14253) to work on /opt/airflow/dags/f1_pipeline_dag.py
[2026-05-04T13:31:57.063+0000] {processor.py:830} INFO - Processing file /opt/airflow/dags/f1_pipeline_dag.py for tasks to queue
[2026-05-04T13:31:57.074+0000] {logging_mixin.py:188} INFO - [2026-05-04T13:31:57.072+0000] {dagbag.py:538} INFO - Filling up the DagBag from /opt/airflow/dags/f1_pipeline_dag.py
[2026-05-04T13:31:57.289+0000] {processor.py:840} INFO - DAG(s) 'f1_bigdata_pipeline' retrieved from /opt/airflow/dags/f1_pipeline_dag.py
[2026-05-04T13:31:57.758+0000] {logging_mixin.py:188} INFO - [2026-05-04T13:31:57.757+0000] {dag.py:3036} INFO - Sync 1 DAGs
[2026-05-04T13:31:57.812+0000] {logging_mixin.py:188} INFO - [2026-05-04T13:31:57.812+0000] {dag.py:3823} INFO - Setting next_dagrun for f1_bigdata_pipeline to 2026-05-04 06:00:00+00:00, run_after=2026-05-11 06:00:00+00:00
[2026-05-04T13:31:57.850+0000] {processor.py:183} INFO - Processing /opt/airflow/dags/f1_pipeline_dag.py took 0.844 seconds
[2026-05-04T13:33:27.895+0000] {processor.py:161} INFO - Started process (PID=14260) to work on /opt/airflow/dags/f1_pipeline_dag.py
[2026-05-04T13:33:27.905+0000] {processor.py:830} INFO - Processing file /opt/airflow/dags/f1_pipeline_dag.py for tasks to queue
[2026-05-04T13:33:27.921+0000] {logging_mixin.py:188} INFO - [2026-05-04T13:33:27.913+0000] {dagbag.py:538} INFO - Filling up the DagBag from /opt/airflow/dags/f1_pipeline_dag.py
[2026-05-04T13:33:28.241+0000] {processor.py:840} INFO - DAG(s) 'f1_bigdata_pipeline' retrieved from /opt/airflow/dags/f1_pipeline_dag.py
[2026-05-04T13:33:28.671+0000] {logging_mixin.py:188} INFO - [2026-05-04T13:33:28.669+0000] {dag.py:3036} INFO - Sync 1 DAGs
[2026-05-04T13:33:29.048+0000] {logging_mixin.py:188} INFO - [2026-05-04T13:33:29.048+0000] {dag.py:3823} INFO - Setting next_dagrun for f1_bigdata_pipeline to 2026-05-04 06:00:00+00:00, run_after=2026-05-11 06:00:00+00:00
[2026-05-04T13:33:29.204+0000] {processor.py:183} INFO - Processing /opt/airflow/dags/f1_pipeline_dag.py took 1.368 seconds
[2026-05-04T13:33:59.455+0000] {processor.py:161} INFO - Started process (PID=14265) to work on /opt/airflow/dags/f1_pipeline_dag.py
[2026-05-04T13:33:59.463+0000] {processor.py:830} INFO - Processing file /opt/airflow/dags/f1_pipeline_dag.py for tasks to queue
[2026-05-04T13:33:59.473+0000] {logging_mixin.py:188} INFO - [2026-05-04T13:33:59.467+0000] {dagbag.py:538} INFO - Filling up the DagBag from /opt/airflow/dags/f1_pipeline_dag.py
[2026-05-04T13:33:59.590+0000] {processor.py:840} INFO - DAG(s) 'f1_bigdata_pipeline' retrieved from /opt/airflow/dags/f1_pipeline_dag.py
[2026-05-04T13:33:59.654+0000] {logging_mixin.py:188} INFO - [2026-05-04T13:33:59.654+0000] {dag.py:3036} INFO - Sync 1 DAGs
[2026-05-04T13:33:59.732+0000] {logging_mixin.py:188} INFO - [2026-05-04T13:33:59.732+0000] {dag.py:3823} INFO - Setting next_dagrun for f1_bigdata_pipeline to 2026-05-04 06:00:00+00:00, run_after=2026-05-11 06:00:00+00:00
[2026-05-04T13:33:59.771+0000] {processor.py:183} INFO - Processing /opt/airflow/dags/f1_pipeline_dag.py took 0.336 seconds
[2026-05-04T13:34:30.185+0000] {processor.py:161} INFO - Started process (PID=14270) to work on /opt/airflow/dags/f1_pipeline_dag.py
[2026-05-04T13:34:30.186+0000] {processor.py:830} INFO - Processing file /opt/airflow/dags/f1_pipeline_dag.py for tasks to queue
[2026-05-04T13:34:30.187+0000] {logging_mixin.py:188} INFO - [2026-05-04T13:34:30.186+0000] {dagbag.py:538} INFO - Filling up the DagBag from /opt/airflow/dags/f1_pipeline_dag.py
[2026-05-04T13:34:30.210+0000] {processor.py:840} INFO - DAG(s) 'f1_bigdata_pipeline' retrieved from /opt/airflow/dags/f1_pipeline_dag.py
[2026-05-04T13:34:30.264+0000] {logging_mixin.py:188} INFO - [2026-05-04T13:34:30.264+0000] {dag.py:3036} INFO - Sync 1 DAGs
[2026-05-04T13:34:30.295+0000] {logging_mixin.py:188} INFO - [2026-05-04T13:34:30.295+0000] {dag.py:3823} INFO - Setting next_dagrun for f1_bigdata_pipeline to 2026-05-04 06:00:00+00:00, run_after=2026-05-11 06:00:00+00:00
[2026-05-04T13:34:30.313+0000] {processor.py:183} INFO - Processing /opt/airflow/dags/f1_pipeline_dag.py took 0.133 seconds
[2026-05-04T13:35:00.605+0000] {processor.py:161} INFO - Started process (PID=14275) to work on /opt/airflow/dags/f1_pipeline_dag.py
[2026-05-04T13:35:00.605+0000] {processor.py:830} INFO - Processing file /opt/airflow/dags/f1_pipeline_dag.py for tasks to queue
[2026-05-04T13:35:00.607+0000] {logging_mixin.py:188} INFO - [2026-05-04T13:35:00.606+0000] {dagbag.py:538} INFO - Filling up the DagBag from /opt/airflow/dags/f1_pipeline_dag.py
[2026-05-04T13:35:00.623+0000] {processor.py:840} INFO - DAG(s) 'f1_bigdata_pipeline' retrieved from /opt/airflow/dags/f1_pipeline_dag.py
[2026-05-04T13:35:00.654+0000] {logging_mixin.py:188} INFO - [2026-05-04T13:35:00.654+0000] {dag.py:3036} INFO - Sync 1 DAGs
[2026-05-04T13:35:00.694+0000] {logging_mixin.py:188} INFO - [2026-05-04T13:35:00.694+0000] {dag.py:3823} INFO - Setting next_dagrun for f1_bigdata_pipeline to 2026-05-04 06:00:00+00:00, run_after=2026-05-11 06:00:00+00:00
[2026-05-04T13:35:00.707+0000] {processor.py:183} INFO - Processing /opt/airflow/dags/f1_pipeline_dag.py took 0.119 seconds
[2026-05-04T13:37:12.320+0000] {processor.py:161} INFO - Started process (PID=14280) to work on /opt/airflow/dags/f1_pipeline_dag.py
[2026-05-04T13:37:12.322+0000] {processor.py:830} INFO - Processing file /opt/airflow/dags/f1_pipeline_dag.py for tasks to queue
[2026-05-04T13:37:12.323+0000] {logging_mixin.py:188} INFO - [2026-05-04T13:37:12.322+0000] {dagbag.py:538} INFO - Filling up the DagBag from /opt/airflow/dags/f1_pipeline_dag.py
[2026-05-04T13:37:12.340+0000] {processor.py:840} INFO - DAG(s) 'f1_bigdata_pipeline' retrieved from /opt/airflow/dags/f1_pipeline_dag.py
[2026-05-04T13:37:12.384+0000] {logging_mixin.py:188} INFO - [2026-05-04T13:37:12.384+0000] {dag.py:3036} INFO - Sync 1 DAGs
[2026-05-04T13:37:12.400+0000] {logging_mixin.py:188} INFO - [2026-05-04T13:37:12.400+0000] {dag.py:3823} INFO - Setting next_dagrun for f1_bigdata_pipeline to 2026-05-04 06:00:00+00:00, run_after=2026-05-11 06:00:00+00:00
[2026-05-04T13:37:12.409+0000] {processor.py:183} INFO - Processing /opt/airflow/dags/f1_pipeline_dag.py took 0.096 seconds
[2026-05-04T13:39:19.850+0000] {processor.py:161} INFO - Started process (PID=14289) to work on /opt/airflow/dags/f1_pipeline_dag.py
[2026-05-04T13:39:19.855+0000] {processor.py:830} INFO - Processing file /opt/airflow/dags/f1_pipeline_dag.py for tasks to queue
[2026-05-04T13:39:19.857+0000] {logging_mixin.py:188} INFO - [2026-05-04T13:39:19.856+0000] {dagbag.py:538} INFO - Filling up the DagBag from /opt/airflow/dags/f1_pipeline_dag.py
[2026-05-04T13:39:19.904+0000] {processor.py:840} INFO - DAG(s) 'f1_bigdata_pipeline' retrieved from /opt/airflow/dags/f1_pipeline_dag.py
[2026-05-04T13:39:19.996+0000] {logging_mixin.py:188} INFO - [2026-05-04T13:39:19.996+0000] {dag.py:3036} INFO - Sync 1 DAGs
[2026-05-04T13:39:20.270+0000] {logging_mixin.py:188} INFO - [2026-05-04T13:39:20.269+0000] {dag.py:3823} INFO - Setting next_dagrun for f1_bigdata_pipeline to 2026-05-04 06:00:00+00:00, run_after=2026-05-11 06:00:00+00:00
[2026-05-04T13:39:20.383+0000] {processor.py:183} INFO - Processing /opt/airflow/dags/f1_pipeline_dag.py took 0.543 seconds
[2026-05-04T13:39:50.781+0000] {processor.py:161} INFO - Started process (PID=14294) to work on /opt/airflow/dags/f1_pipeline_dag.py
[2026-05-04T13:39:50.783+0000] {processor.py:830} INFO - Processing file /opt/airflow/dags/f1_pipeline_dag.py for tasks to queue
[2026-05-04T13:39:50.784+0000] {logging_mixin.py:188} INFO - [2026-05-04T13:39:50.784+0000] {dagbag.py:538} INFO - Filling up the DagBag from /opt/airflow/dags/f1_pipeline_dag.py
[2026-05-04T13:39:50.817+0000] {processor.py:840} INFO - DAG(s) 'f1_bigdata_pipeline' retrieved from /opt/airflow/dags/f1_pipeline_dag.py
[2026-05-04T13:39:50.899+0000] {logging_mixin.py:188} INFO - [2026-05-04T13:39:50.899+0000] {dag.py:3036} INFO - Sync 1 DAGs
[2026-05-04T13:39:50.964+0000] {logging_mixin.py:188} INFO - [2026-05-04T13:39:50.963+0000] {dag.py:3823} INFO - Setting next_dagrun for f1_bigdata_pipeline to 2026-05-04 06:00:00+00:00, run_after=2026-05-11 06:00:00+00:00
[2026-05-04T13:39:50.998+0000] {processor.py:183} INFO - Processing /opt/airflow/dags/f1_pipeline_dag.py took 0.225 seconds
[2026-05-04T13:40:21.808+0000] {processor.py:161} INFO - Started process (PID=14299) to work on /opt/airflow/dags/f1_pipeline_dag.py
[2026-05-04T13:40:21.841+0000] {processor.py:830} INFO - Processing file /opt/airflow/dags/f1_pipeline_dag.py for tasks to queue
[2026-05-04T13:40:21.877+0000] {logging_mixin.py:188} INFO - [2026-05-04T13:40:21.856+0000] {dagbag.py:538} INFO - Filling up the DagBag from /opt/airflow/dags/f1_pipeline_dag.py
[2026-05-04T13:40:22.331+0000] {processor.py:840} INFO - DAG(s) 'f1_bigdata_pipeline' retrieved from /opt/airflow/dags/f1_pipeline_dag.py
[2026-05-04T13:40:22.686+0000] {logging_mixin.py:188} INFO - [2026-05-04T13:40:22.684+0000] {dag.py:3036} INFO - Sync 1 DAGs
[2026-05-04T13:40:23.061+0000] {logging_mixin.py:188} INFO - [2026-05-04T13:40:23.060+0000] {dag.py:3823} INFO - Setting next_dagrun for f1_bigdata_pipeline to 2026-05-04 06:00:00+00:00, run_after=2026-05-11 06:00:00+00:00
[2026-05-04T13:40:23.301+0000] {processor.py:183} INFO - Processing /opt/airflow/dags/f1_pipeline_dag.py took 1.643 seconds
[2026-05-04T13:40:54.630+0000] {processor.py:161} INFO - Started process (PID=14304) to work on /opt/airflow/dags/f1_pipeline_dag.py
[2026-05-04T13:40:54.632+0000] {processor.py:830} INFO - Processing file /opt/airflow/dags/f1_pipeline_dag.py for tasks to queue
[2026-05-04T13:40:54.638+0000] {logging_mixin.py:188} INFO - [2026-05-04T13:40:54.634+0000] {dagbag.py:538} INFO - Filling up the DagBag from /opt/airflow/dags/f1_pipeline_dag.py
[2026-05-04T13:40:54.706+0000] {processor.py:840} INFO - DAG(s) 'f1_bigdata_pipeline' retrieved from /opt/airflow/dags/f1_pipeline_dag.py
[2026-05-04T13:40:54.831+0000] {logging_mixin.py:188} INFO - [2026-05-04T13:40:54.831+0000] {dag.py:3036} INFO - Sync 1 DAGs
[2026-05-04T13:40:54.936+0000] {logging_mixin.py:188} INFO - [2026-05-04T13:40:54.936+0000] {dag.py:3823} INFO - Setting next_dagrun for f1_bigdata_pipeline to 2026-05-04 06:00:00+00:00, run_after=2026-05-11 06:00:00+00:00
[2026-05-04T13:40:54.957+0000] {processor.py:183} INFO - Processing /opt/airflow/dags/f1_pipeline_dag.py took 0.348 seconds
[2026-05-04T13:45:35.355+0000] {processor.py:161} INFO - Started process (PID=14309) to work on /opt/airflow/dags/f1_pipeline_dag.py
[2026-05-04T13:45:35.356+0000] {processor.py:830} INFO - Processing file /opt/airflow/dags/f1_pipeline_dag.py for tasks to queue
[2026-05-04T13:45:35.357+0000] {logging_mixin.py:188} INFO - [2026-05-04T13:45:35.357+0000] {dagbag.py:538} INFO - Filling up the DagBag from /opt/airflow/dags/f1_pipeline_dag.py
[2026-05-04T13:45:35.371+0000] {processor.py:840} INFO - DAG(s) 'f1_bigdata_pipeline' retrieved from /opt/airflow/dags/f1_pipeline_dag.py
[2026-05-04T13:45:35.407+0000] {logging_mixin.py:188} INFO - [2026-05-04T13:45:35.407+0000] {dag.py:3036} INFO - Sync 1 DAGs
[2026-05-04T13:45:35.435+0000] {logging_mixin.py:188} INFO - [2026-05-04T13:45:35.434+0000] {dag.py:3823} INFO - Setting next_dagrun for f1_bigdata_pipeline to 2026-05-04 06:00:00+00:00, run_after=2026-05-11 06:00:00+00:00
[2026-05-04T13:45:35.447+0000] {processor.py:183} INFO - Processing /opt/airflow/dags/f1_pipeline_dag.py took 0.100 seconds
[2026-05-04T13:52:46.607+0000] {processor.py:161} INFO - Started process (PID=14316) to work on /opt/airflow/dags/f1_pipeline_dag.py
[2026-05-04T13:52:46.609+0000] {processor.py:830} INFO - Processing file /opt/airflow/dags/f1_pipeline_dag.py for tasks to queue
[2026-05-04T13:52:46.610+0000] {logging_mixin.py:188} INFO - [2026-05-04T13:52:46.609+0000] {dagbag.py:538} INFO - Filling up the DagBag from /opt/airflow/dags/f1_pipeline_dag.py
[2026-05-04T13:52:46.707+0000] {processor.py:840} INFO - DAG(s) 'f1_bigdata_pipeline' retrieved from /opt/airflow/dags/f1_pipeline_dag.py
[2026-05-04T13:52:46.819+0000] {logging_mixin.py:188} INFO - [2026-05-04T13:52:46.819+0000] {dag.py:3036} INFO - Sync 1 DAGs
[2026-05-04T13:52:46.929+0000] {logging_mixin.py:188} INFO - [2026-05-04T13:52:46.928+0000] {dag.py:3823} INFO - Setting next_dagrun for f1_bigdata_pipeline to 2026-05-04 06:00:00+00:00, run_after=2026-05-11 06:00:00+00:00
[2026-05-04T13:52:46.964+0000] {processor.py:183} INFO - Processing /opt/airflow/dags/f1_pipeline_dag.py took 0.366 seconds
[2026-05-04T14:43:04.679+0000] {processor.py:161} INFO - Started process (PID=14321) to work on /opt/airflow/dags/f1_pipeline_dag.py
[2026-05-04T14:43:04.681+0000] {processor.py:830} INFO - Processing file /opt/airflow/dags/f1_pipeline_dag.py for tasks to queue
[2026-05-04T14:43:04.682+0000] {logging_mixin.py:188} INFO - [2026-05-04T14:43:04.682+0000] {dagbag.py:538} INFO - Filling up the DagBag from /opt/airflow/dags/f1_pipeline_dag.py
[2026-05-04T14:43:04.718+0000] {processor.py:840} INFO - DAG(s) 'f1_bigdata_pipeline' retrieved from /opt/airflow/dags/f1_pipeline_dag.py
[2026-05-04T14:43:04.772+0000] {logging_mixin.py:188} INFO - [2026-05-04T14:43:04.771+0000] {dag.py:3036} INFO - Sync 1 DAGs
[2026-05-04T14:43:04.789+0000] {logging_mixin.py:188} INFO - [2026-05-04T14:43:04.789+0000] {dag.py:3823} INFO - Setting next_dagrun for f1_bigdata_pipeline to 2026-05-04 06:00:00+00:00, run_after=2026-05-11 06:00:00+00:00
[2026-05-04T14:43:04.801+0000] {processor.py:183} INFO - Processing /opt/airflow/dags/f1_pipeline_dag.py took 0.129 seconds
[2026-05-04T14:50:09.290+0000] {processor.py:161} INFO - Started process (PID=14328) to work on /opt/airflow/dags/f1_pipeline_dag.py
[2026-05-04T14:50:09.294+0000] {processor.py:830} INFO - Processing file /opt/airflow/dags/f1_pipeline_dag.py for tasks to queue
[2026-05-04T14:50:09.297+0000] {logging_mixin.py:188} INFO - [2026-05-04T14:50:09.296+0000] {dagbag.py:538} INFO - Filling up the DagBag from /opt/airflow/dags/f1_pipeline_dag.py
[2026-05-04T14:50:09.338+0000] {processor.py:840} INFO - DAG(s) 'f1_bigdata_pipeline' retrieved from /opt/airflow/dags/f1_pipeline_dag.py
[2026-05-04T14:50:09.415+0000] {logging_mixin.py:188} INFO - [2026-05-04T14:50:09.415+0000] {dag.py:3036} INFO - Sync 1 DAGs
[2026-05-04T14:50:09.456+0000] {logging_mixin.py:188} INFO - [2026-05-04T14:50:09.455+0000] {dag.py:3823} INFO - Setting next_dagrun for f1_bigdata_pipeline to 2026-05-04 06:00:00+00:00, run_after=2026-05-11 06:00:00+00:00
[2026-05-04T14:50:09.472+0000] {processor.py:183} INFO - Processing /opt/airflow/dags/f1_pipeline_dag.py took 0.194 seconds
[2026-05-04T14:57:26.058+0000] {processor.py:161} INFO - Started process (PID=14333) to work on /opt/airflow/dags/f1_pipeline_dag.py
[2026-05-04T14:57:26.060+0000] {processor.py:830} INFO - Processing file /opt/airflow/dags/f1_pipeline_dag.py for tasks to queue
[2026-05-04T14:57:26.068+0000] {logging_mixin.py:188} INFO - [2026-05-04T14:57:26.064+0000] {dagbag.py:538} INFO - Filling up the DagBag from /opt/airflow/dags/f1_pipeline_dag.py
[2026-05-04T14:57:26.129+0000] {processor.py:840} INFO - DAG(s) 'f1_bigdata_pipeline' retrieved from /opt/airflow/dags/f1_pipeline_dag.py
[2026-05-04T14:57:26.215+0000] {logging_mixin.py:188} INFO - [2026-05-04T14:57:26.215+0000] {dag.py:3036} INFO - Sync 1 DAGs
[2026-05-04T14:57:26.262+0000] {logging_mixin.py:188} INFO - [2026-05-04T14:57:26.261+0000] {dag.py:3823} INFO - Setting next_dagrun for f1_bigdata_pipeline to 2026-05-04 06:00:00+00:00, run_after=2026-05-11 06:00:00+00:00
[2026-05-04T14:57:26.287+0000] {processor.py:183} INFO - Processing /opt/airflow/dags/f1_pipeline_dag.py took 0.238 seconds
[2026-05-04T15:09:40.868+0000] {processor.py:161} INFO - Started process (PID=14340) to work on /opt/airflow/dags/f1_pipeline_dag.py
[2026-05-04T15:09:40.870+0000] {processor.py:830} INFO - Processing file /opt/airflow/dags/f1_pipeline_dag.py for tasks to queue
[2026-05-04T15:09:40.872+0000] {logging_mixin.py:188} INFO - [2026-05-04T15:09:40.871+0000] {dagbag.py:538} INFO - Filling up the DagBag from /opt/airflow/dags/f1_pipeline_dag.py
[2026-05-04T15:09:40.926+0000] {processor.py:840} INFO - DAG(s) 'f1_bigdata_pipeline' retrieved from /opt/airflow/dags/f1_pipeline_dag.py
[2026-05-04T15:09:41.022+0000] {logging_mixin.py:188} INFO - [2026-05-04T15:09:41.021+0000] {dag.py:3036} INFO - Sync 1 DAGs
[2026-05-04T15:09:41.067+0000] {logging_mixin.py:188} INFO - [2026-05-04T15:09:41.067+0000] {dag.py:3823} INFO - Setting next_dagrun for f1_bigdata_pipeline to 2026-05-04 06:00:00+00:00, run_after=2026-05-11 06:00:00+00:00
[2026-05-04T15:09:41.091+0000] {processor.py:183} INFO - Processing /opt/airflow/dags/f1_pipeline_dag.py took 0.233 seconds
[2026-05-04T15:10:11.297+0000] {processor.py:161} INFO - Started process (PID=14345) to work on /opt/airflow/dags/f1_pipeline_dag.py
[2026-05-04T15:10:11.299+0000] {processor.py:830} INFO - Processing file /opt/airflow/dags/f1_pipeline_dag.py for tasks to queue
[2026-05-04T15:10:11.300+0000] {logging_mixin.py:188} INFO - [2026-05-04T15:10:11.300+0000] {dagbag.py:538} INFO - Filling up the DagBag from /opt/airflow/dags/f1_pipeline_dag.py
[2026-05-04T15:10:11.319+0000] {processor.py:840} INFO - DAG(s) 'f1_bigdata_pipeline' retrieved from /opt/airflow/dags/f1_pipeline_dag.py
[2026-05-04T15:10:11.351+0000] {logging_mixin.py:188} INFO - [2026-05-04T15:10:11.351+0000] {dag.py:3036} INFO - Sync 1 DAGs
[2026-05-04T15:10:11.378+0000] {logging_mixin.py:188} INFO - [2026-05-04T15:10:11.378+0000] {dag.py:3823} INFO - Setting next_dagrun for f1_bigdata_pipeline to 2026-05-04 06:00:00+00:00, run_after=2026-05-11 06:00:00+00:00
[2026-05-04T15:10:11.392+0000] {processor.py:183} INFO - Processing /opt/airflow/dags/f1_pipeline_dag.py took 0.111 seconds
[2026-05-04T15:10:41.676+0000] {processor.py:161} INFO - Started process (PID=14350) to work on /opt/airflow/dags/f1_pipeline_dag.py
[2026-05-04T15:10:41.678+0000] {processor.py:830} INFO - Processing file /opt/airflow/dags/f1_pipeline_dag.py for tasks to queue
[2026-05-04T15:10:41.679+0000] {logging_mixin.py:188} INFO - [2026-05-04T15:10:41.679+0000] {dagbag.py:538} INFO - Filling up the DagBag from /opt/airflow/dags/f1_pipeline_dag.py
[2026-05-04T15:10:41.698+0000] {processor.py:840} INFO - DAG(s) 'f1_bigdata_pipeline' retrieved from /opt/airflow/dags/f1_pipeline_dag.py
[2026-05-04T15:10:41.740+0000] {logging_mixin.py:188} INFO - [2026-05-04T15:10:41.740+0000] {dag.py:3036} INFO - Sync 1 DAGs
[2026-05-04T15:10:41.759+0000] {logging_mixin.py:188} INFO - [2026-05-04T15:10:41.759+0000] {dag.py:3823} INFO - Setting next_dagrun for f1_bigdata_pipeline to 2026-05-04 06:00:00+00:00, run_after=2026-05-11 06:00:00+00:00
[2026-05-04T15:10:41.768+0000] {processor.py:183} INFO - Processing /opt/airflow/dags/f1_pipeline_dag.py took 0.097 seconds
[2026-05-04T15:11:12.088+0000] {processor.py:161} INFO - Started process (PID=14355) to work on /opt/airflow/dags/f1_pipeline_dag.py
[2026-05-04T15:11:12.091+0000] {processor.py:830} INFO - Processing file /opt/airflow/dags/f1_pipeline_dag.py for tasks to queue
[2026-05-04T15:11:12.092+0000] {logging_mixin.py:188} INFO - [2026-05-04T15:11:12.091+0000] {dagbag.py:538} INFO - Filling up the DagBag from /opt/airflow/dags/f1_pipeline_dag.py
[2026-05-04T15:11:12.132+0000] {processor.py:840} INFO - DAG(s) 'f1_bigdata_pipeline' retrieved from /opt/airflow/dags/f1_pipeline_dag.py
[2026-05-04T15:11:12.162+0000] {logging_mixin.py:188} INFO - [2026-05-04T15:11:12.162+0000] {dag.py:3036} INFO - Sync 1 DAGs
[2026-05-04T15:11:12.181+0000] {logging_mixin.py:188} INFO - [2026-05-04T15:11:12.181+0000] {dag.py:3823} INFO - Setting next_dagrun for f1_bigdata_pipeline to 2026-05-04 06:00:00+00:00, run_after=2026-05-11 06:00:00+00:00
[2026-05-04T15:11:12.190+0000] {processor.py:183} INFO - Processing /opt/airflow/dags/f1_pipeline_dag.py took 0.108 seconds
[2026-05-04T15:13:27.004+0000] {processor.py:161} INFO - Started process (PID=14361) to work on /opt/airflow/dags/f1_pipeline_dag.py
[2026-05-04T15:13:27.027+0000] {processor.py:830} INFO - Processing file /opt/airflow/dags/f1_pipeline_dag.py for tasks to queue
[2026-05-04T15:13:27.033+0000] {logging_mixin.py:188} INFO - [2026-05-04T15:13:27.030+0000] {dagbag.py:538} INFO - Filling up the DagBag from /opt/airflow/dags/f1_pipeline_dag.py
[2026-05-04T15:13:27.361+0000] {processor.py:840} INFO - DAG(s) 'f1_bigdata_pipeline' retrieved from /opt/airflow/dags/f1_pipeline_dag.py
[2026-05-04T15:13:27.711+0000] {logging_mixin.py:188} INFO - [2026-05-04T15:13:27.710+0000] {dag.py:3036} INFO - Sync 1 DAGs
[2026-05-04T15:13:27.849+0000] {logging_mixin.py:188} INFO - [2026-05-04T15:13:27.848+0000] {dag.py:3823} INFO - Setting next_dagrun for f1_bigdata_pipeline to 2026-05-04 06:00:00+00:00, run_after=2026-05-11 06:00:00+00:00
[2026-05-04T15:13:27.932+0000] {processor.py:183} INFO - Processing /opt/airflow/dags/f1_pipeline_dag.py took 0.984 seconds
[2026-05-04T15:13:58.680+0000] {processor.py:161} INFO - Started process (PID=14367) to work on /opt/airflow/dags/f1_pipeline_dag.py
[2026-05-04T15:13:58.681+0000] {processor.py:830} INFO - Processing file /opt/airflow/dags/f1_pipeline_dag.py for tasks to queue
[2026-05-04T15:13:58.683+0000] {logging_mixin.py:188} INFO - [2026-05-04T15:13:58.682+0000] {dagbag.py:538} INFO - Filling up the DagBag from /opt/airflow/dags/f1_pipeline_dag.py
[2026-05-04T15:13:58.711+0000] {processor.py:840} INFO - DAG(s) 'f1_bigdata_pipeline' retrieved from /opt/airflow/dags/f1_pipeline_dag.py
[2026-05-04T15:13:58.770+0000] {logging_mixin.py:188} INFO - [2026-05-04T15:13:58.770+0000] {dag.py:3036} INFO - Sync 1 DAGs
[2026-05-04T15:13:58.809+0000] {logging_mixin.py:188} INFO - [2026-05-04T15:13:58.809+0000] {dag.py:3823} INFO - Setting next_dagrun for f1_bigdata_pipeline to 2026-05-04 06:00:00+00:00, run_after=2026-05-11 06:00:00+00:00
[2026-05-04T15:13:58.823+0000] {processor.py:183} INFO - Processing /opt/airflow/dags/f1_pipeline_dag.py took 0.151 seconds
[2026-05-04T15:14:29.172+0000] {processor.py:161} INFO - Started process (PID=14372) to work on /opt/airflow/dags/f1_pipeline_dag.py
[2026-05-04T15:14:29.182+0000] {processor.py:830} INFO - Processing file /opt/airflow/dags/f1_pipeline_dag.py for tasks to queue
[2026-05-04T15:14:29.183+0000] {logging_mixin.py:188} INFO - [2026-05-04T15:14:29.183+0000] {dagbag.py:538} INFO - Filling up the DagBag from /opt/airflow/dags/f1_pipeline_dag.py
[2026-05-04T15:14:29.215+0000] {processor.py:840} INFO - DAG(s) 'f1_bigdata_pipeline' retrieved from /opt/airflow/dags/f1_pipeline_dag.py
[2026-05-04T15:14:29.470+0000] {logging_mixin.py:188} INFO - [2026-05-04T15:14:29.469+0000] {dag.py:3036} INFO - Sync 1 DAGs
[2026-05-04T15:14:29.519+0000] {logging_mixin.py:188} INFO - [2026-05-04T15:14:29.519+0000] {dag.py:3823} INFO - Setting next_dagrun for f1_bigdata_pipeline to 2026-05-04 06:00:00+00:00, run_after=2026-05-11 06:00:00+00:00
[2026-05-04T15:14:29.541+0000] {processor.py:183} INFO - Processing /opt/airflow/dags/f1_pipeline_dag.py took 0.381 seconds
[2026-05-04T15:14:59.902+0000] {processor.py:161} INFO - Started process (PID=14377) to work on /opt/airflow/dags/f1_pipeline_dag.py
[2026-05-04T15:14:59.905+0000] {processor.py:830} INFO - Processing file /opt/airflow/dags/f1_pipeline_dag.py for tasks to queue
[2026-05-04T15:14:59.908+0000] {logging_mixin.py:188} INFO - [2026-05-04T15:14:59.907+0000] {dagbag.py:538} INFO - Filling up the DagBag from /opt/airflow/dags/f1_pipeline_dag.py
[2026-05-04T15:15:00.027+0000] {processor.py:840} INFO - DAG(s) 'f1_bigdata_pipeline' retrieved from /opt/airflow/dags/f1_pipeline_dag.py
[2026-05-04T15:15:00.418+0000] {logging_mixin.py:188} INFO - [2026-05-04T15:15:00.417+0000] {dag.py:3036} INFO - Sync 1 DAGs
[2026-05-04T15:15:00.502+0000] {logging_mixin.py:188} INFO - [2026-05-04T15:15:00.502+0000] {dag.py:3823} INFO - Setting next_dagrun for f1_bigdata_pipeline to 2026-05-04 06:00:00+00:00, run_after=2026-05-11 06:00:00+00:00
[2026-05-04T15:15:00.524+0000] {processor.py:183} INFO - Processing /opt/airflow/dags/f1_pipeline_dag.py took 0.640 seconds
[2026-05-04T15:15:31.013+0000] {processor.py:161} INFO - Started process (PID=14382) to work on /opt/airflow/dags/f1_pipeline_dag.py
[2026-05-04T15:15:31.030+0000] {processor.py:830} INFO - Processing file /opt/airflow/dags/f1_pipeline_dag.py for tasks to queue
[2026-05-04T15:15:31.039+0000] {logging_mixin.py:188} INFO - [2026-05-04T15:15:31.035+0000] {dagbag.py:538} INFO - Filling up the DagBag from /opt/airflow/dags/f1_pipeline_dag.py
[2026-05-04T15:15:31.084+0000] {processor.py:840} INFO - DAG(s) 'f1_bigdata_pipeline' retrieved from /opt/airflow/dags/f1_pipeline_dag.py
[2026-05-04T15:15:31.209+0000] {logging_mixin.py:188} INFO - [2026-05-04T15:15:31.208+0000] {dag.py:3036} INFO - Sync 1 DAGs
[2026-05-04T15:15:31.239+0000] {logging_mixin.py:188} INFO - [2026-05-04T15:15:31.238+0000] {dag.py:3823} INFO - Setting next_dagrun for f1_bigdata_pipeline to 2026-05-04 06:00:00+00:00, run_after=2026-05-11 06:00:00+00:00
[2026-05-04T15:15:31.355+0000] {processor.py:183} INFO - Processing /opt/airflow/dags/f1_pipeline_dag.py took 0.363 seconds
[2026-05-04T15:16:01.662+0000] {processor.py:161} INFO - Started process (PID=14387) to work on /opt/airflow/dags/f1_pipeline_dag.py
[2026-05-04T15:16:01.666+0000] {processor.py:830} INFO - Processing file /opt/airflow/dags/f1_pipeline_dag.py for tasks to queue
[2026-05-04T15:16:01.666+0000] {logging_mixin.py:188} INFO - [2026-05-04T15:16:01.666+0000] {dagbag.py:538} INFO - Filling up the DagBag from /opt/airflow/dags/f1_pipeline_dag.py
[2026-05-04T15:16:01.689+0000] {processor.py:840} INFO - DAG(s) 'f1_bigdata_pipeline' retrieved from /opt/airflow/dags/f1_pipeline_dag.py
[2026-05-04T15:16:01.752+0000] {logging_mixin.py:188} INFO - [2026-05-04T15:16:01.752+0000] {dag.py:3036} INFO - Sync 1 DAGs
[2026-05-04T15:16:01.774+0000] {logging_mixin.py:188} INFO - [2026-05-04T15:16:01.774+0000] {dag.py:3823} INFO - Setting next_dagrun for f1_bigdata_pipeline to 2026-05-04 06:00:00+00:00, run_after=2026-05-11 06:00:00+00:00
[2026-05-04T15:16:01.792+0000] {processor.py:183} INFO - Processing /opt/airflow/dags/f1_pipeline_dag.py took 0.133 seconds
[2026-05-04T15:16:32.059+0000] {processor.py:161} INFO - Started process (PID=14392) to work on /opt/airflow/dags/f1_pipeline_dag.py
[2026-05-04T15:16:32.061+0000] {processor.py:830} INFO - Processing file /opt/airflow/dags/f1_pipeline_dag.py for tasks to queue
[2026-05-04T15:16:32.062+0000] {logging_mixin.py:188} INFO - [2026-05-04T15:16:32.062+0000] {dagbag.py:538} INFO - Filling up the DagBag from /opt/airflow/dags/f1_pipeline_dag.py
[2026-05-04T15:16:32.086+0000] {processor.py:840} INFO - DAG(s) 'f1_bigdata_pipeline' retrieved from /opt/airflow/dags/f1_pipeline_dag.py
[2026-05-04T15:16:32.119+0000] {logging_mixin.py:188} INFO - [2026-05-04T15:16:32.119+0000] {dag.py:3036} INFO - Sync 1 DAGs
[2026-05-04T15:16:32.137+0000] {logging_mixin.py:188} INFO - [2026-05-04T15:16:32.137+0000] {dag.py:3823} INFO - Setting next_dagrun for f1_bigdata_pipeline to 2026-05-04 06:00:00+00:00, run_after=2026-05-11 06:00:00+00:00
[2026-05-04T15:16:32.147+0000] {processor.py:183} INFO - Processing /opt/airflow/dags/f1_pipeline_dag.py took 0.096 seconds
[2026-05-04T15:17:02.407+0000] {processor.py:161} INFO - Started process (PID=14397) to work on /opt/airflow/dags/f1_pipeline_dag.py
[2026-05-04T15:17:02.409+0000] {processor.py:830} INFO - Processing file /opt/airflow/dags/f1_pipeline_dag.py for tasks to queue
[2026-05-04T15:17:02.410+0000] {logging_mixin.py:188} INFO - [2026-05-04T15:17:02.410+0000] {dagbag.py:538} INFO - Filling up the DagBag from /opt/airflow/dags/f1_pipeline_dag.py
[2026-05-04T15:17:02.448+0000] {processor.py:840} INFO - DAG(s) 'f1_bigdata_pipeline' retrieved from /opt/airflow/dags/f1_pipeline_dag.py
[2026-05-04T15:17:02.480+0000] {logging_mixin.py:188} INFO - [2026-05-04T15:17:02.480+0000] {dag.py:3036} INFO - Sync 1 DAGs
[2026-05-04T15:17:02.509+0000] {logging_mixin.py:188} INFO - [2026-05-04T15:17:02.509+0000] {dag.py:3823} INFO - Setting next_dagrun for f1_bigdata_pipeline to 2026-05-04 06:00:00+00:00, run_after=2026-05-11 06:00:00+00:00
[2026-05-04T15:17:02.517+0000] {processor.py:183} INFO - Processing /opt/airflow/dags/f1_pipeline_dag.py took 0.117 seconds
[2026-05-04T15:17:32.803+0000] {processor.py:161} INFO - Started process (PID=14402) to work on /opt/airflow/dags/f1_pipeline_dag.py
[2026-05-04T15:17:32.807+0000] {processor.py:830} INFO - Processing file /opt/airflow/dags/f1_pipeline_dag.py for tasks to queue
[2026-05-04T15:17:32.814+0000] {logging_mixin.py:188} INFO - [2026-05-04T15:17:32.808+0000] {dagbag.py:538} INFO - Filling up the DagBag from /opt/airflow/dags/f1_pipeline_dag.py
[2026-05-04T15:17:32.835+0000] {processor.py:840} INFO - DAG(s) 'f1_bigdata_pipeline' retrieved from /opt/airflow/dags/f1_pipeline_dag.py
[2026-05-04T15:17:32.865+0000] {logging_mixin.py:188} INFO - [2026-05-04T15:17:32.865+0000] {dag.py:3036} INFO - Sync 1 DAGs
[2026-05-04T15:17:32.889+0000] {logging_mixin.py:188} INFO - [2026-05-04T15:17:32.889+0000] {dag.py:3823} INFO - Setting next_dagrun for f1_bigdata_pipeline to 2026-05-04 06:00:00+00:00, run_after=2026-05-11 06:00:00+00:00
[2026-05-04T15:17:32.899+0000] {processor.py:183} INFO - Processing /opt/airflow/dags/f1_pipeline_dag.py took 0.112 seconds
[2026-05-04T15:18:03.159+0000] {processor.py:161} INFO - Started process (PID=14407) to work on /opt/airflow/dags/f1_pipeline_dag.py
[2026-05-04T15:18:03.162+0000] {processor.py:830} INFO - Processing file /opt/airflow/dags/f1_pipeline_dag.py for tasks to queue
[2026-05-04T15:18:03.163+0000] {logging_mixin.py:188} INFO - [2026-05-04T15:18:03.162+0000] {dagbag.py:538} INFO - Filling up the DagBag from /opt/airflow/dags/f1_pipeline_dag.py
[2026-05-04T15:18:03.184+0000] {processor.py:840} INFO - DAG(s) 'f1_bigdata_pipeline' retrieved from /opt/airflow/dags/f1_pipeline_dag.py
[2026-05-04T15:18:03.235+0000] {logging_mixin.py:188} INFO - [2026-05-04T15:18:03.235+0000] {dag.py:3036} INFO - Sync 1 DAGs
[2026-05-04T15:18:03.253+0000] {logging_mixin.py:188} INFO - [2026-05-04T15:18:03.253+0000] {dag.py:3823} INFO - Setting next_dagrun for f1_bigdata_pipeline to 2026-05-04 06:00:00+00:00, run_after=2026-05-11 06:00:00+00:00
[2026-05-04T15:18:03.263+0000] {processor.py:183} INFO - Processing /opt/airflow/dags/f1_pipeline_dag.py took 0.110 seconds
[2026-05-04T15:18:33.597+0000] {processor.py:161} INFO - Started process (PID=14412) to work on /opt/airflow/dags/f1_pipeline_dag.py
[2026-05-04T15:18:33.598+0000] {processor.py:830} INFO - Processing file /opt/airflow/dags/f1_pipeline_dag.py for tasks to queue
[2026-05-04T15:18:33.599+0000] {logging_mixin.py:188} INFO - [2026-05-04T15:18:33.598+0000] {dagbag.py:538} INFO - Filling up the DagBag from /opt/airflow/dags/f1_pipeline_dag.py
[2026-05-04T15:18:33.615+0000] {processor.py:840} INFO - DAG(s) 'f1_bigdata_pipeline' retrieved from /opt/airflow/dags/f1_pipeline_dag.py
[2026-05-04T15:18:33.643+0000] {logging_mixin.py:188} INFO - [2026-05-04T15:18:33.643+0000] {dag.py:3036} INFO - Sync 1 DAGs
[2026-05-04T15:18:33.674+0000] {logging_mixin.py:188} INFO - [2026-05-04T15:18:33.674+0000] {dag.py:3823} INFO - Setting next_dagrun for f1_bigdata_pipeline to 2026-05-04 06:00:00+00:00, run_after=2026-05-11 06:00:00+00:00
[2026-05-04T15:18:33.685+0000] {processor.py:183} INFO - Processing /opt/airflow/dags/f1_pipeline_dag.py took 0.093 seconds
[2026-05-04T15:19:03.995+0000] {processor.py:161} INFO - Started process (PID=14417) to work on /opt/airflow/dags/f1_pipeline_dag.py
[2026-05-04T15:19:03.999+0000] {processor.py:830} INFO - Processing file /opt/airflow/dags/f1_pipeline_dag.py for tasks to queue
[2026-05-04T15:19:04.000+0000] {logging_mixin.py:188} INFO - [2026-05-04T15:19:04.000+0000] {dagbag.py:538} INFO - Filling up the DagBag from /opt/airflow/dags/f1_pipeline_dag.py
[2026-05-04T15:19:04.132+0000] {processor.py:840} INFO - DAG(s) 'f1_bigdata_pipeline' retrieved from /opt/airflow/dags/f1_pipeline_dag.py
[2026-05-04T15:19:04.211+0000] {logging_mixin.py:188} INFO - [2026-05-04T15:19:04.211+0000] {dag.py:3036} INFO - Sync 1 DAGs
[2026-05-04T15:19:04.236+0000] {logging_mixin.py:188} INFO - [2026-05-04T15:19:04.236+0000] {dag.py:3823} INFO - Setting next_dagrun for f1_bigdata_pipeline to 2026-05-04 06:00:00+00:00, run_after=2026-05-11 06:00:00+00:00
[2026-05-04T15:19:04.259+0000] {processor.py:183} INFO - Processing /opt/airflow/dags/f1_pipeline_dag.py took 0.282 seconds
[2026-05-04T15:19:34.475+0000] {processor.py:161} INFO - Started process (PID=14422) to work on /opt/airflow/dags/f1_pipeline_dag.py
[2026-05-04T15:19:34.477+0000] {processor.py:830} INFO - Processing file /opt/airflow/dags/f1_pipeline_dag.py for tasks to queue
[2026-05-04T15:19:34.478+0000] {logging_mixin.py:188} INFO - [2026-05-04T15:19:34.478+0000] {dagbag.py:538} INFO - Filling up the DagBag from /opt/airflow/dags/f1_pipeline_dag.py
[2026-05-04T15:19:34.497+0000] {processor.py:840} INFO - DAG(s) 'f1_bigdata_pipeline' retrieved from /opt/airflow/dags/f1_pipeline_dag.py
[2026-05-04T15:19:34.550+0000] {logging_mixin.py:188} INFO - [2026-05-04T15:19:34.550+0000] {dag.py:3036} INFO - Sync 1 DAGs
[2026-05-04T15:19:34.571+0000] {logging_mixin.py:188} INFO - [2026-05-04T15:19:34.571+0000] {dag.py:3823} INFO - Setting next_dagrun for f1_bigdata_pipeline to 2026-05-04 06:00:00+00:00, run_after=2026-05-11 06:00:00+00:00
[2026-05-04T15:19:34.581+0000] {processor.py:183} INFO - Processing /opt/airflow/dags/f1_pipeline_dag.py took 0.112 seconds
[2026-05-04T15:20:04.777+0000] {processor.py:161} INFO - Started process (PID=14427) to work on /opt/airflow/dags/f1_pipeline_dag.py
[2026-05-04T15:20:04.779+0000] {processor.py:830} INFO - Processing file /opt/airflow/dags/f1_pipeline_dag.py for tasks to queue
[2026-05-04T15:20:04.780+0000] {logging_mixin.py:188} INFO - [2026-05-04T15:20:04.779+0000] {dagbag.py:538} INFO - Filling up the DagBag from /opt/airflow/dags/f1_pipeline_dag.py
[2026-05-04T15:20:04.798+0000] {processor.py:840} INFO - DAG(s) 'f1_bigdata_pipeline' retrieved from /opt/airflow/dags/f1_pipeline_dag.py
[2026-05-04T15:20:04.905+0000] {logging_mixin.py:188} INFO - [2026-05-04T15:20:04.905+0000] {dag.py:3036} INFO - Sync 1 DAGs
[2026-05-04T15:20:04.926+0000] {logging_mixin.py:188} INFO - [2026-05-04T15:20:04.926+0000] {dag.py:3823} INFO - Setting next_dagrun for f1_bigdata_pipeline to 2026-05-04 06:00:00+00:00, run_after=2026-05-11 06:00:00+00:00
[2026-05-04T15:20:04.935+0000] {processor.py:183} INFO - Processing /opt/airflow/dags/f1_pipeline_dag.py took 0.163 seconds
[2026-05-04T15:20:35.139+0000] {processor.py:161} INFO - Started process (PID=14432) to work on /opt/airflow/dags/f1_pipeline_dag.py
[2026-05-04T15:20:35.141+0000] {processor.py:830} INFO - Processing file /opt/airflow/dags/f1_pipeline_dag.py for tasks to queue
[2026-05-04T15:20:35.142+0000] {logging_mixin.py:188} INFO - [2026-05-04T15:20:35.141+0000] {dagbag.py:538} INFO - Filling up the DagBag from /opt/airflow/dags/f1_pipeline_dag.py
[2026-05-04T15:20:35.164+0000] {processor.py:840} INFO - DAG(s) 'f1_bigdata_pipeline' retrieved from /opt/airflow/dags/f1_pipeline_dag.py
[2026-05-04T15:20:35.216+0000] {logging_mixin.py:188} INFO - [2026-05-04T15:20:35.215+0000] {dag.py:3036} INFO - Sync 1 DAGs
[2026-05-04T15:20:35.234+0000] {logging_mixin.py:188} INFO - [2026-05-04T15:20:35.234+0000] {dag.py:3823} INFO - Setting next_dagrun for f1_bigdata_pipeline to 2026-05-04 06:00:00+00:00, run_after=2026-05-11 06:00:00+00:00
[2026-05-04T15:20:35.276+0000] {processor.py:183} INFO - Processing /opt/airflow/dags/f1_pipeline_dag.py took 0.145 seconds
[2026-05-04T15:21:05.841+0000] {processor.py:161} INFO - Started process (PID=14437) to work on /opt/airflow/dags/f1_pipeline_dag.py
[2026-05-04T15:21:05.843+0000] {processor.py:830} INFO - Processing file /opt/airflow/dags/f1_pipeline_dag.py for tasks to queue
[2026-05-04T15:21:05.847+0000] {logging_mixin.py:188} INFO - [2026-05-04T15:21:05.844+0000] {dagbag.py:538} INFO - Filling up the DagBag from /opt/airflow/dags/f1_pipeline_dag.py
[2026-05-04T15:21:05.900+0000] {processor.py:840} INFO - DAG(s) 'f1_bigdata_pipeline' retrieved from /opt/airflow/dags/f1_pipeline_dag.py
[2026-05-04T15:21:05.959+0000] {logging_mixin.py:188} INFO - [2026-05-04T15:21:05.959+0000] {dag.py:3036} INFO - Sync 1 DAGs
[2026-05-04T15:21:05.994+0000] {logging_mixin.py:188} INFO - [2026-05-04T15:21:05.994+0000] {dag.py:3823} INFO - Setting next_dagrun for f1_bigdata_pipeline to 2026-05-04 06:00:00+00:00, run_after=2026-05-11 06:00:00+00:00
[2026-05-04T15:21:06.009+0000] {processor.py:183} INFO - Processing /opt/airflow/dags/f1_pipeline_dag.py took 0.177 seconds
[2026-05-04T15:21:36.250+0000] {processor.py:161} INFO - Started process (PID=14442) to work on /opt/airflow/dags/f1_pipeline_dag.py
[2026-05-04T15:21:36.252+0000] {processor.py:830} INFO - Processing file /opt/airflow/dags/f1_pipeline_dag.py for tasks to queue
[2026-05-04T15:21:36.254+0000] {logging_mixin.py:188} INFO - [2026-05-04T15:21:36.253+0000] {dagbag.py:538} INFO - Filling up the DagBag from /opt/airflow/dags/f1_pipeline_dag.py
[2026-05-04T15:21:36.273+0000] {processor.py:840} INFO - DAG(s) 'f1_bigdata_pipeline' retrieved from /opt/airflow/dags/f1_pipeline_dag.py
[2026-05-04T15:21:36.318+0000] {logging_mixin.py:188} INFO - [2026-05-04T15:21:36.318+0000] {dag.py:3036} INFO - Sync 1 DAGs
[2026-05-04T15:21:36.338+0000] {logging_mixin.py:188} INFO - [2026-05-04T15:21:36.338+0000] {dag.py:3823} INFO - Setting next_dagrun for f1_bigdata_pipeline to 2026-05-04 06:00:00+00:00, run_after=2026-05-11 06:00:00+00:00
[2026-05-04T15:21:36.350+0000] {processor.py:183} INFO - Processing /opt/airflow/dags/f1_pipeline_dag.py took 0.106 seconds
[2026-05-04T15:22:06.665+0000] {processor.py:161} INFO - Started process (PID=14447) to work on /opt/airflow/dags/f1_pipeline_dag.py
[2026-05-04T15:22:06.667+0000] {processor.py:830} INFO - Processing file /opt/airflow/dags/f1_pipeline_dag.py for tasks to queue
[2026-05-04T15:22:06.668+0000] {logging_mixin.py:188} INFO - [2026-05-04T15:22:06.668+0000] {dagbag.py:538} INFO - Filling up the DagBag from /opt/airflow/dags/f1_pipeline_dag.py
[2026-05-04T15:22:06.695+0000] {processor.py:840} INFO - DAG(s) 'f1_bigdata_pipeline' retrieved from /opt/airflow/dags/f1_pipeline_dag.py
[2026-05-04T15:22:06.726+0000] {logging_mixin.py:188} INFO - [2026-05-04T15:22:06.725+0000] {dag.py:3036} INFO - Sync 1 DAGs
[2026-05-04T15:22:06.755+0000] {logging_mixin.py:188} INFO - [2026-05-04T15:22:06.755+0000] {dag.py:3823} INFO - Setting next_dagrun for f1_bigdata_pipeline to 2026-05-04 06:00:00+00:00, run_after=2026-05-11 06:00:00+00:00
[2026-05-04T15:22:06.772+0000] {processor.py:183} INFO - Processing /opt/airflow/dags/f1_pipeline_dag.py took 0.113 seconds
[2026-05-04T15:22:37.030+0000] {processor.py:161} INFO - Started process (PID=14452) to work on /opt/airflow/dags/f1_pipeline_dag.py
[2026-05-04T15:22:37.032+0000] {processor.py:830} INFO - Processing file /opt/airflow/dags/f1_pipeline_dag.py for tasks to queue
[2026-05-04T15:22:37.040+0000] {logging_mixin.py:188} INFO - [2026-05-04T15:22:37.039+0000] {dagbag.py:538} INFO - Filling up the DagBag from /opt/airflow/dags/f1_pipeline_dag.py
[2026-05-04T15:22:37.071+0000] {processor.py:840} INFO - DAG(s) 'f1_bigdata_pipeline' retrieved from /opt/airflow/dags/f1_pipeline_dag.py
[2026-05-04T15:22:37.111+0000] {logging_mixin.py:188} INFO - [2026-05-04T15:22:37.111+0000] {dag.py:3036} INFO - Sync 1 DAGs
[2026-05-04T15:22:37.129+0000] {logging_mixin.py:188} INFO - [2026-05-04T15:22:37.129+0000] {dag.py:3823} INFO - Setting next_dagrun for f1_bigdata_pipeline to 2026-05-04 06:00:00+00:00, run_after=2026-05-11 06:00:00+00:00
[2026-05-04T15:22:37.139+0000] {processor.py:183} INFO - Processing /opt/airflow/dags/f1_pipeline_dag.py took 0.114 seconds
[2026-05-04T15:23:07.377+0000] {processor.py:161} INFO - Started process (PID=14457) to work on /opt/airflow/dags/f1_pipeline_dag.py
[2026-05-04T15:23:07.379+0000] {processor.py:830} INFO - Processing file /opt/airflow/dags/f1_pipeline_dag.py for tasks to queue
[2026-05-04T15:23:07.379+0000] {logging_mixin.py:188} INFO - [2026-05-04T15:23:07.379+0000] {dagbag.py:538} INFO - Filling up the DagBag from /opt/airflow/dags/f1_pipeline_dag.py
[2026-05-04T15:23:07.392+0000] {processor.py:840} INFO - DAG(s) 'f1_bigdata_pipeline' retrieved from /opt/airflow/dags/f1_pipeline_dag.py
[2026-05-04T15:23:07.431+0000] {logging_mixin.py:188} INFO - [2026-05-04T15:23:07.430+0000] {dag.py:3036} INFO - Sync 1 DAGs
[2026-05-04T15:23:07.448+0000] {logging_mixin.py:188} INFO - [2026-05-04T15:23:07.448+0000] {dag.py:3823} INFO - Setting next_dagrun for f1_bigdata_pipeline to 2026-05-04 06:00:00+00:00, run_after=2026-05-11 06:00:00+00:00
[2026-05-04T15:23:07.459+0000] {processor.py:183} INFO - Processing /opt/airflow/dags/f1_pipeline_dag.py took 0.085 seconds
[2026-05-04T15:23:37.705+0000] {processor.py:161} INFO - Started process (PID=14462) to work on /opt/airflow/dags/f1_pipeline_dag.py
[2026-05-04T15:23:37.710+0000] {processor.py:830} INFO - Processing file /opt/airflow/dags/f1_pipeline_dag.py for tasks to queue
[2026-05-04T15:23:37.713+0000] {logging_mixin.py:188} INFO - [2026-05-04T15:23:37.712+0000] {dagbag.py:538} INFO - Filling up the DagBag from /opt/airflow/dags/f1_pipeline_dag.py
[2026-05-04T15:23:37.736+0000] {processor.py:840} INFO - DAG(s) 'f1_bigdata_pipeline' retrieved from /opt/airflow/dags/f1_pipeline_dag.py
[2026-05-04T15:23:37.766+0000] {logging_mixin.py:188} INFO - [2026-05-04T15:23:37.766+0000] {dag.py:3036} INFO - Sync 1 DAGs
[2026-05-04T15:23:37.783+0000] {logging_mixin.py:188} INFO - [2026-05-04T15:23:37.783+0000] {dag.py:3823} INFO - Setting next_dagrun for f1_bigdata_pipeline to 2026-05-04 06:00:00+00:00, run_after=2026-05-11 06:00:00+00:00
[2026-05-04T15:23:37.792+0000] {processor.py:183} INFO - Processing /opt/airflow/dags/f1_pipeline_dag.py took 0.106 seconds
[2026-05-04T15:24:08.030+0000] {processor.py:161} INFO - Started process (PID=14467) to work on /opt/airflow/dags/f1_pipeline_dag.py
[2026-05-04T15:24:08.033+0000] {processor.py:830} INFO - Processing file /opt/airflow/dags/f1_pipeline_dag.py for tasks to queue
[2026-05-04T15:24:08.035+0000] {logging_mixin.py:188} INFO - [2026-05-04T15:24:08.034+0000] {dagbag.py:538} INFO - Filling up the DagBag from /opt/airflow/dags/f1_pipeline_dag.py
[2026-05-04T15:24:08.052+0000] {processor.py:840} INFO - DAG(s) 'f1_bigdata_pipeline' retrieved from /opt/airflow/dags/f1_pipeline_dag.py
[2026-05-04T15:24:08.073+0000] {logging_mixin.py:188} INFO - [2026-05-04T15:24:08.073+0000] {dag.py:3036} INFO - Sync 1 DAGs
[2026-05-04T15:24:08.087+0000] {logging_mixin.py:188} INFO - [2026-05-04T15:24:08.087+0000] {dag.py:3823} INFO - Setting next_dagrun for f1_bigdata_pipeline to 2026-05-04 06:00:00+00:00, run_after=2026-05-11 06:00:00+00:00
[2026-05-04T15:24:08.098+0000] {processor.py:183} INFO - Processing /opt/airflow/dags/f1_pipeline_dag.py took 0.074 seconds
[2026-05-04T15:24:38.535+0000] {processor.py:161} INFO - Started process (PID=14472) to work on /opt/airflow/dags/f1_pipeline_dag.py
[2026-05-04T15:24:38.537+0000] {processor.py:830} INFO - Processing file /opt/airflow/dags/f1_pipeline_dag.py for tasks to queue
[2026-05-04T15:24:38.538+0000] {logging_mixin.py:188} INFO - [2026-05-04T15:24:38.538+0000] {dagbag.py:538} INFO - Filling up the DagBag from /opt/airflow/dags/f1_pipeline_dag.py
[2026-05-04T15:24:38.575+0000] {processor.py:840} INFO - DAG(s) 'f1_bigdata_pipeline' retrieved from /opt/airflow/dags/f1_pipeline_dag.py
[2026-05-04T15:24:38.704+0000] {logging_mixin.py:188} INFO - [2026-05-04T15:24:38.704+0000] {dag.py:3036} INFO - Sync 1 DAGs
[2026-05-04T15:24:38.727+0000] {logging_mixin.py:188} INFO - [2026-05-04T15:24:38.727+0000] {dag.py:3823} INFO - Setting next_dagrun for f1_bigdata_pipeline to 2026-05-04 06:00:00+00:00, run_after=2026-05-11 06:00:00+00:00
[2026-05-04T15:24:38.739+0000] {processor.py:183} INFO - Processing /opt/airflow/dags/f1_pipeline_dag.py took 0.211 seconds
[2026-05-04T15:25:09.268+0000] {processor.py:161} INFO - Started process (PID=14477) to work on /opt/airflow/dags/f1_pipeline_dag.py
[2026-05-04T15:25:09.270+0000] {processor.py:830} INFO - Processing file /opt/airflow/dags/f1_pipeline_dag.py for tasks to queue
[2026-05-04T15:25:09.271+0000] {logging_mixin.py:188} INFO - [2026-05-04T15:25:09.270+0000] {dagbag.py:538} INFO - Filling up the DagBag from /opt/airflow/dags/f1_pipeline_dag.py
[2026-05-04T15:25:09.289+0000] {processor.py:840} INFO - DAG(s) 'f1_bigdata_pipeline' retrieved from /opt/airflow/dags/f1_pipeline_dag.py
[2026-05-04T15:25:09.339+0000] {logging_mixin.py:188} INFO - [2026-05-04T15:25:09.339+0000] {dag.py:3036} INFO - Sync 1 DAGs
[2026-05-04T15:25:09.358+0000] {logging_mixin.py:188} INFO - [2026-05-04T15:25:09.358+0000] {dag.py:3823} INFO - Setting next_dagrun for f1_bigdata_pipeline to 2026-05-04 06:00:00+00:00, run_after=2026-05-11 06:00:00+00:00
[2026-05-04T15:25:09.368+0000] {processor.py:183} INFO - Processing /opt/airflow/dags/f1_pipeline_dag.py took 0.107 seconds
[2026-05-04T15:25:39.595+0000] {processor.py:161} INFO - Started process (PID=14482) to work on /opt/airflow/dags/f1_pipeline_dag.py
[2026-05-04T15:25:39.596+0000] {processor.py:830} INFO - Processing file /opt/airflow/dags/f1_pipeline_dag.py for tasks to queue
[2026-05-04T15:25:39.597+0000] {logging_mixin.py:188} INFO - [2026-05-04T15:25:39.597+0000] {dagbag.py:538} INFO - Filling up the DagBag from /opt/airflow/dags/f1_pipeline_dag.py
[2026-05-04T15:25:39.633+0000] {processor.py:840} INFO - DAG(s) 'f1_bigdata_pipeline' retrieved from /opt/airflow/dags/f1_pipeline_dag.py
[2026-05-04T15:25:39.665+0000] {logging_mixin.py:188} INFO - [2026-05-04T15:25:39.665+0000] {dag.py:3036} INFO - Sync 1 DAGs
[2026-05-04T15:25:39.682+0000] {logging_mixin.py:188} INFO - [2026-05-04T15:25:39.682+0000] {dag.py:3823} INFO - Setting next_dagrun for f1_bigdata_pipeline to 2026-05-04 06:00:00+00:00, run_after=2026-05-11 06:00:00+00:00
[2026-05-04T15:25:39.696+0000] {processor.py:183} INFO - Processing /opt/airflow/dags/f1_pipeline_dag.py took 0.106 seconds
[2026-05-04T15:26:09.948+0000] {processor.py:161} INFO - Started process (PID=14487) to work on /opt/airflow/dags/f1_pipeline_dag.py
[2026-05-04T15:26:09.949+0000] {processor.py:830} INFO - Processing file /opt/airflow/dags/f1_pipeline_dag.py for tasks to queue
[2026-05-04T15:26:09.950+0000] {logging_mixin.py:188} INFO - [2026-05-04T15:26:09.950+0000] {dagbag.py:538} INFO - Filling up the DagBag from /opt/airflow/dags/f1_pipeline_dag.py
[2026-05-04T15:26:09.967+0000] {processor.py:840} INFO - DAG(s) 'f1_bigdata_pipeline' retrieved from /opt/airflow/dags/f1_pipeline_dag.py
[2026-05-04T15:26:10.006+0000] {logging_mixin.py:188} INFO - [2026-05-04T15:26:10.006+0000] {dag.py:3036} INFO - Sync 1 DAGs
[2026-05-04T15:26:10.025+0000] {logging_mixin.py:188} INFO - [2026-05-04T15:26:10.024+0000] {dag.py:3823} INFO - Setting next_dagrun for f1_bigdata_pipeline to 2026-05-04 06:00:00+00:00, run_after=2026-05-11 06:00:00+00:00
[2026-05-04T15:26:10.034+0000] {processor.py:183} INFO - Processing /opt/airflow/dags/f1_pipeline_dag.py took 0.094 seconds
[2026-05-04T15:26:40.799+0000] {processor.py:161} INFO - Started process (PID=14492) to work on /opt/airflow/dags/f1_pipeline_dag.py
[2026-05-04T15:26:40.801+0000] {processor.py:830} INFO - Processing file /opt/airflow/dags/f1_pipeline_dag.py for tasks to queue
[2026-05-04T15:26:40.802+0000] {logging_mixin.py:188} INFO - [2026-05-04T15:26:40.802+0000] {dagbag.py:538} INFO - Filling up the DagBag from /opt/airflow/dags/f1_pipeline_dag.py
[2026-05-04T15:26:40.838+0000] {processor.py:840} INFO - DAG(s) 'f1_bigdata_pipeline' retrieved from /opt/airflow/dags/f1_pipeline_dag.py
[2026-05-04T15:26:40.876+0000] {logging_mixin.py:188} INFO - [2026-05-04T15:26:40.876+0000] {dag.py:3036} INFO - Sync 1 DAGs
[2026-05-04T15:26:40.929+0000] {logging_mixin.py:188} INFO - [2026-05-04T15:26:40.927+0000] {dag.py:3823} INFO - Setting next_dagrun for f1_bigdata_pipeline to 2026-05-04 06:00:00+00:00, run_after=2026-05-11 06:00:00+00:00
[2026-05-04T15:26:40.963+0000] {processor.py:183} INFO - Processing /opt/airflow/dags/f1_pipeline_dag.py took 0.169 seconds
[2026-05-04T15:27:11.418+0000] {processor.py:161} INFO - Started process (PID=14497) to work on /opt/airflow/dags/f1_pipeline_dag.py
[2026-05-04T15:27:11.420+0000] {processor.py:830} INFO - Processing file /opt/airflow/dags/f1_pipeline_dag.py for tasks to queue
[2026-05-04T15:27:11.421+0000] {logging_mixin.py:188} INFO - [2026-05-04T15:27:11.420+0000] {dagbag.py:538} INFO - Filling up the DagBag from /opt/airflow/dags/f1_pipeline_dag.py
[2026-05-04T15:27:11.440+0000] {processor.py:840} INFO - DAG(s) 'f1_bigdata_pipeline' retrieved from /opt/airflow/dags/f1_pipeline_dag.py
[2026-05-04T15:27:11.505+0000] {logging_mixin.py:188} INFO - [2026-05-04T15:27:11.504+0000] {dag.py:3036} INFO - Sync 1 DAGs
[2026-05-04T15:27:11.543+0000] {logging_mixin.py:188} INFO - [2026-05-04T15:27:11.543+0000] {dag.py:3823} INFO - Setting next_dagrun for f1_bigdata_pipeline to 2026-05-04 06:00:00+00:00, run_after=2026-05-11 06:00:00+00:00
[2026-05-04T15:27:11.558+0000] {processor.py:183} INFO - Processing /opt/airflow/dags/f1_pipeline_dag.py took 0.145 seconds
[2026-05-04T15:27:41.773+0000] {processor.py:161} INFO - Started process (PID=14502) to work on /opt/airflow/dags/f1_pipeline_dag.py
[2026-05-04T15:27:41.774+0000] {processor.py:830} INFO - Processing file /opt/airflow/dags/f1_pipeline_dag.py for tasks to queue
[2026-05-04T15:27:41.775+0000] {logging_mixin.py:188} INFO - [2026-05-04T15:27:41.775+0000] {dagbag.py:538} INFO - Filling up the DagBag from /opt/airflow/dags/f1_pipeline_dag.py
[2026-05-04T15:27:41.790+0000] {processor.py:840} INFO - DAG(s) 'f1_bigdata_pipeline' retrieved from /opt/airflow/dags/f1_pipeline_dag.py
[2026-05-04T15:27:41.822+0000] {logging_mixin.py:188} INFO - [2026-05-04T15:27:41.821+0000] {dag.py:3036} INFO - Sync 1 DAGs
[2026-05-04T15:27:41.850+0000] {logging_mixin.py:188} INFO - [2026-05-04T15:27:41.850+0000] {dag.py:3823} INFO - Setting next_dagrun for f1_bigdata_pipeline to 2026-05-04 06:00:00+00:00, run_after=2026-05-11 06:00:00+00:00
[2026-05-04T15:27:41.861+0000] {processor.py:183} INFO - Processing /opt/airflow/dags/f1_pipeline_dag.py took 0.108 seconds
[2026-05-04T15:28:12.075+0000] {processor.py:161} INFO - Started process (PID=14507) to work on /opt/airflow/dags/f1_pipeline_dag.py
[2026-05-04T15:28:12.077+0000] {processor.py:830} INFO - Processing file /opt/airflow/dags/f1_pipeline_dag.py for tasks to queue
[2026-05-04T15:28:12.078+0000] {logging_mixin.py:188} INFO - [2026-05-04T15:28:12.077+0000] {dagbag.py:538} INFO - Filling up the DagBag from /opt/airflow/dags/f1_pipeline_dag.py
[2026-05-04T15:28:12.098+0000] {processor.py:840} INFO - DAG(s) 'f1_bigdata_pipeline' retrieved from /opt/airflow/dags/f1_pipeline_dag.py
[2026-05-04T15:28:12.133+0000] {logging_mixin.py:188} INFO - [2026-05-04T15:28:12.133+0000] {dag.py:3036} INFO - Sync 1 DAGs
[2026-05-04T15:28:12.165+0000] {logging_mixin.py:188} INFO - [2026-05-04T15:28:12.165+0000] {dag.py:3823} INFO - Setting next_dagrun for f1_bigdata_pipeline to 2026-05-04 06:00:00+00:00, run_after=2026-05-11 06:00:00+00:00
[2026-05-04T15:28:12.188+0000] {processor.py:183} INFO - Processing /opt/airflow/dags/f1_pipeline_dag.py took 0.119 seconds
[2026-05-04T15:28:42.445+0000] {processor.py:161} INFO - Started process (PID=14512) to work on /opt/airflow/dags/f1_pipeline_dag.py
[2026-05-04T15:28:42.446+0000] {processor.py:830} INFO - Processing file /opt/airflow/dags/f1_pipeline_dag.py for tasks to queue
[2026-05-04T15:28:42.448+0000] {logging_mixin.py:188} INFO - [2026-05-04T15:28:42.447+0000] {dagbag.py:538} INFO - Filling up the DagBag from /opt/airflow/dags/f1_pipeline_dag.py
[2026-05-04T15:28:42.477+0000] {processor.py:840} INFO - DAG(s) 'f1_bigdata_pipeline' retrieved from /opt/airflow/dags/f1_pipeline_dag.py
[2026-05-04T15:28:42.517+0000] {logging_mixin.py:188} INFO - [2026-05-04T15:28:42.517+0000] {dag.py:3036} INFO - Sync 1 DAGs
[2026-05-04T15:28:42.546+0000] {logging_mixin.py:188} INFO - [2026-05-04T15:28:42.546+0000] {dag.py:3823} INFO - Setting next_dagrun for f1_bigdata_pipeline to 2026-05-04 06:00:00+00:00, run_after=2026-05-11 06:00:00+00:00
[2026-05-04T15:28:42.556+0000] {processor.py:183} INFO - Processing /opt/airflow/dags/f1_pipeline_dag.py took 0.117 seconds
[2026-05-04T15:29:12.944+0000] {processor.py:161} INFO - Started process (PID=14517) to work on /opt/airflow/dags/f1_pipeline_dag.py
[2026-05-04T15:29:12.946+0000] {processor.py:830} INFO - Processing file /opt/airflow/dags/f1_pipeline_dag.py for tasks to queue
[2026-05-04T15:29:12.947+0000] {logging_mixin.py:188} INFO - [2026-05-04T15:29:12.947+0000] {dagbag.py:538} INFO - Filling up the DagBag from /opt/airflow/dags/f1_pipeline_dag.py
[2026-05-04T15:29:12.972+0000] {processor.py:840} INFO - DAG(s) 'f1_bigdata_pipeline' retrieved from /opt/airflow/dags/f1_pipeline_dag.py
[2026-05-04T15:29:13.015+0000] {logging_mixin.py:188} INFO - [2026-05-04T15:29:13.015+0000] {dag.py:3036} INFO - Sync 1 DAGs
[2026-05-04T15:29:13.036+0000] {logging_mixin.py:188} INFO - [2026-05-04T15:29:13.036+0000] {dag.py:3823} INFO - Setting next_dagrun for f1_bigdata_pipeline to 2026-05-04 06:00:00+00:00, run_after=2026-05-11 06:00:00+00:00
[2026-05-04T15:29:13.047+0000] {processor.py:183} INFO - Processing /opt/airflow/dags/f1_pipeline_dag.py took 0.109 seconds
[2026-05-04T15:29:43.609+0000] {processor.py:161} INFO - Started process (PID=14522) to work on /opt/airflow/dags/f1_pipeline_dag.py
[2026-05-04T15:29:43.613+0000] {processor.py:830} INFO - Processing file /opt/airflow/dags/f1_pipeline_dag.py for tasks to queue
[2026-05-04T15:29:43.616+0000] {logging_mixin.py:188} INFO - [2026-05-04T15:29:43.614+0000] {dagbag.py:538} INFO - Filling up the DagBag from /opt/airflow/dags/f1_pipeline_dag.py
[2026-05-04T15:29:43.687+0000] {processor.py:840} INFO - DAG(s) 'f1_bigdata_pipeline' retrieved from /opt/airflow/dags/f1_pipeline_dag.py
[2026-05-04T15:29:43.757+0000] {logging_mixin.py:188} INFO - [2026-05-04T15:29:43.757+0000] {dag.py:3036} INFO - Sync 1 DAGs
[2026-05-04T15:29:43.776+0000] {logging_mixin.py:188} INFO - [2026-05-04T15:29:43.776+0000] {dag.py:3823} INFO - Setting next_dagrun for f1_bigdata_pipeline to 2026-05-04 06:00:00+00:00, run_after=2026-05-11 06:00:00+00:00
[2026-05-04T15:29:43.788+0000] {processor.py:183} INFO - Processing /opt/airflow/dags/f1_pipeline_dag.py took 0.206 seconds
[2026-05-04T15:30:14.171+0000] {processor.py:161} INFO - Started process (PID=14527) to work on /opt/airflow/dags/f1_pipeline_dag.py
[2026-05-04T15:30:14.173+0000] {processor.py:830} INFO - Processing file /opt/airflow/dags/f1_pipeline_dag.py for tasks to queue
[2026-05-04T15:30:14.174+0000] {logging_mixin.py:188} INFO - [2026-05-04T15:30:14.173+0000] {dagbag.py:538} INFO - Filling up the DagBag from /opt/airflow/dags/f1_pipeline_dag.py
[2026-05-04T15:30:14.216+0000] {processor.py:840} INFO - DAG(s) 'f1_bigdata_pipeline' retrieved from /opt/airflow/dags/f1_pipeline_dag.py
[2026-05-04T15:30:14.298+0000] {logging_mixin.py:188} INFO - [2026-05-04T15:30:14.297+0000] {dag.py:3036} INFO - Sync 1 DAGs
[2026-05-04T15:30:14.322+0000] {logging_mixin.py:188} INFO - [2026-05-04T15:30:14.322+0000] {dag.py:3823} INFO - Setting next_dagrun for f1_bigdata_pipeline to 2026-05-04 06:00:00+00:00, run_after=2026-05-11 06:00:00+00:00
[2026-05-04T15:30:14.332+0000] {processor.py:183} INFO - Processing /opt/airflow/dags/f1_pipeline_dag.py took 0.167 seconds
[2026-05-04T15:30:44.545+0000] {processor.py:161} INFO - Started process (PID=14532) to work on /opt/airflow/dags/f1_pipeline_dag.py
[2026-05-04T15:30:44.546+0000] {processor.py:830} INFO - Processing file /opt/airflow/dags/f1_pipeline_dag.py for tasks to queue
[2026-05-04T15:30:44.547+0000] {logging_mixin.py:188} INFO - [2026-05-04T15:30:44.547+0000] {dagbag.py:538} INFO - Filling up the DagBag from /opt/airflow/dags/f1_pipeline_dag.py
[2026-05-04T15:30:44.569+0000] {processor.py:840} INFO - DAG(s) 'f1_bigdata_pipeline' retrieved from /opt/airflow/dags/f1_pipeline_dag.py
[2026-05-04T15:30:44.613+0000] {logging_mixin.py:188} INFO - [2026-05-04T15:30:44.612+0000] {dag.py:3036} INFO - Sync 1 DAGs
[2026-05-04T15:30:44.633+0000] {logging_mixin.py:188} INFO - [2026-05-04T15:30:44.633+0000] {dag.py:3823} INFO - Setting next_dagrun for f1_bigdata_pipeline to 2026-05-04 06:00:00+00:00, run_after=2026-05-11 06:00:00+00:00
[2026-05-04T15:30:44.644+0000] {processor.py:183} INFO - Processing /opt/airflow/dags/f1_pipeline_dag.py took 0.102 seconds
[2026-05-04T15:31:15.412+0000] {processor.py:161} INFO - Started process (PID=14537) to work on /opt/airflow/dags/f1_pipeline_dag.py
[2026-05-04T15:31:15.415+0000] {processor.py:830} INFO - Processing file /opt/airflow/dags/f1_pipeline_dag.py for tasks to queue
[2026-05-04T15:31:15.415+0000] {logging_mixin.py:188} INFO - [2026-05-04T15:31:15.415+0000] {dagbag.py:538} INFO - Filling up the DagBag from /opt/airflow/dags/f1_pipeline_dag.py
[2026-05-04T15:31:15.432+0000] {processor.py:840} INFO - DAG(s) 'f1_bigdata_pipeline' retrieved from /opt/airflow/dags/f1_pipeline_dag.py
[2026-05-04T15:31:15.475+0000] {logging_mixin.py:188} INFO - [2026-05-04T15:31:15.475+0000] {dag.py:3036} INFO - Sync 1 DAGs
[2026-05-04T15:31:15.500+0000] {logging_mixin.py:188} INFO - [2026-05-04T15:31:15.500+0000] {dag.py:3823} INFO - Setting next_dagrun for f1_bigdata_pipeline to 2026-05-04 06:00:00+00:00, run_after=2026-05-11 06:00:00+00:00
[2026-05-04T15:31:15.517+0000] {processor.py:183} INFO - Processing /opt/airflow/dags/f1_pipeline_dag.py took 0.123 seconds
[2026-05-04T15:31:45.938+0000] {processor.py:161} INFO - Started process (PID=14542) to work on /opt/airflow/dags/f1_pipeline_dag.py
[2026-05-04T15:31:45.939+0000] {processor.py:830} INFO - Processing file /opt/airflow/dags/f1_pipeline_dag.py for tasks to queue
[2026-05-04T15:31:45.940+0000] {logging_mixin.py:188} INFO - [2026-05-04T15:31:45.939+0000] {dagbag.py:538} INFO - Filling up the DagBag from /opt/airflow/dags/f1_pipeline_dag.py
[2026-05-04T15:31:45.954+0000] {processor.py:840} INFO - DAG(s) 'f1_bigdata_pipeline' retrieved from /opt/airflow/dags/f1_pipeline_dag.py
[2026-05-04T15:31:45.983+0000] {logging_mixin.py:188} INFO - [2026-05-04T15:31:45.983+0000] {dag.py:3036} INFO - Sync 1 DAGs
[2026-05-04T15:31:46.015+0000] {logging_mixin.py:188} INFO - [2026-05-04T15:31:46.015+0000] {dag.py:3823} INFO - Setting next_dagrun for f1_bigdata_pipeline to 2026-05-04 06:00:00+00:00, run_after=2026-05-11 06:00:00+00:00
[2026-05-04T15:31:46.025+0000] {processor.py:183} INFO - Processing /opt/airflow/dags/f1_pipeline_dag.py took 0.092 seconds
[2026-05-04T15:32:16.707+0000] {processor.py:161} INFO - Started process (PID=14547) to work on /opt/airflow/dags/f1_pipeline_dag.py
[2026-05-04T15:32:16.718+0000] {processor.py:830} INFO - Processing file /opt/airflow/dags/f1_pipeline_dag.py for tasks to queue
[2026-05-04T15:32:16.724+0000] {logging_mixin.py:188} INFO - [2026-05-04T15:32:16.723+0000] {dagbag.py:538} INFO - Filling up the DagBag from /opt/airflow/dags/f1_pipeline_dag.py
[2026-05-04T15:32:16.747+0000] {processor.py:840} INFO - DAG(s) 'f1_bigdata_pipeline' retrieved from /opt/airflow/dags/f1_pipeline_dag.py
[2026-05-04T15:32:16.808+0000] {logging_mixin.py:188} INFO - [2026-05-04T15:32:16.808+0000] {dag.py:3036} INFO - Sync 1 DAGs
[2026-05-04T15:32:16.829+0000] {logging_mixin.py:188} INFO - [2026-05-04T15:32:16.829+0000] {dag.py:3823} INFO - Setting next_dagrun for f1_bigdata_pipeline to 2026-05-04 06:00:00+00:00, run_after=2026-05-11 06:00:00+00:00
[2026-05-04T15:32:16.851+0000] {processor.py:183} INFO - Processing /opt/airflow/dags/f1_pipeline_dag.py took 0.152 seconds
[2026-05-04T15:32:47.149+0000] {processor.py:161} INFO - Started process (PID=14552) to work on /opt/airflow/dags/f1_pipeline_dag.py
[2026-05-04T15:32:47.151+0000] {processor.py:830} INFO - Processing file /opt/airflow/dags/f1_pipeline_dag.py for tasks to queue
[2026-05-04T15:32:47.152+0000] {logging_mixin.py:188} INFO - [2026-05-04T15:32:47.152+0000] {dagbag.py:538} INFO - Filling up the DagBag from /opt/airflow/dags/f1_pipeline_dag.py
[2026-05-04T15:32:47.171+0000] {processor.py:840} INFO - DAG(s) 'f1_bigdata_pipeline' retrieved from /opt/airflow/dags/f1_pipeline_dag.py
[2026-05-04T15:32:47.217+0000] {logging_mixin.py:188} INFO - [2026-05-04T15:32:47.217+0000] {dag.py:3036} INFO - Sync 1 DAGs
[2026-05-04T15:32:47.237+0000] {logging_mixin.py:188} INFO - [2026-05-04T15:32:47.237+0000] {dag.py:3823} INFO - Setting next_dagrun for f1_bigdata_pipeline to 2026-05-04 06:00:00+00:00, run_after=2026-05-11 06:00:00+00:00
[2026-05-04T15:32:47.252+0000] {processor.py:183} INFO - Processing /opt/airflow/dags/f1_pipeline_dag.py took 0.109 seconds
[2026-05-04T15:33:17.661+0000] {processor.py:161} INFO - Started process (PID=14557) to work on /opt/airflow/dags/f1_pipeline_dag.py
[2026-05-04T15:33:17.666+0000] {processor.py:830} INFO - Processing file /opt/airflow/dags/f1_pipeline_dag.py for tasks to queue
[2026-05-04T15:33:17.668+0000] {logging_mixin.py:188} INFO - [2026-05-04T15:33:17.667+0000] {dagbag.py:538} INFO - Filling up the DagBag from /opt/airflow/dags/f1_pipeline_dag.py
[2026-05-04T15:33:17.711+0000] {processor.py:840} INFO - DAG(s) 'f1_bigdata_pipeline' retrieved from /opt/airflow/dags/f1_pipeline_dag.py
[2026-05-04T15:33:17.754+0000] {logging_mixin.py:188} INFO - [2026-05-04T15:33:17.754+0000] {dag.py:3036} INFO - Sync 1 DAGs
[2026-05-04T15:33:17.786+0000] {logging_mixin.py:188} INFO - [2026-05-04T15:33:17.785+0000] {dag.py:3823} INFO - Setting next_dagrun for f1_bigdata_pipeline to 2026-05-04 06:00:00+00:00, run_after=2026-05-11 06:00:00+00:00
[2026-05-04T15:33:17.797+0000] {processor.py:183} INFO - Processing /opt/airflow/dags/f1_pipeline_dag.py took 0.164 seconds
[2026-05-04T15:33:48.285+0000] {processor.py:161} INFO - Started process (PID=14562) to work on /opt/airflow/dags/f1_pipeline_dag.py
[2026-05-04T15:33:48.287+0000] {processor.py:830} INFO - Processing file /opt/airflow/dags/f1_pipeline_dag.py for tasks to queue
[2026-05-04T15:33:48.288+0000] {logging_mixin.py:188} INFO - [2026-05-04T15:33:48.287+0000] {dagbag.py:538} INFO - Filling up the DagBag from /opt/airflow/dags/f1_pipeline_dag.py
[2026-05-04T15:33:48.310+0000] {processor.py:840} INFO - DAG(s) 'f1_bigdata_pipeline' retrieved from /opt/airflow/dags/f1_pipeline_dag.py
[2026-05-04T15:33:48.353+0000] {logging_mixin.py:188} INFO - [2026-05-04T15:33:48.353+0000] {dag.py:3036} INFO - Sync 1 DAGs
[2026-05-04T15:33:48.382+0000] {logging_mixin.py:188} INFO - [2026-05-04T15:33:48.382+0000] {dag.py:3823} INFO - Setting next_dagrun for f1_bigdata_pipeline to 2026-05-04 06:00:00+00:00, run_after=2026-05-11 06:00:00+00:00
[2026-05-04T15:33:48.400+0000] {processor.py:183} INFO - Processing /opt/airflow/dags/f1_pipeline_dag.py took 0.121 seconds
[2026-05-04T15:34:18.969+0000] {processor.py:161} INFO - Started process (PID=14567) to work on /opt/airflow/dags/f1_pipeline_dag.py
[2026-05-04T15:34:18.971+0000] {processor.py:830} INFO - Processing file /opt/airflow/dags/f1_pipeline_dag.py for tasks to queue
[2026-05-04T15:34:18.972+0000] {logging_mixin.py:188} INFO - [2026-05-04T15:34:18.972+0000] {dagbag.py:538} INFO - Filling up the DagBag from /opt/airflow/dags/f1_pipeline_dag.py
[2026-05-04T15:34:19.000+0000] {processor.py:840} INFO - DAG(s) 'f1_bigdata_pipeline' retrieved from /opt/airflow/dags/f1_pipeline_dag.py
[2026-05-04T15:34:19.051+0000] {logging_mixin.py:188} INFO - [2026-05-04T15:34:19.051+0000] {dag.py:3036} INFO - Sync 1 DAGs
[2026-05-04T15:34:19.105+0000] {logging_mixin.py:188} INFO - [2026-05-04T15:34:19.104+0000] {dag.py:3823} INFO - Setting next_dagrun for f1_bigdata_pipeline to 2026-05-04 06:00:00+00:00, run_after=2026-05-11 06:00:00+00:00
[2026-05-04T15:34:19.165+0000] {processor.py:183} INFO - Processing /opt/airflow/dags/f1_pipeline_dag.py took 0.200 seconds
[2026-05-04T15:34:49.575+0000] {processor.py:161} INFO - Started process (PID=14572) to work on /opt/airflow/dags/f1_pipeline_dag.py
[2026-05-04T15:34:49.577+0000] {processor.py:830} INFO - Processing file /opt/airflow/dags/f1_pipeline_dag.py for tasks to queue
[2026-05-04T15:34:49.578+0000] {logging_mixin.py:188} INFO - [2026-05-04T15:34:49.577+0000] {dagbag.py:538} INFO - Filling up the DagBag from /opt/airflow/dags/f1_pipeline_dag.py
[2026-05-04T15:34:49.622+0000] {processor.py:840} INFO - DAG(s) 'f1_bigdata_pipeline' retrieved from /opt/airflow/dags/f1_pipeline_dag.py
[2026-05-04T15:34:49.684+0000] {logging_mixin.py:188} INFO - [2026-05-04T15:34:49.684+0000] {dag.py:3036} INFO - Sync 1 DAGs
[2026-05-04T15:34:49.703+0000] {logging_mixin.py:188} INFO - [2026-05-04T15:34:49.703+0000] {dag.py:3823} INFO - Setting next_dagrun for f1_bigdata_pipeline to 2026-05-04 06:00:00+00:00, run_after=2026-05-11 06:00:00+00:00
[2026-05-04T15:34:49.713+0000] {processor.py:183} INFO - Processing /opt/airflow/dags/f1_pipeline_dag.py took 0.143 seconds
[2026-05-04T15:35:20.167+0000] {processor.py:161} INFO - Started process (PID=14577) to work on /opt/airflow/dags/f1_pipeline_dag.py
[2026-05-04T15:35:20.169+0000] {processor.py:830} INFO - Processing file /opt/airflow/dags/f1_pipeline_dag.py for tasks to queue
[2026-05-04T15:35:20.170+0000] {logging_mixin.py:188} INFO - [2026-05-04T15:35:20.170+0000] {dagbag.py:538} INFO - Filling up the DagBag from /opt/airflow/dags/f1_pipeline_dag.py
[2026-05-04T15:35:20.188+0000] {processor.py:840} INFO - DAG(s) 'f1_bigdata_pipeline' retrieved from /opt/airflow/dags/f1_pipeline_dag.py
[2026-05-04T15:35:20.217+0000] {logging_mixin.py:188} INFO - [2026-05-04T15:35:20.217+0000] {dag.py:3036} INFO - Sync 1 DAGs
[2026-05-04T15:35:20.235+0000] {logging_mixin.py:188} INFO - [2026-05-04T15:35:20.234+0000] {dag.py:3823} INFO - Setting next_dagrun for f1_bigdata_pipeline to 2026-05-04 06:00:00+00:00, run_after=2026-05-11 06:00:00+00:00
[2026-05-04T15:35:20.244+0000] {processor.py:183} INFO - Processing /opt/airflow/dags/f1_pipeline_dag.py took 0.092 seconds
[2026-05-04T15:35:50.558+0000] {processor.py:161} INFO - Started process (PID=14582) to work on /opt/airflow/dags/f1_pipeline_dag.py
[2026-05-04T15:35:50.560+0000] {processor.py:830} INFO - Processing file /opt/airflow/dags/f1_pipeline_dag.py for tasks to queue
[2026-05-04T15:35:50.561+0000] {logging_mixin.py:188} INFO - [2026-05-04T15:35:50.561+0000] {dagbag.py:538} INFO - Filling up the DagBag from /opt/airflow/dags/f1_pipeline_dag.py
[2026-05-04T15:35:50.577+0000] {processor.py:840} INFO - DAG(s) 'f1_bigdata_pipeline' retrieved from /opt/airflow/dags/f1_pipeline_dag.py
[2026-05-04T15:35:50.608+0000] {logging_mixin.py:188} INFO - [2026-05-04T15:35:50.608+0000] {dag.py:3036} INFO - Sync 1 DAGs
[2026-05-04T15:35:50.638+0000] {logging_mixin.py:188} INFO - [2026-05-04T15:35:50.637+0000] {dag.py:3823} INFO - Setting next_dagrun for f1_bigdata_pipeline to 2026-05-04 06:00:00+00:00, run_after=2026-05-11 06:00:00+00:00
[2026-05-04T15:35:50.649+0000] {processor.py:183} INFO - Processing /opt/airflow/dags/f1_pipeline_dag.py took 0.102 seconds
[2026-05-04T15:36:20.884+0000] {processor.py:161} INFO - Started process (PID=14587) to work on /opt/airflow/dags/f1_pipeline_dag.py
[2026-05-04T15:36:20.886+0000] {processor.py:830} INFO - Processing file /opt/airflow/dags/f1_pipeline_dag.py for tasks to queue
[2026-05-04T15:36:20.887+0000] {logging_mixin.py:188} INFO - [2026-05-04T15:36:20.886+0000] {dagbag.py:538} INFO - Filling up the DagBag from /opt/airflow/dags/f1_pipeline_dag.py
[2026-05-04T15:36:20.916+0000] {processor.py:840} INFO - DAG(s) 'f1_bigdata_pipeline' retrieved from /opt/airflow/dags/f1_pipeline_dag.py
[2026-05-04T15:36:20.949+0000] {logging_mixin.py:188} INFO - [2026-05-04T15:36:20.948+0000] {dag.py:3036} INFO - Sync 1 DAGs
[2026-05-04T15:36:21.070+0000] {logging_mixin.py:188} INFO - [2026-05-04T15:36:21.069+0000] {dag.py:3823} INFO - Setting next_dagrun for f1_bigdata_pipeline to 2026-05-04 06:00:00+00:00, run_after=2026-05-11 06:00:00+00:00
[2026-05-04T15:36:21.078+0000] {processor.py:183} INFO - Processing /opt/airflow/dags/f1_pipeline_dag.py took 0.198 seconds
[2026-05-04T15:36:51.237+0000] {processor.py:161} INFO - Started process (PID=14592) to work on /opt/airflow/dags/f1_pipeline_dag.py
[2026-05-04T15:36:51.239+0000] {processor.py:830} INFO - Processing file /opt/airflow/dags/f1_pipeline_dag.py for tasks to queue
[2026-05-04T15:36:51.240+0000] {logging_mixin.py:188} INFO - [2026-05-04T15:36:51.239+0000] {dagbag.py:538} INFO - Filling up the DagBag from /opt/airflow/dags/f1_pipeline_dag.py
[2026-05-04T15:36:51.265+0000] {processor.py:840} INFO - DAG(s) 'f1_bigdata_pipeline' retrieved from /opt/airflow/dags/f1_pipeline_dag.py
[2026-05-04T15:36:51.299+0000] {logging_mixin.py:188} INFO - [2026-05-04T15:36:51.299+0000] {dag.py:3036} INFO - Sync 1 DAGs
[2026-05-04T15:36:51.318+0000] {logging_mixin.py:188} INFO - [2026-05-04T15:36:51.318+0000] {dag.py:3823} INFO - Setting next_dagrun for f1_bigdata_pipeline to 2026-05-04 06:00:00+00:00, run_after=2026-05-11 06:00:00+00:00
[2026-05-04T15:36:51.328+0000] {processor.py:183} INFO - Processing /opt/airflow/dags/f1_pipeline_dag.py took 0.094 seconds
[2026-05-04T15:37:21.599+0000] {processor.py:161} INFO - Started process (PID=14597) to work on /opt/airflow/dags/f1_pipeline_dag.py
[2026-05-04T15:37:21.600+0000] {processor.py:830} INFO - Processing file /opt/airflow/dags/f1_pipeline_dag.py for tasks to queue
[2026-05-04T15:37:21.601+0000] {logging_mixin.py:188} INFO - [2026-05-04T15:37:21.601+0000] {dagbag.py:538} INFO - Filling up the DagBag from /opt/airflow/dags/f1_pipeline_dag.py
[2026-05-04T15:37:21.626+0000] {processor.py:840} INFO - DAG(s) 'f1_bigdata_pipeline' retrieved from /opt/airflow/dags/f1_pipeline_dag.py
[2026-05-04T15:37:21.662+0000] {logging_mixin.py:188} INFO - [2026-05-04T15:37:21.662+0000] {dag.py:3036} INFO - Sync 1 DAGs
[2026-05-04T15:37:21.682+0000] {logging_mixin.py:188} INFO - [2026-05-04T15:37:21.682+0000] {dag.py:3823} INFO - Setting next_dagrun for f1_bigdata_pipeline to 2026-05-04 06:00:00+00:00, run_after=2026-05-11 06:00:00+00:00
[2026-05-04T15:37:21.692+0000] {processor.py:183} INFO - Processing /opt/airflow/dags/f1_pipeline_dag.py took 0.097 seconds
[2026-05-04T15:37:52.029+0000] {processor.py:161} INFO - Started process (PID=14602) to work on /opt/airflow/dags/f1_pipeline_dag.py
[2026-05-04T15:37:52.031+0000] {processor.py:830} INFO - Processing file /opt/airflow/dags/f1_pipeline_dag.py for tasks to queue
[2026-05-04T15:37:52.032+0000] {logging_mixin.py:188} INFO - [2026-05-04T15:37:52.031+0000] {dagbag.py:538} INFO - Filling up the DagBag from /opt/airflow/dags/f1_pipeline_dag.py
[2026-05-04T15:37:52.062+0000] {processor.py:840} INFO - DAG(s) 'f1_bigdata_pipeline' retrieved from /opt/airflow/dags/f1_pipeline_dag.py
[2026-05-04T15:37:52.108+0000] {logging_mixin.py:188} INFO - [2026-05-04T15:37:52.108+0000] {dag.py:3036} INFO - Sync 1 DAGs
[2026-05-04T15:37:52.129+0000] {logging_mixin.py:188} INFO - [2026-05-04T15:37:52.129+0000] {dag.py:3823} INFO - Setting next_dagrun for f1_bigdata_pipeline to 2026-05-04 06:00:00+00:00, run_after=2026-05-11 06:00:00+00:00
[2026-05-04T15:37:52.144+0000] {processor.py:183} INFO - Processing /opt/airflow/dags/f1_pipeline_dag.py took 0.121 seconds
[2026-05-04T15:38:22.427+0000] {processor.py:161} INFO - Started process (PID=14607) to work on /opt/airflow/dags/f1_pipeline_dag.py
[2026-05-04T15:38:22.429+0000] {processor.py:830} INFO - Processing file /opt/airflow/dags/f1_pipeline_dag.py for tasks to queue
[2026-05-04T15:38:22.431+0000] {logging_mixin.py:188} INFO - [2026-05-04T15:38:22.430+0000] {dagbag.py:538} INFO - Filling up the DagBag from /opt/airflow/dags/f1_pipeline_dag.py
[2026-05-04T15:38:22.466+0000] {processor.py:840} INFO - DAG(s) 'f1_bigdata_pipeline' retrieved from /opt/airflow/dags/f1_pipeline_dag.py
[2026-05-04T15:38:22.510+0000] {logging_mixin.py:188} INFO - [2026-05-04T15:38:22.510+0000] {dag.py:3036} INFO - Sync 1 DAGs
[2026-05-04T15:38:22.534+0000] {logging_mixin.py:188} INFO - [2026-05-04T15:38:22.533+0000] {dag.py:3823} INFO - Setting next_dagrun for f1_bigdata_pipeline to 2026-05-04 06:00:00+00:00, run_after=2026-05-11 06:00:00+00:00
[2026-05-04T15:38:22.545+0000] {processor.py:183} INFO - Processing /opt/airflow/dags/f1_pipeline_dag.py took 0.125 seconds
[2026-05-04T15:38:52.934+0000] {processor.py:161} INFO - Started process (PID=14612) to work on /opt/airflow/dags/f1_pipeline_dag.py
[2026-05-04T15:38:52.936+0000] {processor.py:830} INFO - Processing file /opt/airflow/dags/f1_pipeline_dag.py for tasks to queue
[2026-05-04T15:38:52.937+0000] {logging_mixin.py:188} INFO - [2026-05-04T15:38:52.936+0000] {dagbag.py:538} INFO - Filling up the DagBag from /opt/airflow/dags/f1_pipeline_dag.py
[2026-05-04T15:38:52.956+0000] {processor.py:840} INFO - DAG(s) 'f1_bigdata_pipeline' retrieved from /opt/airflow/dags/f1_pipeline_dag.py
[2026-05-04T15:38:53.005+0000] {logging_mixin.py:188} INFO - [2026-05-04T15:38:53.004+0000] {dag.py:3036} INFO - Sync 1 DAGs
[2026-05-04T15:38:53.024+0000] {logging_mixin.py:188} INFO - [2026-05-04T15:38:53.024+0000] {dag.py:3823} INFO - Setting next_dagrun for f1_bigdata_pipeline to 2026-05-04 06:00:00+00:00, run_after=2026-05-11 06:00:00+00:00
[2026-05-04T15:38:53.034+0000] {processor.py:183} INFO - Processing /opt/airflow/dags/f1_pipeline_dag.py took 0.108 seconds
[2026-05-04T15:39:23.833+0000] {processor.py:161} INFO - Started process (PID=14617) to work on /opt/airflow/dags/f1_pipeline_dag.py
[2026-05-04T15:39:23.837+0000] {processor.py:830} INFO - Processing file /opt/airflow/dags/f1_pipeline_dag.py for tasks to queue
[2026-05-04T15:39:23.838+0000] {logging_mixin.py:188} INFO - [2026-05-04T15:39:23.837+0000] {dagbag.py:538} INFO - Filling up the DagBag from /opt/airflow/dags/f1_pipeline_dag.py
[2026-05-04T15:39:23.869+0000] {processor.py:840} INFO - DAG(s) 'f1_bigdata_pipeline' retrieved from /opt/airflow/dags/f1_pipeline_dag.py
[2026-05-04T15:39:23.942+0000] {logging_mixin.py:188} INFO - [2026-05-04T15:39:23.941+0000] {dag.py:3036} INFO - Sync 1 DAGs
[2026-05-04T15:39:23.972+0000] {logging_mixin.py:188} INFO - [2026-05-04T15:39:23.972+0000] {dag.py:3823} INFO - Setting next_dagrun for f1_bigdata_pipeline to 2026-05-04 06:00:00+00:00, run_after=2026-05-11 06:00:00+00:00
[2026-05-04T15:39:23.999+0000] {processor.py:183} INFO - Processing /opt/airflow/dags/f1_pipeline_dag.py took 0.172 seconds
[2026-05-04T15:54:06.323+0000] {processor.py:161} INFO - Started process (PID=14622) to work on /opt/airflow/dags/f1_pipeline_dag.py
[2026-05-04T15:54:06.332+0000] {processor.py:830} INFO - Processing file /opt/airflow/dags/f1_pipeline_dag.py for tasks to queue
[2026-05-04T15:54:06.333+0000] {logging_mixin.py:188} INFO - [2026-05-04T15:54:06.332+0000] {dagbag.py:538} INFO - Filling up the DagBag from /opt/airflow/dags/f1_pipeline_dag.py
[2026-05-04T15:54:06.438+0000] {processor.py:840} INFO - DAG(s) 'f1_bigdata_pipeline' retrieved from /opt/airflow/dags/f1_pipeline_dag.py
[2026-05-04T15:54:06.835+0000] {logging_mixin.py:188} INFO - [2026-05-04T15:54:06.835+0000] {dag.py:3036} INFO - Sync 1 DAGs
[2026-05-04T15:54:06.982+0000] {logging_mixin.py:188} INFO - [2026-05-04T15:54:06.980+0000] {dag.py:3823} INFO - Setting next_dagrun for f1_bigdata_pipeline to 2026-05-04 06:00:00+00:00, run_after=2026-05-11 06:00:00+00:00
[2026-05-04T15:54:07.056+0000] {processor.py:183} INFO - Processing /opt/airflow/dags/f1_pipeline_dag.py took 0.737 seconds
[2026-05-04T15:54:37.593+0000] {processor.py:161} INFO - Started process (PID=14629) to work on /opt/airflow/dags/f1_pipeline_dag.py
[2026-05-04T15:54:37.596+0000] {processor.py:830} INFO - Processing file /opt/airflow/dags/f1_pipeline_dag.py for tasks to queue
[2026-05-04T15:54:37.598+0000] {logging_mixin.py:188} INFO - [2026-05-04T15:54:37.597+0000] {dagbag.py:538} INFO - Filling up the DagBag from /opt/airflow/dags/f1_pipeline_dag.py
[2026-05-04T15:54:37.619+0000] {processor.py:840} INFO - DAG(s) 'f1_bigdata_pipeline' retrieved from /opt/airflow/dags/f1_pipeline_dag.py
[2026-05-04T15:54:37.709+0000] {logging_mixin.py:188} INFO - [2026-05-04T15:54:37.709+0000] {dag.py:3036} INFO - Sync 1 DAGs
[2026-05-04T15:54:37.745+0000] {logging_mixin.py:188} INFO - [2026-05-04T15:54:37.745+0000] {dag.py:3823} INFO - Setting next_dagrun for f1_bigdata_pipeline to 2026-05-04 06:00:00+00:00, run_after=2026-05-11 06:00:00+00:00
[2026-05-04T15:54:37.770+0000] {processor.py:183} INFO - Processing /opt/airflow/dags/f1_pipeline_dag.py took 0.183 seconds
[2026-05-04T15:55:07.922+0000] {processor.py:161} INFO - Started process (PID=14634) to work on /opt/airflow/dags/f1_pipeline_dag.py
[2026-05-04T15:55:07.926+0000] {processor.py:830} INFO - Processing file /opt/airflow/dags/f1_pipeline_dag.py for tasks to queue
[2026-05-04T15:55:07.927+0000] {logging_mixin.py:188} INFO - [2026-05-04T15:55:07.927+0000] {dagbag.py:538} INFO - Filling up the DagBag from /opt/airflow/dags/f1_pipeline_dag.py
[2026-05-04T15:55:07.947+0000] {processor.py:840} INFO - DAG(s) 'f1_bigdata_pipeline' retrieved from /opt/airflow/dags/f1_pipeline_dag.py
[2026-05-04T15:55:07.986+0000] {logging_mixin.py:188} INFO - [2026-05-04T15:55:07.986+0000] {dag.py:3036} INFO - Sync 1 DAGs
[2026-05-04T15:55:08.002+0000] {logging_mixin.py:188} INFO - [2026-05-04T15:55:08.002+0000] {dag.py:3823} INFO - Setting next_dagrun for f1_bigdata_pipeline to 2026-05-04 06:00:00+00:00, run_after=2026-05-11 06:00:00+00:00
[2026-05-04T15:55:08.011+0000] {processor.py:183} INFO - Processing /opt/airflow/dags/f1_pipeline_dag.py took 0.094 seconds
[2026-05-04T15:55:38.306+0000] {processor.py:161} INFO - Started process (PID=14639) to work on /opt/airflow/dags/f1_pipeline_dag.py
[2026-05-04T15:55:38.308+0000] {processor.py:830} INFO - Processing file /opt/airflow/dags/f1_pipeline_dag.py for tasks to queue
[2026-05-04T15:55:38.309+0000] {logging_mixin.py:188} INFO - [2026-05-04T15:55:38.308+0000] {dagbag.py:538} INFO - Filling up the DagBag from /opt/airflow/dags/f1_pipeline_dag.py
[2026-05-04T15:55:38.327+0000] {processor.py:840} INFO - DAG(s) 'f1_bigdata_pipeline' retrieved from /opt/airflow/dags/f1_pipeline_dag.py
[2026-05-04T15:55:38.372+0000] {logging_mixin.py:188} INFO - [2026-05-04T15:55:38.371+0000] {dag.py:3036} INFO - Sync 1 DAGs
[2026-05-04T15:55:38.388+0000] {logging_mixin.py:188} INFO - [2026-05-04T15:55:38.388+0000] {dag.py:3823} INFO - Setting next_dagrun for f1_bigdata_pipeline to 2026-05-04 06:00:00+00:00, run_after=2026-05-11 06:00:00+00:00
[2026-05-04T15:55:38.397+0000] {processor.py:183} INFO - Processing /opt/airflow/dags/f1_pipeline_dag.py took 0.096 seconds
[2026-05-04T15:56:08.777+0000] {processor.py:161} INFO - Started process (PID=14644) to work on /opt/airflow/dags/f1_pipeline_dag.py
[2026-05-04T15:56:08.779+0000] {processor.py:830} INFO - Processing file /opt/airflow/dags/f1_pipeline_dag.py for tasks to queue
[2026-05-04T15:56:08.780+0000] {logging_mixin.py:188} INFO - [2026-05-04T15:56:08.780+0000] {dagbag.py:538} INFO - Filling up the DagBag from /opt/airflow/dags/f1_pipeline_dag.py
[2026-05-04T15:56:08.809+0000] {processor.py:840} INFO - DAG(s) 'f1_bigdata_pipeline' retrieved from /opt/airflow/dags/f1_pipeline_dag.py
[2026-05-04T15:56:08.849+0000] {logging_mixin.py:188} INFO - [2026-05-04T15:56:08.849+0000] {dag.py:3036} INFO - Sync 1 DAGs
[2026-05-04T15:56:08.866+0000] {logging_mixin.py:188} INFO - [2026-05-04T15:56:08.865+0000] {dag.py:3823} INFO - Setting next_dagrun for f1_bigdata_pipeline to 2026-05-04 06:00:00+00:00, run_after=2026-05-11 06:00:00+00:00
[2026-05-04T15:56:08.876+0000] {processor.py:183} INFO - Processing /opt/airflow/dags/f1_pipeline_dag.py took 0.105 seconds
[2026-05-04T15:56:39.116+0000] {processor.py:161} INFO - Started process (PID=14649) to work on /opt/airflow/dags/f1_pipeline_dag.py
[2026-05-04T15:56:39.118+0000] {processor.py:830} INFO - Processing file /opt/airflow/dags/f1_pipeline_dag.py for tasks to queue
[2026-05-04T15:56:39.119+0000] {logging_mixin.py:188} INFO - [2026-05-04T15:56:39.118+0000] {dagbag.py:538} INFO - Filling up the DagBag from /opt/airflow/dags/f1_pipeline_dag.py
[2026-05-04T15:56:39.142+0000] {processor.py:840} INFO - DAG(s) 'f1_bigdata_pipeline' retrieved from /opt/airflow/dags/f1_pipeline_dag.py
[2026-05-04T15:56:39.170+0000] {logging_mixin.py:188} INFO - [2026-05-04T15:56:39.169+0000] {dag.py:3036} INFO - Sync 1 DAGs
[2026-05-04T15:56:39.205+0000] {logging_mixin.py:188} INFO - [2026-05-04T15:56:39.205+0000] {dag.py:3823} INFO - Setting next_dagrun for f1_bigdata_pipeline to 2026-05-04 06:00:00+00:00, run_after=2026-05-11 06:00:00+00:00
[2026-05-04T15:56:39.216+0000] {processor.py:183} INFO - Processing /opt/airflow/dags/f1_pipeline_dag.py took 0.112 seconds
[2026-05-04T15:57:09.445+0000] {processor.py:161} INFO - Started process (PID=14654) to work on /opt/airflow/dags/f1_pipeline_dag.py
[2026-05-04T15:57:09.447+0000] {processor.py:830} INFO - Processing file /opt/airflow/dags/f1_pipeline_dag.py for tasks to queue
[2026-05-04T15:57:09.448+0000] {logging_mixin.py:188} INFO - [2026-05-04T15:57:09.447+0000] {dagbag.py:538} INFO - Filling up the DagBag from /opt/airflow/dags/f1_pipeline_dag.py
[2026-05-04T15:57:09.467+0000] {processor.py:840} INFO - DAG(s) 'f1_bigdata_pipeline' retrieved from /opt/airflow/dags/f1_pipeline_dag.py
[2026-05-04T15:57:09.511+0000] {logging_mixin.py:188} INFO - [2026-05-04T15:57:09.511+0000] {dag.py:3036} INFO - Sync 1 DAGs
[2026-05-04T15:57:09.529+0000] {logging_mixin.py:188} INFO - [2026-05-04T15:57:09.529+0000] {dag.py:3823} INFO - Setting next_dagrun for f1_bigdata_pipeline to 2026-05-04 06:00:00+00:00, run_after=2026-05-11 06:00:00+00:00
[2026-05-04T15:57:09.539+0000] {processor.py:183} INFO - Processing /opt/airflow/dags/f1_pipeline_dag.py took 0.100 seconds
[2026-05-04T15:57:39.748+0000] {processor.py:161} INFO - Started process (PID=14659) to work on /opt/airflow/dags/f1_pipeline_dag.py
[2026-05-04T15:57:39.749+0000] {processor.py:830} INFO - Processing file /opt/airflow/dags/f1_pipeline_dag.py for tasks to queue
[2026-05-04T15:57:39.750+0000] {logging_mixin.py:188} INFO - [2026-05-04T15:57:39.750+0000] {dagbag.py:538} INFO - Filling up the DagBag from /opt/airflow/dags/f1_pipeline_dag.py
[2026-05-04T15:57:39.766+0000] {processor.py:840} INFO - DAG(s) 'f1_bigdata_pipeline' retrieved from /opt/airflow/dags/f1_pipeline_dag.py
[2026-05-04T15:57:39.816+0000] {logging_mixin.py:188} INFO - [2026-05-04T15:57:39.815+0000] {dag.py:3036} INFO - Sync 1 DAGs
[2026-05-04T15:57:39.833+0000] {logging_mixin.py:188} INFO - [2026-05-04T15:57:39.833+0000] {dag.py:3823} INFO - Setting next_dagrun for f1_bigdata_pipeline to 2026-05-04 06:00:00+00:00, run_after=2026-05-11 06:00:00+00:00
[2026-05-04T15:57:39.843+0000] {processor.py:183} INFO - Processing /opt/airflow/dags/f1_pipeline_dag.py took 0.100 seconds
[2026-05-04T15:58:10.039+0000] {processor.py:161} INFO - Started process (PID=14664) to work on /opt/airflow/dags/f1_pipeline_dag.py
[2026-05-04T15:58:10.041+0000] {processor.py:830} INFO - Processing file /opt/airflow/dags/f1_pipeline_dag.py for tasks to queue
[2026-05-04T15:58:10.042+0000] {logging_mixin.py:188} INFO - [2026-05-04T15:58:10.041+0000] {dagbag.py:538} INFO - Filling up the DagBag from /opt/airflow/dags/f1_pipeline_dag.py
[2026-05-04T15:58:10.057+0000] {processor.py:840} INFO - DAG(s) 'f1_bigdata_pipeline' retrieved from /opt/airflow/dags/f1_pipeline_dag.py
[2026-05-04T15:58:10.096+0000] {logging_mixin.py:188} INFO - [2026-05-04T15:58:10.096+0000] {dag.py:3036} INFO - Sync 1 DAGs
[2026-05-04T15:58:10.119+0000] {logging_mixin.py:188} INFO - [2026-05-04T15:58:10.119+0000] {dag.py:3823} INFO - Setting next_dagrun for f1_bigdata_pipeline to 2026-05-04 06:00:00+00:00, run_after=2026-05-11 06:00:00+00:00
[2026-05-04T15:58:10.128+0000] {processor.py:183} INFO - Processing /opt/airflow/dags/f1_pipeline_dag.py took 0.094 seconds
[2026-05-04T15:58:40.413+0000] {processor.py:161} INFO - Started process (PID=14669) to work on /opt/airflow/dags/f1_pipeline_dag.py
[2026-05-04T15:58:40.418+0000] {processor.py:830} INFO - Processing file /opt/airflow/dags/f1_pipeline_dag.py for tasks to queue
[2026-05-04T15:58:40.422+0000] {logging_mixin.py:188} INFO - [2026-05-04T15:58:40.419+0000] {dagbag.py:538} INFO - Filling up the DagBag from /opt/airflow/dags/f1_pipeline_dag.py
[2026-05-04T15:58:40.441+0000] {processor.py:840} INFO - DAG(s) 'f1_bigdata_pipeline' retrieved from /opt/airflow/dags/f1_pipeline_dag.py
[2026-05-04T15:58:40.491+0000] {logging_mixin.py:188} INFO - [2026-05-04T15:58:40.491+0000] {dag.py:3036} INFO - Sync 1 DAGs
[2026-05-04T15:58:40.640+0000] {logging_mixin.py:188} INFO - [2026-05-04T15:58:40.640+0000] {dag.py:3823} INFO - Setting next_dagrun for f1_bigdata_pipeline to 2026-05-04 06:00:00+00:00, run_after=2026-05-11 06:00:00+00:00
[2026-05-04T15:58:40.682+0000] {processor.py:183} INFO - Processing /opt/airflow/dags/f1_pipeline_dag.py took 0.282 seconds
[2026-05-04T15:59:10.764+0000] {processor.py:161} INFO - Started process (PID=14674) to work on /opt/airflow/dags/f1_pipeline_dag.py
[2026-05-04T15:59:10.766+0000] {processor.py:830} INFO - Processing file /opt/airflow/dags/f1_pipeline_dag.py for tasks to queue
[2026-05-04T15:59:10.767+0000] {logging_mixin.py:188} INFO - [2026-05-04T15:59:10.766+0000] {dagbag.py:538} INFO - Filling up the DagBag from /opt/airflow/dags/f1_pipeline_dag.py
[2026-05-04T15:59:10.787+0000] {processor.py:840} INFO - DAG(s) 'f1_bigdata_pipeline' retrieved from /opt/airflow/dags/f1_pipeline_dag.py
[2026-05-04T15:59:10.831+0000] {logging_mixin.py:188} INFO - [2026-05-04T15:59:10.831+0000] {dag.py:3036} INFO - Sync 1 DAGs
[2026-05-04T15:59:10.848+0000] {logging_mixin.py:188} INFO - [2026-05-04T15:59:10.848+0000] {dag.py:3823} INFO - Setting next_dagrun for f1_bigdata_pipeline to 2026-05-04 06:00:00+00:00, run_after=2026-05-11 06:00:00+00:00
[2026-05-04T15:59:10.858+0000] {processor.py:183} INFO - Processing /opt/airflow/dags/f1_pipeline_dag.py took 0.100 seconds
[2026-05-04T15:59:41.068+0000] {processor.py:161} INFO - Started process (PID=14679) to work on /opt/airflow/dags/f1_pipeline_dag.py
[2026-05-04T15:59:41.071+0000] {processor.py:830} INFO - Processing file /opt/airflow/dags/f1_pipeline_dag.py for tasks to queue
[2026-05-04T15:59:41.073+0000] {logging_mixin.py:188} INFO - [2026-05-04T15:59:41.072+0000] {dagbag.py:538} INFO - Filling up the DagBag from /opt/airflow/dags/f1_pipeline_dag.py
[2026-05-04T15:59:41.104+0000] {processor.py:840} INFO - DAG(s) 'f1_bigdata_pipeline' retrieved from /opt/airflow/dags/f1_pipeline_dag.py
[2026-05-04T15:59:41.140+0000] {logging_mixin.py:188} INFO - [2026-05-04T15:59:41.139+0000] {dag.py:3036} INFO - Sync 1 DAGs
[2026-05-04T15:59:41.157+0000] {logging_mixin.py:188} INFO - [2026-05-04T15:59:41.157+0000] {dag.py:3823} INFO - Setting next_dagrun for f1_bigdata_pipeline to 2026-05-04 06:00:00+00:00, run_after=2026-05-11 06:00:00+00:00
[2026-05-04T15:59:41.166+0000] {processor.py:183} INFO - Processing /opt/airflow/dags/f1_pipeline_dag.py took 0.103 seconds
[2026-05-04T16:00:11.426+0000] {processor.py:161} INFO - Started process (PID=14684) to work on /opt/airflow/dags/f1_pipeline_dag.py
[2026-05-04T16:00:11.429+0000] {processor.py:830} INFO - Processing file /opt/airflow/dags/f1_pipeline_dag.py for tasks to queue
[2026-05-04T16:00:11.430+0000] {logging_mixin.py:188} INFO - [2026-05-04T16:00:11.430+0000] {dagbag.py:538} INFO - Filling up the DagBag from /opt/airflow/dags/f1_pipeline_dag.py
[2026-05-04T16:00:11.470+0000] {processor.py:840} INFO - DAG(s) 'f1_bigdata_pipeline' retrieved from /opt/airflow/dags/f1_pipeline_dag.py
[2026-05-04T16:00:11.501+0000] {logging_mixin.py:188} INFO - [2026-05-04T16:00:11.501+0000] {dag.py:3036} INFO - Sync 1 DAGs
[2026-05-04T16:00:11.517+0000] {logging_mixin.py:188} INFO - [2026-05-04T16:00:11.517+0000] {dag.py:3823} INFO - Setting next_dagrun for f1_bigdata_pipeline to 2026-05-04 06:00:00+00:00, run_after=2026-05-11 06:00:00+00:00
[2026-05-04T16:00:11.527+0000] {processor.py:183} INFO - Processing /opt/airflow/dags/f1_pipeline_dag.py took 0.107 seconds
[2026-05-04T16:00:41.843+0000] {processor.py:161} INFO - Started process (PID=14689) to work on /opt/airflow/dags/f1_pipeline_dag.py
[2026-05-04T16:00:41.844+0000] {processor.py:830} INFO - Processing file /opt/airflow/dags/f1_pipeline_dag.py for tasks to queue
[2026-05-04T16:00:41.845+0000] {logging_mixin.py:188} INFO - [2026-05-04T16:00:41.845+0000] {dagbag.py:538} INFO - Filling up the DagBag from /opt/airflow/dags/f1_pipeline_dag.py
[2026-05-04T16:00:41.869+0000] {processor.py:840} INFO - DAG(s) 'f1_bigdata_pipeline' retrieved from /opt/airflow/dags/f1_pipeline_dag.py
[2026-05-04T16:00:41.898+0000] {logging_mixin.py:188} INFO - [2026-05-04T16:00:41.898+0000] {dag.py:3036} INFO - Sync 1 DAGs
[2026-05-04T16:00:41.915+0000] {logging_mixin.py:188} INFO - [2026-05-04T16:00:41.915+0000] {dag.py:3823} INFO - Setting next_dagrun for f1_bigdata_pipeline to 2026-05-04 06:00:00+00:00, run_after=2026-05-11 06:00:00+00:00
[2026-05-04T16:00:41.924+0000] {processor.py:183} INFO - Processing /opt/airflow/dags/f1_pipeline_dag.py took 0.085 seconds
[2026-05-04T16:01:12.184+0000] {processor.py:161} INFO - Started process (PID=14694) to work on /opt/airflow/dags/f1_pipeline_dag.py
[2026-05-04T16:01:12.186+0000] {processor.py:830} INFO - Processing file /opt/airflow/dags/f1_pipeline_dag.py for tasks to queue
[2026-05-04T16:01:12.187+0000] {logging_mixin.py:188} INFO - [2026-05-04T16:01:12.186+0000] {dagbag.py:538} INFO - Filling up the DagBag from /opt/airflow/dags/f1_pipeline_dag.py
[2026-05-04T16:01:12.204+0000] {processor.py:840} INFO - DAG(s) 'f1_bigdata_pipeline' retrieved from /opt/airflow/dags/f1_pipeline_dag.py
[2026-05-04T16:01:12.251+0000] {logging_mixin.py:188} INFO - [2026-05-04T16:01:12.251+0000] {dag.py:3036} INFO - Sync 1 DAGs
[2026-05-04T16:01:12.268+0000] {logging_mixin.py:188} INFO - [2026-05-04T16:01:12.268+0000] {dag.py:3823} INFO - Setting next_dagrun for f1_bigdata_pipeline to 2026-05-04 06:00:00+00:00, run_after=2026-05-11 06:00:00+00:00
[2026-05-04T16:01:12.278+0000] {processor.py:183} INFO - Processing /opt/airflow/dags/f1_pipeline_dag.py took 0.099 seconds
[2026-05-04T16:01:42.509+0000] {processor.py:161} INFO - Started process (PID=14699) to work on /opt/airflow/dags/f1_pipeline_dag.py
[2026-05-04T16:01:42.511+0000] {processor.py:830} INFO - Processing file /opt/airflow/dags/f1_pipeline_dag.py for tasks to queue
[2026-05-04T16:01:42.512+0000] {logging_mixin.py:188} INFO - [2026-05-04T16:01:42.512+0000] {dagbag.py:538} INFO - Filling up the DagBag from /opt/airflow/dags/f1_pipeline_dag.py
[2026-05-04T16:01:42.533+0000] {processor.py:840} INFO - DAG(s) 'f1_bigdata_pipeline' retrieved from /opt/airflow/dags/f1_pipeline_dag.py
[2026-05-04T16:01:42.574+0000] {logging_mixin.py:188} INFO - [2026-05-04T16:01:42.574+0000] {dag.py:3036} INFO - Sync 1 DAGs
[2026-05-04T16:01:42.591+0000] {logging_mixin.py:188} INFO - [2026-05-04T16:01:42.591+0000] {dag.py:3823} INFO - Setting next_dagrun for f1_bigdata_pipeline to 2026-05-04 06:00:00+00:00, run_after=2026-05-11 06:00:00+00:00
[2026-05-04T16:01:42.602+0000] {processor.py:183} INFO - Processing /opt/airflow/dags/f1_pipeline_dag.py took 0.098 seconds
[2026-05-04T16:02:13.062+0000] {processor.py:161} INFO - Started process (PID=14704) to work on /opt/airflow/dags/f1_pipeline_dag.py
[2026-05-04T16:02:13.065+0000] {processor.py:830} INFO - Processing file /opt/airflow/dags/f1_pipeline_dag.py for tasks to queue
[2026-05-04T16:02:13.065+0000] {logging_mixin.py:188} INFO - [2026-05-04T16:02:13.065+0000] {dagbag.py:538} INFO - Filling up the DagBag from /opt/airflow/dags/f1_pipeline_dag.py
[2026-05-04T16:02:13.092+0000] {processor.py:840} INFO - DAG(s) 'f1_bigdata_pipeline' retrieved from /opt/airflow/dags/f1_pipeline_dag.py
[2026-05-04T16:02:13.130+0000] {logging_mixin.py:188} INFO - [2026-05-04T16:02:13.130+0000] {dag.py:3036} INFO - Sync 1 DAGs
[2026-05-04T16:02:13.154+0000] {logging_mixin.py:188} INFO - [2026-05-04T16:02:13.154+0000] {dag.py:3823} INFO - Setting next_dagrun for f1_bigdata_pipeline to 2026-05-04 06:00:00+00:00, run_after=2026-05-11 06:00:00+00:00
[2026-05-04T16:02:13.164+0000] {processor.py:183} INFO - Processing /opt/airflow/dags/f1_pipeline_dag.py took 0.106 seconds
[2026-05-04T16:13:01.240+0000] {processor.py:161} INFO - Started process (PID=14711) to work on /opt/airflow/dags/f1_pipeline_dag.py
[2026-05-04T16:13:01.242+0000] {processor.py:830} INFO - Processing file /opt/airflow/dags/f1_pipeline_dag.py for tasks to queue
[2026-05-04T16:13:01.247+0000] {logging_mixin.py:188} INFO - [2026-05-04T16:13:01.246+0000] {dagbag.py:538} INFO - Filling up the DagBag from /opt/airflow/dags/f1_pipeline_dag.py
[2026-05-04T16:13:01.278+0000] {processor.py:840} INFO - DAG(s) 'f1_bigdata_pipeline' retrieved from /opt/airflow/dags/f1_pipeline_dag.py
[2026-05-04T16:13:01.452+0000] {logging_mixin.py:188} INFO - [2026-05-04T16:13:01.452+0000] {dag.py:3036} INFO - Sync 1 DAGs
[2026-05-04T16:13:01.528+0000] {logging_mixin.py:188} INFO - [2026-05-04T16:13:01.528+0000] {dag.py:3823} INFO - Setting next_dagrun for f1_bigdata_pipeline to 2026-05-04 06:00:00+00:00, run_after=2026-05-11 06:00:00+00:00
[2026-05-04T16:13:01.581+0000] {processor.py:183} INFO - Processing /opt/airflow/dags/f1_pipeline_dag.py took 0.345 seconds
[2026-05-04T16:21:43.072+0000] {processor.py:161} INFO - Started process (PID=14716) to work on /opt/airflow/dags/f1_pipeline_dag.py
[2026-05-04T16:21:43.073+0000] {processor.py:830} INFO - Processing file /opt/airflow/dags/f1_pipeline_dag.py for tasks to queue
[2026-05-04T16:21:43.074+0000] {logging_mixin.py:188} INFO - [2026-05-04T16:21:43.073+0000] {dagbag.py:538} INFO - Filling up the DagBag from /opt/airflow/dags/f1_pipeline_dag.py
[2026-05-04T16:21:43.088+0000] {processor.py:840} INFO - DAG(s) 'f1_bigdata_pipeline' retrieved from /opt/airflow/dags/f1_pipeline_dag.py
[2026-05-04T16:21:43.130+0000] {logging_mixin.py:188} INFO - [2026-05-04T16:21:43.129+0000] {dag.py:3036} INFO - Sync 1 DAGs
[2026-05-04T16:21:43.148+0000] {logging_mixin.py:188} INFO - [2026-05-04T16:21:43.148+0000] {dag.py:3823} INFO - Setting next_dagrun for f1_bigdata_pipeline to 2026-05-04 06:00:00+00:00, run_after=2026-05-11 06:00:00+00:00
[2026-05-04T16:21:43.157+0000] {processor.py:183} INFO - Processing /opt/airflow/dags/f1_pipeline_dag.py took 0.089 seconds
[2026-05-04T16:22:13.505+0000] {processor.py:161} INFO - Started process (PID=14721) to work on /opt/airflow/dags/f1_pipeline_dag.py
[2026-05-04T16:22:13.507+0000] {processor.py:830} INFO - Processing file /opt/airflow/dags/f1_pipeline_dag.py for tasks to queue
[2026-05-04T16:22:13.508+0000] {logging_mixin.py:188} INFO - [2026-05-04T16:22:13.508+0000] {dagbag.py:538} INFO - Filling up the DagBag from /opt/airflow/dags/f1_pipeline_dag.py
[2026-05-04T16:22:13.527+0000] {processor.py:840} INFO - DAG(s) 'f1_bigdata_pipeline' retrieved from /opt/airflow/dags/f1_pipeline_dag.py
[2026-05-04T16:22:13.569+0000] {logging_mixin.py:188} INFO - [2026-05-04T16:22:13.569+0000] {dag.py:3036} INFO - Sync 1 DAGs
[2026-05-04T16:22:13.587+0000] {logging_mixin.py:188} INFO - [2026-05-04T16:22:13.587+0000] {dag.py:3823} INFO - Setting next_dagrun for f1_bigdata_pipeline to 2026-05-04 06:00:00+00:00, run_after=2026-05-11 06:00:00+00:00
[2026-05-04T16:22:13.610+0000] {processor.py:183} INFO - Processing /opt/airflow/dags/f1_pipeline_dag.py took 0.110 seconds
[2026-05-04T16:22:44.117+0000] {processor.py:161} INFO - Started process (PID=14726) to work on /opt/airflow/dags/f1_pipeline_dag.py
[2026-05-04T16:22:44.119+0000] {processor.py:830} INFO - Processing file /opt/airflow/dags/f1_pipeline_dag.py for tasks to queue
[2026-05-04T16:22:44.120+0000] {logging_mixin.py:188} INFO - [2026-05-04T16:22:44.120+0000] {dagbag.py:538} INFO - Filling up the DagBag from /opt/airflow/dags/f1_pipeline_dag.py
[2026-05-04T16:22:44.146+0000] {processor.py:840} INFO - DAG(s) 'f1_bigdata_pipeline' retrieved from /opt/airflow/dags/f1_pipeline_dag.py
[2026-05-04T16:22:44.173+0000] {logging_mixin.py:188} INFO - [2026-05-04T16:22:44.173+0000] {dag.py:3036} INFO - Sync 1 DAGs
[2026-05-04T16:22:44.190+0000] {logging_mixin.py:188} INFO - [2026-05-04T16:22:44.189+0000] {dag.py:3823} INFO - Setting next_dagrun for f1_bigdata_pipeline to 2026-05-04 06:00:00+00:00, run_after=2026-05-11 06:00:00+00:00
[2026-05-04T16:22:44.204+0000] {processor.py:183} INFO - Processing /opt/airflow/dags/f1_pipeline_dag.py took 0.092 seconds
[2026-05-04T16:23:14.545+0000] {processor.py:161} INFO - Started process (PID=14731) to work on /opt/airflow/dags/f1_pipeline_dag.py
[2026-05-04T16:23:14.547+0000] {processor.py:830} INFO - Processing file /opt/airflow/dags/f1_pipeline_dag.py for tasks to queue
[2026-05-04T16:23:14.548+0000] {logging_mixin.py:188} INFO - [2026-05-04T16:23:14.547+0000] {dagbag.py:538} INFO - Filling up the DagBag from /opt/airflow/dags/f1_pipeline_dag.py
[2026-05-04T16:23:14.564+0000] {processor.py:840} INFO - DAG(s) 'f1_bigdata_pipeline' retrieved from /opt/airflow/dags/f1_pipeline_dag.py
[2026-05-04T16:23:14.611+0000] {logging_mixin.py:188} INFO - [2026-05-04T16:23:14.610+0000] {dag.py:3036} INFO - Sync 1 DAGs
[2026-05-04T16:23:14.630+0000] {logging_mixin.py:188} INFO - [2026-05-04T16:23:14.630+0000] {dag.py:3823} INFO - Setting next_dagrun for f1_bigdata_pipeline to 2026-05-04 06:00:00+00:00, run_after=2026-05-11 06:00:00+00:00
[2026-05-04T16:23:14.646+0000] {processor.py:183} INFO - Processing /opt/airflow/dags/f1_pipeline_dag.py took 0.104 seconds
[2026-05-04T16:23:44.904+0000] {processor.py:161} INFO - Started process (PID=14736) to work on /opt/airflow/dags/f1_pipeline_dag.py
[2026-05-04T16:23:44.907+0000] {processor.py:830} INFO - Processing file /opt/airflow/dags/f1_pipeline_dag.py for tasks to queue
[2026-05-04T16:23:44.910+0000] {logging_mixin.py:188} INFO - [2026-05-04T16:23:44.908+0000] {dagbag.py:538} INFO - Filling up the DagBag from /opt/airflow/dags/f1_pipeline_dag.py
[2026-05-04T16:23:44.932+0000] {processor.py:840} INFO - DAG(s) 'f1_bigdata_pipeline' retrieved from /opt/airflow/dags/f1_pipeline_dag.py
[2026-05-04T16:23:44.973+0000] {logging_mixin.py:188} INFO - [2026-05-04T16:23:44.973+0000] {dag.py:3036} INFO - Sync 1 DAGs
[2026-05-04T16:23:44.990+0000] {logging_mixin.py:188} INFO - [2026-05-04T16:23:44.990+0000] {dag.py:3823} INFO - Setting next_dagrun for f1_bigdata_pipeline to 2026-05-04 06:00:00+00:00, run_after=2026-05-11 06:00:00+00:00
[2026-05-04T16:23:44.999+0000] {processor.py:183} INFO - Processing /opt/airflow/dags/f1_pipeline_dag.py took 0.102 seconds
[2026-05-04T16:24:15.255+0000] {processor.py:161} INFO - Started process (PID=14741) to work on /opt/airflow/dags/f1_pipeline_dag.py
[2026-05-04T16:24:15.258+0000] {processor.py:830} INFO - Processing file /opt/airflow/dags/f1_pipeline_dag.py for tasks to queue
[2026-05-04T16:24:15.259+0000] {logging_mixin.py:188} INFO - [2026-05-04T16:24:15.259+0000] {dagbag.py:538} INFO - Filling up the DagBag from /opt/airflow/dags/f1_pipeline_dag.py
[2026-05-04T16:24:15.285+0000] {processor.py:840} INFO - DAG(s) 'f1_bigdata_pipeline' retrieved from /opt/airflow/dags/f1_pipeline_dag.py
[2026-05-04T16:24:15.334+0000] {logging_mixin.py:188} INFO - [2026-05-04T16:24:15.334+0000] {dag.py:3036} INFO - Sync 1 DAGs
[2026-05-04T16:24:15.379+0000] {logging_mixin.py:188} INFO - [2026-05-04T16:24:15.379+0000] {dag.py:3823} INFO - Setting next_dagrun for f1_bigdata_pipeline to 2026-05-04 06:00:00+00:00, run_after=2026-05-11 06:00:00+00:00
[2026-05-04T16:24:15.415+0000] {processor.py:183} INFO - Processing /opt/airflow/dags/f1_pipeline_dag.py took 0.167 seconds
[2026-05-04T16:24:45.698+0000] {processor.py:161} INFO - Started process (PID=14746) to work on /opt/airflow/dags/f1_pipeline_dag.py
[2026-05-04T16:24:45.700+0000] {processor.py:830} INFO - Processing file /opt/airflow/dags/f1_pipeline_dag.py for tasks to queue
[2026-05-04T16:24:45.701+0000] {logging_mixin.py:188} INFO - [2026-05-04T16:24:45.700+0000] {dagbag.py:538} INFO - Filling up the DagBag from /opt/airflow/dags/f1_pipeline_dag.py
[2026-05-04T16:24:45.724+0000] {processor.py:840} INFO - DAG(s) 'f1_bigdata_pipeline' retrieved from /opt/airflow/dags/f1_pipeline_dag.py
[2026-05-04T16:24:45.780+0000] {logging_mixin.py:188} INFO - [2026-05-04T16:24:45.780+0000] {dag.py:3036} INFO - Sync 1 DAGs
[2026-05-04T16:24:45.806+0000] {logging_mixin.py:188} INFO - [2026-05-04T16:24:45.805+0000] {dag.py:3823} INFO - Setting next_dagrun for f1_bigdata_pipeline to 2026-05-04 06:00:00+00:00, run_after=2026-05-11 06:00:00+00:00
[2026-05-04T16:24:45.819+0000] {processor.py:183} INFO - Processing /opt/airflow/dags/f1_pipeline_dag.py took 0.128 seconds
[2026-05-04T16:25:16.153+0000] {processor.py:161} INFO - Started process (PID=14751) to work on /opt/airflow/dags/f1_pipeline_dag.py
[2026-05-04T16:25:16.155+0000] {processor.py:830} INFO - Processing file /opt/airflow/dags/f1_pipeline_dag.py for tasks to queue
[2026-05-04T16:25:16.157+0000] {logging_mixin.py:188} INFO - [2026-05-04T16:25:16.156+0000] {dagbag.py:538} INFO - Filling up the DagBag from /opt/airflow/dags/f1_pipeline_dag.py
[2026-05-04T16:25:16.178+0000] {processor.py:840} INFO - DAG(s) 'f1_bigdata_pipeline' retrieved from /opt/airflow/dags/f1_pipeline_dag.py
[2026-05-04T16:25:16.214+0000] {logging_mixin.py:188} INFO - [2026-05-04T16:25:16.214+0000] {dag.py:3036} INFO - Sync 1 DAGs
[2026-05-04T16:25:16.230+0000] {logging_mixin.py:188} INFO - [2026-05-04T16:25:16.230+0000] {dag.py:3823} INFO - Setting next_dagrun for f1_bigdata_pipeline to 2026-05-04 06:00:00+00:00, run_after=2026-05-11 06:00:00+00:00
[2026-05-04T16:25:16.240+0000] {processor.py:183} INFO - Processing /opt/airflow/dags/f1_pipeline_dag.py took 0.093 seconds
[2026-05-04T16:25:46.610+0000] {processor.py:161} INFO - Started process (PID=14756) to work on /opt/airflow/dags/f1_pipeline_dag.py
[2026-05-04T16:25:46.612+0000] {processor.py:830} INFO - Processing file /opt/airflow/dags/f1_pipeline_dag.py for tasks to queue
[2026-05-04T16:25:46.613+0000] {logging_mixin.py:188} INFO - [2026-05-04T16:25:46.613+0000] {dagbag.py:538} INFO - Filling up the DagBag from /opt/airflow/dags/f1_pipeline_dag.py
[2026-05-04T16:25:46.634+0000] {processor.py:840} INFO - DAG(s) 'f1_bigdata_pipeline' retrieved from /opt/airflow/dags/f1_pipeline_dag.py
[2026-05-04T16:25:46.665+0000] {logging_mixin.py:188} INFO - [2026-05-04T16:25:46.665+0000] {dag.py:3036} INFO - Sync 1 DAGs
[2026-05-04T16:25:46.684+0000] {logging_mixin.py:188} INFO - [2026-05-04T16:25:46.684+0000] {dag.py:3823} INFO - Setting next_dagrun for f1_bigdata_pipeline to 2026-05-04 06:00:00+00:00, run_after=2026-05-11 06:00:00+00:00
[2026-05-04T16:25:46.694+0000] {processor.py:183} INFO - Processing /opt/airflow/dags/f1_pipeline_dag.py took 0.088 seconds
[2026-05-04T16:26:16.954+0000] {processor.py:161} INFO - Started process (PID=14761) to work on /opt/airflow/dags/f1_pipeline_dag.py
[2026-05-04T16:26:16.956+0000] {processor.py:830} INFO - Processing file /opt/airflow/dags/f1_pipeline_dag.py for tasks to queue
[2026-05-04T16:26:16.957+0000] {logging_mixin.py:188} INFO - [2026-05-04T16:26:16.957+0000] {dagbag.py:538} INFO - Filling up the DagBag from /opt/airflow/dags/f1_pipeline_dag.py
[2026-05-04T16:26:16.980+0000] {processor.py:840} INFO - DAG(s) 'f1_bigdata_pipeline' retrieved from /opt/airflow/dags/f1_pipeline_dag.py
[2026-05-04T16:26:17.026+0000] {logging_mixin.py:188} INFO - [2026-05-04T16:26:17.026+0000] {dag.py:3036} INFO - Sync 1 DAGs
[2026-05-04T16:26:17.042+0000] {logging_mixin.py:188} INFO - [2026-05-04T16:26:17.042+0000] {dag.py:3823} INFO - Setting next_dagrun for f1_bigdata_pipeline to 2026-05-04 06:00:00+00:00, run_after=2026-05-11 06:00:00+00:00
[2026-05-04T16:26:17.053+0000] {processor.py:183} INFO - Processing /opt/airflow/dags/f1_pipeline_dag.py took 0.104 seconds
[2026-05-04T16:26:47.367+0000] {processor.py:161} INFO - Started process (PID=14766) to work on /opt/airflow/dags/f1_pipeline_dag.py
[2026-05-04T16:26:47.368+0000] {processor.py:830} INFO - Processing file /opt/airflow/dags/f1_pipeline_dag.py for tasks to queue
[2026-05-04T16:26:47.369+0000] {logging_mixin.py:188} INFO - [2026-05-04T16:26:47.368+0000] {dagbag.py:538} INFO - Filling up the DagBag from /opt/airflow/dags/f1_pipeline_dag.py
[2026-05-04T16:26:47.386+0000] {processor.py:840} INFO - DAG(s) 'f1_bigdata_pipeline' retrieved from /opt/airflow/dags/f1_pipeline_dag.py
[2026-05-04T16:26:47.411+0000] {logging_mixin.py:188} INFO - [2026-05-04T16:26:47.411+0000] {dag.py:3036} INFO - Sync 1 DAGs
[2026-05-04T16:26:47.427+0000] {logging_mixin.py:188} INFO - [2026-05-04T16:26:47.427+0000] {dag.py:3823} INFO - Setting next_dagrun for f1_bigdata_pipeline to 2026-05-04 06:00:00+00:00, run_after=2026-05-11 06:00:00+00:00
[2026-05-04T16:26:47.436+0000] {processor.py:183} INFO - Processing /opt/airflow/dags/f1_pipeline_dag.py took 0.074 seconds
[2026-05-04T16:27:17.678+0000] {processor.py:161} INFO - Started process (PID=14771) to work on /opt/airflow/dags/f1_pipeline_dag.py
[2026-05-04T16:27:17.680+0000] {processor.py:830} INFO - Processing file /opt/airflow/dags/f1_pipeline_dag.py for tasks to queue
[2026-05-04T16:27:17.681+0000] {logging_mixin.py:188} INFO - [2026-05-04T16:27:17.680+0000] {dagbag.py:538} INFO - Filling up the DagBag from /opt/airflow/dags/f1_pipeline_dag.py
[2026-05-04T16:27:17.720+0000] {processor.py:840} INFO - DAG(s) 'f1_bigdata_pipeline' retrieved from /opt/airflow/dags/f1_pipeline_dag.py
[2026-05-04T16:27:17.749+0000] {logging_mixin.py:188} INFO - [2026-05-04T16:27:17.749+0000] {dag.py:3036} INFO - Sync 1 DAGs
[2026-05-04T16:27:17.766+0000] {logging_mixin.py:188} INFO - [2026-05-04T16:27:17.765+0000] {dag.py:3823} INFO - Setting next_dagrun for f1_bigdata_pipeline to 2026-05-04 06:00:00+00:00, run_after=2026-05-11 06:00:00+00:00
[2026-05-04T16:27:17.774+0000] {processor.py:183} INFO - Processing /opt/airflow/dags/f1_pipeline_dag.py took 0.103 seconds
[2026-05-04T16:27:47.962+0000] {processor.py:161} INFO - Started process (PID=14776) to work on /opt/airflow/dags/f1_pipeline_dag.py
[2026-05-04T16:27:47.966+0000] {processor.py:830} INFO - Processing file /opt/airflow/dags/f1_pipeline_dag.py for tasks to queue
[2026-05-04T16:27:47.974+0000] {logging_mixin.py:188} INFO - [2026-05-04T16:27:47.970+0000] {dagbag.py:538} INFO - Filling up the DagBag from /opt/airflow/dags/f1_pipeline_dag.py
[2026-05-04T16:27:48.005+0000] {processor.py:840} INFO - DAG(s) 'f1_bigdata_pipeline' retrieved from /opt/airflow/dags/f1_pipeline_dag.py
[2026-05-04T16:27:48.024+0000] {logging_mixin.py:188} INFO - [2026-05-04T16:27:48.024+0000] {dag.py:3036} INFO - Sync 1 DAGs
[2026-05-04T16:27:48.036+0000] {logging_mixin.py:188} INFO - [2026-05-04T16:27:48.036+0000] {dag.py:3823} INFO - Setting next_dagrun for f1_bigdata_pipeline to 2026-05-04 06:00:00+00:00, run_after=2026-05-11 06:00:00+00:00
[2026-05-04T16:27:48.045+0000] {processor.py:183} INFO - Processing /opt/airflow/dags/f1_pipeline_dag.py took 0.089 seconds
[2026-05-04T16:28:18.320+0000] {processor.py:161} INFO - Started process (PID=14781) to work on /opt/airflow/dags/f1_pipeline_dag.py
[2026-05-04T16:28:18.323+0000] {processor.py:830} INFO - Processing file /opt/airflow/dags/f1_pipeline_dag.py for tasks to queue
[2026-05-04T16:28:18.325+0000] {logging_mixin.py:188} INFO - [2026-05-04T16:28:18.324+0000] {dagbag.py:538} INFO - Filling up the DagBag from /opt/airflow/dags/f1_pipeline_dag.py
[2026-05-04T16:28:18.350+0000] {processor.py:840} INFO - DAG(s) 'f1_bigdata_pipeline' retrieved from /opt/airflow/dags/f1_pipeline_dag.py
[2026-05-04T16:28:18.397+0000] {logging_mixin.py:188} INFO - [2026-05-04T16:28:18.397+0000] {dag.py:3036} INFO - Sync 1 DAGs
[2026-05-04T16:28:18.415+0000] {logging_mixin.py:188} INFO - [2026-05-04T16:28:18.415+0000] {dag.py:3823} INFO - Setting next_dagrun for f1_bigdata_pipeline to 2026-05-04 06:00:00+00:00, run_after=2026-05-11 06:00:00+00:00
[2026-05-04T16:28:18.451+0000] {processor.py:183} INFO - Processing /opt/airflow/dags/f1_pipeline_dag.py took 0.136 seconds
[2026-05-04T16:28:48.638+0000] {processor.py:161} INFO - Started process (PID=14786) to work on /opt/airflow/dags/f1_pipeline_dag.py
[2026-05-04T16:28:48.640+0000] {processor.py:830} INFO - Processing file /opt/airflow/dags/f1_pipeline_dag.py for tasks to queue
[2026-05-04T16:28:48.641+0000] {logging_mixin.py:188} INFO - [2026-05-04T16:28:48.641+0000] {dagbag.py:538} INFO - Filling up the DagBag from /opt/airflow/dags/f1_pipeline_dag.py
[2026-05-04T16:28:48.673+0000] {processor.py:840} INFO - DAG(s) 'f1_bigdata_pipeline' retrieved from /opt/airflow/dags/f1_pipeline_dag.py
[2026-05-04T16:28:48.701+0000] {logging_mixin.py:188} INFO - [2026-05-04T16:28:48.701+0000] {dag.py:3036} INFO - Sync 1 DAGs
[2026-05-04T16:28:48.717+0000] {logging_mixin.py:188} INFO - [2026-05-04T16:28:48.717+0000] {dag.py:3823} INFO - Setting next_dagrun for f1_bigdata_pipeline to 2026-05-04 06:00:00+00:00, run_after=2026-05-11 06:00:00+00:00
[2026-05-04T16:28:48.726+0000] {processor.py:183} INFO - Processing /opt/airflow/dags/f1_pipeline_dag.py took 0.093 seconds
[2026-05-04T16:29:18.987+0000] {processor.py:161} INFO - Started process (PID=14791) to work on /opt/airflow/dags/f1_pipeline_dag.py
[2026-05-04T16:29:18.990+0000] {processor.py:830} INFO - Processing file /opt/airflow/dags/f1_pipeline_dag.py for tasks to queue
[2026-05-04T16:29:18.991+0000] {logging_mixin.py:188} INFO - [2026-05-04T16:29:18.990+0000] {dagbag.py:538} INFO - Filling up the DagBag from /opt/airflow/dags/f1_pipeline_dag.py
[2026-05-04T16:29:19.027+0000] {processor.py:840} INFO - DAG(s) 'f1_bigdata_pipeline' retrieved from /opt/airflow/dags/f1_pipeline_dag.py
[2026-05-04T16:29:19.064+0000] {logging_mixin.py:188} INFO - [2026-05-04T16:29:19.064+0000] {dag.py:3036} INFO - Sync 1 DAGs
[2026-05-04T16:29:19.092+0000] {logging_mixin.py:188} INFO - [2026-05-04T16:29:19.092+0000] {dag.py:3823} INFO - Setting next_dagrun for f1_bigdata_pipeline to 2026-05-04 06:00:00+00:00, run_after=2026-05-11 06:00:00+00:00
[2026-05-04T16:29:19.102+0000] {processor.py:183} INFO - Processing /opt/airflow/dags/f1_pipeline_dag.py took 0.121 seconds
[2026-05-04T16:29:49.312+0000] {processor.py:161} INFO - Started process (PID=14796) to work on /opt/airflow/dags/f1_pipeline_dag.py
[2026-05-04T16:29:49.315+0000] {processor.py:830} INFO - Processing file /opt/airflow/dags/f1_pipeline_dag.py for tasks to queue
[2026-05-04T16:29:49.316+0000] {logging_mixin.py:188} INFO - [2026-05-04T16:29:49.315+0000] {dagbag.py:538} INFO - Filling up the DagBag from /opt/airflow/dags/f1_pipeline_dag.py
[2026-05-04T16:29:49.338+0000] {processor.py:840} INFO - DAG(s) 'f1_bigdata_pipeline' retrieved from /opt/airflow/dags/f1_pipeline_dag.py
[2026-05-04T16:29:49.471+0000] {logging_mixin.py:188} INFO - [2026-05-04T16:29:49.471+0000] {dag.py:3036} INFO - Sync 1 DAGs
[2026-05-04T16:29:49.539+0000] {logging_mixin.py:188} INFO - [2026-05-04T16:29:49.539+0000] {dag.py:3823} INFO - Setting next_dagrun for f1_bigdata_pipeline to 2026-05-04 06:00:00+00:00, run_after=2026-05-11 06:00:00+00:00
[2026-05-04T16:29:49.566+0000] {processor.py:183} INFO - Processing /opt/airflow/dags/f1_pipeline_dag.py took 0.259 seconds
[2026-05-04T16:30:19.654+0000] {processor.py:161} INFO - Started process (PID=14801) to work on /opt/airflow/dags/f1_pipeline_dag.py
[2026-05-04T16:30:19.656+0000] {processor.py:830} INFO - Processing file /opt/airflow/dags/f1_pipeline_dag.py for tasks to queue
[2026-05-04T16:30:19.657+0000] {logging_mixin.py:188} INFO - [2026-05-04T16:30:19.656+0000] {dagbag.py:538} INFO - Filling up the DagBag from /opt/airflow/dags/f1_pipeline_dag.py
[2026-05-04T16:30:19.669+0000] {processor.py:840} INFO - DAG(s) 'f1_bigdata_pipeline' retrieved from /opt/airflow/dags/f1_pipeline_dag.py
[2026-05-04T16:30:19.699+0000] {logging_mixin.py:188} INFO - [2026-05-04T16:30:19.699+0000] {dag.py:3036} INFO - Sync 1 DAGs
[2026-05-04T16:30:19.717+0000] {logging_mixin.py:188} INFO - [2026-05-04T16:30:19.717+0000] {dag.py:3823} INFO - Setting next_dagrun for f1_bigdata_pipeline to 2026-05-04 06:00:00+00:00, run_after=2026-05-11 06:00:00+00:00
[2026-05-04T16:30:19.744+0000] {processor.py:183} INFO - Processing /opt/airflow/dags/f1_pipeline_dag.py took 0.093 seconds
[2026-05-04T16:30:49.991+0000] {processor.py:161} INFO - Started process (PID=14806) to work on /opt/airflow/dags/f1_pipeline_dag.py
[2026-05-04T16:30:49.993+0000] {processor.py:830} INFO - Processing file /opt/airflow/dags/f1_pipeline_dag.py for tasks to queue
[2026-05-04T16:30:49.994+0000] {logging_mixin.py:188} INFO - [2026-05-04T16:30:49.994+0000] {dagbag.py:538} INFO - Filling up the DagBag from /opt/airflow/dags/f1_pipeline_dag.py
[2026-05-04T16:30:50.015+0000] {processor.py:840} INFO - DAG(s) 'f1_bigdata_pipeline' retrieved from /opt/airflow/dags/f1_pipeline_dag.py
[2026-05-04T16:30:50.059+0000] {logging_mixin.py:188} INFO - [2026-05-04T16:30:50.059+0000] {dag.py:3036} INFO - Sync 1 DAGs
[2026-05-04T16:30:50.076+0000] {logging_mixin.py:188} INFO - [2026-05-04T16:30:50.076+0000] {dag.py:3823} INFO - Setting next_dagrun for f1_bigdata_pipeline to 2026-05-04 06:00:00+00:00, run_after=2026-05-11 06:00:00+00:00
[2026-05-04T16:30:50.087+0000] {processor.py:183} INFO - Processing /opt/airflow/dags/f1_pipeline_dag.py took 0.101 seconds
[2026-05-04T16:31:20.321+0000] {processor.py:161} INFO - Started process (PID=14811) to work on /opt/airflow/dags/f1_pipeline_dag.py
[2026-05-04T16:31:20.323+0000] {processor.py:830} INFO - Processing file /opt/airflow/dags/f1_pipeline_dag.py for tasks to queue
[2026-05-04T16:31:20.324+0000] {logging_mixin.py:188} INFO - [2026-05-04T16:31:20.324+0000] {dagbag.py:538} INFO - Filling up the DagBag from /opt/airflow/dags/f1_pipeline_dag.py
[2026-05-04T16:31:20.354+0000] {processor.py:840} INFO - DAG(s) 'f1_bigdata_pipeline' retrieved from /opt/airflow/dags/f1_pipeline_dag.py
[2026-05-04T16:31:20.387+0000] {logging_mixin.py:188} INFO - [2026-05-04T16:31:20.387+0000] {dag.py:3036} INFO - Sync 1 DAGs
[2026-05-04T16:31:20.404+0000] {logging_mixin.py:188} INFO - [2026-05-04T16:31:20.404+0000] {dag.py:3823} INFO - Setting next_dagrun for f1_bigdata_pipeline to 2026-05-04 06:00:00+00:00, run_after=2026-05-11 06:00:00+00:00
[2026-05-04T16:31:20.414+0000] {processor.py:183} INFO - Processing /opt/airflow/dags/f1_pipeline_dag.py took 0.097 seconds
[2026-05-04T16:31:50.681+0000] {processor.py:161} INFO - Started process (PID=14816) to work on /opt/airflow/dags/f1_pipeline_dag.py
[2026-05-04T16:31:50.682+0000] {processor.py:830} INFO - Processing file /opt/airflow/dags/f1_pipeline_dag.py for tasks to queue
[2026-05-04T16:31:50.685+0000] {logging_mixin.py:188} INFO - [2026-05-04T16:31:50.683+0000] {dagbag.py:538} INFO - Filling up the DagBag from /opt/airflow/dags/f1_pipeline_dag.py
[2026-05-04T16:31:50.700+0000] {processor.py:840} INFO - DAG(s) 'f1_bigdata_pipeline' retrieved from /opt/airflow/dags/f1_pipeline_dag.py
[2026-05-04T16:31:50.743+0000] {logging_mixin.py:188} INFO - [2026-05-04T16:31:50.743+0000] {dag.py:3036} INFO - Sync 1 DAGs
[2026-05-04T16:31:50.760+0000] {logging_mixin.py:188} INFO - [2026-05-04T16:31:50.760+0000] {dag.py:3823} INFO - Setting next_dagrun for f1_bigdata_pipeline to 2026-05-04 06:00:00+00:00, run_after=2026-05-11 06:00:00+00:00
[2026-05-04T16:31:50.769+0000] {processor.py:183} INFO - Processing /opt/airflow/dags/f1_pipeline_dag.py took 0.093 seconds
[2026-05-04T16:32:21.441+0000] {processor.py:161} INFO - Started process (PID=14821) to work on /opt/airflow/dags/f1_pipeline_dag.py
[2026-05-04T16:32:21.451+0000] {processor.py:830} INFO - Processing file /opt/airflow/dags/f1_pipeline_dag.py for tasks to queue
[2026-05-04T16:32:21.451+0000] {logging_mixin.py:188} INFO - [2026-05-04T16:32:21.451+0000] {dagbag.py:538} INFO - Filling up the DagBag from /opt/airflow/dags/f1_pipeline_dag.py
[2026-05-04T16:32:21.482+0000] {processor.py:840} INFO - DAG(s) 'f1_bigdata_pipeline' retrieved from /opt/airflow/dags/f1_pipeline_dag.py
[2026-05-04T16:32:21.536+0000] {logging_mixin.py:188} INFO - [2026-05-04T16:32:21.536+0000] {dag.py:3036} INFO - Sync 1 DAGs
[2026-05-04T16:32:21.558+0000] {logging_mixin.py:188} INFO - [2026-05-04T16:32:21.557+0000] {dag.py:3823} INFO - Setting next_dagrun for f1_bigdata_pipeline to 2026-05-04 06:00:00+00:00, run_after=2026-05-11 06:00:00+00:00
[2026-05-04T16:32:21.580+0000] {processor.py:183} INFO - Processing /opt/airflow/dags/f1_pipeline_dag.py took 0.151 seconds
[2026-05-04T16:35:08.433+0000] {processor.py:161} INFO - Started process (PID=14826) to work on /opt/airflow/dags/f1_pipeline_dag.py
[2026-05-04T16:35:08.446+0000] {processor.py:830} INFO - Processing file /opt/airflow/dags/f1_pipeline_dag.py for tasks to queue
[2026-05-04T16:35:08.460+0000] {logging_mixin.py:188} INFO - [2026-05-04T16:35:08.459+0000] {dagbag.py:538} INFO - Filling up the DagBag from /opt/airflow/dags/f1_pipeline_dag.py
[2026-05-04T16:35:08.648+0000] {processor.py:840} INFO - DAG(s) 'f1_bigdata_pipeline' retrieved from /opt/airflow/dags/f1_pipeline_dag.py
[2026-05-04T16:35:09.015+0000] {logging_mixin.py:188} INFO - [2026-05-04T16:35:09.012+0000] {dag.py:3036} INFO - Sync 1 DAGs
[2026-05-04T16:35:09.172+0000] {logging_mixin.py:188} INFO - [2026-05-04T16:35:09.171+0000] {dag.py:3823} INFO - Setting next_dagrun for f1_bigdata_pipeline to 2026-05-04 06:00:00+00:00, run_after=2026-05-11 06:00:00+00:00
[2026-05-04T16:35:09.266+0000] {processor.py:183} INFO - Processing /opt/airflow/dags/f1_pipeline_dag.py took 0.895 seconds
[2026-05-04T16:35:39.839+0000] {processor.py:161} INFO - Started process (PID=14833) to work on /opt/airflow/dags/f1_pipeline_dag.py
[2026-05-04T16:35:39.843+0000] {processor.py:830} INFO - Processing file /opt/airflow/dags/f1_pipeline_dag.py for tasks to queue
[2026-05-04T16:35:39.845+0000] {logging_mixin.py:188} INFO - [2026-05-04T16:35:39.844+0000] {dagbag.py:538} INFO - Filling up the DagBag from /opt/airflow/dags/f1_pipeline_dag.py
[2026-05-04T16:35:39.872+0000] {processor.py:840} INFO - DAG(s) 'f1_bigdata_pipeline' retrieved from /opt/airflow/dags/f1_pipeline_dag.py
[2026-05-04T16:35:39.928+0000] {logging_mixin.py:188} INFO - [2026-05-04T16:35:39.928+0000] {dag.py:3036} INFO - Sync 1 DAGs
[2026-05-04T16:35:39.953+0000] {logging_mixin.py:188} INFO - [2026-05-04T16:35:39.953+0000] {dag.py:3823} INFO - Setting next_dagrun for f1_bigdata_pipeline to 2026-05-04 06:00:00+00:00, run_after=2026-05-11 06:00:00+00:00
[2026-05-04T16:35:39.964+0000] {processor.py:183} INFO - Processing /opt/airflow/dags/f1_pipeline_dag.py took 0.145 seconds
[2026-05-04T16:36:10.212+0000] {processor.py:161} INFO - Started process (PID=14838) to work on /opt/airflow/dags/f1_pipeline_dag.py
[2026-05-04T16:36:10.215+0000] {processor.py:830} INFO - Processing file /opt/airflow/dags/f1_pipeline_dag.py for tasks to queue
[2026-05-04T16:36:10.218+0000] {logging_mixin.py:188} INFO - [2026-05-04T16:36:10.217+0000] {dagbag.py:538} INFO - Filling up the DagBag from /opt/airflow/dags/f1_pipeline_dag.py
[2026-05-04T16:36:10.234+0000] {processor.py:840} INFO - DAG(s) 'f1_bigdata_pipeline' retrieved from /opt/airflow/dags/f1_pipeline_dag.py
[2026-05-04T16:36:10.271+0000] {logging_mixin.py:188} INFO - [2026-05-04T16:36:10.271+0000] {dag.py:3036} INFO - Sync 1 DAGs
[2026-05-04T16:36:10.304+0000] {logging_mixin.py:188} INFO - [2026-05-04T16:36:10.303+0000] {dag.py:3823} INFO - Setting next_dagrun for f1_bigdata_pipeline to 2026-05-04 06:00:00+00:00, run_after=2026-05-11 06:00:00+00:00
[2026-05-04T16:36:10.322+0000] {processor.py:183} INFO - Processing /opt/airflow/dags/f1_pipeline_dag.py took 0.116 seconds
[2026-05-04T16:36:40.512+0000] {processor.py:161} INFO - Started process (PID=14843) to work on /opt/airflow/dags/f1_pipeline_dag.py
[2026-05-04T16:36:40.513+0000] {processor.py:830} INFO - Processing file /opt/airflow/dags/f1_pipeline_dag.py for tasks to queue
[2026-05-04T16:36:40.514+0000] {logging_mixin.py:188} INFO - [2026-05-04T16:36:40.514+0000] {dagbag.py:538} INFO - Filling up the DagBag from /opt/airflow/dags/f1_pipeline_dag.py
[2026-05-04T16:36:40.529+0000] {processor.py:840} INFO - DAG(s) 'f1_bigdata_pipeline' retrieved from /opt/airflow/dags/f1_pipeline_dag.py
[2026-05-04T16:36:40.577+0000] {logging_mixin.py:188} INFO - [2026-05-04T16:36:40.577+0000] {dag.py:3036} INFO - Sync 1 DAGs
[2026-05-04T16:36:40.594+0000] {logging_mixin.py:188} INFO - [2026-05-04T16:36:40.594+0000] {dag.py:3823} INFO - Setting next_dagrun for f1_bigdata_pipeline to 2026-05-04 06:00:00+00:00, run_after=2026-05-11 06:00:00+00:00
[2026-05-04T16:36:40.611+0000] {processor.py:183} INFO - Processing /opt/airflow/dags/f1_pipeline_dag.py took 0.103 seconds
[2026-05-04T16:37:10.817+0000] {processor.py:161} INFO - Started process (PID=14848) to work on /opt/airflow/dags/f1_pipeline_dag.py
[2026-05-04T16:37:10.818+0000] {processor.py:830} INFO - Processing file /opt/airflow/dags/f1_pipeline_dag.py for tasks to queue
[2026-05-04T16:37:10.819+0000] {logging_mixin.py:188} INFO - [2026-05-04T16:37:10.818+0000] {dagbag.py:538} INFO - Filling up the DagBag from /opt/airflow/dags/f1_pipeline_dag.py
[2026-05-04T16:37:10.834+0000] {processor.py:840} INFO - DAG(s) 'f1_bigdata_pipeline' retrieved from /opt/airflow/dags/f1_pipeline_dag.py
[2026-05-04T16:37:10.877+0000] {logging_mixin.py:188} INFO - [2026-05-04T16:37:10.876+0000] {dag.py:3036} INFO - Sync 1 DAGs
[2026-05-04T16:37:10.893+0000] {logging_mixin.py:188} INFO - [2026-05-04T16:37:10.893+0000] {dag.py:3823} INFO - Setting next_dagrun for f1_bigdata_pipeline to 2026-05-04 06:00:00+00:00, run_after=2026-05-11 06:00:00+00:00
[2026-05-04T16:37:10.903+0000] {processor.py:183} INFO - Processing /opt/airflow/dags/f1_pipeline_dag.py took 0.090 seconds
[2026-05-04T16:37:41.141+0000] {processor.py:161} INFO - Started process (PID=14853) to work on /opt/airflow/dags/f1_pipeline_dag.py
[2026-05-04T16:37:41.142+0000] {processor.py:830} INFO - Processing file /opt/airflow/dags/f1_pipeline_dag.py for tasks to queue
[2026-05-04T16:37:41.143+0000] {logging_mixin.py:188} INFO - [2026-05-04T16:37:41.143+0000] {dagbag.py:538} INFO - Filling up the DagBag from /opt/airflow/dags/f1_pipeline_dag.py
[2026-05-04T16:37:41.167+0000] {processor.py:840} INFO - DAG(s) 'f1_bigdata_pipeline' retrieved from /opt/airflow/dags/f1_pipeline_dag.py
[2026-05-04T16:37:41.211+0000] {logging_mixin.py:188} INFO - [2026-05-04T16:37:41.211+0000] {dag.py:3036} INFO - Sync 1 DAGs
[2026-05-04T16:37:41.227+0000] {logging_mixin.py:188} INFO - [2026-05-04T16:37:41.227+0000] {dag.py:3823} INFO - Setting next_dagrun for f1_bigdata_pipeline to 2026-05-04 06:00:00+00:00, run_after=2026-05-11 06:00:00+00:00
[2026-05-04T16:37:41.236+0000] {processor.py:183} INFO - Processing /opt/airflow/dags/f1_pipeline_dag.py took 0.099 seconds
[2026-05-04T16:38:11.424+0000] {processor.py:161} INFO - Started process (PID=14858) to work on /opt/airflow/dags/f1_pipeline_dag.py
[2026-05-04T16:38:11.426+0000] {processor.py:830} INFO - Processing file /opt/airflow/dags/f1_pipeline_dag.py for tasks to queue
[2026-05-04T16:38:11.427+0000] {logging_mixin.py:188} INFO - [2026-05-04T16:38:11.427+0000] {dagbag.py:538} INFO - Filling up the DagBag from /opt/airflow/dags/f1_pipeline_dag.py
[2026-05-04T16:38:11.447+0000] {processor.py:840} INFO - DAG(s) 'f1_bigdata_pipeline' retrieved from /opt/airflow/dags/f1_pipeline_dag.py
[2026-05-04T16:38:11.490+0000] {logging_mixin.py:188} INFO - [2026-05-04T16:38:11.489+0000] {dag.py:3036} INFO - Sync 1 DAGs
[2026-05-04T16:38:11.506+0000] {logging_mixin.py:188} INFO - [2026-05-04T16:38:11.506+0000] {dag.py:3823} INFO - Setting next_dagrun for f1_bigdata_pipeline to 2026-05-04 06:00:00+00:00, run_after=2026-05-11 06:00:00+00:00
[2026-05-04T16:38:11.517+0000] {processor.py:183} INFO - Processing /opt/airflow/dags/f1_pipeline_dag.py took 0.099 seconds
[2026-05-04T16:38:41.815+0000] {processor.py:161} INFO - Started process (PID=14863) to work on /opt/airflow/dags/f1_pipeline_dag.py
[2026-05-04T16:38:41.817+0000] {processor.py:830} INFO - Processing file /opt/airflow/dags/f1_pipeline_dag.py for tasks to queue
[2026-05-04T16:38:41.818+0000] {logging_mixin.py:188} INFO - [2026-05-04T16:38:41.817+0000] {dagbag.py:538} INFO - Filling up the DagBag from /opt/airflow/dags/f1_pipeline_dag.py
[2026-05-04T16:38:41.838+0000] {processor.py:840} INFO - DAG(s) 'f1_bigdata_pipeline' retrieved from /opt/airflow/dags/f1_pipeline_dag.py
[2026-05-04T16:38:41.865+0000] {logging_mixin.py:188} INFO - [2026-05-04T16:38:41.865+0000] {dag.py:3036} INFO - Sync 1 DAGs
[2026-05-04T16:38:41.881+0000] {logging_mixin.py:188} INFO - [2026-05-04T16:38:41.881+0000] {dag.py:3823} INFO - Setting next_dagrun for f1_bigdata_pipeline to 2026-05-04 06:00:00+00:00, run_after=2026-05-11 06:00:00+00:00
[2026-05-04T16:38:41.891+0000] {processor.py:183} INFO - Processing /opt/airflow/dags/f1_pipeline_dag.py took 0.082 seconds
[2026-05-04T16:39:12.139+0000] {processor.py:161} INFO - Started process (PID=14868) to work on /opt/airflow/dags/f1_pipeline_dag.py
[2026-05-04T16:39:12.142+0000] {processor.py:830} INFO - Processing file /opt/airflow/dags/f1_pipeline_dag.py for tasks to queue
[2026-05-04T16:39:12.145+0000] {logging_mixin.py:188} INFO - [2026-05-04T16:39:12.143+0000] {dagbag.py:538} INFO - Filling up the DagBag from /opt/airflow/dags/f1_pipeline_dag.py
[2026-05-04T16:39:12.181+0000] {processor.py:840} INFO - DAG(s) 'f1_bigdata_pipeline' retrieved from /opt/airflow/dags/f1_pipeline_dag.py
[2026-05-04T16:39:12.209+0000] {logging_mixin.py:188} INFO - [2026-05-04T16:39:12.209+0000] {dag.py:3036} INFO - Sync 1 DAGs
[2026-05-04T16:39:12.225+0000] {logging_mixin.py:188} INFO - [2026-05-04T16:39:12.225+0000] {dag.py:3823} INFO - Setting next_dagrun for f1_bigdata_pipeline to 2026-05-04 06:00:00+00:00, run_after=2026-05-11 06:00:00+00:00
[2026-05-04T16:39:12.244+0000] {processor.py:183} INFO - Processing /opt/airflow/dags/f1_pipeline_dag.py took 0.111 seconds
[2026-05-04T16:39:42.452+0000] {processor.py:161} INFO - Started process (PID=14873) to work on /opt/airflow/dags/f1_pipeline_dag.py
[2026-05-04T16:39:42.454+0000] {processor.py:830} INFO - Processing file /opt/airflow/dags/f1_pipeline_dag.py for tasks to queue
[2026-05-04T16:39:42.455+0000] {logging_mixin.py:188} INFO - [2026-05-04T16:39:42.454+0000] {dagbag.py:538} INFO - Filling up the DagBag from /opt/airflow/dags/f1_pipeline_dag.py
[2026-05-04T16:39:42.494+0000] {processor.py:840} INFO - DAG(s) 'f1_bigdata_pipeline' retrieved from /opt/airflow/dags/f1_pipeline_dag.py
[2026-05-04T16:39:42.525+0000] {logging_mixin.py:188} INFO - [2026-05-04T16:39:42.524+0000] {dag.py:3036} INFO - Sync 1 DAGs
[2026-05-04T16:39:42.540+0000] {logging_mixin.py:188} INFO - [2026-05-04T16:39:42.540+0000] {dag.py:3823} INFO - Setting next_dagrun for f1_bigdata_pipeline to 2026-05-04 06:00:00+00:00, run_after=2026-05-11 06:00:00+00:00
[2026-05-04T16:39:42.550+0000] {processor.py:183} INFO - Processing /opt/airflow/dags/f1_pipeline_dag.py took 0.104 seconds
[2026-05-04T16:40:12.800+0000] {processor.py:161} INFO - Started process (PID=14878) to work on /opt/airflow/dags/f1_pipeline_dag.py
[2026-05-04T16:40:12.803+0000] {processor.py:830} INFO - Processing file /opt/airflow/dags/f1_pipeline_dag.py for tasks to queue
[2026-05-04T16:40:12.804+0000] {logging_mixin.py:188} INFO - [2026-05-04T16:40:12.804+0000] {dagbag.py:538} INFO - Filling up the DagBag from /opt/airflow/dags/f1_pipeline_dag.py
[2026-05-04T16:40:12.847+0000] {processor.py:840} INFO - DAG(s) 'f1_bigdata_pipeline' retrieved from /opt/airflow/dags/f1_pipeline_dag.py
[2026-05-04T16:40:12.873+0000] {logging_mixin.py:188} INFO - [2026-05-04T16:40:12.873+0000] {dag.py:3036} INFO - Sync 1 DAGs
[2026-05-04T16:40:12.890+0000] {logging_mixin.py:188} INFO - [2026-05-04T16:40:12.889+0000] {dag.py:3823} INFO - Setting next_dagrun for f1_bigdata_pipeline to 2026-05-04 06:00:00+00:00, run_after=2026-05-11 06:00:00+00:00
[2026-05-04T16:40:12.899+0000] {processor.py:183} INFO - Processing /opt/airflow/dags/f1_pipeline_dag.py took 0.104 seconds
[2026-05-04T16:40:43.137+0000] {processor.py:161} INFO - Started process (PID=14883) to work on /opt/airflow/dags/f1_pipeline_dag.py
[2026-05-04T16:40:43.138+0000] {processor.py:830} INFO - Processing file /opt/airflow/dags/f1_pipeline_dag.py for tasks to queue
[2026-05-04T16:40:43.139+0000] {logging_mixin.py:188} INFO - [2026-05-04T16:40:43.138+0000] {dagbag.py:538} INFO - Filling up the DagBag from /opt/airflow/dags/f1_pipeline_dag.py
[2026-05-04T16:40:43.153+0000] {processor.py:840} INFO - DAG(s) 'f1_bigdata_pipeline' retrieved from /opt/airflow/dags/f1_pipeline_dag.py
[2026-05-04T16:40:43.201+0000] {logging_mixin.py:188} INFO - [2026-05-04T16:40:43.201+0000] {dag.py:3036} INFO - Sync 1 DAGs
[2026-05-04T16:40:43.218+0000] {logging_mixin.py:188} INFO - [2026-05-04T16:40:43.218+0000] {dag.py:3823} INFO - Setting next_dagrun for f1_bigdata_pipeline to 2026-05-04 06:00:00+00:00, run_after=2026-05-11 06:00:00+00:00
[2026-05-04T16:40:43.227+0000] {processor.py:183} INFO - Processing /opt/airflow/dags/f1_pipeline_dag.py took 0.095 seconds
[2026-05-04T16:41:13.472+0000] {processor.py:161} INFO - Started process (PID=14888) to work on /opt/airflow/dags/f1_pipeline_dag.py
[2026-05-04T16:41:13.476+0000] {processor.py:830} INFO - Processing file /opt/airflow/dags/f1_pipeline_dag.py for tasks to queue
[2026-05-04T16:41:13.483+0000] {logging_mixin.py:188} INFO - [2026-05-04T16:41:13.479+0000] {dagbag.py:538} INFO - Filling up the DagBag from /opt/airflow/dags/f1_pipeline_dag.py
[2026-05-04T16:41:13.509+0000] {processor.py:840} INFO - DAG(s) 'f1_bigdata_pipeline' retrieved from /opt/airflow/dags/f1_pipeline_dag.py
[2026-05-04T16:41:13.539+0000] {logging_mixin.py:188} INFO - [2026-05-04T16:41:13.539+0000] {dag.py:3036} INFO - Sync 1 DAGs
[2026-05-04T16:41:13.555+0000] {logging_mixin.py:188} INFO - [2026-05-04T16:41:13.555+0000] {dag.py:3823} INFO - Setting next_dagrun for f1_bigdata_pipeline to 2026-05-04 06:00:00+00:00, run_after=2026-05-11 06:00:00+00:00
[2026-05-04T16:41:13.565+0000] {processor.py:183} INFO - Processing /opt/airflow/dags/f1_pipeline_dag.py took 0.099 seconds
[2026-05-04T16:41:43.877+0000] {processor.py:161} INFO - Started process (PID=14893) to work on /opt/airflow/dags/f1_pipeline_dag.py
[2026-05-04T16:41:43.878+0000] {processor.py:830} INFO - Processing file /opt/airflow/dags/f1_pipeline_dag.py for tasks to queue
[2026-05-04T16:41:43.880+0000] {logging_mixin.py:188} INFO - [2026-05-04T16:41:43.879+0000] {dagbag.py:538} INFO - Filling up the DagBag from /opt/airflow/dags/f1_pipeline_dag.py
[2026-05-04T16:41:43.896+0000] {processor.py:840} INFO - DAG(s) 'f1_bigdata_pipeline' retrieved from /opt/airflow/dags/f1_pipeline_dag.py
[2026-05-04T16:41:43.921+0000] {logging_mixin.py:188} INFO - [2026-05-04T16:41:43.921+0000] {dag.py:3036} INFO - Sync 1 DAGs
[2026-05-04T16:41:43.950+0000] {logging_mixin.py:188} INFO - [2026-05-04T16:41:43.950+0000] {dag.py:3823} INFO - Setting next_dagrun for f1_bigdata_pipeline to 2026-05-04 06:00:00+00:00, run_after=2026-05-11 06:00:00+00:00
[2026-05-04T16:41:43.961+0000] {processor.py:183} INFO - Processing /opt/airflow/dags/f1_pipeline_dag.py took 0.097 seconds
[2026-05-04T16:42:14.222+0000] {processor.py:161} INFO - Started process (PID=14898) to work on /opt/airflow/dags/f1_pipeline_dag.py
[2026-05-04T16:42:14.224+0000] {processor.py:830} INFO - Processing file /opt/airflow/dags/f1_pipeline_dag.py for tasks to queue
[2026-05-04T16:42:14.226+0000] {logging_mixin.py:188} INFO - [2026-05-04T16:42:14.225+0000] {dagbag.py:538} INFO - Filling up the DagBag from /opt/airflow/dags/f1_pipeline_dag.py
[2026-05-04T16:42:14.267+0000] {processor.py:840} INFO - DAG(s) 'f1_bigdata_pipeline' retrieved from /opt/airflow/dags/f1_pipeline_dag.py
[2026-05-04T16:42:14.296+0000] {logging_mixin.py:188} INFO - [2026-05-04T16:42:14.296+0000] {dag.py:3036} INFO - Sync 1 DAGs
[2026-05-04T16:42:14.313+0000] {logging_mixin.py:188} INFO - [2026-05-04T16:42:14.313+0000] {dag.py:3823} INFO - Setting next_dagrun for f1_bigdata_pipeline to 2026-05-04 06:00:00+00:00, run_after=2026-05-11 06:00:00+00:00
[2026-05-04T16:42:14.323+0000] {processor.py:183} INFO - Processing /opt/airflow/dags/f1_pipeline_dag.py took 0.107 seconds
[2026-05-04T16:42:44.653+0000] {processor.py:161} INFO - Started process (PID=14903) to work on /opt/airflow/dags/f1_pipeline_dag.py
[2026-05-04T16:42:44.654+0000] {processor.py:830} INFO - Processing file /opt/airflow/dags/f1_pipeline_dag.py for tasks to queue
[2026-05-04T16:42:44.656+0000] {logging_mixin.py:188} INFO - [2026-05-04T16:42:44.655+0000] {dagbag.py:538} INFO - Filling up the DagBag from /opt/airflow/dags/f1_pipeline_dag.py
[2026-05-04T16:42:44.670+0000] {processor.py:840} INFO - DAG(s) 'f1_bigdata_pipeline' retrieved from /opt/airflow/dags/f1_pipeline_dag.py
[2026-05-04T16:42:44.698+0000] {logging_mixin.py:188} INFO - [2026-05-04T16:42:44.698+0000] {dag.py:3036} INFO - Sync 1 DAGs
[2026-05-04T16:42:44.714+0000] {logging_mixin.py:188} INFO - [2026-05-04T16:42:44.714+0000] {dag.py:3823} INFO - Setting next_dagrun for f1_bigdata_pipeline to 2026-05-04 06:00:00+00:00, run_after=2026-05-11 06:00:00+00:00
[2026-05-04T16:42:44.728+0000] {processor.py:183} INFO - Processing /opt/airflow/dags/f1_pipeline_dag.py took 0.085 seconds
[2026-05-04T16:44:05.624+0000] {processor.py:161} INFO - Started process (PID=14909) to work on /opt/airflow/dags/f1_pipeline_dag.py
[2026-05-04T16:44:05.626+0000] {processor.py:830} INFO - Processing file /opt/airflow/dags/f1_pipeline_dag.py for tasks to queue
[2026-05-04T16:44:05.626+0000] {logging_mixin.py:188} INFO - [2026-05-04T16:44:05.626+0000] {dagbag.py:538} INFO - Filling up the DagBag from /opt/airflow/dags/f1_pipeline_dag.py
[2026-05-04T16:44:05.639+0000] {processor.py:840} INFO - DAG(s) 'f1_bigdata_pipeline' retrieved from /opt/airflow/dags/f1_pipeline_dag.py
[2026-05-04T16:44:05.675+0000] {logging_mixin.py:188} INFO - [2026-05-04T16:44:05.675+0000] {dag.py:3036} INFO - Sync 1 DAGs
[2026-05-04T16:44:05.702+0000] {logging_mixin.py:188} INFO - [2026-05-04T16:44:05.702+0000] {dag.py:3823} INFO - Setting next_dagrun for f1_bigdata_pipeline to 2026-05-04 06:00:00+00:00, run_after=2026-05-11 06:00:00+00:00
[2026-05-04T16:44:05.720+0000] {processor.py:183} INFO - Processing /opt/airflow/dags/f1_pipeline_dag.py took 0.099 seconds
[2026-05-04T16:44:35.990+0000] {processor.py:161} INFO - Started process (PID=14915) to work on /opt/airflow/dags/f1_pipeline_dag.py
[2026-05-04T16:44:35.992+0000] {processor.py:830} INFO - Processing file /opt/airflow/dags/f1_pipeline_dag.py for tasks to queue
[2026-05-04T16:44:35.993+0000] {logging_mixin.py:188} INFO - [2026-05-04T16:44:35.992+0000] {dagbag.py:538} INFO - Filling up the DagBag from /opt/airflow/dags/f1_pipeline_dag.py
[2026-05-04T16:44:36.013+0000] {processor.py:840} INFO - DAG(s) 'f1_bigdata_pipeline' retrieved from /opt/airflow/dags/f1_pipeline_dag.py
[2026-05-04T16:44:36.059+0000] {logging_mixin.py:188} INFO - [2026-05-04T16:44:36.059+0000] {dag.py:3036} INFO - Sync 1 DAGs
[2026-05-04T16:44:36.076+0000] {logging_mixin.py:188} INFO - [2026-05-04T16:44:36.076+0000] {dag.py:3823} INFO - Setting next_dagrun for f1_bigdata_pipeline to 2026-05-04 06:00:00+00:00, run_after=2026-05-11 06:00:00+00:00
[2026-05-04T16:44:36.085+0000] {processor.py:183} INFO - Processing /opt/airflow/dags/f1_pipeline_dag.py took 0.101 seconds
[2026-05-04T16:45:06.520+0000] {processor.py:161} INFO - Started process (PID=14920) to work on /opt/airflow/dags/f1_pipeline_dag.py
[2026-05-04T16:45:06.523+0000] {processor.py:830} INFO - Processing file /opt/airflow/dags/f1_pipeline_dag.py for tasks to queue
[2026-05-04T16:45:06.524+0000] {logging_mixin.py:188} INFO - [2026-05-04T16:45:06.523+0000] {dagbag.py:538} INFO - Filling up the DagBag from /opt/airflow/dags/f1_pipeline_dag.py
[2026-05-04T16:45:06.549+0000] {processor.py:840} INFO - DAG(s) 'f1_bigdata_pipeline' retrieved from /opt/airflow/dags/f1_pipeline_dag.py
[2026-05-04T16:45:06.589+0000] {logging_mixin.py:188} INFO - [2026-05-04T16:45:06.589+0000] {dag.py:3036} INFO - Sync 1 DAGs
[2026-05-04T16:45:06.639+0000] {logging_mixin.py:188} INFO - [2026-05-04T16:45:06.639+0000] {dag.py:3823} INFO - Setting next_dagrun for f1_bigdata_pipeline to 2026-05-04 06:00:00+00:00, run_after=2026-05-11 06:00:00+00:00
[2026-05-04T16:45:06.685+0000] {processor.py:183} INFO - Processing /opt/airflow/dags/f1_pipeline_dag.py took 0.170 seconds
[2026-05-04T16:45:36.891+0000] {processor.py:161} INFO - Started process (PID=14925) to work on /opt/airflow/dags/f1_pipeline_dag.py
[2026-05-04T16:45:36.892+0000] {processor.py:830} INFO - Processing file /opt/airflow/dags/f1_pipeline_dag.py for tasks to queue
[2026-05-04T16:45:36.893+0000] {logging_mixin.py:188} INFO - [2026-05-04T16:45:36.893+0000] {dagbag.py:538} INFO - Filling up the DagBag from /opt/airflow/dags/f1_pipeline_dag.py
[2026-05-04T16:45:36.915+0000] {processor.py:840} INFO - DAG(s) 'f1_bigdata_pipeline' retrieved from /opt/airflow/dags/f1_pipeline_dag.py
[2026-05-04T16:45:36.964+0000] {logging_mixin.py:188} INFO - [2026-05-04T16:45:36.964+0000] {dag.py:3036} INFO - Sync 1 DAGs
[2026-05-04T16:45:36.982+0000] {logging_mixin.py:188} INFO - [2026-05-04T16:45:36.982+0000] {dag.py:3823} INFO - Setting next_dagrun for f1_bigdata_pipeline to 2026-05-04 06:00:00+00:00, run_after=2026-05-11 06:00:00+00:00
[2026-05-04T16:45:36.992+0000] {processor.py:183} INFO - Processing /opt/airflow/dags/f1_pipeline_dag.py took 0.107 seconds
[2026-05-04T16:46:07.222+0000] {processor.py:161} INFO - Started process (PID=14930) to work on /opt/airflow/dags/f1_pipeline_dag.py
[2026-05-04T16:46:07.223+0000] {processor.py:830} INFO - Processing file /opt/airflow/dags/f1_pipeline_dag.py for tasks to queue
[2026-05-04T16:46:07.224+0000] {logging_mixin.py:188} INFO - [2026-05-04T16:46:07.224+0000] {dagbag.py:538} INFO - Filling up the DagBag from /opt/airflow/dags/f1_pipeline_dag.py
[2026-05-04T16:46:07.253+0000] {processor.py:840} INFO - DAG(s) 'f1_bigdata_pipeline' retrieved from /opt/airflow/dags/f1_pipeline_dag.py
[2026-05-04T16:46:07.287+0000] {logging_mixin.py:188} INFO - [2026-05-04T16:46:07.287+0000] {dag.py:3036} INFO - Sync 1 DAGs
[2026-05-04T16:46:07.302+0000] {logging_mixin.py:188} INFO - [2026-05-04T16:46:07.302+0000] {dag.py:3823} INFO - Setting next_dagrun for f1_bigdata_pipeline to 2026-05-04 06:00:00+00:00, run_after=2026-05-11 06:00:00+00:00
[2026-05-04T16:46:07.311+0000] {processor.py:183} INFO - Processing /opt/airflow/dags/f1_pipeline_dag.py took 0.094 seconds
[2026-05-04T16:46:37.559+0000] {processor.py:161} INFO - Started process (PID=14935) to work on /opt/airflow/dags/f1_pipeline_dag.py
[2026-05-04T16:46:37.560+0000] {processor.py:830} INFO - Processing file /opt/airflow/dags/f1_pipeline_dag.py for tasks to queue
[2026-05-04T16:46:37.561+0000] {logging_mixin.py:188} INFO - [2026-05-04T16:46:37.561+0000] {dagbag.py:538} INFO - Filling up the DagBag from /opt/airflow/dags/f1_pipeline_dag.py
[2026-05-04T16:46:37.582+0000] {processor.py:840} INFO - DAG(s) 'f1_bigdata_pipeline' retrieved from /opt/airflow/dags/f1_pipeline_dag.py
[2026-05-04T16:46:37.659+0000] {logging_mixin.py:188} INFO - [2026-05-04T16:46:37.659+0000] {dag.py:3036} INFO - Sync 1 DAGs
[2026-05-04T16:46:37.764+0000] {logging_mixin.py:188} INFO - [2026-05-04T16:46:37.764+0000] {dag.py:3823} INFO - Setting next_dagrun for f1_bigdata_pipeline to 2026-05-04 06:00:00+00:00, run_after=2026-05-11 06:00:00+00:00
[2026-05-04T16:46:37.773+0000] {processor.py:183} INFO - Processing /opt/airflow/dags/f1_pipeline_dag.py took 0.218 seconds
[2026-05-04T16:47:07.861+0000] {processor.py:161} INFO - Started process (PID=14940) to work on /opt/airflow/dags/f1_pipeline_dag.py
[2026-05-04T16:47:07.863+0000] {processor.py:830} INFO - Processing file /opt/airflow/dags/f1_pipeline_dag.py for tasks to queue
[2026-05-04T16:47:07.864+0000] {logging_mixin.py:188} INFO - [2026-05-04T16:47:07.863+0000] {dagbag.py:538} INFO - Filling up the DagBag from /opt/airflow/dags/f1_pipeline_dag.py
[2026-05-04T16:47:07.904+0000] {processor.py:840} INFO - DAG(s) 'f1_bigdata_pipeline' retrieved from /opt/airflow/dags/f1_pipeline_dag.py
[2026-05-04T16:47:07.936+0000] {logging_mixin.py:188} INFO - [2026-05-04T16:47:07.935+0000] {dag.py:3036} INFO - Sync 1 DAGs
[2026-05-04T16:47:07.953+0000] {logging_mixin.py:188} INFO - [2026-05-04T16:47:07.953+0000] {dag.py:3823} INFO - Setting next_dagrun for f1_bigdata_pipeline to 2026-05-04 06:00:00+00:00, run_after=2026-05-11 06:00:00+00:00
[2026-05-04T16:47:07.963+0000] {processor.py:183} INFO - Processing /opt/airflow/dags/f1_pipeline_dag.py took 0.110 seconds
[2026-05-04T16:47:38.196+0000] {processor.py:161} INFO - Started process (PID=14945) to work on /opt/airflow/dags/f1_pipeline_dag.py
[2026-05-04T16:47:38.198+0000] {processor.py:830} INFO - Processing file /opt/airflow/dags/f1_pipeline_dag.py for tasks to queue
[2026-05-04T16:47:38.200+0000] {logging_mixin.py:188} INFO - [2026-05-04T16:47:38.199+0000] {dagbag.py:538} INFO - Filling up the DagBag from /opt/airflow/dags/f1_pipeline_dag.py
[2026-05-04T16:47:38.226+0000] {processor.py:840} INFO - DAG(s) 'f1_bigdata_pipeline' retrieved from /opt/airflow/dags/f1_pipeline_dag.py
[2026-05-04T16:47:38.261+0000] {logging_mixin.py:188} INFO - [2026-05-04T16:47:38.260+0000] {dag.py:3036} INFO - Sync 1 DAGs
[2026-05-04T16:47:38.287+0000] {logging_mixin.py:188} INFO - [2026-05-04T16:47:38.287+0000] {dag.py:3823} INFO - Setting next_dagrun for f1_bigdata_pipeline to 2026-05-04 06:00:00+00:00, run_after=2026-05-11 06:00:00+00:00
[2026-05-04T16:47:38.298+0000] {processor.py:183} INFO - Processing /opt/airflow/dags/f1_pipeline_dag.py took 0.108 seconds
[2026-05-04T16:48:08.527+0000] {processor.py:161} INFO - Started process (PID=14950) to work on /opt/airflow/dags/f1_pipeline_dag.py
[2026-05-04T16:48:08.528+0000] {processor.py:830} INFO - Processing file /opt/airflow/dags/f1_pipeline_dag.py for tasks to queue
[2026-05-04T16:48:08.529+0000] {logging_mixin.py:188} INFO - [2026-05-04T16:48:08.529+0000] {dagbag.py:538} INFO - Filling up the DagBag from /opt/airflow/dags/f1_pipeline_dag.py
[2026-05-04T16:48:08.547+0000] {processor.py:840} INFO - DAG(s) 'f1_bigdata_pipeline' retrieved from /opt/airflow/dags/f1_pipeline_dag.py
[2026-05-04T16:48:08.582+0000] {logging_mixin.py:188} INFO - [2026-05-04T16:48:08.582+0000] {dag.py:3036} INFO - Sync 1 DAGs
[2026-05-04T16:48:08.599+0000] {logging_mixin.py:188} INFO - [2026-05-04T16:48:08.599+0000] {dag.py:3823} INFO - Setting next_dagrun for f1_bigdata_pipeline to 2026-05-04 06:00:00+00:00, run_after=2026-05-11 06:00:00+00:00
[2026-05-04T16:48:08.615+0000] {processor.py:183} INFO - Processing /opt/airflow/dags/f1_pipeline_dag.py took 0.097 seconds
[2026-05-04T16:48:38.817+0000] {processor.py:161} INFO - Started process (PID=14955) to work on /opt/airflow/dags/f1_pipeline_dag.py
[2026-05-04T16:48:38.819+0000] {processor.py:830} INFO - Processing file /opt/airflow/dags/f1_pipeline_dag.py for tasks to queue
[2026-05-04T16:48:38.820+0000] {logging_mixin.py:188} INFO - [2026-05-04T16:48:38.820+0000] {dagbag.py:538} INFO - Filling up the DagBag from /opt/airflow/dags/f1_pipeline_dag.py
[2026-05-04T16:48:38.845+0000] {processor.py:840} INFO - DAG(s) 'f1_bigdata_pipeline' retrieved from /opt/airflow/dags/f1_pipeline_dag.py
[2026-05-04T16:48:38.892+0000] {logging_mixin.py:188} INFO - [2026-05-04T16:48:38.891+0000] {dag.py:3036} INFO - Sync 1 DAGs
[2026-05-04T16:48:38.908+0000] {logging_mixin.py:188} INFO - [2026-05-04T16:48:38.908+0000] {dag.py:3823} INFO - Setting next_dagrun for f1_bigdata_pipeline to 2026-05-04 06:00:00+00:00, run_after=2026-05-11 06:00:00+00:00
[2026-05-04T16:48:38.919+0000] {processor.py:183} INFO - Processing /opt/airflow/dags/f1_pipeline_dag.py took 0.107 seconds
[2026-05-04T16:49:09.155+0000] {processor.py:161} INFO - Started process (PID=14960) to work on /opt/airflow/dags/f1_pipeline_dag.py
[2026-05-04T16:49:09.156+0000] {processor.py:830} INFO - Processing file /opt/airflow/dags/f1_pipeline_dag.py for tasks to queue
[2026-05-04T16:49:09.158+0000] {logging_mixin.py:188} INFO - [2026-05-04T16:49:09.157+0000] {dagbag.py:538} INFO - Filling up the DagBag from /opt/airflow/dags/f1_pipeline_dag.py
[2026-05-04T16:49:09.172+0000] {processor.py:840} INFO - DAG(s) 'f1_bigdata_pipeline' retrieved from /opt/airflow/dags/f1_pipeline_dag.py
[2026-05-04T16:49:09.214+0000] {logging_mixin.py:188} INFO - [2026-05-04T16:49:09.214+0000] {dag.py:3036} INFO - Sync 1 DAGs
[2026-05-04T16:49:09.230+0000] {logging_mixin.py:188} INFO - [2026-05-04T16:49:09.229+0000] {dag.py:3823} INFO - Setting next_dagrun for f1_bigdata_pipeline to 2026-05-04 06:00:00+00:00, run_after=2026-05-11 06:00:00+00:00
[2026-05-04T16:49:09.239+0000] {processor.py:183} INFO - Processing /opt/airflow/dags/f1_pipeline_dag.py took 0.088 seconds
[2026-05-04T16:49:39.512+0000] {processor.py:161} INFO - Started process (PID=14965) to work on /opt/airflow/dags/f1_pipeline_dag.py
[2026-05-04T16:49:39.513+0000] {processor.py:830} INFO - Processing file /opt/airflow/dags/f1_pipeline_dag.py for tasks to queue
[2026-05-04T16:49:39.515+0000] {logging_mixin.py:188} INFO - [2026-05-04T16:49:39.514+0000] {dagbag.py:538} INFO - Filling up the DagBag from /opt/airflow/dags/f1_pipeline_dag.py
[2026-05-04T16:49:39.536+0000] {processor.py:840} INFO - DAG(s) 'f1_bigdata_pipeline' retrieved from /opt/airflow/dags/f1_pipeline_dag.py
[2026-05-04T16:49:39.575+0000] {logging_mixin.py:188} INFO - [2026-05-04T16:49:39.575+0000] {dag.py:3036} INFO - Sync 1 DAGs
[2026-05-04T16:49:39.593+0000] {logging_mixin.py:188} INFO - [2026-05-04T16:49:39.593+0000] {dag.py:3823} INFO - Setting next_dagrun for f1_bigdata_pipeline to 2026-05-04 06:00:00+00:00, run_after=2026-05-11 06:00:00+00:00
[2026-05-04T16:49:39.602+0000] {processor.py:183} INFO - Processing /opt/airflow/dags/f1_pipeline_dag.py took 0.095 seconds
[2026-05-04T16:50:09.845+0000] {processor.py:161} INFO - Started process (PID=14970) to work on /opt/airflow/dags/f1_pipeline_dag.py
[2026-05-04T16:50:09.846+0000] {processor.py:830} INFO - Processing file /opt/airflow/dags/f1_pipeline_dag.py for tasks to queue
[2026-05-04T16:50:09.847+0000] {logging_mixin.py:188} INFO - [2026-05-04T16:50:09.846+0000] {dagbag.py:538} INFO - Filling up the DagBag from /opt/airflow/dags/f1_pipeline_dag.py
[2026-05-04T16:50:09.861+0000] {processor.py:840} INFO - DAG(s) 'f1_bigdata_pipeline' retrieved from /opt/airflow/dags/f1_pipeline_dag.py
[2026-05-04T16:50:09.904+0000] {logging_mixin.py:188} INFO - [2026-05-04T16:50:09.904+0000] {dag.py:3036} INFO - Sync 1 DAGs
[2026-05-04T16:50:09.920+0000] {logging_mixin.py:188} INFO - [2026-05-04T16:50:09.920+0000] {dag.py:3823} INFO - Setting next_dagrun for f1_bigdata_pipeline to 2026-05-04 06:00:00+00:00, run_after=2026-05-11 06:00:00+00:00
[2026-05-04T16:50:09.929+0000] {processor.py:183} INFO - Processing /opt/airflow/dags/f1_pipeline_dag.py took 0.088 seconds
[2026-05-04T16:50:40.166+0000] {processor.py:161} INFO - Started process (PID=14975) to work on /opt/airflow/dags/f1_pipeline_dag.py
[2026-05-04T16:50:40.167+0000] {processor.py:830} INFO - Processing file /opt/airflow/dags/f1_pipeline_dag.py for tasks to queue
[2026-05-04T16:50:40.168+0000] {logging_mixin.py:188} INFO - [2026-05-04T16:50:40.168+0000] {dagbag.py:538} INFO - Filling up the DagBag from /opt/airflow/dags/f1_pipeline_dag.py
[2026-05-04T16:50:40.182+0000] {processor.py:840} INFO - DAG(s) 'f1_bigdata_pipeline' retrieved from /opt/airflow/dags/f1_pipeline_dag.py
[2026-05-04T16:50:40.226+0000] {logging_mixin.py:188} INFO - [2026-05-04T16:50:40.226+0000] {dag.py:3036} INFO - Sync 1 DAGs
[2026-05-04T16:50:40.242+0000] {logging_mixin.py:188} INFO - [2026-05-04T16:50:40.242+0000] {dag.py:3823} INFO - Setting next_dagrun for f1_bigdata_pipeline to 2026-05-04 06:00:00+00:00, run_after=2026-05-11 06:00:00+00:00
[2026-05-04T16:50:40.252+0000] {processor.py:183} INFO - Processing /opt/airflow/dags/f1_pipeline_dag.py took 0.089 seconds
[2026-05-04T16:51:10.506+0000] {processor.py:161} INFO - Started process (PID=14980) to work on /opt/airflow/dags/f1_pipeline_dag.py
[2026-05-04T16:51:10.507+0000] {processor.py:830} INFO - Processing file /opt/airflow/dags/f1_pipeline_dag.py for tasks to queue
[2026-05-04T16:51:10.508+0000] {logging_mixin.py:188} INFO - [2026-05-04T16:51:10.508+0000] {dagbag.py:538} INFO - Filling up the DagBag from /opt/airflow/dags/f1_pipeline_dag.py
[2026-05-04T16:51:10.523+0000] {processor.py:840} INFO - DAG(s) 'f1_bigdata_pipeline' retrieved from /opt/airflow/dags/f1_pipeline_dag.py
[2026-05-04T16:51:10.550+0000] {logging_mixin.py:188} INFO - [2026-05-04T16:51:10.550+0000] {dag.py:3036} INFO - Sync 1 DAGs
[2026-05-04T16:51:10.582+0000] {logging_mixin.py:188} INFO - [2026-05-04T16:51:10.582+0000] {dag.py:3823} INFO - Setting next_dagrun for f1_bigdata_pipeline to 2026-05-04 06:00:00+00:00, run_after=2026-05-11 06:00:00+00:00
[2026-05-04T16:51:10.592+0000] {processor.py:183} INFO - Processing /opt/airflow/dags/f1_pipeline_dag.py took 0.089 seconds
[2026-05-04T16:51:40.835+0000] {processor.py:161} INFO - Started process (PID=14985) to work on /opt/airflow/dags/f1_pipeline_dag.py
[2026-05-04T16:51:40.837+0000] {processor.py:830} INFO - Processing file /opt/airflow/dags/f1_pipeline_dag.py for tasks to queue
[2026-05-04T16:51:40.838+0000] {logging_mixin.py:188} INFO - [2026-05-04T16:51:40.837+0000] {dagbag.py:538} INFO - Filling up the DagBag from /opt/airflow/dags/f1_pipeline_dag.py
[2026-05-04T16:51:40.856+0000] {processor.py:840} INFO - DAG(s) 'f1_bigdata_pipeline' retrieved from /opt/airflow/dags/f1_pipeline_dag.py
[2026-05-04T16:51:40.897+0000] {logging_mixin.py:188} INFO - [2026-05-04T16:51:40.897+0000] {dag.py:3036} INFO - Sync 1 DAGs
[2026-05-04T16:51:40.915+0000] {logging_mixin.py:188} INFO - [2026-05-04T16:51:40.914+0000] {dag.py:3823} INFO - Setting next_dagrun for f1_bigdata_pipeline to 2026-05-04 06:00:00+00:00, run_after=2026-05-11 06:00:00+00:00
[2026-05-04T16:51:40.925+0000] {processor.py:183} INFO - Processing /opt/airflow/dags/f1_pipeline_dag.py took 0.095 seconds
[2026-05-04T16:52:11.250+0000] {processor.py:161} INFO - Started process (PID=14990) to work on /opt/airflow/dags/f1_pipeline_dag.py
[2026-05-04T16:52:11.252+0000] {processor.py:830} INFO - Processing file /opt/airflow/dags/f1_pipeline_dag.py for tasks to queue
[2026-05-04T16:52:11.253+0000] {logging_mixin.py:188} INFO - [2026-05-04T16:52:11.252+0000] {dagbag.py:538} INFO - Filling up the DagBag from /opt/airflow/dags/f1_pipeline_dag.py
[2026-05-04T16:52:11.271+0000] {processor.py:840} INFO - DAG(s) 'f1_bigdata_pipeline' retrieved from /opt/airflow/dags/f1_pipeline_dag.py
[2026-05-04T16:52:11.313+0000] {logging_mixin.py:188} INFO - [2026-05-04T16:52:11.313+0000] {dag.py:3036} INFO - Sync 1 DAGs
[2026-05-04T16:52:11.336+0000] {logging_mixin.py:188} INFO - [2026-05-04T16:52:11.335+0000] {dag.py:3823} INFO - Setting next_dagrun for f1_bigdata_pipeline to 2026-05-04 06:00:00+00:00, run_after=2026-05-11 06:00:00+00:00
[2026-05-04T16:52:11.345+0000] {processor.py:183} INFO - Processing /opt/airflow/dags/f1_pipeline_dag.py took 0.099 seconds
[2026-05-04T16:52:41.624+0000] {processor.py:161} INFO - Started process (PID=14995) to work on /opt/airflow/dags/f1_pipeline_dag.py
[2026-05-04T16:52:41.626+0000] {processor.py:830} INFO - Processing file /opt/airflow/dags/f1_pipeline_dag.py for tasks to queue
[2026-05-04T16:52:41.627+0000] {logging_mixin.py:188} INFO - [2026-05-04T16:52:41.626+0000] {dagbag.py:538} INFO - Filling up the DagBag from /opt/airflow/dags/f1_pipeline_dag.py
[2026-05-04T16:52:41.665+0000] {processor.py:840} INFO - DAG(s) 'f1_bigdata_pipeline' retrieved from /opt/airflow/dags/f1_pipeline_dag.py
[2026-05-04T16:52:41.700+0000] {logging_mixin.py:188} INFO - [2026-05-04T16:52:41.700+0000] {dag.py:3036} INFO - Sync 1 DAGs
[2026-05-04T16:52:41.717+0000] {logging_mixin.py:188} INFO - [2026-05-04T16:52:41.717+0000] {dag.py:3823} INFO - Setting next_dagrun for f1_bigdata_pipeline to 2026-05-04 06:00:00+00:00, run_after=2026-05-11 06:00:00+00:00
[2026-05-04T16:52:41.727+0000] {processor.py:183} INFO - Processing /opt/airflow/dags/f1_pipeline_dag.py took 0.108 seconds
[2026-05-04T16:53:11.963+0000] {processor.py:161} INFO - Started process (PID=15000) to work on /opt/airflow/dags/f1_pipeline_dag.py
[2026-05-04T16:53:11.964+0000] {processor.py:830} INFO - Processing file /opt/airflow/dags/f1_pipeline_dag.py for tasks to queue
[2026-05-04T16:53:11.965+0000] {logging_mixin.py:188} INFO - [2026-05-04T16:53:11.965+0000] {dagbag.py:538} INFO - Filling up the DagBag from /opt/airflow/dags/f1_pipeline_dag.py
[2026-05-04T16:53:11.983+0000] {processor.py:840} INFO - DAG(s) 'f1_bigdata_pipeline' retrieved from /opt/airflow/dags/f1_pipeline_dag.py
[2026-05-04T16:53:12.014+0000] {logging_mixin.py:188} INFO - [2026-05-04T16:53:12.014+0000] {dag.py:3036} INFO - Sync 1 DAGs
[2026-05-04T16:53:12.038+0000] {logging_mixin.py:188} INFO - [2026-05-04T16:53:12.038+0000] {dag.py:3823} INFO - Setting next_dagrun for f1_bigdata_pipeline to 2026-05-04 06:00:00+00:00, run_after=2026-05-11 06:00:00+00:00
[2026-05-04T16:53:12.049+0000] {processor.py:183} INFO - Processing /opt/airflow/dags/f1_pipeline_dag.py took 0.090 seconds
[2026-05-04T16:53:42.444+0000] {processor.py:161} INFO - Started process (PID=15005) to work on /opt/airflow/dags/f1_pipeline_dag.py
[2026-05-04T16:53:42.447+0000] {processor.py:830} INFO - Processing file /opt/airflow/dags/f1_pipeline_dag.py for tasks to queue
[2026-05-04T16:53:42.448+0000] {logging_mixin.py:188} INFO - [2026-05-04T16:53:42.447+0000] {dagbag.py:538} INFO - Filling up the DagBag from /opt/airflow/dags/f1_pipeline_dag.py
[2026-05-04T16:53:42.468+0000] {processor.py:840} INFO - DAG(s) 'f1_bigdata_pipeline' retrieved from /opt/airflow/dags/f1_pipeline_dag.py
[2026-05-04T16:53:42.515+0000] {logging_mixin.py:188} INFO - [2026-05-04T16:53:42.515+0000] {dag.py:3036} INFO - Sync 1 DAGs
[2026-05-04T16:53:42.534+0000] {logging_mixin.py:188} INFO - [2026-05-04T16:53:42.534+0000] {dag.py:3823} INFO - Setting next_dagrun for f1_bigdata_pipeline to 2026-05-04 06:00:00+00:00, run_after=2026-05-11 06:00:00+00:00
[2026-05-04T16:53:42.545+0000] {processor.py:183} INFO - Processing /opt/airflow/dags/f1_pipeline_dag.py took 0.106 seconds
[2026-05-04T16:55:15.882+0000] {processor.py:161} INFO - Started process (PID=15012) to work on /opt/airflow/dags/f1_pipeline_dag.py
[2026-05-04T16:55:15.893+0000] {processor.py:830} INFO - Processing file /opt/airflow/dags/f1_pipeline_dag.py for tasks to queue
[2026-05-04T16:55:15.899+0000] {logging_mixin.py:188} INFO - [2026-05-04T16:55:15.897+0000] {dagbag.py:538} INFO - Filling up the DagBag from /opt/airflow/dags/f1_pipeline_dag.py
[2026-05-04T16:55:16.046+0000] {processor.py:840} INFO - DAG(s) 'f1_bigdata_pipeline' retrieved from /opt/airflow/dags/f1_pipeline_dag.py
[2026-05-04T16:55:16.145+0000] {logging_mixin.py:188} INFO - [2026-05-04T16:55:16.145+0000] {dag.py:3036} INFO - Sync 1 DAGs
[2026-05-04T16:55:16.201+0000] {logging_mixin.py:188} INFO - [2026-05-04T16:55:16.200+0000] {dag.py:3823} INFO - Setting next_dagrun for f1_bigdata_pipeline to 2026-05-04 06:00:00+00:00, run_after=2026-05-11 06:00:00+00:00
[2026-05-04T16:55:16.228+0000] {processor.py:183} INFO - Processing /opt/airflow/dags/f1_pipeline_dag.py took 0.398 seconds
[2026-05-04T16:55:46.456+0000] {processor.py:161} INFO - Started process (PID=15017) to work on /opt/airflow/dags/f1_pipeline_dag.py
[2026-05-04T16:55:46.462+0000] {processor.py:830} INFO - Processing file /opt/airflow/dags/f1_pipeline_dag.py for tasks to queue
[2026-05-04T16:55:46.466+0000] {logging_mixin.py:188} INFO - [2026-05-04T16:55:46.464+0000] {dagbag.py:538} INFO - Filling up the DagBag from /opt/airflow/dags/f1_pipeline_dag.py
[2026-05-04T16:55:46.485+0000] {processor.py:840} INFO - DAG(s) 'f1_bigdata_pipeline' retrieved from /opt/airflow/dags/f1_pipeline_dag.py
[2026-05-04T16:55:46.575+0000] {logging_mixin.py:188} INFO - [2026-05-04T16:55:46.574+0000] {dag.py:3036} INFO - Sync 1 DAGs
[2026-05-04T16:55:46.620+0000] {logging_mixin.py:188} INFO - [2026-05-04T16:55:46.619+0000] {dag.py:3823} INFO - Setting next_dagrun for f1_bigdata_pipeline to 2026-05-04 06:00:00+00:00, run_after=2026-05-11 06:00:00+00:00
[2026-05-04T16:55:46.639+0000] {processor.py:183} INFO - Processing /opt/airflow/dags/f1_pipeline_dag.py took 0.194 seconds
[2026-05-04T16:56:16.968+0000] {processor.py:161} INFO - Started process (PID=15022) to work on /opt/airflow/dags/f1_pipeline_dag.py
[2026-05-04T16:56:16.971+0000] {processor.py:830} INFO - Processing file /opt/airflow/dags/f1_pipeline_dag.py for tasks to queue
[2026-05-04T16:56:16.972+0000] {logging_mixin.py:188} INFO - [2026-05-04T16:56:16.971+0000] {dagbag.py:538} INFO - Filling up the DagBag from /opt/airflow/dags/f1_pipeline_dag.py
[2026-05-04T16:56:16.992+0000] {processor.py:840} INFO - DAG(s) 'f1_bigdata_pipeline' retrieved from /opt/airflow/dags/f1_pipeline_dag.py
[2026-05-04T16:56:17.035+0000] {logging_mixin.py:188} INFO - [2026-05-04T16:56:17.035+0000] {dag.py:3036} INFO - Sync 1 DAGs
[2026-05-04T16:56:17.052+0000] {logging_mixin.py:188} INFO - [2026-05-04T16:56:17.052+0000] {dag.py:3823} INFO - Setting next_dagrun for f1_bigdata_pipeline to 2026-05-04 06:00:00+00:00, run_after=2026-05-11 06:00:00+00:00
[2026-05-04T16:56:17.061+0000] {processor.py:183} INFO - Processing /opt/airflow/dags/f1_pipeline_dag.py took 0.099 seconds
[2026-05-04T16:56:47.395+0000] {processor.py:161} INFO - Started process (PID=15027) to work on /opt/airflow/dags/f1_pipeline_dag.py
[2026-05-04T16:56:47.397+0000] {processor.py:830} INFO - Processing file /opt/airflow/dags/f1_pipeline_dag.py for tasks to queue
[2026-05-04T16:56:47.398+0000] {logging_mixin.py:188} INFO - [2026-05-04T16:56:47.398+0000] {dagbag.py:538} INFO - Filling up the DagBag from /opt/airflow/dags/f1_pipeline_dag.py
[2026-05-04T16:56:47.437+0000] {processor.py:840} INFO - DAG(s) 'f1_bigdata_pipeline' retrieved from /opt/airflow/dags/f1_pipeline_dag.py
[2026-05-04T16:56:47.465+0000] {logging_mixin.py:188} INFO - [2026-05-04T16:56:47.465+0000] {dag.py:3036} INFO - Sync 1 DAGs
[2026-05-04T16:56:47.493+0000] {logging_mixin.py:188} INFO - [2026-05-04T16:56:47.492+0000] {dag.py:3823} INFO - Setting next_dagrun for f1_bigdata_pipeline to 2026-05-04 06:00:00+00:00, run_after=2026-05-11 06:00:00+00:00
[2026-05-04T16:56:47.502+0000] {processor.py:183} INFO - Processing /opt/airflow/dags/f1_pipeline_dag.py took 0.113 seconds
[2026-05-04T16:57:18.389+0000] {processor.py:161} INFO - Started process (PID=15032) to work on /opt/airflow/dags/f1_pipeline_dag.py
[2026-05-04T16:57:18.390+0000] {processor.py:830} INFO - Processing file /opt/airflow/dags/f1_pipeline_dag.py for tasks to queue
[2026-05-04T16:57:18.391+0000] {logging_mixin.py:188} INFO - [2026-05-04T16:57:18.390+0000] {dagbag.py:538} INFO - Filling up the DagBag from /opt/airflow/dags/f1_pipeline_dag.py
[2026-05-04T16:57:18.409+0000] {processor.py:840} INFO - DAG(s) 'f1_bigdata_pipeline' retrieved from /opt/airflow/dags/f1_pipeline_dag.py
[2026-05-04T16:57:18.458+0000] {logging_mixin.py:188} INFO - [2026-05-04T16:57:18.458+0000] {dag.py:3036} INFO - Sync 1 DAGs
[2026-05-04T16:57:18.478+0000] {logging_mixin.py:188} INFO - [2026-05-04T16:57:18.478+0000] {dag.py:3823} INFO - Setting next_dagrun for f1_bigdata_pipeline to 2026-05-04 06:00:00+00:00, run_after=2026-05-11 06:00:00+00:00
[2026-05-04T16:57:18.491+0000] {processor.py:183} INFO - Processing /opt/airflow/dags/f1_pipeline_dag.py took 0.106 seconds
[2026-05-04T16:57:48.787+0000] {processor.py:161} INFO - Started process (PID=15037) to work on /opt/airflow/dags/f1_pipeline_dag.py
[2026-05-04T16:57:48.788+0000] {processor.py:830} INFO - Processing file /opt/airflow/dags/f1_pipeline_dag.py for tasks to queue
[2026-05-04T16:57:48.789+0000] {logging_mixin.py:188} INFO - [2026-05-04T16:57:48.789+0000] {dagbag.py:538} INFO - Filling up the DagBag from /opt/airflow/dags/f1_pipeline_dag.py
[2026-05-04T16:57:48.820+0000] {processor.py:840} INFO - DAG(s) 'f1_bigdata_pipeline' retrieved from /opt/airflow/dags/f1_pipeline_dag.py
[2026-05-04T16:57:48.854+0000] {logging_mixin.py:188} INFO - [2026-05-04T16:57:48.854+0000] {dag.py:3036} INFO - Sync 1 DAGs
[2026-05-04T16:57:48.872+0000] {logging_mixin.py:188} INFO - [2026-05-04T16:57:48.872+0000] {dag.py:3823} INFO - Setting next_dagrun for f1_bigdata_pipeline to 2026-05-04 06:00:00+00:00, run_after=2026-05-11 06:00:00+00:00
[2026-05-04T16:57:48.883+0000] {processor.py:183} INFO - Processing /opt/airflow/dags/f1_pipeline_dag.py took 0.100 seconds
[2026-05-04T16:58:19.395+0000] {processor.py:161} INFO - Started process (PID=15042) to work on /opt/airflow/dags/f1_pipeline_dag.py
[2026-05-04T16:58:19.397+0000] {processor.py:830} INFO - Processing file /opt/airflow/dags/f1_pipeline_dag.py for tasks to queue
[2026-05-04T16:58:19.398+0000] {logging_mixin.py:188} INFO - [2026-05-04T16:58:19.397+0000] {dagbag.py:538} INFO - Filling up the DagBag from /opt/airflow/dags/f1_pipeline_dag.py
[2026-05-04T16:58:19.420+0000] {processor.py:840} INFO - DAG(s) 'f1_bigdata_pipeline' retrieved from /opt/airflow/dags/f1_pipeline_dag.py
[2026-05-04T16:58:19.479+0000] {logging_mixin.py:188} INFO - [2026-05-04T16:58:19.479+0000] {dag.py:3036} INFO - Sync 1 DAGs
[2026-05-04T16:58:19.507+0000] {logging_mixin.py:188} INFO - [2026-05-04T16:58:19.507+0000] {dag.py:3823} INFO - Setting next_dagrun for f1_bigdata_pipeline to 2026-05-04 06:00:00+00:00, run_after=2026-05-11 06:00:00+00:00
[2026-05-04T16:58:19.518+0000] {processor.py:183} INFO - Processing /opt/airflow/dags/f1_pipeline_dag.py took 0.129 seconds
[2026-05-04T16:58:50.041+0000] {processor.py:161} INFO - Started process (PID=15047) to work on /opt/airflow/dags/f1_pipeline_dag.py
[2026-05-04T16:58:50.042+0000] {processor.py:830} INFO - Processing file /opt/airflow/dags/f1_pipeline_dag.py for tasks to queue
[2026-05-04T16:58:50.043+0000] {logging_mixin.py:188} INFO - [2026-05-04T16:58:50.042+0000] {dagbag.py:538} INFO - Filling up the DagBag from /opt/airflow/dags/f1_pipeline_dag.py
[2026-05-04T16:58:50.070+0000] {processor.py:840} INFO - DAG(s) 'f1_bigdata_pipeline' retrieved from /opt/airflow/dags/f1_pipeline_dag.py
[2026-05-04T16:58:50.111+0000] {logging_mixin.py:188} INFO - [2026-05-04T16:58:50.111+0000] {dag.py:3036} INFO - Sync 1 DAGs
[2026-05-04T16:58:50.145+0000] {logging_mixin.py:188} INFO - [2026-05-04T16:58:50.144+0000] {dag.py:3823} INFO - Setting next_dagrun for f1_bigdata_pipeline to 2026-05-04 06:00:00+00:00, run_after=2026-05-11 06:00:00+00:00
[2026-05-04T16:58:50.155+0000] {processor.py:183} INFO - Processing /opt/airflow/dags/f1_pipeline_dag.py took 0.118 seconds
[2026-05-04T16:59:20.740+0000] {processor.py:161} INFO - Started process (PID=15052) to work on /opt/airflow/dags/f1_pipeline_dag.py
[2026-05-04T16:59:20.742+0000] {processor.py:830} INFO - Processing file /opt/airflow/dags/f1_pipeline_dag.py for tasks to queue
[2026-05-04T16:59:20.746+0000] {logging_mixin.py:188} INFO - [2026-05-04T16:59:20.745+0000] {dagbag.py:538} INFO - Filling up the DagBag from /opt/airflow/dags/f1_pipeline_dag.py
[2026-05-04T16:59:20.767+0000] {processor.py:840} INFO - DAG(s) 'f1_bigdata_pipeline' retrieved from /opt/airflow/dags/f1_pipeline_dag.py
[2026-05-04T16:59:20.802+0000] {logging_mixin.py:188} INFO - [2026-05-04T16:59:20.802+0000] {dag.py:3036} INFO - Sync 1 DAGs
[2026-05-04T16:59:20.820+0000] {logging_mixin.py:188} INFO - [2026-05-04T16:59:20.820+0000] {dag.py:3823} INFO - Setting next_dagrun for f1_bigdata_pipeline to 2026-05-04 06:00:00+00:00, run_after=2026-05-11 06:00:00+00:00
[2026-05-04T16:59:20.830+0000] {processor.py:183} INFO - Processing /opt/airflow/dags/f1_pipeline_dag.py took 0.097 seconds
[2026-05-04T16:59:51.582+0000] {processor.py:161} INFO - Started process (PID=15057) to work on /opt/airflow/dags/f1_pipeline_dag.py
[2026-05-04T16:59:51.584+0000] {processor.py:830} INFO - Processing file /opt/airflow/dags/f1_pipeline_dag.py for tasks to queue
[2026-05-04T16:59:51.585+0000] {logging_mixin.py:188} INFO - [2026-05-04T16:59:51.584+0000] {dagbag.py:538} INFO - Filling up the DagBag from /opt/airflow/dags/f1_pipeline_dag.py
[2026-05-04T16:59:51.613+0000] {processor.py:840} INFO - DAG(s) 'f1_bigdata_pipeline' retrieved from /opt/airflow/dags/f1_pipeline_dag.py
[2026-05-04T16:59:51.700+0000] {logging_mixin.py:188} INFO - [2026-05-04T16:59:51.700+0000] {dag.py:3036} INFO - Sync 1 DAGs
[2026-05-04T16:59:51.720+0000] {logging_mixin.py:188} INFO - [2026-05-04T16:59:51.720+0000] {dag.py:3823} INFO - Setting next_dagrun for f1_bigdata_pipeline to 2026-05-04 06:00:00+00:00, run_after=2026-05-11 06:00:00+00:00
[2026-05-04T16:59:51.727+0000] {processor.py:183} INFO - Processing /opt/airflow/dags/f1_pipeline_dag.py took 0.151 seconds
[2026-05-04T17:00:22.190+0000] {processor.py:161} INFO - Started process (PID=15062) to work on /opt/airflow/dags/f1_pipeline_dag.py
[2026-05-04T17:00:22.191+0000] {processor.py:830} INFO - Processing file /opt/airflow/dags/f1_pipeline_dag.py for tasks to queue
[2026-05-04T17:00:22.193+0000] {logging_mixin.py:188} INFO - [2026-05-04T17:00:22.192+0000] {dagbag.py:538} INFO - Filling up the DagBag from /opt/airflow/dags/f1_pipeline_dag.py
[2026-05-04T17:00:22.214+0000] {processor.py:840} INFO - DAG(s) 'f1_bigdata_pipeline' retrieved from /opt/airflow/dags/f1_pipeline_dag.py
[2026-05-04T17:00:22.264+0000] {logging_mixin.py:188} INFO - [2026-05-04T17:00:22.264+0000] {dag.py:3036} INFO - Sync 1 DAGs
[2026-05-04T17:00:22.292+0000] {logging_mixin.py:188} INFO - [2026-05-04T17:00:22.292+0000] {dag.py:3823} INFO - Setting next_dagrun for f1_bigdata_pipeline to 2026-05-04 06:00:00+00:00, run_after=2026-05-11 06:00:00+00:00
[2026-05-04T17:00:22.303+0000] {processor.py:183} INFO - Processing /opt/airflow/dags/f1_pipeline_dag.py took 0.132 seconds
[2026-05-04T17:00:52.618+0000] {processor.py:161} INFO - Started process (PID=15067) to work on /opt/airflow/dags/f1_pipeline_dag.py
[2026-05-04T17:00:52.619+0000] {processor.py:830} INFO - Processing file /opt/airflow/dags/f1_pipeline_dag.py for tasks to queue
[2026-05-04T17:00:52.621+0000] {logging_mixin.py:188} INFO - [2026-05-04T17:00:52.620+0000] {dagbag.py:538} INFO - Filling up the DagBag from /opt/airflow/dags/f1_pipeline_dag.py
[2026-05-04T17:00:52.640+0000] {processor.py:840} INFO - DAG(s) 'f1_bigdata_pipeline' retrieved from /opt/airflow/dags/f1_pipeline_dag.py
[2026-05-04T17:00:52.674+0000] {logging_mixin.py:188} INFO - [2026-05-04T17:00:52.673+0000] {dag.py:3036} INFO - Sync 1 DAGs
[2026-05-04T17:00:52.699+0000] {logging_mixin.py:188} INFO - [2026-05-04T17:00:52.699+0000] {dag.py:3823} INFO - Setting next_dagrun for f1_bigdata_pipeline to 2026-05-04 06:00:00+00:00, run_after=2026-05-11 06:00:00+00:00
[2026-05-04T17:00:52.709+0000] {processor.py:183} INFO - Processing /opt/airflow/dags/f1_pipeline_dag.py took 0.096 seconds
[2026-05-04T17:01:22.937+0000] {processor.py:161} INFO - Started process (PID=15072) to work on /opt/airflow/dags/f1_pipeline_dag.py
[2026-05-04T17:01:22.939+0000] {processor.py:830} INFO - Processing file /opt/airflow/dags/f1_pipeline_dag.py for tasks to queue
[2026-05-04T17:01:22.940+0000] {logging_mixin.py:188} INFO - [2026-05-04T17:01:22.939+0000] {dagbag.py:538} INFO - Filling up the DagBag from /opt/airflow/dags/f1_pipeline_dag.py
[2026-05-04T17:01:22.957+0000] {processor.py:840} INFO - DAG(s) 'f1_bigdata_pipeline' retrieved from /opt/airflow/dags/f1_pipeline_dag.py
[2026-05-04T17:01:23.013+0000] {logging_mixin.py:188} INFO - [2026-05-04T17:01:23.013+0000] {dag.py:3036} INFO - Sync 1 DAGs
[2026-05-04T17:01:23.032+0000] {logging_mixin.py:188} INFO - [2026-05-04T17:01:23.032+0000] {dag.py:3823} INFO - Setting next_dagrun for f1_bigdata_pipeline to 2026-05-04 06:00:00+00:00, run_after=2026-05-11 06:00:00+00:00
[2026-05-04T17:01:23.042+0000] {processor.py:183} INFO - Processing /opt/airflow/dags/f1_pipeline_dag.py took 0.111 seconds
[2026-05-04T17:01:53.319+0000] {processor.py:161} INFO - Started process (PID=15077) to work on /opt/airflow/dags/f1_pipeline_dag.py
[2026-05-04T17:01:53.320+0000] {processor.py:830} INFO - Processing file /opt/airflow/dags/f1_pipeline_dag.py for tasks to queue
[2026-05-04T17:01:53.321+0000] {logging_mixin.py:188} INFO - [2026-05-04T17:01:53.320+0000] {dagbag.py:538} INFO - Filling up the DagBag from /opt/airflow/dags/f1_pipeline_dag.py
[2026-05-04T17:01:53.341+0000] {processor.py:840} INFO - DAG(s) 'f1_bigdata_pipeline' retrieved from /opt/airflow/dags/f1_pipeline_dag.py
[2026-05-04T17:01:53.380+0000] {logging_mixin.py:188} INFO - [2026-05-04T17:01:53.380+0000] {dag.py:3036} INFO - Sync 1 DAGs
[2026-05-04T17:01:53.396+0000] {logging_mixin.py:188} INFO - [2026-05-04T17:01:53.396+0000] {dag.py:3823} INFO - Setting next_dagrun for f1_bigdata_pipeline to 2026-05-04 06:00:00+00:00, run_after=2026-05-11 06:00:00+00:00
[2026-05-04T17:01:53.404+0000] {processor.py:183} INFO - Processing /opt/airflow/dags/f1_pipeline_dag.py took 0.091 seconds
[2026-05-04T17:02:23.637+0000] {processor.py:161} INFO - Started process (PID=15082) to work on /opt/airflow/dags/f1_pipeline_dag.py
[2026-05-04T17:02:23.638+0000] {processor.py:830} INFO - Processing file /opt/airflow/dags/f1_pipeline_dag.py for tasks to queue
[2026-05-04T17:02:23.639+0000] {logging_mixin.py:188} INFO - [2026-05-04T17:02:23.638+0000] {dagbag.py:538} INFO - Filling up the DagBag from /opt/airflow/dags/f1_pipeline_dag.py
[2026-05-04T17:02:23.657+0000] {processor.py:840} INFO - DAG(s) 'f1_bigdata_pipeline' retrieved from /opt/airflow/dags/f1_pipeline_dag.py
[2026-05-04T17:02:23.702+0000] {logging_mixin.py:188} INFO - [2026-05-04T17:02:23.702+0000] {dag.py:3036} INFO - Sync 1 DAGs
[2026-05-04T17:02:23.718+0000] {logging_mixin.py:188} INFO - [2026-05-04T17:02:23.718+0000] {dag.py:3823} INFO - Setting next_dagrun for f1_bigdata_pipeline to 2026-05-04 06:00:00+00:00, run_after=2026-05-11 06:00:00+00:00
[2026-05-04T17:02:23.727+0000] {processor.py:183} INFO - Processing /opt/airflow/dags/f1_pipeline_dag.py took 0.096 seconds
[2026-05-04T17:02:54.043+0000] {processor.py:161} INFO - Started process (PID=15087) to work on /opt/airflow/dags/f1_pipeline_dag.py
[2026-05-04T17:02:54.045+0000] {processor.py:830} INFO - Processing file /opt/airflow/dags/f1_pipeline_dag.py for tasks to queue
[2026-05-04T17:02:54.046+0000] {logging_mixin.py:188} INFO - [2026-05-04T17:02:54.045+0000] {dagbag.py:538} INFO - Filling up the DagBag from /opt/airflow/dags/f1_pipeline_dag.py
[2026-05-04T17:02:54.065+0000] {processor.py:840} INFO - DAG(s) 'f1_bigdata_pipeline' retrieved from /opt/airflow/dags/f1_pipeline_dag.py
[2026-05-04T17:02:54.110+0000] {logging_mixin.py:188} INFO - [2026-05-04T17:02:54.110+0000] {dag.py:3036} INFO - Sync 1 DAGs
[2026-05-04T17:02:54.126+0000] {logging_mixin.py:188} INFO - [2026-05-04T17:02:54.126+0000] {dag.py:3823} INFO - Setting next_dagrun for f1_bigdata_pipeline to 2026-05-04 06:00:00+00:00, run_after=2026-05-11 06:00:00+00:00
[2026-05-04T17:02:54.136+0000] {processor.py:183} INFO - Processing /opt/airflow/dags/f1_pipeline_dag.py took 0.098 seconds
[2026-05-04T17:03:24.440+0000] {processor.py:161} INFO - Started process (PID=15092) to work on /opt/airflow/dags/f1_pipeline_dag.py
[2026-05-04T17:03:24.441+0000] {processor.py:830} INFO - Processing file /opt/airflow/dags/f1_pipeline_dag.py for tasks to queue
[2026-05-04T17:03:24.443+0000] {logging_mixin.py:188} INFO - [2026-05-04T17:03:24.442+0000] {dagbag.py:538} INFO - Filling up the DagBag from /opt/airflow/dags/f1_pipeline_dag.py
[2026-05-04T17:03:24.464+0000] {processor.py:840} INFO - DAG(s) 'f1_bigdata_pipeline' retrieved from /opt/airflow/dags/f1_pipeline_dag.py
[2026-05-04T17:03:24.513+0000] {logging_mixin.py:188} INFO - [2026-05-04T17:03:24.513+0000] {dag.py:3036} INFO - Sync 1 DAGs
[2026-05-04T17:03:24.554+0000] {logging_mixin.py:188} INFO - [2026-05-04T17:03:24.553+0000] {dag.py:3823} INFO - Setting next_dagrun for f1_bigdata_pipeline to 2026-05-04 06:00:00+00:00, run_after=2026-05-11 06:00:00+00:00
[2026-05-04T17:03:24.600+0000] {processor.py:183} INFO - Processing /opt/airflow/dags/f1_pipeline_dag.py took 0.166 seconds
[2026-05-04T17:03:54.752+0000] {processor.py:161} INFO - Started process (PID=15097) to work on /opt/airflow/dags/f1_pipeline_dag.py
[2026-05-04T17:03:54.753+0000] {processor.py:830} INFO - Processing file /opt/airflow/dags/f1_pipeline_dag.py for tasks to queue
[2026-05-04T17:03:54.754+0000] {logging_mixin.py:188} INFO - [2026-05-04T17:03:54.754+0000] {dagbag.py:538} INFO - Filling up the DagBag from /opt/airflow/dags/f1_pipeline_dag.py
[2026-05-04T17:03:54.781+0000] {processor.py:840} INFO - DAG(s) 'f1_bigdata_pipeline' retrieved from /opt/airflow/dags/f1_pipeline_dag.py
[2026-05-04T17:03:54.811+0000] {logging_mixin.py:188} INFO - [2026-05-04T17:03:54.811+0000] {dag.py:3036} INFO - Sync 1 DAGs
[2026-05-04T17:03:54.832+0000] {logging_mixin.py:188} INFO - [2026-05-04T17:03:54.832+0000] {dag.py:3823} INFO - Setting next_dagrun for f1_bigdata_pipeline to 2026-05-04 06:00:00+00:00, run_after=2026-05-11 06:00:00+00:00
[2026-05-04T17:03:54.842+0000] {processor.py:183} INFO - Processing /opt/airflow/dags/f1_pipeline_dag.py took 0.093 seconds
[2026-05-04T17:04:25.127+0000] {processor.py:161} INFO - Started process (PID=15102) to work on /opt/airflow/dags/f1_pipeline_dag.py
[2026-05-04T17:04:25.128+0000] {processor.py:830} INFO - Processing file /opt/airflow/dags/f1_pipeline_dag.py for tasks to queue
[2026-05-04T17:04:25.129+0000] {logging_mixin.py:188} INFO - [2026-05-04T17:04:25.129+0000] {dagbag.py:538} INFO - Filling up the DagBag from /opt/airflow/dags/f1_pipeline_dag.py
[2026-05-04T17:04:25.142+0000] {processor.py:840} INFO - DAG(s) 'f1_bigdata_pipeline' retrieved from /opt/airflow/dags/f1_pipeline_dag.py
[2026-05-04T17:04:25.187+0000] {logging_mixin.py:188} INFO - [2026-05-04T17:04:25.187+0000] {dag.py:3036} INFO - Sync 1 DAGs
[2026-05-04T17:04:25.204+0000] {logging_mixin.py:188} INFO - [2026-05-04T17:04:25.204+0000] {dag.py:3823} INFO - Setting next_dagrun for f1_bigdata_pipeline to 2026-05-04 06:00:00+00:00, run_after=2026-05-11 06:00:00+00:00
[2026-05-04T17:04:25.214+0000] {processor.py:183} INFO - Processing /opt/airflow/dags/f1_pipeline_dag.py took 0.090 seconds
[2026-05-04T17:04:55.533+0000] {processor.py:161} INFO - Started process (PID=15107) to work on /opt/airflow/dags/f1_pipeline_dag.py
[2026-05-04T17:04:55.539+0000] {processor.py:830} INFO - Processing file /opt/airflow/dags/f1_pipeline_dag.py for tasks to queue
[2026-05-04T17:04:55.541+0000] {logging_mixin.py:188} INFO - [2026-05-04T17:04:55.540+0000] {dagbag.py:538} INFO - Filling up the DagBag from /opt/airflow/dags/f1_pipeline_dag.py
[2026-05-04T17:04:55.562+0000] {processor.py:840} INFO - DAG(s) 'f1_bigdata_pipeline' retrieved from /opt/airflow/dags/f1_pipeline_dag.py
[2026-05-04T17:04:55.591+0000] {logging_mixin.py:188} INFO - [2026-05-04T17:04:55.591+0000] {dag.py:3036} INFO - Sync 1 DAGs
[2026-05-04T17:04:55.622+0000] {logging_mixin.py:188} INFO - [2026-05-04T17:04:55.622+0000] {dag.py:3823} INFO - Setting next_dagrun for f1_bigdata_pipeline to 2026-05-04 06:00:00+00:00, run_after=2026-05-11 06:00:00+00:00
[2026-05-04T17:04:55.632+0000] {processor.py:183} INFO - Processing /opt/airflow/dags/f1_pipeline_dag.py took 0.122 seconds
[2026-05-04T17:05:25.843+0000] {processor.py:161} INFO - Started process (PID=15112) to work on /opt/airflow/dags/f1_pipeline_dag.py
[2026-05-04T17:05:25.844+0000] {processor.py:830} INFO - Processing file /opt/airflow/dags/f1_pipeline_dag.py for tasks to queue
[2026-05-04T17:05:25.845+0000] {logging_mixin.py:188} INFO - [2026-05-04T17:05:25.844+0000] {dagbag.py:538} INFO - Filling up the DagBag from /opt/airflow/dags/f1_pipeline_dag.py
[2026-05-04T17:05:25.878+0000] {processor.py:840} INFO - DAG(s) 'f1_bigdata_pipeline' retrieved from /opt/airflow/dags/f1_pipeline_dag.py
[2026-05-04T17:05:25.905+0000] {logging_mixin.py:188} INFO - [2026-05-04T17:05:25.905+0000] {dag.py:3036} INFO - Sync 1 DAGs
[2026-05-04T17:05:25.932+0000] {logging_mixin.py:188} INFO - [2026-05-04T17:05:25.932+0000] {dag.py:3823} INFO - Setting next_dagrun for f1_bigdata_pipeline to 2026-05-04 06:00:00+00:00, run_after=2026-05-11 06:00:00+00:00
[2026-05-04T17:05:25.941+0000] {processor.py:183} INFO - Processing /opt/airflow/dags/f1_pipeline_dag.py took 0.101 seconds
[2026-05-04T17:05:56.197+0000] {processor.py:161} INFO - Started process (PID=15117) to work on /opt/airflow/dags/f1_pipeline_dag.py
[2026-05-04T17:05:56.198+0000] {processor.py:830} INFO - Processing file /opt/airflow/dags/f1_pipeline_dag.py for tasks to queue
[2026-05-04T17:05:56.200+0000] {logging_mixin.py:188} INFO - [2026-05-04T17:05:56.199+0000] {dagbag.py:538} INFO - Filling up the DagBag from /opt/airflow/dags/f1_pipeline_dag.py
[2026-05-04T17:05:56.220+0000] {processor.py:840} INFO - DAG(s) 'f1_bigdata_pipeline' retrieved from /opt/airflow/dags/f1_pipeline_dag.py
[2026-05-04T17:05:56.263+0000] {logging_mixin.py:188} INFO - [2026-05-04T17:05:56.263+0000] {dag.py:3036} INFO - Sync 1 DAGs
[2026-05-04T17:05:56.280+0000] {logging_mixin.py:188} INFO - [2026-05-04T17:05:56.280+0000] {dag.py:3823} INFO - Setting next_dagrun for f1_bigdata_pipeline to 2026-05-04 06:00:00+00:00, run_after=2026-05-11 06:00:00+00:00
[2026-05-04T17:05:56.291+0000] {processor.py:183} INFO - Processing /opt/airflow/dags/f1_pipeline_dag.py took 0.099 seconds
[2026-05-04T17:06:26.509+0000] {processor.py:161} INFO - Started process (PID=15122) to work on /opt/airflow/dags/f1_pipeline_dag.py
[2026-05-04T17:06:26.512+0000] {processor.py:830} INFO - Processing file /opt/airflow/dags/f1_pipeline_dag.py for tasks to queue
[2026-05-04T17:06:26.516+0000] {logging_mixin.py:188} INFO - [2026-05-04T17:06:26.514+0000] {dagbag.py:538} INFO - Filling up the DagBag from /opt/airflow/dags/f1_pipeline_dag.py
[2026-05-04T17:06:26.536+0000] {processor.py:840} INFO - DAG(s) 'f1_bigdata_pipeline' retrieved from /opt/airflow/dags/f1_pipeline_dag.py
[2026-05-04T17:06:26.564+0000] {logging_mixin.py:188} INFO - [2026-05-04T17:06:26.564+0000] {dag.py:3036} INFO - Sync 1 DAGs
[2026-05-04T17:06:26.580+0000] {logging_mixin.py:188} INFO - [2026-05-04T17:06:26.579+0000] {dag.py:3823} INFO - Setting next_dagrun for f1_bigdata_pipeline to 2026-05-04 06:00:00+00:00, run_after=2026-05-11 06:00:00+00:00
[2026-05-04T17:06:26.589+0000] {processor.py:183} INFO - Processing /opt/airflow/dags/f1_pipeline_dag.py took 0.090 seconds
[2026-05-04T17:06:56.808+0000] {processor.py:161} INFO - Started process (PID=15127) to work on /opt/airflow/dags/f1_pipeline_dag.py
[2026-05-04T17:06:56.809+0000] {processor.py:830} INFO - Processing file /opt/airflow/dags/f1_pipeline_dag.py for tasks to queue
[2026-05-04T17:06:56.810+0000] {logging_mixin.py:188} INFO - [2026-05-04T17:06:56.810+0000] {dagbag.py:538} INFO - Filling up the DagBag from /opt/airflow/dags/f1_pipeline_dag.py
[2026-05-04T17:06:56.836+0000] {processor.py:840} INFO - DAG(s) 'f1_bigdata_pipeline' retrieved from /opt/airflow/dags/f1_pipeline_dag.py
[2026-05-04T17:06:56.888+0000] {logging_mixin.py:188} INFO - [2026-05-04T17:06:56.888+0000] {dag.py:3036} INFO - Sync 1 DAGs
[2026-05-04T17:06:56.905+0000] {logging_mixin.py:188} INFO - [2026-05-04T17:06:56.905+0000] {dag.py:3823} INFO - Setting next_dagrun for f1_bigdata_pipeline to 2026-05-04 06:00:00+00:00, run_after=2026-05-11 06:00:00+00:00
[2026-05-04T17:06:56.916+0000] {processor.py:183} INFO - Processing /opt/airflow/dags/f1_pipeline_dag.py took 0.114 seconds
[2026-05-04T17:07:27.196+0000] {processor.py:161} INFO - Started process (PID=15132) to work on /opt/airflow/dags/f1_pipeline_dag.py
[2026-05-04T17:07:27.197+0000] {processor.py:830} INFO - Processing file /opt/airflow/dags/f1_pipeline_dag.py for tasks to queue
[2026-05-04T17:07:27.198+0000] {logging_mixin.py:188} INFO - [2026-05-04T17:07:27.197+0000] {dagbag.py:538} INFO - Filling up the DagBag from /opt/airflow/dags/f1_pipeline_dag.py
[2026-05-04T17:07:27.244+0000] {processor.py:840} INFO - DAG(s) 'f1_bigdata_pipeline' retrieved from /opt/airflow/dags/f1_pipeline_dag.py
[2026-05-04T17:07:27.273+0000] {logging_mixin.py:188} INFO - [2026-05-04T17:07:27.273+0000] {dag.py:3036} INFO - Sync 1 DAGs
[2026-05-04T17:07:27.290+0000] {logging_mixin.py:188} INFO - [2026-05-04T17:07:27.290+0000] {dag.py:3823} INFO - Setting next_dagrun for f1_bigdata_pipeline to 2026-05-04 06:00:00+00:00, run_after=2026-05-11 06:00:00+00:00
[2026-05-04T17:07:27.302+0000] {processor.py:183} INFO - Processing /opt/airflow/dags/f1_pipeline_dag.py took 0.112 seconds
[2026-05-04T17:38:33.438+0000] {processor.py:161} INFO - Started process (PID=15137) to work on /opt/airflow/dags/f1_pipeline_dag.py
[2026-05-04T17:38:33.440+0000] {processor.py:830} INFO - Processing file /opt/airflow/dags/f1_pipeline_dag.py for tasks to queue
[2026-05-04T17:38:33.441+0000] {logging_mixin.py:188} INFO - [2026-05-04T17:38:33.440+0000] {dagbag.py:538} INFO - Filling up the DagBag from /opt/airflow/dags/f1_pipeline_dag.py
[2026-05-04T17:38:33.500+0000] {processor.py:840} INFO - DAG(s) 'f1_bigdata_pipeline' retrieved from /opt/airflow/dags/f1_pipeline_dag.py
[2026-05-04T17:38:33.790+0000] {logging_mixin.py:188} INFO - [2026-05-04T17:38:33.790+0000] {dag.py:3036} INFO - Sync 1 DAGs
[2026-05-04T17:38:33.931+0000] {logging_mixin.py:188} INFO - [2026-05-04T17:38:33.930+0000] {dag.py:3823} INFO - Setting next_dagrun for f1_bigdata_pipeline to 2026-05-04 06:00:00+00:00, run_after=2026-05-11 06:00:00+00:00
[2026-05-04T17:38:33.963+0000] {processor.py:183} INFO - Processing /opt/airflow/dags/f1_pipeline_dag.py took 0.530 seconds
[2026-05-04T18:07:11.707+0000] {processor.py:161} INFO - Started process (PID=15146) to work on /opt/airflow/dags/f1_pipeline_dag.py
[2026-05-04T18:07:11.708+0000] {processor.py:830} INFO - Processing file /opt/airflow/dags/f1_pipeline_dag.py for tasks to queue
[2026-05-04T18:07:11.709+0000] {logging_mixin.py:188} INFO - [2026-05-04T18:07:11.709+0000] {dagbag.py:538} INFO - Filling up the DagBag from /opt/airflow/dags/f1_pipeline_dag.py
[2026-05-04T18:07:11.731+0000] {processor.py:840} INFO - DAG(s) 'f1_bigdata_pipeline' retrieved from /opt/airflow/dags/f1_pipeline_dag.py
[2026-05-04T18:07:11.763+0000] {logging_mixin.py:188} INFO - [2026-05-04T18:07:11.763+0000] {dag.py:3036} INFO - Sync 1 DAGs
[2026-05-04T18:07:11.783+0000] {logging_mixin.py:188} INFO - [2026-05-04T18:07:11.783+0000] {dag.py:3823} INFO - Setting next_dagrun for f1_bigdata_pipeline to 2026-05-04 06:00:00+00:00, run_after=2026-05-11 06:00:00+00:00
[2026-05-04T18:07:11.794+0000] {processor.py:183} INFO - Processing /opt/airflow/dags/f1_pipeline_dag.py took 0.091 seconds
[2026-05-04T18:45:41.433+0000] {processor.py:161} INFO - Started process (PID=15151) to work on /opt/airflow/dags/f1_pipeline_dag.py
[2026-05-04T18:45:41.436+0000] {processor.py:830} INFO - Processing file /opt/airflow/dags/f1_pipeline_dag.py for tasks to queue
[2026-05-04T18:45:41.441+0000] {logging_mixin.py:188} INFO - [2026-05-04T18:45:41.440+0000] {dagbag.py:538} INFO - Filling up the DagBag from /opt/airflow/dags/f1_pipeline_dag.py
[2026-05-04T18:45:41.480+0000] {processor.py:840} INFO - DAG(s) 'f1_bigdata_pipeline' retrieved from /opt/airflow/dags/f1_pipeline_dag.py
[2026-05-04T18:45:41.532+0000] {logging_mixin.py:188} INFO - [2026-05-04T18:45:41.532+0000] {dag.py:3036} INFO - Sync 1 DAGs
[2026-05-04T18:45:41.573+0000] {logging_mixin.py:188} INFO - [2026-05-04T18:45:41.573+0000] {dag.py:3823} INFO - Setting next_dagrun for f1_bigdata_pipeline to 2026-05-04 06:00:00+00:00, run_after=2026-05-11 06:00:00+00:00
[2026-05-04T18:45:41.603+0000] {processor.py:183} INFO - Processing /opt/airflow/dags/f1_pipeline_dag.py took 0.181 seconds
[2026-05-04T18:46:23.473+0000] {processor.py:161} INFO - Started process (PID=15156) to work on /opt/airflow/dags/f1_pipeline_dag.py
[2026-05-04T18:46:23.483+0000] {processor.py:830} INFO - Processing file /opt/airflow/dags/f1_pipeline_dag.py for tasks to queue
[2026-05-04T18:46:23.487+0000] {logging_mixin.py:188} INFO - [2026-05-04T18:46:23.485+0000] {dagbag.py:538} INFO - Filling up the DagBag from /opt/airflow/dags/f1_pipeline_dag.py
[2026-05-04T18:46:23.508+0000] {processor.py:840} INFO - DAG(s) 'f1_bigdata_pipeline' retrieved from /opt/airflow/dags/f1_pipeline_dag.py
[2026-05-04T18:46:23.532+0000] {logging_mixin.py:188} INFO - [2026-05-04T18:46:23.532+0000] {dag.py:3036} INFO - Sync 1 DAGs
[2026-05-04T18:46:23.556+0000] {logging_mixin.py:188} INFO - [2026-05-04T18:46:23.556+0000] {dag.py:3823} INFO - Setting next_dagrun for f1_bigdata_pipeline to 2026-05-04 06:00:00+00:00, run_after=2026-05-11 06:00:00+00:00
[2026-05-04T18:46:23.566+0000] {processor.py:183} INFO - Processing /opt/airflow/dags/f1_pipeline_dag.py took 0.108 seconds
[2026-05-04T18:46:53.947+0000] {processor.py:161} INFO - Started process (PID=15161) to work on /opt/airflow/dags/f1_pipeline_dag.py
[2026-05-04T18:46:53.948+0000] {processor.py:830} INFO - Processing file /opt/airflow/dags/f1_pipeline_dag.py for tasks to queue
[2026-05-04T18:46:53.949+0000] {logging_mixin.py:188} INFO - [2026-05-04T18:46:53.948+0000] {dagbag.py:538} INFO - Filling up the DagBag from /opt/airflow/dags/f1_pipeline_dag.py
[2026-05-04T18:46:53.961+0000] {processor.py:840} INFO - DAG(s) 'f1_bigdata_pipeline' retrieved from /opt/airflow/dags/f1_pipeline_dag.py
[2026-05-04T18:46:54.003+0000] {logging_mixin.py:188} INFO - [2026-05-04T18:46:54.003+0000] {dag.py:3036} INFO - Sync 1 DAGs
[2026-05-04T18:46:54.020+0000] {logging_mixin.py:188} INFO - [2026-05-04T18:46:54.020+0000] {dag.py:3823} INFO - Setting next_dagrun for f1_bigdata_pipeline to 2026-05-04 06:00:00+00:00, run_after=2026-05-11 06:00:00+00:00
[2026-05-04T18:46:54.032+0000] {processor.py:183} INFO - Processing /opt/airflow/dags/f1_pipeline_dag.py took 0.089 seconds
[2026-05-04T18:47:24.307+0000] {processor.py:161} INFO - Started process (PID=15166) to work on /opt/airflow/dags/f1_pipeline_dag.py
[2026-05-04T18:47:24.310+0000] {processor.py:830} INFO - Processing file /opt/airflow/dags/f1_pipeline_dag.py for tasks to queue
[2026-05-04T18:47:24.311+0000] {logging_mixin.py:188} INFO - [2026-05-04T18:47:24.311+0000] {dagbag.py:538} INFO - Filling up the DagBag from /opt/airflow/dags/f1_pipeline_dag.py
[2026-05-04T18:47:24.330+0000] {processor.py:840} INFO - DAG(s) 'f1_bigdata_pipeline' retrieved from /opt/airflow/dags/f1_pipeline_dag.py
[2026-05-04T18:47:24.379+0000] {logging_mixin.py:188} INFO - [2026-05-04T18:47:24.379+0000] {dag.py:3036} INFO - Sync 1 DAGs
[2026-05-04T18:47:24.397+0000] {logging_mixin.py:188} INFO - [2026-05-04T18:47:24.397+0000] {dag.py:3823} INFO - Setting next_dagrun for f1_bigdata_pipeline to 2026-05-04 06:00:00+00:00, run_after=2026-05-11 06:00:00+00:00
[2026-05-04T18:47:24.409+0000] {processor.py:183} INFO - Processing /opt/airflow/dags/f1_pipeline_dag.py took 0.108 seconds
[2026-05-04T18:47:54.673+0000] {processor.py:161} INFO - Started process (PID=15171) to work on /opt/airflow/dags/f1_pipeline_dag.py
[2026-05-04T18:47:54.674+0000] {processor.py:830} INFO - Processing file /opt/airflow/dags/f1_pipeline_dag.py for tasks to queue
[2026-05-04T18:47:54.676+0000] {logging_mixin.py:188} INFO - [2026-05-04T18:47:54.675+0000] {dagbag.py:538} INFO - Filling up the DagBag from /opt/airflow/dags/f1_pipeline_dag.py
[2026-05-04T18:47:54.707+0000] {processor.py:840} INFO - DAG(s) 'f1_bigdata_pipeline' retrieved from /opt/airflow/dags/f1_pipeline_dag.py
[2026-05-04T18:47:54.770+0000] {logging_mixin.py:188} INFO - [2026-05-04T18:47:54.770+0000] {dag.py:3036} INFO - Sync 1 DAGs
[2026-05-04T18:47:54.794+0000] {logging_mixin.py:188} INFO - [2026-05-04T18:47:54.794+0000] {dag.py:3823} INFO - Setting next_dagrun for f1_bigdata_pipeline to 2026-05-04 06:00:00+00:00, run_after=2026-05-11 06:00:00+00:00
[2026-05-04T18:47:54.808+0000] {processor.py:183} INFO - Processing /opt/airflow/dags/f1_pipeline_dag.py took 0.140 seconds
[2026-05-04T19:17:18.797+0000] {processor.py:161} INFO - Started process (PID=15176) to work on /opt/airflow/dags/f1_pipeline_dag.py
[2026-05-04T19:17:18.805+0000] {processor.py:830} INFO - Processing file /opt/airflow/dags/f1_pipeline_dag.py for tasks to queue
[2026-05-04T19:17:18.809+0000] {logging_mixin.py:188} INFO - [2026-05-04T19:17:18.808+0000] {dagbag.py:538} INFO - Filling up the DagBag from /opt/airflow/dags/f1_pipeline_dag.py
[2026-05-04T19:17:18.859+0000] {processor.py:840} INFO - DAG(s) 'f1_bigdata_pipeline' retrieved from /opt/airflow/dags/f1_pipeline_dag.py
[2026-05-04T19:17:18.921+0000] {logging_mixin.py:188} INFO - [2026-05-04T19:17:18.921+0000] {dag.py:3036} INFO - Sync 1 DAGs
[2026-05-04T19:17:18.960+0000] {logging_mixin.py:188} INFO - [2026-05-04T19:17:18.960+0000] {dag.py:3823} INFO - Setting next_dagrun for f1_bigdata_pipeline to 2026-05-04 06:00:00+00:00, run_after=2026-05-11 06:00:00+00:00
[2026-05-04T19:17:18.978+0000] {processor.py:183} INFO - Processing /opt/airflow/dags/f1_pipeline_dag.py took 0.198 seconds
[2026-05-04T19:17:49.147+0000] {processor.py:161} INFO - Started process (PID=15181) to work on /opt/airflow/dags/f1_pipeline_dag.py
[2026-05-04T19:17:49.152+0000] {processor.py:830} INFO - Processing file /opt/airflow/dags/f1_pipeline_dag.py for tasks to queue
[2026-05-04T19:17:49.158+0000] {logging_mixin.py:188} INFO - [2026-05-04T19:17:49.153+0000] {dagbag.py:538} INFO - Filling up the DagBag from /opt/airflow/dags/f1_pipeline_dag.py
[2026-05-04T19:17:49.180+0000] {processor.py:840} INFO - DAG(s) 'f1_bigdata_pipeline' retrieved from /opt/airflow/dags/f1_pipeline_dag.py
[2026-05-04T19:17:49.227+0000] {logging_mixin.py:188} INFO - [2026-05-04T19:17:49.227+0000] {dag.py:3036} INFO - Sync 1 DAGs
[2026-05-04T19:17:49.246+0000] {logging_mixin.py:188} INFO - [2026-05-04T19:17:49.245+0000] {dag.py:3823} INFO - Setting next_dagrun for f1_bigdata_pipeline to 2026-05-04 06:00:00+00:00, run_after=2026-05-11 06:00:00+00:00
[2026-05-04T19:17:49.258+0000] {processor.py:183} INFO - Processing /opt/airflow/dags/f1_pipeline_dag.py took 0.131 seconds
[2026-05-04T19:18:19.602+0000] {processor.py:161} INFO - Started process (PID=15186) to work on /opt/airflow/dags/f1_pipeline_dag.py
[2026-05-04T19:18:19.610+0000] {processor.py:830} INFO - Processing file /opt/airflow/dags/f1_pipeline_dag.py for tasks to queue
[2026-05-04T19:18:19.612+0000] {logging_mixin.py:188} INFO - [2026-05-04T19:18:19.611+0000] {dagbag.py:538} INFO - Filling up the DagBag from /opt/airflow/dags/f1_pipeline_dag.py
[2026-05-04T19:18:19.632+0000] {processor.py:840} INFO - DAG(s) 'f1_bigdata_pipeline' retrieved from /opt/airflow/dags/f1_pipeline_dag.py
[2026-05-04T19:18:19.684+0000] {logging_mixin.py:188} INFO - [2026-05-04T19:18:19.683+0000] {dag.py:3036} INFO - Sync 1 DAGs
[2026-05-04T19:18:19.712+0000] {logging_mixin.py:188} INFO - [2026-05-04T19:18:19.711+0000] {dag.py:3823} INFO - Setting next_dagrun for f1_bigdata_pipeline to 2026-05-04 06:00:00+00:00, run_after=2026-05-11 06:00:00+00:00
[2026-05-04T19:18:19.724+0000] {processor.py:183} INFO - Processing /opt/airflow/dags/f1_pipeline_dag.py took 0.138 seconds
[2026-05-04T19:18:49.953+0000] {processor.py:161} INFO - Started process (PID=15191) to work on /opt/airflow/dags/f1_pipeline_dag.py
[2026-05-04T19:18:49.955+0000] {processor.py:830} INFO - Processing file /opt/airflow/dags/f1_pipeline_dag.py for tasks to queue
[2026-05-04T19:18:49.956+0000] {logging_mixin.py:188} INFO - [2026-05-04T19:18:49.956+0000] {dagbag.py:538} INFO - Filling up the DagBag from /opt/airflow/dags/f1_pipeline_dag.py
[2026-05-04T19:18:49.973+0000] {processor.py:840} INFO - DAG(s) 'f1_bigdata_pipeline' retrieved from /opt/airflow/dags/f1_pipeline_dag.py
[2026-05-04T19:18:50.019+0000] {logging_mixin.py:188} INFO - [2026-05-04T19:18:50.019+0000] {dag.py:3036} INFO - Sync 1 DAGs
[2026-05-04T19:18:50.041+0000] {logging_mixin.py:188} INFO - [2026-05-04T19:18:50.041+0000] {dag.py:3823} INFO - Setting next_dagrun for f1_bigdata_pipeline to 2026-05-04 06:00:00+00:00, run_after=2026-05-11 06:00:00+00:00
[2026-05-04T19:18:50.053+0000] {processor.py:183} INFO - Processing /opt/airflow/dags/f1_pipeline_dag.py took 0.105 seconds
[2026-05-04T19:19:20.289+0000] {processor.py:161} INFO - Started process (PID=15196) to work on /opt/airflow/dags/f1_pipeline_dag.py
[2026-05-04T19:19:20.291+0000] {processor.py:830} INFO - Processing file /opt/airflow/dags/f1_pipeline_dag.py for tasks to queue
[2026-05-04T19:19:20.295+0000] {logging_mixin.py:188} INFO - [2026-05-04T19:19:20.295+0000] {dagbag.py:538} INFO - Filling up the DagBag from /opt/airflow/dags/f1_pipeline_dag.py
[2026-05-04T19:19:20.312+0000] {processor.py:840} INFO - DAG(s) 'f1_bigdata_pipeline' retrieved from /opt/airflow/dags/f1_pipeline_dag.py
[2026-05-04T19:19:20.364+0000] {logging_mixin.py:188} INFO - [2026-05-04T19:19:20.364+0000] {dag.py:3036} INFO - Sync 1 DAGs
[2026-05-04T19:19:20.384+0000] {logging_mixin.py:188} INFO - [2026-05-04T19:19:20.384+0000] {dag.py:3823} INFO - Setting next_dagrun for f1_bigdata_pipeline to 2026-05-04 06:00:00+00:00, run_after=2026-05-11 06:00:00+00:00
[2026-05-04T19:19:20.395+0000] {processor.py:183} INFO - Processing /opt/airflow/dags/f1_pipeline_dag.py took 0.112 seconds
[2026-05-04T19:19:50.661+0000] {processor.py:161} INFO - Started process (PID=15201) to work on /opt/airflow/dags/f1_pipeline_dag.py
[2026-05-04T19:19:50.662+0000] {processor.py:830} INFO - Processing file /opt/airflow/dags/f1_pipeline_dag.py for tasks to queue
[2026-05-04T19:19:50.663+0000] {logging_mixin.py:188} INFO - [2026-05-04T19:19:50.663+0000] {dagbag.py:538} INFO - Filling up the DagBag from /opt/airflow/dags/f1_pipeline_dag.py
[2026-05-04T19:19:50.679+0000] {processor.py:840} INFO - DAG(s) 'f1_bigdata_pipeline' retrieved from /opt/airflow/dags/f1_pipeline_dag.py
[2026-05-04T19:19:50.725+0000] {logging_mixin.py:188} INFO - [2026-05-04T19:19:50.725+0000] {dag.py:3036} INFO - Sync 1 DAGs
[2026-05-04T19:19:50.743+0000] {logging_mixin.py:188} INFO - [2026-05-04T19:19:50.743+0000] {dag.py:3823} INFO - Setting next_dagrun for f1_bigdata_pipeline to 2026-05-04 06:00:00+00:00, run_after=2026-05-11 06:00:00+00:00
[2026-05-04T19:19:50.766+0000] {processor.py:183} INFO - Processing /opt/airflow/dags/f1_pipeline_dag.py took 0.109 seconds
[2026-05-04T19:20:21.057+0000] {processor.py:161} INFO - Started process (PID=15206) to work on /opt/airflow/dags/f1_pipeline_dag.py
[2026-05-04T19:20:21.059+0000] {processor.py:830} INFO - Processing file /opt/airflow/dags/f1_pipeline_dag.py for tasks to queue
[2026-05-04T19:20:21.060+0000] {logging_mixin.py:188} INFO - [2026-05-04T19:20:21.059+0000] {dagbag.py:538} INFO - Filling up the DagBag from /opt/airflow/dags/f1_pipeline_dag.py
[2026-05-04T19:20:21.081+0000] {processor.py:840} INFO - DAG(s) 'f1_bigdata_pipeline' retrieved from /opt/airflow/dags/f1_pipeline_dag.py
[2026-05-04T19:20:21.123+0000] {logging_mixin.py:188} INFO - [2026-05-04T19:20:21.123+0000] {dag.py:3036} INFO - Sync 1 DAGs
[2026-05-04T19:20:21.185+0000] {logging_mixin.py:188} INFO - [2026-05-04T19:20:21.184+0000] {dag.py:3823} INFO - Setting next_dagrun for f1_bigdata_pipeline to 2026-05-04 06:00:00+00:00, run_after=2026-05-11 06:00:00+00:00
[2026-05-04T19:20:21.235+0000] {processor.py:183} INFO - Processing /opt/airflow/dags/f1_pipeline_dag.py took 0.189 seconds
[2026-05-04T19:20:51.604+0000] {processor.py:161} INFO - Started process (PID=15211) to work on /opt/airflow/dags/f1_pipeline_dag.py
[2026-05-04T19:20:51.607+0000] {processor.py:830} INFO - Processing file /opt/airflow/dags/f1_pipeline_dag.py for tasks to queue
[2026-05-04T19:20:51.608+0000] {logging_mixin.py:188} INFO - [2026-05-04T19:20:51.607+0000] {dagbag.py:538} INFO - Filling up the DagBag from /opt/airflow/dags/f1_pipeline_dag.py
[2026-05-04T19:20:51.628+0000] {processor.py:840} INFO - DAG(s) 'f1_bigdata_pipeline' retrieved from /opt/airflow/dags/f1_pipeline_dag.py
[2026-05-04T19:20:51.676+0000] {logging_mixin.py:188} INFO - [2026-05-04T19:20:51.676+0000] {dag.py:3036} INFO - Sync 1 DAGs
[2026-05-04T19:20:51.694+0000] {logging_mixin.py:188} INFO - [2026-05-04T19:20:51.693+0000] {dag.py:3823} INFO - Setting next_dagrun for f1_bigdata_pipeline to 2026-05-04 06:00:00+00:00, run_after=2026-05-11 06:00:00+00:00
[2026-05-04T19:20:51.704+0000] {processor.py:183} INFO - Processing /opt/airflow/dags/f1_pipeline_dag.py took 0.107 seconds
[2026-05-04T19:21:21.944+0000] {processor.py:161} INFO - Started process (PID=15216) to work on /opt/airflow/dags/f1_pipeline_dag.py
[2026-05-04T19:21:21.946+0000] {processor.py:830} INFO - Processing file /opt/airflow/dags/f1_pipeline_dag.py for tasks to queue
[2026-05-04T19:21:21.947+0000] {logging_mixin.py:188} INFO - [2026-05-04T19:21:21.947+0000] {dagbag.py:538} INFO - Filling up the DagBag from /opt/airflow/dags/f1_pipeline_dag.py
[2026-05-04T19:21:21.985+0000] {processor.py:840} INFO - DAG(s) 'f1_bigdata_pipeline' retrieved from /opt/airflow/dags/f1_pipeline_dag.py
[2026-05-04T19:21:22.033+0000] {logging_mixin.py:188} INFO - [2026-05-04T19:21:22.033+0000] {dag.py:3036} INFO - Sync 1 DAGs
[2026-05-04T19:21:22.050+0000] {logging_mixin.py:188} INFO - [2026-05-04T19:21:22.050+0000] {dag.py:3823} INFO - Setting next_dagrun for f1_bigdata_pipeline to 2026-05-04 06:00:00+00:00, run_after=2026-05-11 06:00:00+00:00
[2026-05-04T19:21:22.060+0000] {processor.py:183} INFO - Processing /opt/airflow/dags/f1_pipeline_dag.py took 0.120 seconds
[2026-05-04T19:21:52.293+0000] {processor.py:161} INFO - Started process (PID=15221) to work on /opt/airflow/dags/f1_pipeline_dag.py
[2026-05-04T19:21:52.296+0000] {processor.py:830} INFO - Processing file /opt/airflow/dags/f1_pipeline_dag.py for tasks to queue
[2026-05-04T19:21:52.302+0000] {logging_mixin.py:188} INFO - [2026-05-04T19:21:52.298+0000] {dagbag.py:538} INFO - Filling up the DagBag from /opt/airflow/dags/f1_pipeline_dag.py
[2026-05-04T19:21:52.328+0000] {processor.py:840} INFO - DAG(s) 'f1_bigdata_pipeline' retrieved from /opt/airflow/dags/f1_pipeline_dag.py
[2026-05-04T19:21:52.356+0000] {logging_mixin.py:188} INFO - [2026-05-04T19:21:52.356+0000] {dag.py:3036} INFO - Sync 1 DAGs
[2026-05-04T19:21:52.372+0000] {logging_mixin.py:188} INFO - [2026-05-04T19:21:52.372+0000] {dag.py:3823} INFO - Setting next_dagrun for f1_bigdata_pipeline to 2026-05-04 06:00:00+00:00, run_after=2026-05-11 06:00:00+00:00
[2026-05-04T19:21:52.395+0000] {processor.py:183} INFO - Processing /opt/airflow/dags/f1_pipeline_dag.py took 0.106 seconds
[2026-05-04T19:22:22.691+0000] {processor.py:161} INFO - Started process (PID=15226) to work on /opt/airflow/dags/f1_pipeline_dag.py
[2026-05-04T19:22:22.693+0000] {processor.py:830} INFO - Processing file /opt/airflow/dags/f1_pipeline_dag.py for tasks to queue
[2026-05-04T19:22:22.694+0000] {logging_mixin.py:188} INFO - [2026-05-04T19:22:22.694+0000] {dagbag.py:538} INFO - Filling up the DagBag from /opt/airflow/dags/f1_pipeline_dag.py
[2026-05-04T19:22:22.714+0000] {processor.py:840} INFO - DAG(s) 'f1_bigdata_pipeline' retrieved from /opt/airflow/dags/f1_pipeline_dag.py
[2026-05-04T19:22:22.763+0000] {logging_mixin.py:188} INFO - [2026-05-04T19:22:22.763+0000] {dag.py:3036} INFO - Sync 1 DAGs
[2026-05-04T19:22:22.791+0000] {logging_mixin.py:188} INFO - [2026-05-04T19:22:22.791+0000] {dag.py:3823} INFO - Setting next_dagrun for f1_bigdata_pipeline to 2026-05-04 06:00:00+00:00, run_after=2026-05-11 06:00:00+00:00
[2026-05-04T19:22:22.802+0000] {processor.py:183} INFO - Processing /opt/airflow/dags/f1_pipeline_dag.py took 0.118 seconds
[2026-05-04T19:22:53.066+0000] {processor.py:161} INFO - Started process (PID=15231) to work on /opt/airflow/dags/f1_pipeline_dag.py
[2026-05-04T19:22:53.068+0000] {processor.py:830} INFO - Processing file /opt/airflow/dags/f1_pipeline_dag.py for tasks to queue
[2026-05-04T19:22:53.069+0000] {logging_mixin.py:188} INFO - [2026-05-04T19:22:53.069+0000] {dagbag.py:538} INFO - Filling up the DagBag from /opt/airflow/dags/f1_pipeline_dag.py
[2026-05-04T19:22:53.095+0000] {processor.py:840} INFO - DAG(s) 'f1_bigdata_pipeline' retrieved from /opt/airflow/dags/f1_pipeline_dag.py
[2026-05-04T19:22:53.133+0000] {logging_mixin.py:188} INFO - [2026-05-04T19:22:53.133+0000] {dag.py:3036} INFO - Sync 1 DAGs
[2026-05-04T19:22:53.150+0000] {logging_mixin.py:188} INFO - [2026-05-04T19:22:53.150+0000] {dag.py:3823} INFO - Setting next_dagrun for f1_bigdata_pipeline to 2026-05-04 06:00:00+00:00, run_after=2026-05-11 06:00:00+00:00
[2026-05-04T19:22:53.160+0000] {processor.py:183} INFO - Processing /opt/airflow/dags/f1_pipeline_dag.py took 0.098 seconds
[2026-05-04T19:23:23.451+0000] {processor.py:161} INFO - Started process (PID=15236) to work on /opt/airflow/dags/f1_pipeline_dag.py
[2026-05-04T19:23:23.453+0000] {processor.py:830} INFO - Processing file /opt/airflow/dags/f1_pipeline_dag.py for tasks to queue
[2026-05-04T19:23:23.454+0000] {logging_mixin.py:188} INFO - [2026-05-04T19:23:23.453+0000] {dagbag.py:538} INFO - Filling up the DagBag from /opt/airflow/dags/f1_pipeline_dag.py
[2026-05-04T19:23:23.471+0000] {processor.py:840} INFO - DAG(s) 'f1_bigdata_pipeline' retrieved from /opt/airflow/dags/f1_pipeline_dag.py
[2026-05-04T19:23:23.526+0000] {logging_mixin.py:188} INFO - [2026-05-04T19:23:23.526+0000] {dag.py:3036} INFO - Sync 1 DAGs
[2026-05-04T19:23:23.555+0000] {logging_mixin.py:188} INFO - [2026-05-04T19:23:23.555+0000] {dag.py:3823} INFO - Setting next_dagrun for f1_bigdata_pipeline to 2026-05-04 06:00:00+00:00, run_after=2026-05-11 06:00:00+00:00
[2026-05-04T19:23:23.565+0000] {processor.py:183} INFO - Processing /opt/airflow/dags/f1_pipeline_dag.py took 0.118 seconds
[2026-05-04T19:23:53.863+0000] {processor.py:161} INFO - Started process (PID=15241) to work on /opt/airflow/dags/f1_pipeline_dag.py
[2026-05-04T19:23:53.880+0000] {processor.py:830} INFO - Processing file /opt/airflow/dags/f1_pipeline_dag.py for tasks to queue
[2026-05-04T19:23:53.882+0000] {logging_mixin.py:188} INFO - [2026-05-04T19:23:53.881+0000] {dagbag.py:538} INFO - Filling up the DagBag from /opt/airflow/dags/f1_pipeline_dag.py
[2026-05-04T19:23:53.920+0000] {processor.py:840} INFO - DAG(s) 'f1_bigdata_pipeline' retrieved from /opt/airflow/dags/f1_pipeline_dag.py
[2026-05-04T19:23:53.954+0000] {logging_mixin.py:188} INFO - [2026-05-04T19:23:53.954+0000] {dag.py:3036} INFO - Sync 1 DAGs
[2026-05-04T19:23:53.982+0000] {logging_mixin.py:188} INFO - [2026-05-04T19:23:53.982+0000] {dag.py:3823} INFO - Setting next_dagrun for f1_bigdata_pipeline to 2026-05-04 06:00:00+00:00, run_after=2026-05-11 06:00:00+00:00
[2026-05-04T19:23:54.017+0000] {processor.py:183} INFO - Processing /opt/airflow/dags/f1_pipeline_dag.py took 0.227 seconds
[2026-05-04T19:24:24.210+0000] {processor.py:161} INFO - Started process (PID=15246) to work on /opt/airflow/dags/f1_pipeline_dag.py
[2026-05-04T19:24:24.212+0000] {processor.py:830} INFO - Processing file /opt/airflow/dags/f1_pipeline_dag.py for tasks to queue
[2026-05-04T19:24:24.214+0000] {logging_mixin.py:188} INFO - [2026-05-04T19:24:24.213+0000] {dagbag.py:538} INFO - Filling up the DagBag from /opt/airflow/dags/f1_pipeline_dag.py
[2026-05-04T19:24:24.234+0000] {processor.py:840} INFO - DAG(s) 'f1_bigdata_pipeline' retrieved from /opt/airflow/dags/f1_pipeline_dag.py
[2026-05-04T19:24:24.273+0000] {logging_mixin.py:188} INFO - [2026-05-04T19:24:24.273+0000] {dag.py:3036} INFO - Sync 1 DAGs
[2026-05-04T19:24:24.291+0000] {logging_mixin.py:188} INFO - [2026-05-04T19:24:24.291+0000] {dag.py:3823} INFO - Setting next_dagrun for f1_bigdata_pipeline to 2026-05-04 06:00:00+00:00, run_after=2026-05-11 06:00:00+00:00
[2026-05-04T19:24:24.301+0000] {processor.py:183} INFO - Processing /opt/airflow/dags/f1_pipeline_dag.py took 0.111 seconds
[2026-05-04T19:24:54.708+0000] {processor.py:161} INFO - Started process (PID=15251) to work on /opt/airflow/dags/f1_pipeline_dag.py
[2026-05-04T19:24:54.709+0000] {processor.py:830} INFO - Processing file /opt/airflow/dags/f1_pipeline_dag.py for tasks to queue
[2026-05-04T19:24:54.711+0000] {logging_mixin.py:188} INFO - [2026-05-04T19:24:54.710+0000] {dagbag.py:538} INFO - Filling up the DagBag from /opt/airflow/dags/f1_pipeline_dag.py
[2026-05-04T19:24:54.733+0000] {processor.py:840} INFO - DAG(s) 'f1_bigdata_pipeline' retrieved from /opt/airflow/dags/f1_pipeline_dag.py
[2026-05-04T19:24:54.781+0000] {logging_mixin.py:188} INFO - [2026-05-04T19:24:54.781+0000] {dag.py:3036} INFO - Sync 1 DAGs
[2026-05-04T19:24:54.808+0000] {logging_mixin.py:188} INFO - [2026-05-04T19:24:54.808+0000] {dag.py:3823} INFO - Setting next_dagrun for f1_bigdata_pipeline to 2026-05-04 06:00:00+00:00, run_after=2026-05-11 06:00:00+00:00
[2026-05-04T19:24:54.838+0000] {processor.py:183} INFO - Processing /opt/airflow/dags/f1_pipeline_dag.py took 0.145 seconds
[2026-05-04T19:25:25.313+0000] {processor.py:161} INFO - Started process (PID=15256) to work on /opt/airflow/dags/f1_pipeline_dag.py
[2026-05-04T19:25:25.315+0000] {processor.py:830} INFO - Processing file /opt/airflow/dags/f1_pipeline_dag.py for tasks to queue
[2026-05-04T19:25:25.316+0000] {logging_mixin.py:188} INFO - [2026-05-04T19:25:25.315+0000] {dagbag.py:538} INFO - Filling up the DagBag from /opt/airflow/dags/f1_pipeline_dag.py
[2026-05-04T19:25:25.341+0000] {processor.py:840} INFO - DAG(s) 'f1_bigdata_pipeline' retrieved from /opt/airflow/dags/f1_pipeline_dag.py
[2026-05-04T19:25:25.378+0000] {logging_mixin.py:188} INFO - [2026-05-04T19:25:25.377+0000] {dag.py:3036} INFO - Sync 1 DAGs
[2026-05-04T19:25:25.402+0000] {logging_mixin.py:188} INFO - [2026-05-04T19:25:25.402+0000] {dag.py:3823} INFO - Setting next_dagrun for f1_bigdata_pipeline to 2026-05-04 06:00:00+00:00, run_after=2026-05-11 06:00:00+00:00
[2026-05-04T19:25:25.411+0000] {processor.py:183} INFO - Processing /opt/airflow/dags/f1_pipeline_dag.py took 0.104 seconds
[2026-05-04T19:25:55.668+0000] {processor.py:161} INFO - Started process (PID=15261) to work on /opt/airflow/dags/f1_pipeline_dag.py
[2026-05-04T19:25:55.669+0000] {processor.py:830} INFO - Processing file /opt/airflow/dags/f1_pipeline_dag.py for tasks to queue
[2026-05-04T19:25:55.670+0000] {logging_mixin.py:188} INFO - [2026-05-04T19:25:55.670+0000] {dagbag.py:538} INFO - Filling up the DagBag from /opt/airflow/dags/f1_pipeline_dag.py
[2026-05-04T19:25:55.689+0000] {processor.py:840} INFO - DAG(s) 'f1_bigdata_pipeline' retrieved from /opt/airflow/dags/f1_pipeline_dag.py
[2026-05-04T19:25:55.751+0000] {logging_mixin.py:188} INFO - [2026-05-04T19:25:55.751+0000] {dag.py:3036} INFO - Sync 1 DAGs
[2026-05-04T19:25:55.770+0000] {logging_mixin.py:188} INFO - [2026-05-04T19:25:55.770+0000] {dag.py:3823} INFO - Setting next_dagrun for f1_bigdata_pipeline to 2026-05-04 06:00:00+00:00, run_after=2026-05-11 06:00:00+00:00
[2026-05-04T19:25:55.782+0000] {processor.py:183} INFO - Processing /opt/airflow/dags/f1_pipeline_dag.py took 0.119 seconds
[2026-05-04T19:26:26.187+0000] {processor.py:161} INFO - Started process (PID=15266) to work on /opt/airflow/dags/f1_pipeline_dag.py
[2026-05-04T19:26:26.189+0000] {processor.py:830} INFO - Processing file /opt/airflow/dags/f1_pipeline_dag.py for tasks to queue
[2026-05-04T19:26:26.190+0000] {logging_mixin.py:188} INFO - [2026-05-04T19:26:26.189+0000] {dagbag.py:538} INFO - Filling up the DagBag from /opt/airflow/dags/f1_pipeline_dag.py
[2026-05-04T19:26:26.220+0000] {processor.py:840} INFO - DAG(s) 'f1_bigdata_pipeline' retrieved from /opt/airflow/dags/f1_pipeline_dag.py
[2026-05-04T19:26:26.258+0000] {logging_mixin.py:188} INFO - [2026-05-04T19:26:26.258+0000] {dag.py:3036} INFO - Sync 1 DAGs
[2026-05-04T19:26:26.288+0000] {logging_mixin.py:188} INFO - [2026-05-04T19:26:26.288+0000] {dag.py:3823} INFO - Setting next_dagrun for f1_bigdata_pipeline to 2026-05-04 06:00:00+00:00, run_after=2026-05-11 06:00:00+00:00
[2026-05-04T19:26:26.313+0000] {processor.py:183} INFO - Processing /opt/airflow/dags/f1_pipeline_dag.py took 0.130 seconds
[2026-05-04T19:26:56.646+0000] {processor.py:161} INFO - Started process (PID=15271) to work on /opt/airflow/dags/f1_pipeline_dag.py
[2026-05-04T19:26:56.648+0000] {processor.py:830} INFO - Processing file /opt/airflow/dags/f1_pipeline_dag.py for tasks to queue
[2026-05-04T19:26:56.649+0000] {logging_mixin.py:188} INFO - [2026-05-04T19:26:56.648+0000] {dagbag.py:538} INFO - Filling up the DagBag from /opt/airflow/dags/f1_pipeline_dag.py
[2026-05-04T19:26:56.668+0000] {processor.py:840} INFO - DAG(s) 'f1_bigdata_pipeline' retrieved from /opt/airflow/dags/f1_pipeline_dag.py
[2026-05-04T19:26:56.712+0000] {logging_mixin.py:188} INFO - [2026-05-04T19:26:56.712+0000] {dag.py:3036} INFO - Sync 1 DAGs
[2026-05-04T19:26:56.729+0000] {logging_mixin.py:188} INFO - [2026-05-04T19:26:56.729+0000] {dag.py:3823} INFO - Setting next_dagrun for f1_bigdata_pipeline to 2026-05-04 06:00:00+00:00, run_after=2026-05-11 06:00:00+00:00
[2026-05-04T19:26:56.739+0000] {processor.py:183} INFO - Processing /opt/airflow/dags/f1_pipeline_dag.py took 0.099 seconds
[2026-05-04T19:27:27.089+0000] {processor.py:161} INFO - Started process (PID=15276) to work on /opt/airflow/dags/f1_pipeline_dag.py
[2026-05-04T19:27:27.091+0000] {processor.py:830} INFO - Processing file /opt/airflow/dags/f1_pipeline_dag.py for tasks to queue
[2026-05-04T19:27:27.093+0000] {logging_mixin.py:188} INFO - [2026-05-04T19:27:27.092+0000] {dagbag.py:538} INFO - Filling up the DagBag from /opt/airflow/dags/f1_pipeline_dag.py
[2026-05-04T19:27:27.110+0000] {processor.py:840} INFO - DAG(s) 'f1_bigdata_pipeline' retrieved from /opt/airflow/dags/f1_pipeline_dag.py
[2026-05-04T19:27:27.148+0000] {logging_mixin.py:188} INFO - [2026-05-04T19:27:27.148+0000] {dag.py:3036} INFO - Sync 1 DAGs
[2026-05-04T19:27:27.188+0000] {logging_mixin.py:188} INFO - [2026-05-04T19:27:27.188+0000] {dag.py:3823} INFO - Setting next_dagrun for f1_bigdata_pipeline to 2026-05-04 06:00:00+00:00, run_after=2026-05-11 06:00:00+00:00
[2026-05-04T19:27:27.232+0000] {processor.py:183} INFO - Processing /opt/airflow/dags/f1_pipeline_dag.py took 0.148 seconds
[2026-05-04T19:27:57.417+0000] {processor.py:161} INFO - Started process (PID=15281) to work on /opt/airflow/dags/f1_pipeline_dag.py
[2026-05-04T19:27:57.419+0000] {processor.py:830} INFO - Processing file /opt/airflow/dags/f1_pipeline_dag.py for tasks to queue
[2026-05-04T19:27:57.420+0000] {logging_mixin.py:188} INFO - [2026-05-04T19:27:57.420+0000] {dagbag.py:538} INFO - Filling up the DagBag from /opt/airflow/dags/f1_pipeline_dag.py
[2026-05-04T19:27:57.440+0000] {processor.py:840} INFO - DAG(s) 'f1_bigdata_pipeline' retrieved from /opt/airflow/dags/f1_pipeline_dag.py
[2026-05-04T19:27:57.498+0000] {logging_mixin.py:188} INFO - [2026-05-04T19:27:57.498+0000] {dag.py:3036} INFO - Sync 1 DAGs
[2026-05-04T19:27:57.517+0000] {logging_mixin.py:188} INFO - [2026-05-04T19:27:57.517+0000] {dag.py:3823} INFO - Setting next_dagrun for f1_bigdata_pipeline to 2026-05-04 06:00:00+00:00, run_after=2026-05-11 06:00:00+00:00
[2026-05-04T19:27:57.528+0000] {processor.py:183} INFO - Processing /opt/airflow/dags/f1_pipeline_dag.py took 0.117 seconds
[2026-05-04T19:28:27.773+0000] {processor.py:161} INFO - Started process (PID=15286) to work on /opt/airflow/dags/f1_pipeline_dag.py
[2026-05-04T19:28:27.775+0000] {processor.py:830} INFO - Processing file /opt/airflow/dags/f1_pipeline_dag.py for tasks to queue
[2026-05-04T19:28:27.776+0000] {logging_mixin.py:188} INFO - [2026-05-04T19:28:27.775+0000] {dagbag.py:538} INFO - Filling up the DagBag from /opt/airflow/dags/f1_pipeline_dag.py
[2026-05-04T19:28:27.805+0000] {processor.py:840} INFO - DAG(s) 'f1_bigdata_pipeline' retrieved from /opt/airflow/dags/f1_pipeline_dag.py
[2026-05-04T19:28:27.842+0000] {logging_mixin.py:188} INFO - [2026-05-04T19:28:27.842+0000] {dag.py:3036} INFO - Sync 1 DAGs
[2026-05-04T19:28:27.867+0000] {logging_mixin.py:188} INFO - [2026-05-04T19:28:27.867+0000] {dag.py:3823} INFO - Setting next_dagrun for f1_bigdata_pipeline to 2026-05-04 06:00:00+00:00, run_after=2026-05-11 06:00:00+00:00
[2026-05-04T19:28:27.878+0000] {processor.py:183} INFO - Processing /opt/airflow/dags/f1_pipeline_dag.py took 0.109 seconds
[2026-05-04T19:28:58.128+0000] {processor.py:161} INFO - Started process (PID=15291) to work on /opt/airflow/dags/f1_pipeline_dag.py
[2026-05-04T19:28:58.130+0000] {processor.py:830} INFO - Processing file /opt/airflow/dags/f1_pipeline_dag.py for tasks to queue
[2026-05-04T19:28:58.131+0000] {logging_mixin.py:188} INFO - [2026-05-04T19:28:58.130+0000] {dagbag.py:538} INFO - Filling up the DagBag from /opt/airflow/dags/f1_pipeline_dag.py
[2026-05-04T19:28:58.150+0000] {processor.py:840} INFO - DAG(s) 'f1_bigdata_pipeline' retrieved from /opt/airflow/dags/f1_pipeline_dag.py
[2026-05-04T19:28:58.199+0000] {logging_mixin.py:188} INFO - [2026-05-04T19:28:58.199+0000] {dag.py:3036} INFO - Sync 1 DAGs
[2026-05-04T19:28:58.216+0000] {logging_mixin.py:188} INFO - [2026-05-04T19:28:58.216+0000] {dag.py:3823} INFO - Setting next_dagrun for f1_bigdata_pipeline to 2026-05-04 06:00:00+00:00, run_after=2026-05-11 06:00:00+00:00
[2026-05-04T19:28:58.226+0000] {processor.py:183} INFO - Processing /opt/airflow/dags/f1_pipeline_dag.py took 0.102 seconds
[2026-05-04T19:29:28.508+0000] {processor.py:161} INFO - Started process (PID=15296) to work on /opt/airflow/dags/f1_pipeline_dag.py
[2026-05-04T19:29:28.510+0000] {processor.py:830} INFO - Processing file /opt/airflow/dags/f1_pipeline_dag.py for tasks to queue
[2026-05-04T19:29:28.511+0000] {logging_mixin.py:188} INFO - [2026-05-04T19:29:28.510+0000] {dagbag.py:538} INFO - Filling up the DagBag from /opt/airflow/dags/f1_pipeline_dag.py
[2026-05-04T19:29:28.529+0000] {processor.py:840} INFO - DAG(s) 'f1_bigdata_pipeline' retrieved from /opt/airflow/dags/f1_pipeline_dag.py
[2026-05-04T19:29:28.569+0000] {logging_mixin.py:188} INFO - [2026-05-04T19:29:28.569+0000] {dag.py:3036} INFO - Sync 1 DAGs
[2026-05-04T19:29:28.588+0000] {logging_mixin.py:188} INFO - [2026-05-04T19:29:28.588+0000] {dag.py:3823} INFO - Setting next_dagrun for f1_bigdata_pipeline to 2026-05-04 06:00:00+00:00, run_after=2026-05-11 06:00:00+00:00
[2026-05-04T19:29:28.611+0000] {processor.py:183} INFO - Processing /opt/airflow/dags/f1_pipeline_dag.py took 0.110 seconds
[2026-05-04T19:29:59.012+0000] {processor.py:161} INFO - Started process (PID=15301) to work on /opt/airflow/dags/f1_pipeline_dag.py
[2026-05-04T19:29:59.014+0000] {processor.py:830} INFO - Processing file /opt/airflow/dags/f1_pipeline_dag.py for tasks to queue
[2026-05-04T19:29:59.015+0000] {logging_mixin.py:188} INFO - [2026-05-04T19:29:59.014+0000] {dagbag.py:538} INFO - Filling up the DagBag from /opt/airflow/dags/f1_pipeline_dag.py
[2026-05-04T19:29:59.034+0000] {processor.py:840} INFO - DAG(s) 'f1_bigdata_pipeline' retrieved from /opt/airflow/dags/f1_pipeline_dag.py
[2026-05-04T19:29:59.083+0000] {logging_mixin.py:188} INFO - [2026-05-04T19:29:59.083+0000] {dag.py:3036} INFO - Sync 1 DAGs
[2026-05-04T19:29:59.103+0000] {logging_mixin.py:188} INFO - [2026-05-04T19:29:59.103+0000] {dag.py:3823} INFO - Setting next_dagrun for f1_bigdata_pipeline to 2026-05-04 06:00:00+00:00, run_after=2026-05-11 06:00:00+00:00
[2026-05-04T19:29:59.113+0000] {processor.py:183} INFO - Processing /opt/airflow/dags/f1_pipeline_dag.py took 0.107 seconds
[2026-05-04T19:30:29.430+0000] {processor.py:161} INFO - Started process (PID=15306) to work on /opt/airflow/dags/f1_pipeline_dag.py
[2026-05-04T19:30:29.435+0000] {processor.py:830} INFO - Processing file /opt/airflow/dags/f1_pipeline_dag.py for tasks to queue
[2026-05-04T19:30:29.436+0000] {logging_mixin.py:188} INFO - [2026-05-04T19:30:29.436+0000] {dagbag.py:538} INFO - Filling up the DagBag from /opt/airflow/dags/f1_pipeline_dag.py
[2026-05-04T19:30:29.455+0000] {processor.py:840} INFO - DAG(s) 'f1_bigdata_pipeline' retrieved from /opt/airflow/dags/f1_pipeline_dag.py
[2026-05-04T19:30:29.490+0000] {logging_mixin.py:188} INFO - [2026-05-04T19:30:29.490+0000] {dag.py:3036} INFO - Sync 1 DAGs
[2026-05-04T19:30:29.507+0000] {logging_mixin.py:188} INFO - [2026-05-04T19:30:29.507+0000] {dag.py:3823} INFO - Setting next_dagrun for f1_bigdata_pipeline to 2026-05-04 06:00:00+00:00, run_after=2026-05-11 06:00:00+00:00
[2026-05-04T19:30:29.553+0000] {processor.py:183} INFO - Processing /opt/airflow/dags/f1_pipeline_dag.py took 0.146 seconds
[2026-05-04T19:30:59.711+0000] {processor.py:161} INFO - Started process (PID=15311) to work on /opt/airflow/dags/f1_pipeline_dag.py
[2026-05-04T19:30:59.713+0000] {processor.py:830} INFO - Processing file /opt/airflow/dags/f1_pipeline_dag.py for tasks to queue
[2026-05-04T19:30:59.718+0000] {logging_mixin.py:188} INFO - [2026-05-04T19:30:59.715+0000] {dagbag.py:538} INFO - Filling up the DagBag from /opt/airflow/dags/f1_pipeline_dag.py
[2026-05-04T19:30:59.741+0000] {processor.py:840} INFO - DAG(s) 'f1_bigdata_pipeline' retrieved from /opt/airflow/dags/f1_pipeline_dag.py
[2026-05-04T19:30:59.774+0000] {logging_mixin.py:188} INFO - [2026-05-04T19:30:59.774+0000] {dag.py:3036} INFO - Sync 1 DAGs
[2026-05-04T19:30:59.792+0000] {logging_mixin.py:188} INFO - [2026-05-04T19:30:59.792+0000] {dag.py:3823} INFO - Setting next_dagrun for f1_bigdata_pipeline to 2026-05-04 06:00:00+00:00, run_after=2026-05-11 06:00:00+00:00
[2026-05-04T19:30:59.810+0000] {processor.py:183} INFO - Processing /opt/airflow/dags/f1_pipeline_dag.py took 0.104 seconds
[2026-05-04T19:31:30.098+0000] {processor.py:161} INFO - Started process (PID=15316) to work on /opt/airflow/dags/f1_pipeline_dag.py
[2026-05-04T19:31:30.101+0000] {processor.py:830} INFO - Processing file /opt/airflow/dags/f1_pipeline_dag.py for tasks to queue
[2026-05-04T19:31:30.104+0000] {logging_mixin.py:188} INFO - [2026-05-04T19:31:30.103+0000] {dagbag.py:538} INFO - Filling up the DagBag from /opt/airflow/dags/f1_pipeline_dag.py
[2026-05-04T19:31:30.128+0000] {processor.py:840} INFO - DAG(s) 'f1_bigdata_pipeline' retrieved from /opt/airflow/dags/f1_pipeline_dag.py
[2026-05-04T19:31:30.156+0000] {logging_mixin.py:188} INFO - [2026-05-04T19:31:30.156+0000] {dag.py:3036} INFO - Sync 1 DAGs
[2026-05-04T19:31:30.172+0000] {logging_mixin.py:188} INFO - [2026-05-04T19:31:30.172+0000] {dag.py:3823} INFO - Setting next_dagrun for f1_bigdata_pipeline to 2026-05-04 06:00:00+00:00, run_after=2026-05-11 06:00:00+00:00
[2026-05-04T19:31:30.181+0000] {processor.py:183} INFO - Processing /opt/airflow/dags/f1_pipeline_dag.py took 0.092 seconds
[2026-05-04T19:32:00.561+0000] {processor.py:161} INFO - Started process (PID=15321) to work on /opt/airflow/dags/f1_pipeline_dag.py
[2026-05-04T19:32:00.564+0000] {processor.py:830} INFO - Processing file /opt/airflow/dags/f1_pipeline_dag.py for tasks to queue
[2026-05-04T19:32:00.565+0000] {logging_mixin.py:188} INFO - [2026-05-04T19:32:00.564+0000] {dagbag.py:538} INFO - Filling up the DagBag from /opt/airflow/dags/f1_pipeline_dag.py
[2026-05-04T19:32:00.602+0000] {processor.py:840} INFO - DAG(s) 'f1_bigdata_pipeline' retrieved from /opt/airflow/dags/f1_pipeline_dag.py
[2026-05-04T19:32:00.632+0000] {logging_mixin.py:188} INFO - [2026-05-04T19:32:00.632+0000] {dag.py:3036} INFO - Sync 1 DAGs
[2026-05-04T19:32:00.649+0000] {logging_mixin.py:188} INFO - [2026-05-04T19:32:00.649+0000] {dag.py:3823} INFO - Setting next_dagrun for f1_bigdata_pipeline to 2026-05-04 06:00:00+00:00, run_after=2026-05-11 06:00:00+00:00
[2026-05-04T19:32:00.659+0000] {processor.py:183} INFO - Processing /opt/airflow/dags/f1_pipeline_dag.py took 0.106 seconds
[2026-05-04T19:32:31.103+0000] {processor.py:161} INFO - Started process (PID=15326) to work on /opt/airflow/dags/f1_pipeline_dag.py
[2026-05-04T19:32:31.105+0000] {processor.py:830} INFO - Processing file /opt/airflow/dags/f1_pipeline_dag.py for tasks to queue
[2026-05-04T19:32:31.106+0000] {logging_mixin.py:188} INFO - [2026-05-04T19:32:31.106+0000] {dagbag.py:538} INFO - Filling up the DagBag from /opt/airflow/dags/f1_pipeline_dag.py
[2026-05-04T19:32:31.128+0000] {processor.py:840} INFO - DAG(s) 'f1_bigdata_pipeline' retrieved from /opt/airflow/dags/f1_pipeline_dag.py
[2026-05-04T19:32:31.165+0000] {logging_mixin.py:188} INFO - [2026-05-04T19:32:31.165+0000] {dag.py:3036} INFO - Sync 1 DAGs
[2026-05-04T19:32:31.211+0000] {logging_mixin.py:188} INFO - [2026-05-04T19:32:31.211+0000] {dag.py:3823} INFO - Setting next_dagrun for f1_bigdata_pipeline to 2026-05-04 06:00:00+00:00, run_after=2026-05-11 06:00:00+00:00
[2026-05-04T19:32:31.222+0000] {processor.py:183} INFO - Processing /opt/airflow/dags/f1_pipeline_dag.py took 0.128 seconds
[2026-05-04T19:33:01.819+0000] {processor.py:161} INFO - Started process (PID=15331) to work on /opt/airflow/dags/f1_pipeline_dag.py
[2026-05-04T19:33:01.820+0000] {processor.py:830} INFO - Processing file /opt/airflow/dags/f1_pipeline_dag.py for tasks to queue
[2026-05-04T19:33:01.821+0000] {logging_mixin.py:188} INFO - [2026-05-04T19:33:01.821+0000] {dagbag.py:538} INFO - Filling up the DagBag from /opt/airflow/dags/f1_pipeline_dag.py
[2026-05-04T19:33:01.841+0000] {processor.py:840} INFO - DAG(s) 'f1_bigdata_pipeline' retrieved from /opt/airflow/dags/f1_pipeline_dag.py
[2026-05-04T19:33:01.913+0000] {logging_mixin.py:188} INFO - [2026-05-04T19:33:01.913+0000] {dag.py:3036} INFO - Sync 1 DAGs
[2026-05-04T19:33:01.940+0000] {logging_mixin.py:188} INFO - [2026-05-04T19:33:01.940+0000] {dag.py:3823} INFO - Setting next_dagrun for f1_bigdata_pipeline to 2026-05-04 06:00:00+00:00, run_after=2026-05-11 06:00:00+00:00
[2026-05-04T19:33:01.955+0000] {processor.py:183} INFO - Processing /opt/airflow/dags/f1_pipeline_dag.py took 0.141 seconds
[2026-05-04T19:33:32.173+0000] {processor.py:161} INFO - Started process (PID=15336) to work on /opt/airflow/dags/f1_pipeline_dag.py
[2026-05-04T19:33:32.175+0000] {processor.py:830} INFO - Processing file /opt/airflow/dags/f1_pipeline_dag.py for tasks to queue
[2026-05-04T19:33:32.177+0000] {logging_mixin.py:188} INFO - [2026-05-04T19:33:32.176+0000] {dagbag.py:538} INFO - Filling up the DagBag from /opt/airflow/dags/f1_pipeline_dag.py
[2026-05-04T19:33:32.209+0000] {processor.py:840} INFO - DAG(s) 'f1_bigdata_pipeline' retrieved from /opt/airflow/dags/f1_pipeline_dag.py
[2026-05-04T19:33:32.254+0000] {logging_mixin.py:188} INFO - [2026-05-04T19:33:32.254+0000] {dag.py:3036} INFO - Sync 1 DAGs
[2026-05-04T19:33:32.282+0000] {logging_mixin.py:188} INFO - [2026-05-04T19:33:32.282+0000] {dag.py:3823} INFO - Setting next_dagrun for f1_bigdata_pipeline to 2026-05-04 06:00:00+00:00, run_after=2026-05-11 06:00:00+00:00
[2026-05-04T19:33:32.297+0000] {processor.py:183} INFO - Processing /opt/airflow/dags/f1_pipeline_dag.py took 0.130 seconds
[2026-05-04T19:34:03.228+0000] {processor.py:161} INFO - Started process (PID=15341) to work on /opt/airflow/dags/f1_pipeline_dag.py
[2026-05-04T19:34:03.230+0000] {processor.py:830} INFO - Processing file /opt/airflow/dags/f1_pipeline_dag.py for tasks to queue
[2026-05-04T19:34:03.232+0000] {logging_mixin.py:188} INFO - [2026-05-04T19:34:03.231+0000] {dagbag.py:538} INFO - Filling up the DagBag from /opt/airflow/dags/f1_pipeline_dag.py
[2026-05-04T19:34:03.253+0000] {processor.py:840} INFO - DAG(s) 'f1_bigdata_pipeline' retrieved from /opt/airflow/dags/f1_pipeline_dag.py
[2026-05-04T19:34:03.293+0000] {logging_mixin.py:188} INFO - [2026-05-04T19:34:03.293+0000] {dag.py:3036} INFO - Sync 1 DAGs
[2026-05-04T19:34:03.311+0000] {logging_mixin.py:188} INFO - [2026-05-04T19:34:03.311+0000] {dag.py:3823} INFO - Setting next_dagrun for f1_bigdata_pipeline to 2026-05-04 06:00:00+00:00, run_after=2026-05-11 06:00:00+00:00
[2026-05-04T19:34:03.321+0000] {processor.py:183} INFO - Processing /opt/airflow/dags/f1_pipeline_dag.py took 0.097 seconds
[2026-05-04T19:34:34.160+0000] {processor.py:161} INFO - Started process (PID=15346) to work on /opt/airflow/dags/f1_pipeline_dag.py
[2026-05-04T19:34:34.175+0000] {processor.py:830} INFO - Processing file /opt/airflow/dags/f1_pipeline_dag.py for tasks to queue
[2026-05-04T19:34:34.182+0000] {logging_mixin.py:188} INFO - [2026-05-04T19:34:34.179+0000] {dagbag.py:538} INFO - Filling up the DagBag from /opt/airflow/dags/f1_pipeline_dag.py
[2026-05-04T19:34:34.260+0000] {processor.py:840} INFO - DAG(s) 'f1_bigdata_pipeline' retrieved from /opt/airflow/dags/f1_pipeline_dag.py
[2026-05-04T19:34:34.415+0000] {logging_mixin.py:188} INFO - [2026-05-04T19:34:34.415+0000] {dag.py:3036} INFO - Sync 1 DAGs
[2026-05-04T19:34:34.444+0000] {logging_mixin.py:188} INFO - [2026-05-04T19:34:34.444+0000] {dag.py:3823} INFO - Setting next_dagrun for f1_bigdata_pipeline to 2026-05-04 06:00:00+00:00, run_after=2026-05-11 06:00:00+00:00
[2026-05-04T19:34:34.468+0000] {processor.py:183} INFO - Processing /opt/airflow/dags/f1_pipeline_dag.py took 0.321 seconds
[2026-05-04T19:35:04.758+0000] {processor.py:161} INFO - Started process (PID=15351) to work on /opt/airflow/dags/f1_pipeline_dag.py
[2026-05-04T19:35:04.760+0000] {processor.py:830} INFO - Processing file /opt/airflow/dags/f1_pipeline_dag.py for tasks to queue
[2026-05-04T19:35:04.761+0000] {logging_mixin.py:188} INFO - [2026-05-04T19:35:04.760+0000] {dagbag.py:538} INFO - Filling up the DagBag from /opt/airflow/dags/f1_pipeline_dag.py
[2026-05-04T19:35:04.777+0000] {processor.py:840} INFO - DAG(s) 'f1_bigdata_pipeline' retrieved from /opt/airflow/dags/f1_pipeline_dag.py
[2026-05-04T19:35:04.827+0000] {logging_mixin.py:188} INFO - [2026-05-04T19:35:04.827+0000] {dag.py:3036} INFO - Sync 1 DAGs
[2026-05-04T19:35:04.844+0000] {logging_mixin.py:188} INFO - [2026-05-04T19:35:04.844+0000] {dag.py:3823} INFO - Setting next_dagrun for f1_bigdata_pipeline to 2026-05-04 06:00:00+00:00, run_after=2026-05-11 06:00:00+00:00
[2026-05-04T19:35:04.855+0000] {processor.py:183} INFO - Processing /opt/airflow/dags/f1_pipeline_dag.py took 0.104 seconds
[2026-05-04T19:35:35.103+0000] {processor.py:161} INFO - Started process (PID=15356) to work on /opt/airflow/dags/f1_pipeline_dag.py
[2026-05-04T19:35:35.106+0000] {processor.py:830} INFO - Processing file /opt/airflow/dags/f1_pipeline_dag.py for tasks to queue
[2026-05-04T19:35:35.107+0000] {logging_mixin.py:188} INFO - [2026-05-04T19:35:35.106+0000] {dagbag.py:538} INFO - Filling up the DagBag from /opt/airflow/dags/f1_pipeline_dag.py
[2026-05-04T19:35:35.144+0000] {processor.py:840} INFO - DAG(s) 'f1_bigdata_pipeline' retrieved from /opt/airflow/dags/f1_pipeline_dag.py
[2026-05-04T19:35:35.174+0000] {logging_mixin.py:188} INFO - [2026-05-04T19:35:35.174+0000] {dag.py:3036} INFO - Sync 1 DAGs
[2026-05-04T19:35:35.224+0000] {logging_mixin.py:188} INFO - [2026-05-04T19:35:35.223+0000] {dag.py:3823} INFO - Setting next_dagrun for f1_bigdata_pipeline to 2026-05-04 06:00:00+00:00, run_after=2026-05-11 06:00:00+00:00
[2026-05-04T19:35:35.295+0000] {processor.py:183} INFO - Processing /opt/airflow/dags/f1_pipeline_dag.py took 0.197 seconds
[2026-05-04T19:36:05.400+0000] {processor.py:161} INFO - Started process (PID=15361) to work on /opt/airflow/dags/f1_pipeline_dag.py
[2026-05-04T19:36:05.401+0000] {processor.py:830} INFO - Processing file /opt/airflow/dags/f1_pipeline_dag.py for tasks to queue
[2026-05-04T19:36:05.402+0000] {logging_mixin.py:188} INFO - [2026-05-04T19:36:05.402+0000] {dagbag.py:538} INFO - Filling up the DagBag from /opt/airflow/dags/f1_pipeline_dag.py
[2026-05-04T19:36:05.419+0000] {processor.py:840} INFO - DAG(s) 'f1_bigdata_pipeline' retrieved from /opt/airflow/dags/f1_pipeline_dag.py
[2026-05-04T19:36:05.467+0000] {logging_mixin.py:188} INFO - [2026-05-04T19:36:05.467+0000] {dag.py:3036} INFO - Sync 1 DAGs
[2026-05-04T19:36:05.484+0000] {logging_mixin.py:188} INFO - [2026-05-04T19:36:05.484+0000] {dag.py:3823} INFO - Setting next_dagrun for f1_bigdata_pipeline to 2026-05-04 06:00:00+00:00, run_after=2026-05-11 06:00:00+00:00
[2026-05-04T19:36:05.495+0000] {processor.py:183} INFO - Processing /opt/airflow/dags/f1_pipeline_dag.py took 0.101 seconds
[2026-05-04T19:36:35.733+0000] {processor.py:161} INFO - Started process (PID=15366) to work on /opt/airflow/dags/f1_pipeline_dag.py
[2026-05-04T19:36:35.735+0000] {processor.py:830} INFO - Processing file /opt/airflow/dags/f1_pipeline_dag.py for tasks to queue
[2026-05-04T19:36:35.736+0000] {logging_mixin.py:188} INFO - [2026-05-04T19:36:35.735+0000] {dagbag.py:538} INFO - Filling up the DagBag from /opt/airflow/dags/f1_pipeline_dag.py
[2026-05-04T19:36:35.749+0000] {processor.py:840} INFO - DAG(s) 'f1_bigdata_pipeline' retrieved from /opt/airflow/dags/f1_pipeline_dag.py
[2026-05-04T19:36:35.775+0000] {logging_mixin.py:188} INFO - [2026-05-04T19:36:35.775+0000] {dag.py:3036} INFO - Sync 1 DAGs
[2026-05-04T19:36:35.806+0000] {logging_mixin.py:188} INFO - [2026-05-04T19:36:35.806+0000] {dag.py:3823} INFO - Setting next_dagrun for f1_bigdata_pipeline to 2026-05-04 06:00:00+00:00, run_after=2026-05-11 06:00:00+00:00
[2026-05-04T19:36:35.816+0000] {processor.py:183} INFO - Processing /opt/airflow/dags/f1_pipeline_dag.py took 0.086 seconds
[2026-05-04T19:37:06.075+0000] {processor.py:161} INFO - Started process (PID=15371) to work on /opt/airflow/dags/f1_pipeline_dag.py
[2026-05-04T19:37:06.077+0000] {processor.py:830} INFO - Processing file /opt/airflow/dags/f1_pipeline_dag.py for tasks to queue
[2026-05-04T19:37:06.079+0000] {logging_mixin.py:188} INFO - [2026-05-04T19:37:06.078+0000] {dagbag.py:538} INFO - Filling up the DagBag from /opt/airflow/dags/f1_pipeline_dag.py
[2026-05-04T19:37:06.108+0000] {processor.py:840} INFO - DAG(s) 'f1_bigdata_pipeline' retrieved from /opt/airflow/dags/f1_pipeline_dag.py
[2026-05-04T19:37:06.139+0000] {logging_mixin.py:188} INFO - [2026-05-04T19:37:06.139+0000] {dag.py:3036} INFO - Sync 1 DAGs
[2026-05-04T19:37:06.157+0000] {logging_mixin.py:188} INFO - [2026-05-04T19:37:06.156+0000] {dag.py:3823} INFO - Setting next_dagrun for f1_bigdata_pipeline to 2026-05-04 06:00:00+00:00, run_after=2026-05-11 06:00:00+00:00
[2026-05-04T19:37:06.167+0000] {processor.py:183} INFO - Processing /opt/airflow/dags/f1_pipeline_dag.py took 0.097 seconds
[2026-05-04T19:37:36.414+0000] {processor.py:161} INFO - Started process (PID=15376) to work on /opt/airflow/dags/f1_pipeline_dag.py
[2026-05-04T19:37:36.417+0000] {processor.py:830} INFO - Processing file /opt/airflow/dags/f1_pipeline_dag.py for tasks to queue
[2026-05-04T19:37:36.419+0000] {logging_mixin.py:188} INFO - [2026-05-04T19:37:36.418+0000] {dagbag.py:538} INFO - Filling up the DagBag from /opt/airflow/dags/f1_pipeline_dag.py
[2026-05-04T19:37:36.442+0000] {processor.py:840} INFO - DAG(s) 'f1_bigdata_pipeline' retrieved from /opt/airflow/dags/f1_pipeline_dag.py
[2026-05-04T19:37:36.486+0000] {logging_mixin.py:188} INFO - [2026-05-04T19:37:36.486+0000] {dag.py:3036} INFO - Sync 1 DAGs
[2026-05-04T19:37:36.575+0000] {logging_mixin.py:188} INFO - [2026-05-04T19:37:36.575+0000] {dag.py:3823} INFO - Setting next_dagrun for f1_bigdata_pipeline to 2026-05-04 06:00:00+00:00, run_after=2026-05-11 06:00:00+00:00
[2026-05-04T19:37:36.628+0000] {processor.py:183} INFO - Processing /opt/airflow/dags/f1_pipeline_dag.py took 0.237 seconds
[2026-05-04T19:38:06.675+0000] {processor.py:161} INFO - Started process (PID=15381) to work on /opt/airflow/dags/f1_pipeline_dag.py
[2026-05-04T19:38:06.678+0000] {processor.py:830} INFO - Processing file /opt/airflow/dags/f1_pipeline_dag.py for tasks to queue
[2026-05-04T19:38:06.679+0000] {logging_mixin.py:188} INFO - [2026-05-04T19:38:06.678+0000] {dagbag.py:538} INFO - Filling up the DagBag from /opt/airflow/dags/f1_pipeline_dag.py
[2026-05-04T19:38:06.697+0000] {processor.py:840} INFO - DAG(s) 'f1_bigdata_pipeline' retrieved from /opt/airflow/dags/f1_pipeline_dag.py
[2026-05-04T19:38:06.747+0000] {logging_mixin.py:188} INFO - [2026-05-04T19:38:06.747+0000] {dag.py:3036} INFO - Sync 1 DAGs
[2026-05-04T19:38:06.765+0000] {logging_mixin.py:188} INFO - [2026-05-04T19:38:06.765+0000] {dag.py:3823} INFO - Setting next_dagrun for f1_bigdata_pipeline to 2026-05-04 06:00:00+00:00, run_after=2026-05-11 06:00:00+00:00
[2026-05-04T19:38:06.776+0000] {processor.py:183} INFO - Processing /opt/airflow/dags/f1_pipeline_dag.py took 0.107 seconds
[2026-05-04T19:38:36.949+0000] {processor.py:161} INFO - Started process (PID=15386) to work on /opt/airflow/dags/f1_pipeline_dag.py
[2026-05-04T19:38:36.951+0000] {processor.py:830} INFO - Processing file /opt/airflow/dags/f1_pipeline_dag.py for tasks to queue
[2026-05-04T19:38:36.952+0000] {logging_mixin.py:188} INFO - [2026-05-04T19:38:36.951+0000] {dagbag.py:538} INFO - Filling up the DagBag from /opt/airflow/dags/f1_pipeline_dag.py
[2026-05-04T19:38:36.967+0000] {processor.py:840} INFO - DAG(s) 'f1_bigdata_pipeline' retrieved from /opt/airflow/dags/f1_pipeline_dag.py
[2026-05-04T19:38:36.998+0000] {logging_mixin.py:188} INFO - [2026-05-04T19:38:36.998+0000] {dag.py:3036} INFO - Sync 1 DAGs
[2026-05-04T19:38:37.028+0000] {logging_mixin.py:188} INFO - [2026-05-04T19:38:37.028+0000] {dag.py:3823} INFO - Setting next_dagrun for f1_bigdata_pipeline to 2026-05-04 06:00:00+00:00, run_after=2026-05-11 06:00:00+00:00
[2026-05-04T19:38:37.038+0000] {processor.py:183} INFO - Processing /opt/airflow/dags/f1_pipeline_dag.py took 0.093 seconds
[2026-05-04T19:39:07.425+0000] {processor.py:161} INFO - Started process (PID=15391) to work on /opt/airflow/dags/f1_pipeline_dag.py
[2026-05-04T19:39:07.427+0000] {processor.py:830} INFO - Processing file /opt/airflow/dags/f1_pipeline_dag.py for tasks to queue
[2026-05-04T19:39:07.429+0000] {logging_mixin.py:188} INFO - [2026-05-04T19:39:07.428+0000] {dagbag.py:538} INFO - Filling up the DagBag from /opt/airflow/dags/f1_pipeline_dag.py
[2026-05-04T19:39:07.446+0000] {processor.py:840} INFO - DAG(s) 'f1_bigdata_pipeline' retrieved from /opt/airflow/dags/f1_pipeline_dag.py
[2026-05-04T19:39:07.489+0000] {logging_mixin.py:188} INFO - [2026-05-04T19:39:07.489+0000] {dag.py:3036} INFO - Sync 1 DAGs
[2026-05-04T19:39:07.507+0000] {logging_mixin.py:188} INFO - [2026-05-04T19:39:07.507+0000] {dag.py:3823} INFO - Setting next_dagrun for f1_bigdata_pipeline to 2026-05-04 06:00:00+00:00, run_after=2026-05-11 06:00:00+00:00
[2026-05-04T19:39:07.518+0000] {processor.py:183} INFO - Processing /opt/airflow/dags/f1_pipeline_dag.py took 0.099 seconds
[2026-05-04T19:55:04.991+0000] {processor.py:161} INFO - Started process (PID=15398) to work on /opt/airflow/dags/f1_pipeline_dag.py
[2026-05-04T19:55:04.995+0000] {processor.py:830} INFO - Processing file /opt/airflow/dags/f1_pipeline_dag.py for tasks to queue
[2026-05-04T19:55:04.997+0000] {logging_mixin.py:188} INFO - [2026-05-04T19:55:04.997+0000] {dagbag.py:538} INFO - Filling up the DagBag from /opt/airflow/dags/f1_pipeline_dag.py
[2026-05-04T19:55:05.218+0000] {processor.py:840} INFO - DAG(s) 'f1_bigdata_pipeline' retrieved from /opt/airflow/dags/f1_pipeline_dag.py
[2026-05-04T19:55:05.463+0000] {logging_mixin.py:188} INFO - [2026-05-04T19:55:05.463+0000] {dag.py:3036} INFO - Sync 1 DAGs
[2026-05-04T19:55:05.543+0000] {logging_mixin.py:188} INFO - [2026-05-04T19:55:05.543+0000] {dag.py:3823} INFO - Setting next_dagrun for f1_bigdata_pipeline to 2026-05-04 06:00:00+00:00, run_after=2026-05-11 06:00:00+00:00
[2026-05-04T19:55:05.551+0000] {processor.py:183} INFO - Processing /opt/airflow/dags/f1_pipeline_dag.py took 0.567 seconds
[2026-05-04T20:09:00.547+0000] {processor.py:161} INFO - Started process (PID=15403) to work on /opt/airflow/dags/f1_pipeline_dag.py
[2026-05-04T20:09:00.548+0000] {processor.py:830} INFO - Processing file /opt/airflow/dags/f1_pipeline_dag.py for tasks to queue
[2026-05-04T20:09:00.549+0000] {logging_mixin.py:188} INFO - [2026-05-04T20:09:00.548+0000] {dagbag.py:538} INFO - Filling up the DagBag from /opt/airflow/dags/f1_pipeline_dag.py
[2026-05-04T20:09:00.580+0000] {processor.py:840} INFO - DAG(s) 'f1_bigdata_pipeline' retrieved from /opt/airflow/dags/f1_pipeline_dag.py
[2026-05-04T20:09:00.633+0000] {logging_mixin.py:188} INFO - [2026-05-04T20:09:00.633+0000] {dag.py:3036} INFO - Sync 1 DAGs
[2026-05-04T20:09:00.658+0000] {logging_mixin.py:188} INFO - [2026-05-04T20:09:00.658+0000] {dag.py:3823} INFO - Setting next_dagrun for f1_bigdata_pipeline to 2026-05-04 06:00:00+00:00, run_after=2026-05-11 06:00:00+00:00
[2026-05-04T20:09:00.673+0000] {processor.py:183} INFO - Processing /opt/airflow/dags/f1_pipeline_dag.py took 0.131 seconds
[2026-05-04T20:31:39.232+0000] {processor.py:161} INFO - Started process (PID=15410) to work on /opt/airflow/dags/f1_pipeline_dag.py
[2026-05-04T20:31:39.235+0000] {processor.py:830} INFO - Processing file /opt/airflow/dags/f1_pipeline_dag.py for tasks to queue
[2026-05-04T20:31:39.240+0000] {logging_mixin.py:188} INFO - [2026-05-04T20:31:39.237+0000] {dagbag.py:538} INFO - Filling up the DagBag from /opt/airflow/dags/f1_pipeline_dag.py
[2026-05-04T20:31:39.282+0000] {processor.py:840} INFO - DAG(s) 'f1_bigdata_pipeline' retrieved from /opt/airflow/dags/f1_pipeline_dag.py
[2026-05-04T20:31:39.338+0000] {logging_mixin.py:188} INFO - [2026-05-04T20:31:39.338+0000] {dag.py:3036} INFO - Sync 1 DAGs
[2026-05-04T20:31:39.382+0000] {logging_mixin.py:188} INFO - [2026-05-04T20:31:39.381+0000] {dag.py:3823} INFO - Setting next_dagrun for f1_bigdata_pipeline to 2026-05-04 06:00:00+00:00, run_after=2026-05-11 06:00:00+00:00
[2026-05-04T20:31:39.402+0000] {processor.py:183} INFO - Processing /opt/airflow/dags/f1_pipeline_dag.py took 0.183 seconds
[2026-05-04T21:20:12.024+0000] {processor.py:161} INFO - Started process (PID=15415) to work on /opt/airflow/dags/f1_pipeline_dag.py
[2026-05-04T21:20:12.026+0000] {processor.py:830} INFO - Processing file /opt/airflow/dags/f1_pipeline_dag.py for tasks to queue
[2026-05-04T21:20:12.032+0000] {logging_mixin.py:188} INFO - [2026-05-04T21:20:12.027+0000] {dagbag.py:538} INFO - Filling up the DagBag from /opt/airflow/dags/f1_pipeline_dag.py
[2026-05-04T21:20:12.072+0000] {processor.py:840} INFO - DAG(s) 'f1_bigdata_pipeline' retrieved from /opt/airflow/dags/f1_pipeline_dag.py
[2026-05-04T21:20:12.142+0000] {logging_mixin.py:188} INFO - [2026-05-04T21:20:12.142+0000] {dag.py:3036} INFO - Sync 1 DAGs
[2026-05-04T21:20:12.202+0000] {logging_mixin.py:188} INFO - [2026-05-04T21:20:12.202+0000] {dag.py:3823} INFO - Setting next_dagrun for f1_bigdata_pipeline to 2026-05-04 06:00:00+00:00, run_after=2026-05-11 06:00:00+00:00
[2026-05-04T21:20:12.253+0000] {processor.py:183} INFO - Processing /opt/airflow/dags/f1_pipeline_dag.py took 0.240 seconds
[2026-05-04T21:45:15.509+0000] {processor.py:161} INFO - Started process (PID=15420) to work on /opt/airflow/dags/f1_pipeline_dag.py
[2026-05-04T21:45:15.513+0000] {processor.py:830} INFO - Processing file /opt/airflow/dags/f1_pipeline_dag.py for tasks to queue
[2026-05-04T21:45:15.517+0000] {logging_mixin.py:188} INFO - [2026-05-04T21:45:15.514+0000] {dagbag.py:538} INFO - Filling up the DagBag from /opt/airflow/dags/f1_pipeline_dag.py
[2026-05-04T21:45:15.622+0000] {processor.py:840} INFO - DAG(s) 'f1_bigdata_pipeline' retrieved from /opt/airflow/dags/f1_pipeline_dag.py
[2026-05-04T21:45:15.652+0000] {logging_mixin.py:188} INFO - [2026-05-04T21:45:15.652+0000] {dag.py:3036} INFO - Sync 1 DAGs
[2026-05-04T21:45:15.688+0000] {logging_mixin.py:188} INFO - [2026-05-04T21:45:15.688+0000] {dag.py:3823} INFO - Setting next_dagrun for f1_bigdata_pipeline to 2026-05-04 06:00:00+00:00, run_after=2026-05-11 06:00:00+00:00
[2026-05-04T21:45:15.756+0000] {processor.py:183} INFO - Processing /opt/airflow/dags/f1_pipeline_dag.py took 0.278 seconds
[2026-05-04T21:48:27.856+0000] {processor.py:161} INFO - Started process (PID=15425) to work on /opt/airflow/dags/f1_pipeline_dag.py
[2026-05-04T21:48:27.866+0000] {processor.py:830} INFO - Processing file /opt/airflow/dags/f1_pipeline_dag.py for tasks to queue
[2026-05-04T21:48:27.867+0000] {logging_mixin.py:188} INFO - [2026-05-04T21:48:27.867+0000] {dagbag.py:538} INFO - Filling up the DagBag from /opt/airflow/dags/f1_pipeline_dag.py
[2026-05-04T21:48:27.909+0000] {processor.py:840} INFO - DAG(s) 'f1_bigdata_pipeline' retrieved from /opt/airflow/dags/f1_pipeline_dag.py
[2026-05-04T21:48:27.956+0000] {logging_mixin.py:188} INFO - [2026-05-04T21:48:27.956+0000] {dag.py:3036} INFO - Sync 1 DAGs
[2026-05-04T21:48:27.980+0000] {logging_mixin.py:188} INFO - [2026-05-04T21:48:27.980+0000] {dag.py:3823} INFO - Setting next_dagrun for f1_bigdata_pipeline to 2026-05-04 06:00:00+00:00, run_after=2026-05-11 06:00:00+00:00
[2026-05-04T21:48:27.992+0000] {processor.py:183} INFO - Processing /opt/airflow/dags/f1_pipeline_dag.py took 0.172 seconds
[2026-05-04T21:48:58.132+0000] {processor.py:161} INFO - Started process (PID=15431) to work on /opt/airflow/dags/f1_pipeline_dag.py
[2026-05-04T21:48:58.136+0000] {processor.py:830} INFO - Processing file /opt/airflow/dags/f1_pipeline_dag.py for tasks to queue
[2026-05-04T21:48:58.137+0000] {logging_mixin.py:188} INFO - [2026-05-04T21:48:58.136+0000] {dagbag.py:538} INFO - Filling up the DagBag from /opt/airflow/dags/f1_pipeline_dag.py
[2026-05-04T21:48:58.148+0000] {processor.py:840} INFO - DAG(s) 'f1_bigdata_pipeline' retrieved from /opt/airflow/dags/f1_pipeline_dag.py
[2026-05-04T21:48:58.194+0000] {logging_mixin.py:188} INFO - [2026-05-04T21:48:58.194+0000] {dag.py:3036} INFO - Sync 1 DAGs
[2026-05-04T21:48:58.211+0000] {logging_mixin.py:188} INFO - [2026-05-04T21:48:58.211+0000] {dag.py:3823} INFO - Setting next_dagrun for f1_bigdata_pipeline to 2026-05-04 06:00:00+00:00, run_after=2026-05-11 06:00:00+00:00
[2026-05-04T21:48:58.228+0000] {processor.py:183} INFO - Processing /opt/airflow/dags/f1_pipeline_dag.py took 0.099 seconds
[2026-05-04T21:52:55.259+0000] {processor.py:161} INFO - Started process (PID=15438) to work on /opt/airflow/dags/f1_pipeline_dag.py
[2026-05-04T21:52:55.259+0000] {processor.py:830} INFO - Processing file /opt/airflow/dags/f1_pipeline_dag.py for tasks to queue
[2026-05-04T21:52:55.260+0000] {logging_mixin.py:188} INFO - [2026-05-04T21:52:55.260+0000] {dagbag.py:538} INFO - Filling up the DagBag from /opt/airflow/dags/f1_pipeline_dag.py
[2026-05-04T21:52:55.274+0000] {processor.py:840} INFO - DAG(s) 'f1_bigdata_pipeline' retrieved from /opt/airflow/dags/f1_pipeline_dag.py
[2026-05-04T21:52:55.313+0000] {logging_mixin.py:188} INFO - [2026-05-04T21:52:55.313+0000] {dag.py:3036} INFO - Sync 1 DAGs
[2026-05-04T21:52:55.332+0000] {logging_mixin.py:188} INFO - [2026-05-04T21:52:55.331+0000] {dag.py:3823} INFO - Setting next_dagrun for f1_bigdata_pipeline to 2026-05-04 06:00:00+00:00, run_after=2026-05-11 06:00:00+00:00
[2026-05-04T21:52:55.341+0000] {processor.py:183} INFO - Processing /opt/airflow/dags/f1_pipeline_dag.py took 0.085 seconds
[2026-05-04T21:58:48.652+0000] {processor.py:161} INFO - Started process (PID=15443) to work on /opt/airflow/dags/f1_pipeline_dag.py
[2026-05-04T21:58:48.653+0000] {processor.py:830} INFO - Processing file /opt/airflow/dags/f1_pipeline_dag.py for tasks to queue
[2026-05-04T21:58:48.654+0000] {logging_mixin.py:188} INFO - [2026-05-04T21:58:48.654+0000] {dagbag.py:538} INFO - Filling up the DagBag from /opt/airflow/dags/f1_pipeline_dag.py
[2026-05-04T21:58:48.676+0000] {processor.py:840} INFO - DAG(s) 'f1_bigdata_pipeline' retrieved from /opt/airflow/dags/f1_pipeline_dag.py
[2026-05-04T21:58:48.706+0000] {logging_mixin.py:188} INFO - [2026-05-04T21:58:48.706+0000] {dag.py:3036} INFO - Sync 1 DAGs
[2026-05-04T21:58:48.722+0000] {logging_mixin.py:188} INFO - [2026-05-04T21:58:48.722+0000] {dag.py:3823} INFO - Setting next_dagrun for f1_bigdata_pipeline to 2026-05-04 06:00:00+00:00, run_after=2026-05-11 06:00:00+00:00
[2026-05-04T21:58:48.731+0000] {processor.py:183} INFO - Processing /opt/airflow/dags/f1_pipeline_dag.py took 0.083 seconds
[2026-05-04T21:59:19.070+0000] {processor.py:161} INFO - Started process (PID=15448) to work on /opt/airflow/dags/f1_pipeline_dag.py
[2026-05-04T21:59:19.072+0000] {processor.py:830} INFO - Processing file /opt/airflow/dags/f1_pipeline_dag.py for tasks to queue
[2026-05-04T21:59:19.073+0000] {logging_mixin.py:188} INFO - [2026-05-04T21:59:19.073+0000] {dagbag.py:538} INFO - Filling up the DagBag from /opt/airflow/dags/f1_pipeline_dag.py
[2026-05-04T21:59:19.089+0000] {processor.py:840} INFO - DAG(s) 'f1_bigdata_pipeline' retrieved from /opt/airflow/dags/f1_pipeline_dag.py
[2026-05-04T21:59:19.120+0000] {logging_mixin.py:188} INFO - [2026-05-04T21:59:19.120+0000] {dag.py:3036} INFO - Sync 1 DAGs
[2026-05-04T21:59:19.148+0000] {logging_mixin.py:188} INFO - [2026-05-04T21:59:19.148+0000] {dag.py:3823} INFO - Setting next_dagrun for f1_bigdata_pipeline to 2026-05-04 06:00:00+00:00, run_after=2026-05-11 06:00:00+00:00
[2026-05-04T21:59:19.159+0000] {processor.py:183} INFO - Processing /opt/airflow/dags/f1_pipeline_dag.py took 0.098 seconds
[2026-05-04T22:17:01.732+0000] {processor.py:161} INFO - Started process (PID=15453) to work on /opt/airflow/dags/f1_pipeline_dag.py
[2026-05-04T22:17:01.732+0000] {processor.py:830} INFO - Processing file /opt/airflow/dags/f1_pipeline_dag.py for tasks to queue
[2026-05-04T22:17:01.733+0000] {logging_mixin.py:188} INFO - [2026-05-04T22:17:01.733+0000] {dagbag.py:538} INFO - Filling up the DagBag from /opt/airflow/dags/f1_pipeline_dag.py
[2026-05-04T22:17:01.768+0000] {processor.py:840} INFO - DAG(s) 'f1_bigdata_pipeline' retrieved from /opt/airflow/dags/f1_pipeline_dag.py
[2026-05-04T22:17:01.796+0000] {logging_mixin.py:188} INFO - [2026-05-04T22:17:01.796+0000] {dag.py:3036} INFO - Sync 1 DAGs
[2026-05-04T22:17:01.812+0000] {logging_mixin.py:188} INFO - [2026-05-04T22:17:01.812+0000] {dag.py:3823} INFO - Setting next_dagrun for f1_bigdata_pipeline to 2026-05-04 06:00:00+00:00, run_after=2026-05-11 06:00:00+00:00
[2026-05-04T22:17:01.821+0000] {processor.py:183} INFO - Processing /opt/airflow/dags/f1_pipeline_dag.py took 0.093 seconds
[2026-05-04T22:17:32.127+0000] {processor.py:161} INFO - Started process (PID=15458) to work on /opt/airflow/dags/f1_pipeline_dag.py
[2026-05-04T22:17:32.129+0000] {processor.py:830} INFO - Processing file /opt/airflow/dags/f1_pipeline_dag.py for tasks to queue
[2026-05-04T22:17:32.130+0000] {logging_mixin.py:188} INFO - [2026-05-04T22:17:32.129+0000] {dagbag.py:538} INFO - Filling up the DagBag from /opt/airflow/dags/f1_pipeline_dag.py
[2026-05-04T22:17:32.163+0000] {processor.py:840} INFO - DAG(s) 'f1_bigdata_pipeline' retrieved from /opt/airflow/dags/f1_pipeline_dag.py
[2026-05-04T22:17:32.198+0000] {logging_mixin.py:188} INFO - [2026-05-04T22:17:32.198+0000] {dag.py:3036} INFO - Sync 1 DAGs
[2026-05-04T22:17:32.214+0000] {logging_mixin.py:188} INFO - [2026-05-04T22:17:32.214+0000] {dag.py:3823} INFO - Setting next_dagrun for f1_bigdata_pipeline to 2026-05-04 06:00:00+00:00, run_after=2026-05-11 06:00:00+00:00
[2026-05-04T22:17:32.223+0000] {processor.py:183} INFO - Processing /opt/airflow/dags/f1_pipeline_dag.py took 0.102 seconds
[2026-05-04T22:23:08.940+0000] {processor.py:161} INFO - Started process (PID=15465) to work on /opt/airflow/dags/f1_pipeline_dag.py
[2026-05-04T22:23:08.942+0000] {processor.py:830} INFO - Processing file /opt/airflow/dags/f1_pipeline_dag.py for tasks to queue
[2026-05-04T22:23:08.943+0000] {logging_mixin.py:188} INFO - [2026-05-04T22:23:08.942+0000] {dagbag.py:538} INFO - Filling up the DagBag from /opt/airflow/dags/f1_pipeline_dag.py
[2026-05-04T22:23:08.989+0000] {processor.py:840} INFO - DAG(s) 'f1_bigdata_pipeline' retrieved from /opt/airflow/dags/f1_pipeline_dag.py
[2026-05-04T22:23:09.084+0000] {logging_mixin.py:188} INFO - [2026-05-04T22:23:09.083+0000] {dag.py:3036} INFO - Sync 1 DAGs
[2026-05-04T22:23:09.140+0000] {logging_mixin.py:188} INFO - [2026-05-04T22:23:09.140+0000] {dag.py:3823} INFO - Setting next_dagrun for f1_bigdata_pipeline to 2026-05-04 06:00:00+00:00, run_after=2026-05-11 06:00:00+00:00
[2026-05-04T22:23:09.183+0000] {processor.py:183} INFO - Processing /opt/airflow/dags/f1_pipeline_dag.py took 0.253 seconds
[2026-05-04T22:24:02.425+0000] {processor.py:161} INFO - Started process (PID=15470) to work on /opt/airflow/dags/f1_pipeline_dag.py
[2026-05-04T22:24:02.426+0000] {processor.py:830} INFO - Processing file /opt/airflow/dags/f1_pipeline_dag.py for tasks to queue
[2026-05-04T22:24:02.427+0000] {logging_mixin.py:188} INFO - [2026-05-04T22:24:02.427+0000] {dagbag.py:538} INFO - Filling up the DagBag from /opt/airflow/dags/f1_pipeline_dag.py
[2026-05-04T22:24:02.441+0000] {processor.py:840} INFO - DAG(s) 'f1_bigdata_pipeline' retrieved from /opt/airflow/dags/f1_pipeline_dag.py
[2026-05-04T22:24:02.483+0000] {logging_mixin.py:188} INFO - [2026-05-04T22:24:02.482+0000] {dag.py:3036} INFO - Sync 1 DAGs
[2026-05-04T22:24:02.500+0000] {logging_mixin.py:188} INFO - [2026-05-04T22:24:02.500+0000] {dag.py:3823} INFO - Setting next_dagrun for f1_bigdata_pipeline to 2026-05-04 06:00:00+00:00, run_after=2026-05-11 06:00:00+00:00
[2026-05-04T22:24:02.516+0000] {processor.py:183} INFO - Processing /opt/airflow/dags/f1_pipeline_dag.py took 0.095 seconds
[2026-05-04T22:26:39.133+0000] {processor.py:161} INFO - Started process (PID=15475) to work on /opt/airflow/dags/f1_pipeline_dag.py
[2026-05-04T22:26:39.136+0000] {processor.py:830} INFO - Processing file /opt/airflow/dags/f1_pipeline_dag.py for tasks to queue
[2026-05-04T22:26:39.138+0000] {logging_mixin.py:188} INFO - [2026-05-04T22:26:39.137+0000] {dagbag.py:538} INFO - Filling up the DagBag from /opt/airflow/dags/f1_pipeline_dag.py
[2026-05-04T22:26:39.189+0000] {processor.py:840} INFO - DAG(s) 'f1_bigdata_pipeline' retrieved from /opt/airflow/dags/f1_pipeline_dag.py
[2026-05-04T22:26:39.289+0000] {logging_mixin.py:188} INFO - [2026-05-04T22:26:39.289+0000] {dag.py:3036} INFO - Sync 1 DAGs
[2026-05-04T22:26:39.341+0000] {logging_mixin.py:188} INFO - [2026-05-04T22:26:39.341+0000] {dag.py:3823} INFO - Setting next_dagrun for f1_bigdata_pipeline to 2026-05-04 06:00:00+00:00, run_after=2026-05-11 06:00:00+00:00
[2026-05-04T22:26:39.381+0000] {processor.py:183} INFO - Processing /opt/airflow/dags/f1_pipeline_dag.py took 0.264 seconds
[2026-05-04T22:27:09.708+0000] {processor.py:161} INFO - Started process (PID=15480) to work on /opt/airflow/dags/f1_pipeline_dag.py
[2026-05-04T22:27:09.741+0000] {processor.py:830} INFO - Processing file /opt/airflow/dags/f1_pipeline_dag.py for tasks to queue
[2026-05-04T22:27:09.856+0000] {logging_mixin.py:188} INFO - [2026-05-04T22:27:09.783+0000] {dagbag.py:538} INFO - Filling up the DagBag from /opt/airflow/dags/f1_pipeline_dag.py
[2026-05-04T22:27:10.155+0000] {processor.py:840} INFO - DAG(s) 'f1_bigdata_pipeline' retrieved from /opt/airflow/dags/f1_pipeline_dag.py
[2026-05-04T22:27:12.028+0000] {logging_mixin.py:188} INFO - [2026-05-04T22:27:12.025+0000] {dag.py:3036} INFO - Sync 1 DAGs
[2026-05-04T22:27:12.751+0000] {logging_mixin.py:188} INFO - [2026-05-04T22:27:12.744+0000] {dag.py:3823} INFO - Setting next_dagrun for f1_bigdata_pipeline to 2026-05-04 06:00:00+00:00, run_after=2026-05-11 06:00:00+00:00
[2026-05-04T22:27:12.931+0000] {processor.py:183} INFO - Processing /opt/airflow/dags/f1_pipeline_dag.py took 3.320 seconds
[2026-05-04T22:27:43.206+0000] {processor.py:161} INFO - Started process (PID=15485) to work on /opt/airflow/dags/f1_pipeline_dag.py
[2026-05-04T22:27:43.211+0000] {processor.py:830} INFO - Processing file /opt/airflow/dags/f1_pipeline_dag.py for tasks to queue
[2026-05-04T22:27:43.213+0000] {logging_mixin.py:188} INFO - [2026-05-04T22:27:43.212+0000] {dagbag.py:538} INFO - Filling up the DagBag from /opt/airflow/dags/f1_pipeline_dag.py
[2026-05-04T22:27:43.275+0000] {processor.py:840} INFO - DAG(s) 'f1_bigdata_pipeline' retrieved from /opt/airflow/dags/f1_pipeline_dag.py
[2026-05-04T22:27:43.475+0000] {logging_mixin.py:188} INFO - [2026-05-04T22:27:43.474+0000] {dag.py:3036} INFO - Sync 1 DAGs
[2026-05-04T22:27:43.686+0000] {logging_mixin.py:188} INFO - [2026-05-04T22:27:43.685+0000] {dag.py:3823} INFO - Setting next_dagrun for f1_bigdata_pipeline to 2026-05-04 06:00:00+00:00, run_after=2026-05-11 06:00:00+00:00
[2026-05-04T22:27:43.734+0000] {processor.py:183} INFO - Processing /opt/airflow/dags/f1_pipeline_dag.py took 0.543 seconds
[2026-05-04T22:28:14.126+0000] {processor.py:161} INFO - Started process (PID=15490) to work on /opt/airflow/dags/f1_pipeline_dag.py
[2026-05-04T22:28:14.128+0000] {processor.py:830} INFO - Processing file /opt/airflow/dags/f1_pipeline_dag.py for tasks to queue
[2026-05-04T22:28:14.129+0000] {logging_mixin.py:188} INFO - [2026-05-04T22:28:14.128+0000] {dagbag.py:538} INFO - Filling up the DagBag from /opt/airflow/dags/f1_pipeline_dag.py
[2026-05-04T22:28:14.149+0000] {processor.py:840} INFO - DAG(s) 'f1_bigdata_pipeline' retrieved from /opt/airflow/dags/f1_pipeline_dag.py
[2026-05-04T22:28:14.194+0000] {logging_mixin.py:188} INFO - [2026-05-04T22:28:14.194+0000] {dag.py:3036} INFO - Sync 1 DAGs
[2026-05-04T22:28:14.212+0000] {logging_mixin.py:188} INFO - [2026-05-04T22:28:14.212+0000] {dag.py:3823} INFO - Setting next_dagrun for f1_bigdata_pipeline to 2026-05-04 06:00:00+00:00, run_after=2026-05-11 06:00:00+00:00
[2026-05-04T22:28:14.229+0000] {processor.py:183} INFO - Processing /opt/airflow/dags/f1_pipeline_dag.py took 0.109 seconds
[2026-05-04T22:28:44.463+0000] {processor.py:161} INFO - Started process (PID=15495) to work on /opt/airflow/dags/f1_pipeline_dag.py
[2026-05-04T22:28:44.465+0000] {processor.py:830} INFO - Processing file /opt/airflow/dags/f1_pipeline_dag.py for tasks to queue
[2026-05-04T22:28:44.466+0000] {logging_mixin.py:188} INFO - [2026-05-04T22:28:44.465+0000] {dagbag.py:538} INFO - Filling up the DagBag from /opt/airflow/dags/f1_pipeline_dag.py
[2026-05-04T22:28:44.483+0000] {processor.py:840} INFO - DAG(s) 'f1_bigdata_pipeline' retrieved from /opt/airflow/dags/f1_pipeline_dag.py
[2026-05-04T22:28:44.528+0000] {logging_mixin.py:188} INFO - [2026-05-04T22:28:44.528+0000] {dag.py:3036} INFO - Sync 1 DAGs
[2026-05-04T22:28:44.546+0000] {logging_mixin.py:188} INFO - [2026-05-04T22:28:44.546+0000] {dag.py:3823} INFO - Setting next_dagrun for f1_bigdata_pipeline to 2026-05-04 06:00:00+00:00, run_after=2026-05-11 06:00:00+00:00
[2026-05-04T22:28:44.557+0000] {processor.py:183} INFO - Processing /opt/airflow/dags/f1_pipeline_dag.py took 0.100 seconds
[2026-05-04T22:29:14.901+0000] {processor.py:161} INFO - Started process (PID=15500) to work on /opt/airflow/dags/f1_pipeline_dag.py
[2026-05-04T22:29:14.903+0000] {processor.py:830} INFO - Processing file /opt/airflow/dags/f1_pipeline_dag.py for tasks to queue
[2026-05-04T22:29:14.904+0000] {logging_mixin.py:188} INFO - [2026-05-04T22:29:14.903+0000] {dagbag.py:538} INFO - Filling up the DagBag from /opt/airflow/dags/f1_pipeline_dag.py
[2026-05-04T22:29:14.923+0000] {processor.py:840} INFO - DAG(s) 'f1_bigdata_pipeline' retrieved from /opt/airflow/dags/f1_pipeline_dag.py
[2026-05-04T22:29:15.002+0000] {logging_mixin.py:188} INFO - [2026-05-04T22:29:15.001+0000] {dag.py:3036} INFO - Sync 1 DAGs
[2026-05-04T22:29:15.090+0000] {logging_mixin.py:188} INFO - [2026-05-04T22:29:15.090+0000] {dag.py:3823} INFO - Setting next_dagrun for f1_bigdata_pipeline to 2026-05-04 06:00:00+00:00, run_after=2026-05-11 06:00:00+00:00
[2026-05-04T22:29:15.104+0000] {processor.py:183} INFO - Processing /opt/airflow/dags/f1_pipeline_dag.py took 0.208 seconds
[2026-05-04T22:29:45.260+0000] {processor.py:161} INFO - Started process (PID=15505) to work on /opt/airflow/dags/f1_pipeline_dag.py
[2026-05-04T22:29:45.262+0000] {processor.py:830} INFO - Processing file /opt/airflow/dags/f1_pipeline_dag.py for tasks to queue
[2026-05-04T22:29:45.263+0000] {logging_mixin.py:188} INFO - [2026-05-04T22:29:45.262+0000] {dagbag.py:538} INFO - Filling up the DagBag from /opt/airflow/dags/f1_pipeline_dag.py
[2026-05-04T22:29:45.283+0000] {processor.py:840} INFO - DAG(s) 'f1_bigdata_pipeline' retrieved from /opt/airflow/dags/f1_pipeline_dag.py
[2026-05-04T22:29:45.334+0000] {logging_mixin.py:188} INFO - [2026-05-04T22:29:45.334+0000] {dag.py:3036} INFO - Sync 1 DAGs
[2026-05-04T22:29:45.393+0000] {logging_mixin.py:188} INFO - [2026-05-04T22:29:45.393+0000] {dag.py:3823} INFO - Setting next_dagrun for f1_bigdata_pipeline to 2026-05-04 06:00:00+00:00, run_after=2026-05-11 06:00:00+00:00
[2026-05-04T22:29:45.441+0000] {processor.py:183} INFO - Processing /opt/airflow/dags/f1_pipeline_dag.py took 0.190 seconds
[2026-05-04T22:30:15.713+0000] {processor.py:161} INFO - Started process (PID=15510) to work on /opt/airflow/dags/f1_pipeline_dag.py
[2026-05-04T22:30:15.715+0000] {processor.py:830} INFO - Processing file /opt/airflow/dags/f1_pipeline_dag.py for tasks to queue
[2026-05-04T22:30:15.717+0000] {logging_mixin.py:188} INFO - [2026-05-04T22:30:15.716+0000] {dagbag.py:538} INFO - Filling up the DagBag from /opt/airflow/dags/f1_pipeline_dag.py
[2026-05-04T22:30:15.742+0000] {processor.py:840} INFO - DAG(s) 'f1_bigdata_pipeline' retrieved from /opt/airflow/dags/f1_pipeline_dag.py
[2026-05-04T22:30:15.779+0000] {logging_mixin.py:188} INFO - [2026-05-04T22:30:15.779+0000] {dag.py:3036} INFO - Sync 1 DAGs
[2026-05-04T22:30:15.801+0000] {logging_mixin.py:188} INFO - [2026-05-04T22:30:15.801+0000] {dag.py:3823} INFO - Setting next_dagrun for f1_bigdata_pipeline to 2026-05-04 06:00:00+00:00, run_after=2026-05-11 06:00:00+00:00
[2026-05-04T22:30:15.810+0000] {processor.py:183} INFO - Processing /opt/airflow/dags/f1_pipeline_dag.py took 0.104 seconds
[2026-05-04T22:30:46.120+0000] {processor.py:161} INFO - Started process (PID=15515) to work on /opt/airflow/dags/f1_pipeline_dag.py
[2026-05-04T22:30:46.122+0000] {processor.py:830} INFO - Processing file /opt/airflow/dags/f1_pipeline_dag.py for tasks to queue
[2026-05-04T22:30:46.123+0000] {logging_mixin.py:188} INFO - [2026-05-04T22:30:46.122+0000] {dagbag.py:538} INFO - Filling up the DagBag from /opt/airflow/dags/f1_pipeline_dag.py
[2026-05-04T22:30:46.142+0000] {processor.py:840} INFO - DAG(s) 'f1_bigdata_pipeline' retrieved from /opt/airflow/dags/f1_pipeline_dag.py
[2026-05-04T22:30:46.181+0000] {logging_mixin.py:188} INFO - [2026-05-04T22:30:46.181+0000] {dag.py:3036} INFO - Sync 1 DAGs
[2026-05-04T22:30:46.198+0000] {logging_mixin.py:188} INFO - [2026-05-04T22:30:46.198+0000] {dag.py:3823} INFO - Setting next_dagrun for f1_bigdata_pipeline to 2026-05-04 06:00:00+00:00, run_after=2026-05-11 06:00:00+00:00
[2026-05-04T22:30:46.209+0000] {processor.py:183} INFO - Processing /opt/airflow/dags/f1_pipeline_dag.py took 0.096 seconds
[2026-05-04T22:31:16.569+0000] {processor.py:161} INFO - Started process (PID=15520) to work on /opt/airflow/dags/f1_pipeline_dag.py
[2026-05-04T22:31:16.572+0000] {processor.py:830} INFO - Processing file /opt/airflow/dags/f1_pipeline_dag.py for tasks to queue
[2026-05-04T22:31:16.573+0000] {logging_mixin.py:188} INFO - [2026-05-04T22:31:16.573+0000] {dagbag.py:538} INFO - Filling up the DagBag from /opt/airflow/dags/f1_pipeline_dag.py
[2026-05-04T22:31:16.615+0000] {processor.py:840} INFO - DAG(s) 'f1_bigdata_pipeline' retrieved from /opt/airflow/dags/f1_pipeline_dag.py
[2026-05-04T22:31:16.645+0000] {logging_mixin.py:188} INFO - [2026-05-04T22:31:16.645+0000] {dag.py:3036} INFO - Sync 1 DAGs
[2026-05-04T22:31:16.662+0000] {logging_mixin.py:188} INFO - [2026-05-04T22:31:16.662+0000] {dag.py:3823} INFO - Setting next_dagrun for f1_bigdata_pipeline to 2026-05-04 06:00:00+00:00, run_after=2026-05-11 06:00:00+00:00
[2026-05-04T22:31:16.672+0000] {processor.py:183} INFO - Processing /opt/airflow/dags/f1_pipeline_dag.py took 0.109 seconds
[2026-05-04T22:31:46.968+0000] {processor.py:161} INFO - Started process (PID=15525) to work on /opt/airflow/dags/f1_pipeline_dag.py
[2026-05-04T22:31:46.970+0000] {processor.py:830} INFO - Processing file /opt/airflow/dags/f1_pipeline_dag.py for tasks to queue
[2026-05-04T22:31:46.971+0000] {logging_mixin.py:188} INFO - [2026-05-04T22:31:46.971+0000] {dagbag.py:538} INFO - Filling up the DagBag from /opt/airflow/dags/f1_pipeline_dag.py
[2026-05-04T22:31:46.995+0000] {processor.py:840} INFO - DAG(s) 'f1_bigdata_pipeline' retrieved from /opt/airflow/dags/f1_pipeline_dag.py
[2026-05-04T22:31:47.037+0000] {logging_mixin.py:188} INFO - [2026-05-04T22:31:47.037+0000] {dag.py:3036} INFO - Sync 1 DAGs
[2026-05-04T22:31:47.061+0000] {logging_mixin.py:188} INFO - [2026-05-04T22:31:47.061+0000] {dag.py:3823} INFO - Setting next_dagrun for f1_bigdata_pipeline to 2026-05-04 06:00:00+00:00, run_after=2026-05-11 06:00:00+00:00
[2026-05-04T22:31:47.071+0000] {processor.py:183} INFO - Processing /opt/airflow/dags/f1_pipeline_dag.py took 0.108 seconds
[2026-05-04T22:32:17.295+0000] {processor.py:161} INFO - Started process (PID=15530) to work on /opt/airflow/dags/f1_pipeline_dag.py
[2026-05-04T22:32:17.297+0000] {processor.py:830} INFO - Processing file /opt/airflow/dags/f1_pipeline_dag.py for tasks to queue
[2026-05-04T22:32:17.299+0000] {logging_mixin.py:188} INFO - [2026-05-04T22:32:17.298+0000] {dagbag.py:538} INFO - Filling up the DagBag from /opt/airflow/dags/f1_pipeline_dag.py
[2026-05-04T22:32:17.317+0000] {processor.py:840} INFO - DAG(s) 'f1_bigdata_pipeline' retrieved from /opt/airflow/dags/f1_pipeline_dag.py
[2026-05-04T22:32:17.361+0000] {logging_mixin.py:188} INFO - [2026-05-04T22:32:17.361+0000] {dag.py:3036} INFO - Sync 1 DAGs
[2026-05-04T22:32:17.378+0000] {logging_mixin.py:188} INFO - [2026-05-04T22:32:17.378+0000] {dag.py:3823} INFO - Setting next_dagrun for f1_bigdata_pipeline to 2026-05-04 06:00:00+00:00, run_after=2026-05-11 06:00:00+00:00
[2026-05-04T22:32:17.396+0000] {processor.py:183} INFO - Processing /opt/airflow/dags/f1_pipeline_dag.py took 0.108 seconds
[2026-05-04T22:32:47.734+0000] {processor.py:161} INFO - Started process (PID=15535) to work on /opt/airflow/dags/f1_pipeline_dag.py
[2026-05-04T22:32:47.736+0000] {processor.py:830} INFO - Processing file /opt/airflow/dags/f1_pipeline_dag.py for tasks to queue
[2026-05-04T22:32:47.737+0000] {logging_mixin.py:188} INFO - [2026-05-04T22:32:47.737+0000] {dagbag.py:538} INFO - Filling up the DagBag from /opt/airflow/dags/f1_pipeline_dag.py
[2026-05-04T22:32:47.758+0000] {processor.py:840} INFO - DAG(s) 'f1_bigdata_pipeline' retrieved from /opt/airflow/dags/f1_pipeline_dag.py
[2026-05-04T22:32:47.793+0000] {logging_mixin.py:188} INFO - [2026-05-04T22:32:47.793+0000] {dag.py:3036} INFO - Sync 1 DAGs
[2026-05-04T22:32:47.814+0000] {logging_mixin.py:188} INFO - [2026-05-04T22:32:47.814+0000] {dag.py:3823} INFO - Setting next_dagrun for f1_bigdata_pipeline to 2026-05-04 06:00:00+00:00, run_after=2026-05-11 06:00:00+00:00
[2026-05-04T22:32:47.825+0000] {processor.py:183} INFO - Processing /opt/airflow/dags/f1_pipeline_dag.py took 0.097 seconds
[2026-05-04T22:33:18.113+0000] {processor.py:161} INFO - Started process (PID=15540) to work on /opt/airflow/dags/f1_pipeline_dag.py
[2026-05-04T22:33:18.115+0000] {processor.py:830} INFO - Processing file /opt/airflow/dags/f1_pipeline_dag.py for tasks to queue
[2026-05-04T22:33:18.116+0000] {logging_mixin.py:188} INFO - [2026-05-04T22:33:18.115+0000] {dagbag.py:538} INFO - Filling up the DagBag from /opt/airflow/dags/f1_pipeline_dag.py
[2026-05-04T22:33:18.139+0000] {processor.py:840} INFO - DAG(s) 'f1_bigdata_pipeline' retrieved from /opt/airflow/dags/f1_pipeline_dag.py
[2026-05-04T22:33:18.169+0000] {logging_mixin.py:188} INFO - [2026-05-04T22:33:18.169+0000] {dag.py:3036} INFO - Sync 1 DAGs
[2026-05-04T22:33:18.186+0000] {logging_mixin.py:188} INFO - [2026-05-04T22:33:18.186+0000] {dag.py:3823} INFO - Setting next_dagrun for f1_bigdata_pipeline to 2026-05-04 06:00:00+00:00, run_after=2026-05-11 06:00:00+00:00
[2026-05-04T22:33:18.198+0000] {processor.py:183} INFO - Processing /opt/airflow/dags/f1_pipeline_dag.py took 0.089 seconds
[2026-05-04T22:33:48.633+0000] {processor.py:161} INFO - Started process (PID=15545) to work on /opt/airflow/dags/f1_pipeline_dag.py
[2026-05-04T22:33:48.637+0000] {processor.py:830} INFO - Processing file /opt/airflow/dags/f1_pipeline_dag.py for tasks to queue
[2026-05-04T22:33:48.639+0000] {logging_mixin.py:188} INFO - [2026-05-04T22:33:48.638+0000] {dagbag.py:538} INFO - Filling up the DagBag from /opt/airflow/dags/f1_pipeline_dag.py
[2026-05-04T22:33:48.710+0000] {processor.py:840} INFO - DAG(s) 'f1_bigdata_pipeline' retrieved from /opt/airflow/dags/f1_pipeline_dag.py
[2026-05-04T22:33:49.001+0000] {logging_mixin.py:188} INFO - [2026-05-04T22:33:49.001+0000] {dag.py:3036} INFO - Sync 1 DAGs
[2026-05-04T22:33:49.024+0000] {logging_mixin.py:188} INFO - [2026-05-04T22:33:49.024+0000] {dag.py:3823} INFO - Setting next_dagrun for f1_bigdata_pipeline to 2026-05-04 06:00:00+00:00, run_after=2026-05-11 06:00:00+00:00
[2026-05-04T22:33:49.037+0000] {processor.py:183} INFO - Processing /opt/airflow/dags/f1_pipeline_dag.py took 0.423 seconds
[2026-05-04T22:34:19.352+0000] {processor.py:161} INFO - Started process (PID=15550) to work on /opt/airflow/dags/f1_pipeline_dag.py
[2026-05-04T22:34:19.354+0000] {processor.py:830} INFO - Processing file /opt/airflow/dags/f1_pipeline_dag.py for tasks to queue
[2026-05-04T22:34:19.356+0000] {logging_mixin.py:188} INFO - [2026-05-04T22:34:19.355+0000] {dagbag.py:538} INFO - Filling up the DagBag from /opt/airflow/dags/f1_pipeline_dag.py
[2026-05-04T22:34:19.382+0000] {processor.py:840} INFO - DAG(s) 'f1_bigdata_pipeline' retrieved from /opt/airflow/dags/f1_pipeline_dag.py
[2026-05-04T22:34:19.419+0000] {logging_mixin.py:188} INFO - [2026-05-04T22:34:19.419+0000] {dag.py:3036} INFO - Sync 1 DAGs
[2026-05-04T22:34:19.447+0000] {logging_mixin.py:188} INFO - [2026-05-04T22:34:19.447+0000] {dag.py:3823} INFO - Setting next_dagrun for f1_bigdata_pipeline to 2026-05-04 06:00:00+00:00, run_after=2026-05-11 06:00:00+00:00
[2026-05-04T22:34:19.458+0000] {processor.py:183} INFO - Processing /opt/airflow/dags/f1_pipeline_dag.py took 0.116 seconds
[2026-05-04T22:34:49.778+0000] {processor.py:161} INFO - Started process (PID=15555) to work on /opt/airflow/dags/f1_pipeline_dag.py
[2026-05-04T22:34:49.780+0000] {processor.py:830} INFO - Processing file /opt/airflow/dags/f1_pipeline_dag.py for tasks to queue
[2026-05-04T22:34:49.781+0000] {logging_mixin.py:188} INFO - [2026-05-04T22:34:49.781+0000] {dagbag.py:538} INFO - Filling up the DagBag from /opt/airflow/dags/f1_pipeline_dag.py
[2026-05-04T22:34:49.806+0000] {processor.py:840} INFO - DAG(s) 'f1_bigdata_pipeline' retrieved from /opt/airflow/dags/f1_pipeline_dag.py
[2026-05-04T22:34:49.860+0000] {logging_mixin.py:188} INFO - [2026-05-04T22:34:49.860+0000] {dag.py:3036} INFO - Sync 1 DAGs
[2026-05-04T22:34:49.877+0000] {logging_mixin.py:188} INFO - [2026-05-04T22:34:49.877+0000] {dag.py:3823} INFO - Setting next_dagrun for f1_bigdata_pipeline to 2026-05-04 06:00:00+00:00, run_after=2026-05-11 06:00:00+00:00
[2026-05-04T22:34:49.888+0000] {processor.py:183} INFO - Processing /opt/airflow/dags/f1_pipeline_dag.py took 0.116 seconds
[2026-05-04T22:35:20.462+0000] {processor.py:161} INFO - Started process (PID=15560) to work on /opt/airflow/dags/f1_pipeline_dag.py
[2026-05-04T22:35:20.464+0000] {processor.py:830} INFO - Processing file /opt/airflow/dags/f1_pipeline_dag.py for tasks to queue
[2026-05-04T22:35:20.465+0000] {logging_mixin.py:188} INFO - [2026-05-04T22:35:20.464+0000] {dagbag.py:538} INFO - Filling up the DagBag from /opt/airflow/dags/f1_pipeline_dag.py
[2026-05-04T22:35:20.494+0000] {processor.py:840} INFO - DAG(s) 'f1_bigdata_pipeline' retrieved from /opt/airflow/dags/f1_pipeline_dag.py
[2026-05-04T22:35:20.526+0000] {logging_mixin.py:188} INFO - [2026-05-04T22:35:20.526+0000] {dag.py:3036} INFO - Sync 1 DAGs
[2026-05-04T22:35:20.549+0000] {logging_mixin.py:188} INFO - [2026-05-04T22:35:20.549+0000] {dag.py:3823} INFO - Setting next_dagrun for f1_bigdata_pipeline to 2026-05-04 06:00:00+00:00, run_after=2026-05-11 06:00:00+00:00
[2026-05-04T22:35:20.560+0000] {processor.py:183} INFO - Processing /opt/airflow/dags/f1_pipeline_dag.py took 0.102 seconds
[2026-05-04T22:35:50.932+0000] {processor.py:161} INFO - Started process (PID=15565) to work on /opt/airflow/dags/f1_pipeline_dag.py
[2026-05-04T22:35:50.934+0000] {processor.py:830} INFO - Processing file /opt/airflow/dags/f1_pipeline_dag.py for tasks to queue
[2026-05-04T22:35:50.935+0000] {logging_mixin.py:188} INFO - [2026-05-04T22:35:50.934+0000] {dagbag.py:538} INFO - Filling up the DagBag from /opt/airflow/dags/f1_pipeline_dag.py
[2026-05-04T22:35:50.956+0000] {processor.py:840} INFO - DAG(s) 'f1_bigdata_pipeline' retrieved from /opt/airflow/dags/f1_pipeline_dag.py
[2026-05-04T22:35:51.000+0000] {logging_mixin.py:188} INFO - [2026-05-04T22:35:51.000+0000] {dag.py:3036} INFO - Sync 1 DAGs
[2026-05-04T22:35:51.019+0000] {logging_mixin.py:188} INFO - [2026-05-04T22:35:51.019+0000] {dag.py:3823} INFO - Setting next_dagrun for f1_bigdata_pipeline to 2026-05-04 06:00:00+00:00, run_after=2026-05-11 06:00:00+00:00
[2026-05-04T22:35:51.029+0000] {processor.py:183} INFO - Processing /opt/airflow/dags/f1_pipeline_dag.py took 0.104 seconds
[2026-05-04T22:36:21.314+0000] {processor.py:161} INFO - Started process (PID=15570) to work on /opt/airflow/dags/f1_pipeline_dag.py
[2026-05-04T22:36:21.316+0000] {processor.py:830} INFO - Processing file /opt/airflow/dags/f1_pipeline_dag.py for tasks to queue
[2026-05-04T22:36:21.317+0000] {logging_mixin.py:188} INFO - [2026-05-04T22:36:21.317+0000] {dagbag.py:538} INFO - Filling up the DagBag from /opt/airflow/dags/f1_pipeline_dag.py
[2026-05-04T22:36:21.335+0000] {processor.py:840} INFO - DAG(s) 'f1_bigdata_pipeline' retrieved from /opt/airflow/dags/f1_pipeline_dag.py
[2026-05-04T22:36:21.375+0000] {logging_mixin.py:188} INFO - [2026-05-04T22:36:21.375+0000] {dag.py:3036} INFO - Sync 1 DAGs
[2026-05-04T22:36:21.393+0000] {logging_mixin.py:188} INFO - [2026-05-04T22:36:21.393+0000] {dag.py:3823} INFO - Setting next_dagrun for f1_bigdata_pipeline to 2026-05-04 06:00:00+00:00, run_after=2026-05-11 06:00:00+00:00
[2026-05-04T22:36:21.403+0000] {processor.py:183} INFO - Processing /opt/airflow/dags/f1_pipeline_dag.py took 0.095 seconds
[2026-05-04T22:36:51.699+0000] {processor.py:161} INFO - Started process (PID=15575) to work on /opt/airflow/dags/f1_pipeline_dag.py
[2026-05-04T22:36:51.701+0000] {processor.py:830} INFO - Processing file /opt/airflow/dags/f1_pipeline_dag.py for tasks to queue
[2026-05-04T22:36:51.702+0000] {logging_mixin.py:188} INFO - [2026-05-04T22:36:51.701+0000] {dagbag.py:538} INFO - Filling up the DagBag from /opt/airflow/dags/f1_pipeline_dag.py
[2026-05-04T22:36:51.721+0000] {processor.py:840} INFO - DAG(s) 'f1_bigdata_pipeline' retrieved from /opt/airflow/dags/f1_pipeline_dag.py
[2026-05-04T22:36:51.795+0000] {logging_mixin.py:188} INFO - [2026-05-04T22:36:51.795+0000] {dag.py:3036} INFO - Sync 1 DAGs
[2026-05-04T22:36:51.834+0000] {logging_mixin.py:188} INFO - [2026-05-04T22:36:51.834+0000] {dag.py:3823} INFO - Setting next_dagrun for f1_bigdata_pipeline to 2026-05-04 06:00:00+00:00, run_after=2026-05-11 06:00:00+00:00
[2026-05-04T22:36:51.848+0000] {processor.py:183} INFO - Processing /opt/airflow/dags/f1_pipeline_dag.py took 0.160 seconds
[2026-05-04T22:37:22.244+0000] {processor.py:161} INFO - Started process (PID=15580) to work on /opt/airflow/dags/f1_pipeline_dag.py
[2026-05-04T22:37:22.246+0000] {processor.py:830} INFO - Processing file /opt/airflow/dags/f1_pipeline_dag.py for tasks to queue
[2026-05-04T22:37:22.247+0000] {logging_mixin.py:188} INFO - [2026-05-04T22:37:22.246+0000] {dagbag.py:538} INFO - Filling up the DagBag from /opt/airflow/dags/f1_pipeline_dag.py
[2026-05-04T22:37:22.264+0000] {processor.py:840} INFO - DAG(s) 'f1_bigdata_pipeline' retrieved from /opt/airflow/dags/f1_pipeline_dag.py
[2026-05-04T22:37:22.304+0000] {logging_mixin.py:188} INFO - [2026-05-04T22:37:22.303+0000] {dag.py:3036} INFO - Sync 1 DAGs
[2026-05-04T22:37:22.323+0000] {logging_mixin.py:188} INFO - [2026-05-04T22:37:22.322+0000] {dag.py:3823} INFO - Setting next_dagrun for f1_bigdata_pipeline to 2026-05-04 06:00:00+00:00, run_after=2026-05-11 06:00:00+00:00
[2026-05-04T22:37:22.333+0000] {processor.py:183} INFO - Processing /opt/airflow/dags/f1_pipeline_dag.py took 0.104 seconds
[2026-05-04T22:37:52.679+0000] {processor.py:161} INFO - Started process (PID=15585) to work on /opt/airflow/dags/f1_pipeline_dag.py
[2026-05-04T22:37:52.686+0000] {processor.py:830} INFO - Processing file /opt/airflow/dags/f1_pipeline_dag.py for tasks to queue
[2026-05-04T22:37:52.687+0000] {logging_mixin.py:188} INFO - [2026-05-04T22:37:52.687+0000] {dagbag.py:538} INFO - Filling up the DagBag from /opt/airflow/dags/f1_pipeline_dag.py
[2026-05-04T22:37:52.708+0000] {processor.py:840} INFO - DAG(s) 'f1_bigdata_pipeline' retrieved from /opt/airflow/dags/f1_pipeline_dag.py
[2026-05-04T22:37:52.754+0000] {logging_mixin.py:188} INFO - [2026-05-04T22:37:52.754+0000] {dag.py:3036} INFO - Sync 1 DAGs
[2026-05-04T22:37:52.816+0000] {logging_mixin.py:188} INFO - [2026-05-04T22:37:52.816+0000] {dag.py:3823} INFO - Setting next_dagrun for f1_bigdata_pipeline to 2026-05-04 06:00:00+00:00, run_after=2026-05-11 06:00:00+00:00
[2026-05-04T22:37:52.833+0000] {processor.py:183} INFO - Processing /opt/airflow/dags/f1_pipeline_dag.py took 0.166 seconds
[2026-05-04T22:38:23.746+0000] {processor.py:161} INFO - Started process (PID=15590) to work on /opt/airflow/dags/f1_pipeline_dag.py
[2026-05-04T22:38:23.760+0000] {processor.py:830} INFO - Processing file /opt/airflow/dags/f1_pipeline_dag.py for tasks to queue
[2026-05-04T22:38:23.761+0000] {logging_mixin.py:188} INFO - [2026-05-04T22:38:23.761+0000] {dagbag.py:538} INFO - Filling up the DagBag from /opt/airflow/dags/f1_pipeline_dag.py
[2026-05-04T22:38:23.802+0000] {processor.py:840} INFO - DAG(s) 'f1_bigdata_pipeline' retrieved from /opt/airflow/dags/f1_pipeline_dag.py
[2026-05-04T22:38:23.844+0000] {logging_mixin.py:188} INFO - [2026-05-04T22:38:23.844+0000] {dag.py:3036} INFO - Sync 1 DAGs
[2026-05-04T22:38:23.864+0000] {logging_mixin.py:188} INFO - [2026-05-04T22:38:23.864+0000] {dag.py:3823} INFO - Setting next_dagrun for f1_bigdata_pipeline to 2026-05-04 06:00:00+00:00, run_after=2026-05-11 06:00:00+00:00
[2026-05-04T22:38:23.873+0000] {processor.py:183} INFO - Processing /opt/airflow/dags/f1_pipeline_dag.py took 0.144 seconds
[2026-05-04T22:38:54.150+0000] {processor.py:161} INFO - Started process (PID=15595) to work on /opt/airflow/dags/f1_pipeline_dag.py
[2026-05-04T22:38:54.152+0000] {processor.py:830} INFO - Processing file /opt/airflow/dags/f1_pipeline_dag.py for tasks to queue
[2026-05-04T22:38:54.154+0000] {logging_mixin.py:188} INFO - [2026-05-04T22:38:54.153+0000] {dagbag.py:538} INFO - Filling up the DagBag from /opt/airflow/dags/f1_pipeline_dag.py
[2026-05-04T22:38:54.175+0000] {processor.py:840} INFO - DAG(s) 'f1_bigdata_pipeline' retrieved from /opt/airflow/dags/f1_pipeline_dag.py
[2026-05-04T22:38:54.218+0000] {logging_mixin.py:188} INFO - [2026-05-04T22:38:54.218+0000] {dag.py:3036} INFO - Sync 1 DAGs
[2026-05-04T22:38:54.239+0000] {logging_mixin.py:188} INFO - [2026-05-04T22:38:54.238+0000] {dag.py:3823} INFO - Setting next_dagrun for f1_bigdata_pipeline to 2026-05-04 06:00:00+00:00, run_after=2026-05-11 06:00:00+00:00
[2026-05-04T22:38:54.311+0000] {processor.py:183} INFO - Processing /opt/airflow/dags/f1_pipeline_dag.py took 0.169 seconds
[2026-05-04T22:39:24.527+0000] {processor.py:161} INFO - Started process (PID=15600) to work on /opt/airflow/dags/f1_pipeline_dag.py
[2026-05-04T22:39:24.530+0000] {processor.py:830} INFO - Processing file /opt/airflow/dags/f1_pipeline_dag.py for tasks to queue
[2026-05-04T22:39:24.531+0000] {logging_mixin.py:188} INFO - [2026-05-04T22:39:24.531+0000] {dagbag.py:538} INFO - Filling up the DagBag from /opt/airflow/dags/f1_pipeline_dag.py
[2026-05-04T22:39:24.551+0000] {processor.py:840} INFO - DAG(s) 'f1_bigdata_pipeline' retrieved from /opt/airflow/dags/f1_pipeline_dag.py
[2026-05-04T22:39:24.582+0000] {logging_mixin.py:188} INFO - [2026-05-04T22:39:24.582+0000] {dag.py:3036} INFO - Sync 1 DAGs
[2026-05-04T22:39:24.604+0000] {logging_mixin.py:188} INFO - [2026-05-04T22:39:24.604+0000] {dag.py:3823} INFO - Setting next_dagrun for f1_bigdata_pipeline to 2026-05-04 06:00:00+00:00, run_after=2026-05-11 06:00:00+00:00
[2026-05-04T22:39:24.615+0000] {processor.py:183} INFO - Processing /opt/airflow/dags/f1_pipeline_dag.py took 0.099 seconds
[2026-05-04T22:39:55.033+0000] {processor.py:161} INFO - Started process (PID=15605) to work on /opt/airflow/dags/f1_pipeline_dag.py
[2026-05-04T22:39:55.035+0000] {processor.py:830} INFO - Processing file /opt/airflow/dags/f1_pipeline_dag.py for tasks to queue
[2026-05-04T22:39:55.037+0000] {logging_mixin.py:188} INFO - [2026-05-04T22:39:55.036+0000] {dagbag.py:538} INFO - Filling up the DagBag from /opt/airflow/dags/f1_pipeline_dag.py
[2026-05-04T22:39:55.066+0000] {processor.py:840} INFO - DAG(s) 'f1_bigdata_pipeline' retrieved from /opt/airflow/dags/f1_pipeline_dag.py
[2026-05-04T22:39:55.095+0000] {logging_mixin.py:188} INFO - [2026-05-04T22:39:55.095+0000] {dag.py:3036} INFO - Sync 1 DAGs
[2026-05-04T22:39:55.122+0000] {logging_mixin.py:188} INFO - [2026-05-04T22:39:55.122+0000] {dag.py:3823} INFO - Setting next_dagrun for f1_bigdata_pipeline to 2026-05-04 06:00:00+00:00, run_after=2026-05-11 06:00:00+00:00
[2026-05-04T22:39:55.132+0000] {processor.py:183} INFO - Processing /opt/airflow/dags/f1_pipeline_dag.py took 0.109 seconds
[2026-05-04T22:40:25.350+0000] {processor.py:161} INFO - Started process (PID=15610) to work on /opt/airflow/dags/f1_pipeline_dag.py
[2026-05-04T22:40:25.352+0000] {processor.py:830} INFO - Processing file /opt/airflow/dags/f1_pipeline_dag.py for tasks to queue
[2026-05-04T22:40:25.353+0000] {logging_mixin.py:188} INFO - [2026-05-04T22:40:25.352+0000] {dagbag.py:538} INFO - Filling up the DagBag from /opt/airflow/dags/f1_pipeline_dag.py
[2026-05-04T22:40:25.368+0000] {processor.py:840} INFO - DAG(s) 'f1_bigdata_pipeline' retrieved from /opt/airflow/dags/f1_pipeline_dag.py
[2026-05-04T22:40:25.406+0000] {logging_mixin.py:188} INFO - [2026-05-04T22:40:25.406+0000] {dag.py:3036} INFO - Sync 1 DAGs
[2026-05-04T22:40:25.422+0000] {logging_mixin.py:188} INFO - [2026-05-04T22:40:25.422+0000] {dag.py:3823} INFO - Setting next_dagrun for f1_bigdata_pipeline to 2026-05-04 06:00:00+00:00, run_after=2026-05-11 06:00:00+00:00
[2026-05-04T22:40:25.432+0000] {processor.py:183} INFO - Processing /opt/airflow/dags/f1_pipeline_dag.py took 0.087 seconds
[2026-05-04T22:40:55.949+0000] {processor.py:161} INFO - Started process (PID=15615) to work on /opt/airflow/dags/f1_pipeline_dag.py
[2026-05-04T22:40:55.962+0000] {processor.py:830} INFO - Processing file /opt/airflow/dags/f1_pipeline_dag.py for tasks to queue
[2026-05-04T22:40:55.964+0000] {logging_mixin.py:188} INFO - [2026-05-04T22:40:55.963+0000] {dagbag.py:538} INFO - Filling up the DagBag from /opt/airflow/dags/f1_pipeline_dag.py
[2026-05-04T22:40:56.014+0000] {processor.py:840} INFO - DAG(s) 'f1_bigdata_pipeline' retrieved from /opt/airflow/dags/f1_pipeline_dag.py
[2026-05-04T22:40:56.089+0000] {logging_mixin.py:188} INFO - [2026-05-04T22:40:56.089+0000] {dag.py:3036} INFO - Sync 1 DAGs
[2026-05-04T22:40:56.140+0000] {logging_mixin.py:188} INFO - [2026-05-04T22:40:56.140+0000] {dag.py:3823} INFO - Setting next_dagrun for f1_bigdata_pipeline to 2026-05-04 06:00:00+00:00, run_after=2026-05-11 06:00:00+00:00
[2026-05-04T22:40:56.174+0000] {processor.py:183} INFO - Processing /opt/airflow/dags/f1_pipeline_dag.py took 0.251 seconds
[2026-05-04T22:41:26.359+0000] {processor.py:161} INFO - Started process (PID=15620) to work on /opt/airflow/dags/f1_pipeline_dag.py
[2026-05-04T22:41:26.364+0000] {processor.py:830} INFO - Processing file /opt/airflow/dags/f1_pipeline_dag.py for tasks to queue
[2026-05-04T22:41:26.367+0000] {logging_mixin.py:188} INFO - [2026-05-04T22:41:26.367+0000] {dagbag.py:538} INFO - Filling up the DagBag from /opt/airflow/dags/f1_pipeline_dag.py
[2026-05-04T22:41:26.384+0000] {processor.py:840} INFO - DAG(s) 'f1_bigdata_pipeline' retrieved from /opt/airflow/dags/f1_pipeline_dag.py
[2026-05-04T22:41:26.426+0000] {logging_mixin.py:188} INFO - [2026-05-04T22:41:26.426+0000] {dag.py:3036} INFO - Sync 1 DAGs
[2026-05-04T22:41:26.444+0000] {logging_mixin.py:188} INFO - [2026-05-04T22:41:26.444+0000] {dag.py:3823} INFO - Setting next_dagrun for f1_bigdata_pipeline to 2026-05-04 06:00:00+00:00, run_after=2026-05-11 06:00:00+00:00
[2026-05-04T22:41:26.466+0000] {processor.py:183} INFO - Processing /opt/airflow/dags/f1_pipeline_dag.py took 0.113 seconds
[2026-05-04T22:41:56.696+0000] {processor.py:161} INFO - Started process (PID=15625) to work on /opt/airflow/dags/f1_pipeline_dag.py
[2026-05-04T22:41:56.698+0000] {processor.py:830} INFO - Processing file /opt/airflow/dags/f1_pipeline_dag.py for tasks to queue
[2026-05-04T22:41:56.699+0000] {logging_mixin.py:188} INFO - [2026-05-04T22:41:56.699+0000] {dagbag.py:538} INFO - Filling up the DagBag from /opt/airflow/dags/f1_pipeline_dag.py
[2026-05-04T22:41:56.713+0000] {processor.py:840} INFO - DAG(s) 'f1_bigdata_pipeline' retrieved from /opt/airflow/dags/f1_pipeline_dag.py
[2026-05-04T22:41:56.762+0000] {logging_mixin.py:188} INFO - [2026-05-04T22:41:56.761+0000] {dag.py:3036} INFO - Sync 1 DAGs
[2026-05-04T22:41:56.778+0000] {logging_mixin.py:188} INFO - [2026-05-04T22:41:56.778+0000] {dag.py:3823} INFO - Setting next_dagrun for f1_bigdata_pipeline to 2026-05-04 06:00:00+00:00, run_after=2026-05-11 06:00:00+00:00
[2026-05-04T22:41:56.787+0000] {processor.py:183} INFO - Processing /opt/airflow/dags/f1_pipeline_dag.py took 0.094 seconds
[2026-05-04T22:42:26.990+0000] {processor.py:161} INFO - Started process (PID=15630) to work on /opt/airflow/dags/f1_pipeline_dag.py
[2026-05-04T22:42:26.992+0000] {processor.py:830} INFO - Processing file /opt/airflow/dags/f1_pipeline_dag.py for tasks to queue
[2026-05-04T22:42:26.993+0000] {logging_mixin.py:188} INFO - [2026-05-04T22:42:26.992+0000] {dagbag.py:538} INFO - Filling up the DagBag from /opt/airflow/dags/f1_pipeline_dag.py
[2026-05-04T22:42:27.027+0000] {processor.py:840} INFO - DAG(s) 'f1_bigdata_pipeline' retrieved from /opt/airflow/dags/f1_pipeline_dag.py
[2026-05-04T22:42:27.056+0000] {logging_mixin.py:188} INFO - [2026-05-04T22:42:27.056+0000] {dag.py:3036} INFO - Sync 1 DAGs
[2026-05-04T22:42:27.072+0000] {logging_mixin.py:188} INFO - [2026-05-04T22:42:27.072+0000] {dag.py:3823} INFO - Setting next_dagrun for f1_bigdata_pipeline to 2026-05-04 06:00:00+00:00, run_after=2026-05-11 06:00:00+00:00
[2026-05-04T22:42:27.081+0000] {processor.py:183} INFO - Processing /opt/airflow/dags/f1_pipeline_dag.py took 0.097 seconds
[2026-05-04T22:42:57.360+0000] {processor.py:161} INFO - Started process (PID=15635) to work on /opt/airflow/dags/f1_pipeline_dag.py
[2026-05-04T22:42:57.363+0000] {processor.py:830} INFO - Processing file /opt/airflow/dags/f1_pipeline_dag.py for tasks to queue
[2026-05-04T22:42:57.364+0000] {logging_mixin.py:188} INFO - [2026-05-04T22:42:57.363+0000] {dagbag.py:538} INFO - Filling up the DagBag from /opt/airflow/dags/f1_pipeline_dag.py
[2026-05-04T22:42:57.387+0000] {processor.py:840} INFO - DAG(s) 'f1_bigdata_pipeline' retrieved from /opt/airflow/dags/f1_pipeline_dag.py
[2026-05-04T22:42:57.436+0000] {logging_mixin.py:188} INFO - [2026-05-04T22:42:57.435+0000] {dag.py:3036} INFO - Sync 1 DAGs
[2026-05-04T22:42:57.453+0000] {logging_mixin.py:188} INFO - [2026-05-04T22:42:57.452+0000] {dag.py:3823} INFO - Setting next_dagrun for f1_bigdata_pipeline to 2026-05-04 06:00:00+00:00, run_after=2026-05-11 06:00:00+00:00
[2026-05-04T22:42:57.469+0000] {processor.py:183} INFO - Processing /opt/airflow/dags/f1_pipeline_dag.py took 0.114 seconds
[2026-05-04T22:43:27.687+0000] {processor.py:161} INFO - Started process (PID=15640) to work on /opt/airflow/dags/f1_pipeline_dag.py
[2026-05-04T22:43:27.689+0000] {processor.py:830} INFO - Processing file /opt/airflow/dags/f1_pipeline_dag.py for tasks to queue
[2026-05-04T22:43:27.690+0000] {logging_mixin.py:188} INFO - [2026-05-04T22:43:27.689+0000] {dagbag.py:538} INFO - Filling up the DagBag from /opt/airflow/dags/f1_pipeline_dag.py
[2026-05-04T22:43:27.721+0000] {processor.py:840} INFO - DAG(s) 'f1_bigdata_pipeline' retrieved from /opt/airflow/dags/f1_pipeline_dag.py
[2026-05-04T22:43:27.764+0000] {logging_mixin.py:188} INFO - [2026-05-04T22:43:27.764+0000] {dag.py:3036} INFO - Sync 1 DAGs
[2026-05-04T22:43:27.780+0000] {logging_mixin.py:188} INFO - [2026-05-04T22:43:27.780+0000] {dag.py:3823} INFO - Setting next_dagrun for f1_bigdata_pipeline to 2026-05-04 06:00:00+00:00, run_after=2026-05-11 06:00:00+00:00
[2026-05-04T22:43:27.790+0000] {processor.py:183} INFO - Processing /opt/airflow/dags/f1_pipeline_dag.py took 0.109 seconds
[2026-05-04T22:43:58.126+0000] {processor.py:161} INFO - Started process (PID=15645) to work on /opt/airflow/dags/f1_pipeline_dag.py
[2026-05-04T22:43:58.128+0000] {processor.py:830} INFO - Processing file /opt/airflow/dags/f1_pipeline_dag.py for tasks to queue
[2026-05-04T22:43:58.129+0000] {logging_mixin.py:188} INFO - [2026-05-04T22:43:58.128+0000] {dagbag.py:538} INFO - Filling up the DagBag from /opt/airflow/dags/f1_pipeline_dag.py
[2026-05-04T22:43:58.166+0000] {processor.py:840} INFO - DAG(s) 'f1_bigdata_pipeline' retrieved from /opt/airflow/dags/f1_pipeline_dag.py
[2026-05-04T22:43:58.217+0000] {logging_mixin.py:188} INFO - [2026-05-04T22:43:58.217+0000] {dag.py:3036} INFO - Sync 1 DAGs
[2026-05-04T22:43:58.238+0000] {logging_mixin.py:188} INFO - [2026-05-04T22:43:58.238+0000] {dag.py:3823} INFO - Setting next_dagrun for f1_bigdata_pipeline to 2026-05-04 06:00:00+00:00, run_after=2026-05-11 06:00:00+00:00
[2026-05-04T22:43:58.258+0000] {processor.py:183} INFO - Processing /opt/airflow/dags/f1_pipeline_dag.py took 0.138 seconds
[2026-05-04T22:44:28.507+0000] {processor.py:161} INFO - Started process (PID=15650) to work on /opt/airflow/dags/f1_pipeline_dag.py
[2026-05-04T22:44:28.510+0000] {processor.py:830} INFO - Processing file /opt/airflow/dags/f1_pipeline_dag.py for tasks to queue
[2026-05-04T22:44:28.511+0000] {logging_mixin.py:188} INFO - [2026-05-04T22:44:28.510+0000] {dagbag.py:538} INFO - Filling up the DagBag from /opt/airflow/dags/f1_pipeline_dag.py
[2026-05-04T22:44:28.556+0000] {processor.py:840} INFO - DAG(s) 'f1_bigdata_pipeline' retrieved from /opt/airflow/dags/f1_pipeline_dag.py
[2026-05-04T22:44:28.589+0000] {logging_mixin.py:188} INFO - [2026-05-04T22:44:28.589+0000] {dag.py:3036} INFO - Sync 1 DAGs
[2026-05-04T22:44:28.605+0000] {logging_mixin.py:188} INFO - [2026-05-04T22:44:28.605+0000] {dag.py:3823} INFO - Setting next_dagrun for f1_bigdata_pipeline to 2026-05-04 06:00:00+00:00, run_after=2026-05-11 06:00:00+00:00
[2026-05-04T22:44:28.615+0000] {processor.py:183} INFO - Processing /opt/airflow/dags/f1_pipeline_dag.py took 0.114 seconds
[2026-05-04T22:44:58.875+0000] {processor.py:161} INFO - Started process (PID=15655) to work on /opt/airflow/dags/f1_pipeline_dag.py
[2026-05-04T22:44:58.877+0000] {processor.py:830} INFO - Processing file /opt/airflow/dags/f1_pipeline_dag.py for tasks to queue
[2026-05-04T22:44:58.878+0000] {logging_mixin.py:188} INFO - [2026-05-04T22:44:58.878+0000] {dagbag.py:538} INFO - Filling up the DagBag from /opt/airflow/dags/f1_pipeline_dag.py
[2026-05-04T22:44:58.901+0000] {processor.py:840} INFO - DAG(s) 'f1_bigdata_pipeline' retrieved from /opt/airflow/dags/f1_pipeline_dag.py
[2026-05-04T22:44:58.948+0000] {logging_mixin.py:188} INFO - [2026-05-04T22:44:58.948+0000] {dag.py:3036} INFO - Sync 1 DAGs
[2026-05-04T22:44:58.964+0000] {logging_mixin.py:188} INFO - [2026-05-04T22:44:58.964+0000] {dag.py:3823} INFO - Setting next_dagrun for f1_bigdata_pipeline to 2026-05-04 06:00:00+00:00, run_after=2026-05-11 06:00:00+00:00
[2026-05-04T22:44:58.973+0000] {processor.py:183} INFO - Processing /opt/airflow/dags/f1_pipeline_dag.py took 0.104 seconds
[2026-05-04T22:45:29.205+0000] {processor.py:161} INFO - Started process (PID=15660) to work on /opt/airflow/dags/f1_pipeline_dag.py
[2026-05-04T22:45:29.222+0000] {processor.py:830} INFO - Processing file /opt/airflow/dags/f1_pipeline_dag.py for tasks to queue
[2026-05-04T22:45:29.226+0000] {logging_mixin.py:188} INFO - [2026-05-04T22:45:29.224+0000] {dagbag.py:538} INFO - Filling up the DagBag from /opt/airflow/dags/f1_pipeline_dag.py
[2026-05-04T22:45:29.248+0000] {processor.py:840} INFO - DAG(s) 'f1_bigdata_pipeline' retrieved from /opt/airflow/dags/f1_pipeline_dag.py
[2026-05-04T22:45:29.278+0000] {logging_mixin.py:188} INFO - [2026-05-04T22:45:29.277+0000] {dag.py:3036} INFO - Sync 1 DAGs
[2026-05-04T22:45:29.294+0000] {logging_mixin.py:188} INFO - [2026-05-04T22:45:29.293+0000] {dag.py:3823} INFO - Setting next_dagrun for f1_bigdata_pipeline to 2026-05-04 06:00:00+00:00, run_after=2026-05-11 06:00:00+00:00
[2026-05-04T22:45:29.316+0000] {processor.py:183} INFO - Processing /opt/airflow/dags/f1_pipeline_dag.py took 0.123 seconds
[2026-05-04T22:45:59.636+0000] {processor.py:161} INFO - Started process (PID=15665) to work on /opt/airflow/dags/f1_pipeline_dag.py
[2026-05-04T22:45:59.639+0000] {processor.py:830} INFO - Processing file /opt/airflow/dags/f1_pipeline_dag.py for tasks to queue
[2026-05-04T22:45:59.641+0000] {logging_mixin.py:188} INFO - [2026-05-04T22:45:59.640+0000] {dagbag.py:538} INFO - Filling up the DagBag from /opt/airflow/dags/f1_pipeline_dag.py
[2026-05-04T22:45:59.667+0000] {processor.py:840} INFO - DAG(s) 'f1_bigdata_pipeline' retrieved from /opt/airflow/dags/f1_pipeline_dag.py
[2026-05-04T22:45:59.698+0000] {logging_mixin.py:188} INFO - [2026-05-04T22:45:59.698+0000] {dag.py:3036} INFO - Sync 1 DAGs
[2026-05-04T22:45:59.715+0000] {logging_mixin.py:188} INFO - [2026-05-04T22:45:59.715+0000] {dag.py:3823} INFO - Setting next_dagrun for f1_bigdata_pipeline to 2026-05-04 06:00:00+00:00, run_after=2026-05-11 06:00:00+00:00
[2026-05-04T22:45:59.726+0000] {processor.py:183} INFO - Processing /opt/airflow/dags/f1_pipeline_dag.py took 0.097 seconds
[2026-05-04T22:46:30.212+0000] {processor.py:161} INFO - Started process (PID=15670) to work on /opt/airflow/dags/f1_pipeline_dag.py
[2026-05-04T22:46:30.213+0000] {processor.py:830} INFO - Processing file /opt/airflow/dags/f1_pipeline_dag.py for tasks to queue
[2026-05-04T22:46:30.214+0000] {logging_mixin.py:188} INFO - [2026-05-04T22:46:30.214+0000] {dagbag.py:538} INFO - Filling up the DagBag from /opt/airflow/dags/f1_pipeline_dag.py
[2026-05-04T22:46:30.227+0000] {processor.py:840} INFO - DAG(s) 'f1_bigdata_pipeline' retrieved from /opt/airflow/dags/f1_pipeline_dag.py
[2026-05-04T22:46:30.265+0000] {logging_mixin.py:188} INFO - [2026-05-04T22:46:30.265+0000] {dag.py:3036} INFO - Sync 1 DAGs
[2026-05-04T22:46:30.286+0000] {logging_mixin.py:188} INFO - [2026-05-04T22:46:30.286+0000] {dag.py:3823} INFO - Setting next_dagrun for f1_bigdata_pipeline to 2026-05-04 06:00:00+00:00, run_after=2026-05-11 06:00:00+00:00
[2026-05-04T22:46:30.296+0000] {processor.py:183} INFO - Processing /opt/airflow/dags/f1_pipeline_dag.py took 0.087 seconds
[2026-05-04T23:00:44.216+0000] {processor.py:161} INFO - Started process (PID=15675) to work on /opt/airflow/dags/f1_pipeline_dag.py
[2026-05-04T23:00:44.223+0000] {processor.py:830} INFO - Processing file /opt/airflow/dags/f1_pipeline_dag.py for tasks to queue
[2026-05-04T23:00:44.230+0000] {logging_mixin.py:188} INFO - [2026-05-04T23:00:44.230+0000] {dagbag.py:538} INFO - Filling up the DagBag from /opt/airflow/dags/f1_pipeline_dag.py
[2026-05-04T23:00:44.261+0000] {processor.py:840} INFO - DAG(s) 'f1_bigdata_pipeline' retrieved from /opt/airflow/dags/f1_pipeline_dag.py
[2026-05-04T23:00:44.335+0000] {logging_mixin.py:188} INFO - [2026-05-04T23:00:44.335+0000] {dag.py:3036} INFO - Sync 1 DAGs
[2026-05-04T23:00:44.369+0000] {logging_mixin.py:188} INFO - [2026-05-04T23:00:44.369+0000] {dag.py:3823} INFO - Setting next_dagrun for f1_bigdata_pipeline to 2026-05-04 06:00:00+00:00, run_after=2026-05-11 06:00:00+00:00
[2026-05-04T23:00:44.468+0000] {processor.py:183} INFO - Processing /opt/airflow/dags/f1_pipeline_dag.py took 0.283 seconds
[2026-05-04T23:01:14.823+0000] {processor.py:161} INFO - Started process (PID=15682) to work on /opt/airflow/dags/f1_pipeline_dag.py
[2026-05-04T23:01:14.825+0000] {processor.py:830} INFO - Processing file /opt/airflow/dags/f1_pipeline_dag.py for tasks to queue
[2026-05-04T23:01:14.826+0000] {logging_mixin.py:188} INFO - [2026-05-04T23:01:14.826+0000] {dagbag.py:538} INFO - Filling up the DagBag from /opt/airflow/dags/f1_pipeline_dag.py
[2026-05-04T23:01:14.858+0000] {processor.py:840} INFO - DAG(s) 'f1_bigdata_pipeline' retrieved from /opt/airflow/dags/f1_pipeline_dag.py
[2026-05-04T23:01:15.004+0000] {logging_mixin.py:188} INFO - [2026-05-04T23:01:15.004+0000] {dag.py:3036} INFO - Sync 1 DAGs
[2026-05-04T23:01:15.093+0000] {logging_mixin.py:188} INFO - [2026-05-04T23:01:15.092+0000] {dag.py:3823} INFO - Setting next_dagrun for f1_bigdata_pipeline to 2026-05-04 06:00:00+00:00, run_after=2026-05-11 06:00:00+00:00
[2026-05-04T23:01:15.105+0000] {processor.py:183} INFO - Processing /opt/airflow/dags/f1_pipeline_dag.py took 0.288 seconds
[2026-05-04T23:01:45.196+0000] {processor.py:161} INFO - Started process (PID=15687) to work on /opt/airflow/dags/f1_pipeline_dag.py
[2026-05-04T23:01:45.212+0000] {processor.py:830} INFO - Processing file /opt/airflow/dags/f1_pipeline_dag.py for tasks to queue
[2026-05-04T23:01:45.221+0000] {logging_mixin.py:188} INFO - [2026-05-04T23:01:45.220+0000] {dagbag.py:538} INFO - Filling up the DagBag from /opt/airflow/dags/f1_pipeline_dag.py
[2026-05-04T23:01:45.244+0000] {processor.py:840} INFO - DAG(s) 'f1_bigdata_pipeline' retrieved from /opt/airflow/dags/f1_pipeline_dag.py
[2026-05-04T23:01:45.274+0000] {logging_mixin.py:188} INFO - [2026-05-04T23:01:45.274+0000] {dag.py:3036} INFO - Sync 1 DAGs
[2026-05-04T23:01:45.290+0000] {logging_mixin.py:188} INFO - [2026-05-04T23:01:45.290+0000] {dag.py:3823} INFO - Setting next_dagrun for f1_bigdata_pipeline to 2026-05-04 06:00:00+00:00, run_after=2026-05-11 06:00:00+00:00
[2026-05-04T23:01:45.301+0000] {processor.py:183} INFO - Processing /opt/airflow/dags/f1_pipeline_dag.py took 0.112 seconds
[2026-05-04T23:02:15.576+0000] {processor.py:161} INFO - Started process (PID=15692) to work on /opt/airflow/dags/f1_pipeline_dag.py
[2026-05-04T23:02:15.578+0000] {processor.py:830} INFO - Processing file /opt/airflow/dags/f1_pipeline_dag.py for tasks to queue
[2026-05-04T23:02:15.579+0000] {logging_mixin.py:188} INFO - [2026-05-04T23:02:15.579+0000] {dagbag.py:538} INFO - Filling up the DagBag from /opt/airflow/dags/f1_pipeline_dag.py
[2026-05-04T23:02:15.604+0000] {processor.py:840} INFO - DAG(s) 'f1_bigdata_pipeline' retrieved from /opt/airflow/dags/f1_pipeline_dag.py
[2026-05-04T23:02:15.652+0000] {logging_mixin.py:188} INFO - [2026-05-04T23:02:15.651+0000] {dag.py:3036} INFO - Sync 1 DAGs
[2026-05-04T23:02:15.669+0000] {logging_mixin.py:188} INFO - [2026-05-04T23:02:15.668+0000] {dag.py:3823} INFO - Setting next_dagrun for f1_bigdata_pipeline to 2026-05-04 06:00:00+00:00, run_after=2026-05-11 06:00:00+00:00
[2026-05-04T23:02:15.678+0000] {processor.py:183} INFO - Processing /opt/airflow/dags/f1_pipeline_dag.py took 0.105 seconds
[2026-05-04T23:02:45.949+0000] {processor.py:161} INFO - Started process (PID=15697) to work on /opt/airflow/dags/f1_pipeline_dag.py
[2026-05-04T23:02:45.951+0000] {processor.py:830} INFO - Processing file /opt/airflow/dags/f1_pipeline_dag.py for tasks to queue
[2026-05-04T23:02:45.953+0000] {logging_mixin.py:188} INFO - [2026-05-04T23:02:45.952+0000] {dagbag.py:538} INFO - Filling up the DagBag from /opt/airflow/dags/f1_pipeline_dag.py
[2026-05-04T23:02:45.976+0000] {processor.py:840} INFO - DAG(s) 'f1_bigdata_pipeline' retrieved from /opt/airflow/dags/f1_pipeline_dag.py
[2026-05-04T23:02:46.016+0000] {logging_mixin.py:188} INFO - [2026-05-04T23:02:46.016+0000] {dag.py:3036} INFO - Sync 1 DAGs
[2026-05-04T23:02:46.035+0000] {logging_mixin.py:188} INFO - [2026-05-04T23:02:46.035+0000] {dag.py:3823} INFO - Setting next_dagrun for f1_bigdata_pipeline to 2026-05-04 06:00:00+00:00, run_after=2026-05-11 06:00:00+00:00
[2026-05-04T23:02:46.045+0000] {processor.py:183} INFO - Processing /opt/airflow/dags/f1_pipeline_dag.py took 0.102 seconds
[2026-05-04T23:03:16.306+0000] {processor.py:161} INFO - Started process (PID=15702) to work on /opt/airflow/dags/f1_pipeline_dag.py
[2026-05-04T23:03:16.307+0000] {processor.py:830} INFO - Processing file /opt/airflow/dags/f1_pipeline_dag.py for tasks to queue
[2026-05-04T23:03:16.308+0000] {logging_mixin.py:188} INFO - [2026-05-04T23:03:16.307+0000] {dagbag.py:538} INFO - Filling up the DagBag from /opt/airflow/dags/f1_pipeline_dag.py
[2026-05-04T23:03:16.323+0000] {processor.py:840} INFO - DAG(s) 'f1_bigdata_pipeline' retrieved from /opt/airflow/dags/f1_pipeline_dag.py
[2026-05-04T23:03:16.351+0000] {logging_mixin.py:188} INFO - [2026-05-04T23:03:16.351+0000] {dag.py:3036} INFO - Sync 1 DAGs
[2026-05-04T23:03:16.383+0000] {logging_mixin.py:188} INFO - [2026-05-04T23:03:16.382+0000] {dag.py:3823} INFO - Setting next_dagrun for f1_bigdata_pipeline to 2026-05-04 06:00:00+00:00, run_after=2026-05-11 06:00:00+00:00
[2026-05-04T23:03:16.392+0000] {processor.py:183} INFO - Processing /opt/airflow/dags/f1_pipeline_dag.py took 0.091 seconds
[2026-05-04T23:03:46.619+0000] {processor.py:161} INFO - Started process (PID=15707) to work on /opt/airflow/dags/f1_pipeline_dag.py
[2026-05-04T23:03:46.620+0000] {processor.py:830} INFO - Processing file /opt/airflow/dags/f1_pipeline_dag.py for tasks to queue
[2026-05-04T23:03:46.621+0000] {logging_mixin.py:188} INFO - [2026-05-04T23:03:46.621+0000] {dagbag.py:538} INFO - Filling up the DagBag from /opt/airflow/dags/f1_pipeline_dag.py
[2026-05-04T23:03:46.637+0000] {processor.py:840} INFO - DAG(s) 'f1_bigdata_pipeline' retrieved from /opt/airflow/dags/f1_pipeline_dag.py
[2026-05-04T23:03:46.684+0000] {logging_mixin.py:188} INFO - [2026-05-04T23:03:46.684+0000] {dag.py:3036} INFO - Sync 1 DAGs
[2026-05-04T23:03:46.700+0000] {logging_mixin.py:188} INFO - [2026-05-04T23:03:46.700+0000] {dag.py:3823} INFO - Setting next_dagrun for f1_bigdata_pipeline to 2026-05-04 06:00:00+00:00, run_after=2026-05-11 06:00:00+00:00
[2026-05-04T23:03:46.711+0000] {processor.py:183} INFO - Processing /opt/airflow/dags/f1_pipeline_dag.py took 0.097 seconds
[2026-05-04T23:04:16.946+0000] {processor.py:161} INFO - Started process (PID=15712) to work on /opt/airflow/dags/f1_pipeline_dag.py
[2026-05-04T23:04:16.947+0000] {processor.py:830} INFO - Processing file /opt/airflow/dags/f1_pipeline_dag.py for tasks to queue
[2026-05-04T23:04:16.949+0000] {logging_mixin.py:188} INFO - [2026-05-04T23:04:16.948+0000] {dagbag.py:538} INFO - Filling up the DagBag from /opt/airflow/dags/f1_pipeline_dag.py
[2026-05-04T23:04:16.989+0000] {processor.py:840} INFO - DAG(s) 'f1_bigdata_pipeline' retrieved from /opt/airflow/dags/f1_pipeline_dag.py
[2026-05-04T23:04:17.017+0000] {logging_mixin.py:188} INFO - [2026-05-04T23:04:17.017+0000] {dag.py:3036} INFO - Sync 1 DAGs
[2026-05-04T23:04:17.033+0000] {logging_mixin.py:188} INFO - [2026-05-04T23:04:17.033+0000] {dag.py:3823} INFO - Setting next_dagrun for f1_bigdata_pipeline to 2026-05-04 06:00:00+00:00, run_after=2026-05-11 06:00:00+00:00
[2026-05-04T23:04:17.052+0000] {processor.py:183} INFO - Processing /opt/airflow/dags/f1_pipeline_dag.py took 0.112 seconds
[2026-05-04T23:04:47.335+0000] {processor.py:161} INFO - Started process (PID=15717) to work on /opt/airflow/dags/f1_pipeline_dag.py
[2026-05-04T23:04:47.337+0000] {processor.py:830} INFO - Processing file /opt/airflow/dags/f1_pipeline_dag.py for tasks to queue
[2026-05-04T23:04:47.339+0000] {logging_mixin.py:188} INFO - [2026-05-04T23:04:47.338+0000] {dagbag.py:538} INFO - Filling up the DagBag from /opt/airflow/dags/f1_pipeline_dag.py
[2026-05-04T23:04:47.358+0000] {processor.py:840} INFO - DAG(s) 'f1_bigdata_pipeline' retrieved from /opt/airflow/dags/f1_pipeline_dag.py
[2026-05-04T23:04:47.386+0000] {logging_mixin.py:188} INFO - [2026-05-04T23:04:47.386+0000] {dag.py:3036} INFO - Sync 1 DAGs
[2026-05-04T23:04:47.409+0000] {logging_mixin.py:188} INFO - [2026-05-04T23:04:47.409+0000] {dag.py:3823} INFO - Setting next_dagrun for f1_bigdata_pipeline to 2026-05-04 06:00:00+00:00, run_after=2026-05-11 06:00:00+00:00
[2026-05-04T23:04:47.424+0000] {processor.py:183} INFO - Processing /opt/airflow/dags/f1_pipeline_dag.py took 0.114 seconds
[2026-05-04T23:05:17.652+0000] {processor.py:161} INFO - Started process (PID=15722) to work on /opt/airflow/dags/f1_pipeline_dag.py
[2026-05-04T23:05:17.654+0000] {processor.py:830} INFO - Processing file /opt/airflow/dags/f1_pipeline_dag.py for tasks to queue
[2026-05-04T23:05:17.655+0000] {logging_mixin.py:188} INFO - [2026-05-04T23:05:17.655+0000] {dagbag.py:538} INFO - Filling up the DagBag from /opt/airflow/dags/f1_pipeline_dag.py
[2026-05-04T23:05:17.677+0000] {processor.py:840} INFO - DAG(s) 'f1_bigdata_pipeline' retrieved from /opt/airflow/dags/f1_pipeline_dag.py
[2026-05-04T23:05:17.730+0000] {logging_mixin.py:188} INFO - [2026-05-04T23:05:17.729+0000] {dag.py:3036} INFO - Sync 1 DAGs
[2026-05-04T23:05:17.746+0000] {logging_mixin.py:188} INFO - [2026-05-04T23:05:17.746+0000] {dag.py:3823} INFO - Setting next_dagrun for f1_bigdata_pipeline to 2026-05-04 06:00:00+00:00, run_after=2026-05-11 06:00:00+00:00
[2026-05-04T23:05:17.756+0000] {processor.py:183} INFO - Processing /opt/airflow/dags/f1_pipeline_dag.py took 0.112 seconds
[2026-05-04T23:05:48.047+0000] {processor.py:161} INFO - Started process (PID=15727) to work on /opt/airflow/dags/f1_pipeline_dag.py
[2026-05-04T23:05:48.050+0000] {processor.py:830} INFO - Processing file /opt/airflow/dags/f1_pipeline_dag.py for tasks to queue
[2026-05-04T23:05:48.051+0000] {logging_mixin.py:188} INFO - [2026-05-04T23:05:48.051+0000] {dagbag.py:538} INFO - Filling up the DagBag from /opt/airflow/dags/f1_pipeline_dag.py
[2026-05-04T23:05:48.071+0000] {processor.py:840} INFO - DAG(s) 'f1_bigdata_pipeline' retrieved from /opt/airflow/dags/f1_pipeline_dag.py
[2026-05-04T23:05:48.118+0000] {logging_mixin.py:188} INFO - [2026-05-04T23:05:48.118+0000] {dag.py:3036} INFO - Sync 1 DAGs
[2026-05-04T23:05:48.134+0000] {logging_mixin.py:188} INFO - [2026-05-04T23:05:48.134+0000] {dag.py:3823} INFO - Setting next_dagrun for f1_bigdata_pipeline to 2026-05-04 06:00:00+00:00, run_after=2026-05-11 06:00:00+00:00
[2026-05-04T23:05:48.144+0000] {processor.py:183} INFO - Processing /opt/airflow/dags/f1_pipeline_dag.py took 0.102 seconds
[2026-05-04T23:06:18.494+0000] {processor.py:161} INFO - Started process (PID=15732) to work on /opt/airflow/dags/f1_pipeline_dag.py
[2026-05-04T23:06:18.495+0000] {processor.py:830} INFO - Processing file /opt/airflow/dags/f1_pipeline_dag.py for tasks to queue
[2026-05-04T23:06:18.496+0000] {logging_mixin.py:188} INFO - [2026-05-04T23:06:18.495+0000] {dagbag.py:538} INFO - Filling up the DagBag from /opt/airflow/dags/f1_pipeline_dag.py
[2026-05-04T23:06:18.518+0000] {processor.py:840} INFO - DAG(s) 'f1_bigdata_pipeline' retrieved from /opt/airflow/dags/f1_pipeline_dag.py
[2026-05-04T23:06:18.571+0000] {logging_mixin.py:188} INFO - [2026-05-04T23:06:18.571+0000] {dag.py:3036} INFO - Sync 1 DAGs
[2026-05-04T23:06:18.589+0000] {logging_mixin.py:188} INFO - [2026-05-04T23:06:18.589+0000] {dag.py:3823} INFO - Setting next_dagrun for f1_bigdata_pipeline to 2026-05-04 06:00:00+00:00, run_after=2026-05-11 06:00:00+00:00
[2026-05-04T23:06:18.599+0000] {processor.py:183} INFO - Processing /opt/airflow/dags/f1_pipeline_dag.py took 0.111 seconds
[2026-05-04T23:12:01.651+0000] {processor.py:161} INFO - Started process (PID=15738) to work on /opt/airflow/dags/f1_pipeline_dag.py
[2026-05-04T23:12:01.652+0000] {processor.py:830} INFO - Processing file /opt/airflow/dags/f1_pipeline_dag.py for tasks to queue
[2026-05-04T23:12:01.653+0000] {logging_mixin.py:188} INFO - [2026-05-04T23:12:01.653+0000] {dagbag.py:538} INFO - Filling up the DagBag from /opt/airflow/dags/f1_pipeline_dag.py
[2026-05-04T23:12:01.672+0000] {processor.py:840} INFO - DAG(s) 'f1_bigdata_pipeline' retrieved from /opt/airflow/dags/f1_pipeline_dag.py
[2026-05-04T23:12:01.712+0000] {logging_mixin.py:188} INFO - [2026-05-04T23:12:01.712+0000] {dag.py:3036} INFO - Sync 1 DAGs
[2026-05-04T23:12:01.727+0000] {logging_mixin.py:188} INFO - [2026-05-04T23:12:01.727+0000] {dag.py:3823} INFO - Setting next_dagrun for f1_bigdata_pipeline to 2026-05-04 06:00:00+00:00, run_after=2026-05-11 06:00:00+00:00
[2026-05-04T23:12:01.737+0000] {processor.py:183} INFO - Processing /opt/airflow/dags/f1_pipeline_dag.py took 0.094 seconds
[2026-05-04T23:32:10.271+0000] {processor.py:161} INFO - Started process (PID=15744) to work on /opt/airflow/dags/f1_pipeline_dag.py
[2026-05-04T23:32:10.284+0000] {processor.py:830} INFO - Processing file /opt/airflow/dags/f1_pipeline_dag.py for tasks to queue
[2026-05-04T23:32:10.289+0000] {logging_mixin.py:188} INFO - [2026-05-04T23:32:10.288+0000] {dagbag.py:538} INFO - Filling up the DagBag from /opt/airflow/dags/f1_pipeline_dag.py
[2026-05-04T23:32:10.304+0000] {processor.py:840} INFO - DAG(s) 'f1_bigdata_pipeline' retrieved from /opt/airflow/dags/f1_pipeline_dag.py
[2026-05-04T23:32:10.350+0000] {logging_mixin.py:188} INFO - [2026-05-04T23:32:10.349+0000] {dag.py:3036} INFO - Sync 1 DAGs
[2026-05-04T23:32:10.364+0000] {logging_mixin.py:188} INFO - [2026-05-04T23:32:10.363+0000] {dag.py:3823} INFO - Setting next_dagrun for f1_bigdata_pipeline to 2026-05-04 06:00:00+00:00, run_after=2026-05-11 06:00:00+00:00
[2026-05-04T23:32:10.380+0000] {processor.py:183} INFO - Processing /opt/airflow/dags/f1_pipeline_dag.py took 0.204 seconds
[2026-05-04T23:32:40.657+0000] {processor.py:161} INFO - Started process (PID=15749) to work on /opt/airflow/dags/f1_pipeline_dag.py
[2026-05-04T23:32:40.658+0000] {processor.py:830} INFO - Processing file /opt/airflow/dags/f1_pipeline_dag.py for tasks to queue
[2026-05-04T23:32:40.659+0000] {logging_mixin.py:188} INFO - [2026-05-04T23:32:40.659+0000] {dagbag.py:538} INFO - Filling up the DagBag from /opt/airflow/dags/f1_pipeline_dag.py
[2026-05-04T23:32:40.676+0000] {processor.py:840} INFO - DAG(s) 'f1_bigdata_pipeline' retrieved from /opt/airflow/dags/f1_pipeline_dag.py
[2026-05-04T23:32:40.713+0000] {logging_mixin.py:188} INFO - [2026-05-04T23:32:40.713+0000] {dag.py:3036} INFO - Sync 1 DAGs
[2026-05-04T23:32:40.730+0000] {logging_mixin.py:188} INFO - [2026-05-04T23:32:40.729+0000] {dag.py:3823} INFO - Setting next_dagrun for f1_bigdata_pipeline to 2026-05-04 06:00:00+00:00, run_after=2026-05-11 06:00:00+00:00
[2026-05-04T23:32:40.744+0000] {processor.py:183} INFO - Processing /opt/airflow/dags/f1_pipeline_dag.py took 0.093 seconds
[2026-05-04T23:33:11.063+0000] {processor.py:161} INFO - Started process (PID=15754) to work on /opt/airflow/dags/f1_pipeline_dag.py
[2026-05-04T23:33:11.065+0000] {processor.py:830} INFO - Processing file /opt/airflow/dags/f1_pipeline_dag.py for tasks to queue
[2026-05-04T23:33:11.067+0000] {logging_mixin.py:188} INFO - [2026-05-04T23:33:11.066+0000] {dagbag.py:538} INFO - Filling up the DagBag from /opt/airflow/dags/f1_pipeline_dag.py
[2026-05-04T23:33:11.088+0000] {processor.py:840} INFO - DAG(s) 'f1_bigdata_pipeline' retrieved from /opt/airflow/dags/f1_pipeline_dag.py
[2026-05-04T23:33:11.118+0000] {logging_mixin.py:188} INFO - [2026-05-04T23:33:11.118+0000] {dag.py:3036} INFO - Sync 1 DAGs
[2026-05-04T23:33:11.148+0000] {logging_mixin.py:188} INFO - [2026-05-04T23:33:11.148+0000] {dag.py:3823} INFO - Setting next_dagrun for f1_bigdata_pipeline to 2026-05-04 06:00:00+00:00, run_after=2026-05-11 06:00:00+00:00
[2026-05-04T23:33:11.160+0000] {processor.py:183} INFO - Processing /opt/airflow/dags/f1_pipeline_dag.py took 0.116 seconds
[2026-05-04T23:33:41.408+0000] {processor.py:161} INFO - Started process (PID=15759) to work on /opt/airflow/dags/f1_pipeline_dag.py
[2026-05-04T23:33:41.409+0000] {processor.py:830} INFO - Processing file /opt/airflow/dags/f1_pipeline_dag.py for tasks to queue
[2026-05-04T23:33:41.411+0000] {logging_mixin.py:188} INFO - [2026-05-04T23:33:41.410+0000] {dagbag.py:538} INFO - Filling up the DagBag from /opt/airflow/dags/f1_pipeline_dag.py
[2026-05-04T23:33:41.454+0000] {processor.py:840} INFO - DAG(s) 'f1_bigdata_pipeline' retrieved from /opt/airflow/dags/f1_pipeline_dag.py
[2026-05-04T23:33:41.491+0000] {logging_mixin.py:188} INFO - [2026-05-04T23:33:41.491+0000] {dag.py:3036} INFO - Sync 1 DAGs
[2026-05-04T23:33:41.516+0000] {logging_mixin.py:188} INFO - [2026-05-04T23:33:41.516+0000] {dag.py:3823} INFO - Setting next_dagrun for f1_bigdata_pipeline to 2026-05-04 06:00:00+00:00, run_after=2026-05-11 06:00:00+00:00
[2026-05-04T23:33:41.528+0000] {processor.py:183} INFO - Processing /opt/airflow/dags/f1_pipeline_dag.py took 0.125 seconds
[2026-05-04T23:34:11.895+0000] {processor.py:161} INFO - Started process (PID=15764) to work on /opt/airflow/dags/f1_pipeline_dag.py
[2026-05-04T23:34:11.897+0000] {processor.py:830} INFO - Processing file /opt/airflow/dags/f1_pipeline_dag.py for tasks to queue
[2026-05-04T23:34:11.899+0000] {logging_mixin.py:188} INFO - [2026-05-04T23:34:11.898+0000] {dagbag.py:538} INFO - Filling up the DagBag from /opt/airflow/dags/f1_pipeline_dag.py
[2026-05-04T23:34:11.929+0000] {processor.py:840} INFO - DAG(s) 'f1_bigdata_pipeline' retrieved from /opt/airflow/dags/f1_pipeline_dag.py
[2026-05-04T23:34:11.960+0000] {logging_mixin.py:188} INFO - [2026-05-04T23:34:11.960+0000] {dag.py:3036} INFO - Sync 1 DAGs
[2026-05-04T23:34:11.976+0000] {logging_mixin.py:188} INFO - [2026-05-04T23:34:11.976+0000] {dag.py:3823} INFO - Setting next_dagrun for f1_bigdata_pipeline to 2026-05-04 06:00:00+00:00, run_after=2026-05-11 06:00:00+00:00
[2026-05-04T23:34:11.985+0000] {processor.py:183} INFO - Processing /opt/airflow/dags/f1_pipeline_dag.py took 0.097 seconds
[2026-05-04T23:34:42.197+0000] {processor.py:161} INFO - Started process (PID=15769) to work on /opt/airflow/dags/f1_pipeline_dag.py
[2026-05-04T23:34:42.198+0000] {processor.py:830} INFO - Processing file /opt/airflow/dags/f1_pipeline_dag.py for tasks to queue
[2026-05-04T23:34:42.200+0000] {logging_mixin.py:188} INFO - [2026-05-04T23:34:42.199+0000] {dagbag.py:538} INFO - Filling up the DagBag from /opt/airflow/dags/f1_pipeline_dag.py
[2026-05-04T23:34:42.218+0000] {processor.py:840} INFO - DAG(s) 'f1_bigdata_pipeline' retrieved from /opt/airflow/dags/f1_pipeline_dag.py
[2026-05-04T23:34:42.247+0000] {logging_mixin.py:188} INFO - [2026-05-04T23:34:42.247+0000] {dag.py:3036} INFO - Sync 1 DAGs
[2026-05-04T23:34:42.287+0000] {logging_mixin.py:188} INFO - [2026-05-04T23:34:42.286+0000] {dag.py:3823} INFO - Setting next_dagrun for f1_bigdata_pipeline to 2026-05-04 06:00:00+00:00, run_after=2026-05-11 06:00:00+00:00
[2026-05-04T23:34:42.300+0000] {processor.py:183} INFO - Processing /opt/airflow/dags/f1_pipeline_dag.py took 0.107 seconds
[2026-05-04T23:35:12.887+0000] {processor.py:161} INFO - Started process (PID=15774) to work on /opt/airflow/dags/f1_pipeline_dag.py
[2026-05-04T23:35:12.888+0000] {processor.py:830} INFO - Processing file /opt/airflow/dags/f1_pipeline_dag.py for tasks to queue
[2026-05-04T23:35:12.889+0000] {logging_mixin.py:188} INFO - [2026-05-04T23:35:12.889+0000] {dagbag.py:538} INFO - Filling up the DagBag from /opt/airflow/dags/f1_pipeline_dag.py
[2026-05-04T23:35:12.913+0000] {processor.py:840} INFO - DAG(s) 'f1_bigdata_pipeline' retrieved from /opt/airflow/dags/f1_pipeline_dag.py
[2026-05-04T23:35:12.941+0000] {logging_mixin.py:188} INFO - [2026-05-04T23:35:12.941+0000] {dag.py:3036} INFO - Sync 1 DAGs
[2026-05-04T23:35:12.958+0000] {logging_mixin.py:188} INFO - [2026-05-04T23:35:12.957+0000] {dag.py:3823} INFO - Setting next_dagrun for f1_bigdata_pipeline to 2026-05-04 06:00:00+00:00, run_after=2026-05-11 06:00:00+00:00
[2026-05-04T23:35:12.968+0000] {processor.py:183} INFO - Processing /opt/airflow/dags/f1_pipeline_dag.py took 0.087 seconds
[2026-05-04T23:35:43.547+0000] {processor.py:161} INFO - Started process (PID=15779) to work on /opt/airflow/dags/f1_pipeline_dag.py
[2026-05-04T23:35:43.551+0000] {processor.py:830} INFO - Processing file /opt/airflow/dags/f1_pipeline_dag.py for tasks to queue
[2026-05-04T23:35:43.554+0000] {logging_mixin.py:188} INFO - [2026-05-04T23:35:43.552+0000] {dagbag.py:538} INFO - Filling up the DagBag from /opt/airflow/dags/f1_pipeline_dag.py
[2026-05-04T23:35:43.580+0000] {processor.py:840} INFO - DAG(s) 'f1_bigdata_pipeline' retrieved from /opt/airflow/dags/f1_pipeline_dag.py
[2026-05-04T23:35:43.627+0000] {logging_mixin.py:188} INFO - [2026-05-04T23:35:43.627+0000] {dag.py:3036} INFO - Sync 1 DAGs
[2026-05-04T23:35:43.648+0000] {logging_mixin.py:188} INFO - [2026-05-04T23:35:43.648+0000] {dag.py:3823} INFO - Setting next_dagrun for f1_bigdata_pipeline to 2026-05-04 06:00:00+00:00, run_after=2026-05-11 06:00:00+00:00
[2026-05-04T23:35:43.669+0000] {processor.py:183} INFO - Processing /opt/airflow/dags/f1_pipeline_dag.py took 0.131 seconds
[2026-05-04T23:36:13.970+0000] {processor.py:161} INFO - Started process (PID=15784) to work on /opt/airflow/dags/f1_pipeline_dag.py
[2026-05-04T23:36:13.970+0000] {processor.py:830} INFO - Processing file /opt/airflow/dags/f1_pipeline_dag.py for tasks to queue
[2026-05-04T23:36:13.971+0000] {logging_mixin.py:188} INFO - [2026-05-04T23:36:13.971+0000] {dagbag.py:538} INFO - Filling up the DagBag from /opt/airflow/dags/f1_pipeline_dag.py
[2026-05-04T23:36:13.986+0000] {processor.py:840} INFO - DAG(s) 'f1_bigdata_pipeline' retrieved from /opt/airflow/dags/f1_pipeline_dag.py
[2026-05-04T23:36:14.028+0000] {logging_mixin.py:188} INFO - [2026-05-04T23:36:14.027+0000] {dag.py:3036} INFO - Sync 1 DAGs
[2026-05-04T23:36:14.045+0000] {logging_mixin.py:188} INFO - [2026-05-04T23:36:14.045+0000] {dag.py:3823} INFO - Setting next_dagrun for f1_bigdata_pipeline to 2026-05-04 06:00:00+00:00, run_after=2026-05-11 06:00:00+00:00
[2026-05-04T23:36:14.055+0000] {processor.py:183} INFO - Processing /opt/airflow/dags/f1_pipeline_dag.py took 0.090 seconds
[2026-05-04T23:36:44.340+0000] {processor.py:161} INFO - Started process (PID=15789) to work on /opt/airflow/dags/f1_pipeline_dag.py
[2026-05-04T23:36:44.341+0000] {processor.py:830} INFO - Processing file /opt/airflow/dags/f1_pipeline_dag.py for tasks to queue
[2026-05-04T23:36:44.342+0000] {logging_mixin.py:188} INFO - [2026-05-04T23:36:44.342+0000] {dagbag.py:538} INFO - Filling up the DagBag from /opt/airflow/dags/f1_pipeline_dag.py
[2026-05-04T23:36:44.360+0000] {processor.py:840} INFO - DAG(s) 'f1_bigdata_pipeline' retrieved from /opt/airflow/dags/f1_pipeline_dag.py
[2026-05-04T23:36:44.390+0000] {logging_mixin.py:188} INFO - [2026-05-04T23:36:44.390+0000] {dag.py:3036} INFO - Sync 1 DAGs
[2026-05-04T23:36:44.407+0000] {logging_mixin.py:188} INFO - [2026-05-04T23:36:44.406+0000] {dag.py:3823} INFO - Setting next_dagrun for f1_bigdata_pipeline to 2026-05-04 06:00:00+00:00, run_after=2026-05-11 06:00:00+00:00
[2026-05-04T23:36:44.430+0000] {processor.py:183} INFO - Processing /opt/airflow/dags/f1_pipeline_dag.py took 0.093 seconds
[2026-05-04T23:37:14.727+0000] {processor.py:161} INFO - Started process (PID=15794) to work on /opt/airflow/dags/f1_pipeline_dag.py
[2026-05-04T23:37:14.729+0000] {processor.py:830} INFO - Processing file /opt/airflow/dags/f1_pipeline_dag.py for tasks to queue
[2026-05-04T23:37:14.730+0000] {logging_mixin.py:188} INFO - [2026-05-04T23:37:14.730+0000] {dagbag.py:538} INFO - Filling up the DagBag from /opt/airflow/dags/f1_pipeline_dag.py
[2026-05-04T23:37:14.772+0000] {processor.py:840} INFO - DAG(s) 'f1_bigdata_pipeline' retrieved from /opt/airflow/dags/f1_pipeline_dag.py
[2026-05-04T23:37:14.804+0000] {logging_mixin.py:188} INFO - [2026-05-04T23:37:14.804+0000] {dag.py:3036} INFO - Sync 1 DAGs
[2026-05-04T23:37:14.819+0000] {logging_mixin.py:188} INFO - [2026-05-04T23:37:14.819+0000] {dag.py:3823} INFO - Setting next_dagrun for f1_bigdata_pipeline to 2026-05-04 06:00:00+00:00, run_after=2026-05-11 06:00:00+00:00
[2026-05-04T23:37:14.829+0000] {processor.py:183} INFO - Processing /opt/airflow/dags/f1_pipeline_dag.py took 0.106 seconds
[2026-05-04T23:37:45.058+0000] {processor.py:161} INFO - Started process (PID=15799) to work on /opt/airflow/dags/f1_pipeline_dag.py
[2026-05-04T23:37:45.059+0000] {processor.py:830} INFO - Processing file /opt/airflow/dags/f1_pipeline_dag.py for tasks to queue
[2026-05-04T23:37:45.060+0000] {logging_mixin.py:188} INFO - [2026-05-04T23:37:45.060+0000] {dagbag.py:538} INFO - Filling up the DagBag from /opt/airflow/dags/f1_pipeline_dag.py
[2026-05-04T23:37:45.075+0000] {processor.py:840} INFO - DAG(s) 'f1_bigdata_pipeline' retrieved from /opt/airflow/dags/f1_pipeline_dag.py
[2026-05-04T23:37:45.103+0000] {logging_mixin.py:188} INFO - [2026-05-04T23:37:45.103+0000] {dag.py:3036} INFO - Sync 1 DAGs
[2026-05-04T23:37:45.128+0000] {logging_mixin.py:188} INFO - [2026-05-04T23:37:45.128+0000] {dag.py:3823} INFO - Setting next_dagrun for f1_bigdata_pipeline to 2026-05-04 06:00:00+00:00, run_after=2026-05-11 06:00:00+00:00
[2026-05-04T23:37:45.137+0000] {processor.py:183} INFO - Processing /opt/airflow/dags/f1_pipeline_dag.py took 0.085 seconds
[2026-05-04T23:38:15.410+0000] {processor.py:161} INFO - Started process (PID=15804) to work on /opt/airflow/dags/f1_pipeline_dag.py
[2026-05-04T23:38:15.411+0000] {processor.py:830} INFO - Processing file /opt/airflow/dags/f1_pipeline_dag.py for tasks to queue
[2026-05-04T23:38:15.412+0000] {logging_mixin.py:188} INFO - [2026-05-04T23:38:15.412+0000] {dagbag.py:538} INFO - Filling up the DagBag from /opt/airflow/dags/f1_pipeline_dag.py
[2026-05-04T23:38:15.428+0000] {processor.py:840} INFO - DAG(s) 'f1_bigdata_pipeline' retrieved from /opt/airflow/dags/f1_pipeline_dag.py
[2026-05-04T23:38:15.472+0000] {logging_mixin.py:188} INFO - [2026-05-04T23:38:15.472+0000] {dag.py:3036} INFO - Sync 1 DAGs
[2026-05-04T23:38:15.488+0000] {logging_mixin.py:188} INFO - [2026-05-04T23:38:15.488+0000] {dag.py:3823} INFO - Setting next_dagrun for f1_bigdata_pipeline to 2026-05-04 06:00:00+00:00, run_after=2026-05-11 06:00:00+00:00
[2026-05-04T23:38:15.498+0000] {processor.py:183} INFO - Processing /opt/airflow/dags/f1_pipeline_dag.py took 0.093 seconds
[2026-05-04T23:38:45.755+0000] {processor.py:161} INFO - Started process (PID=15809) to work on /opt/airflow/dags/f1_pipeline_dag.py
[2026-05-04T23:38:45.758+0000] {processor.py:830} INFO - Processing file /opt/airflow/dags/f1_pipeline_dag.py for tasks to queue
[2026-05-04T23:38:45.762+0000] {logging_mixin.py:188} INFO - [2026-05-04T23:38:45.761+0000] {dagbag.py:538} INFO - Filling up the DagBag from /opt/airflow/dags/f1_pipeline_dag.py
[2026-05-04T23:38:45.777+0000] {processor.py:840} INFO - DAG(s) 'f1_bigdata_pipeline' retrieved from /opt/airflow/dags/f1_pipeline_dag.py
[2026-05-04T23:38:45.808+0000] {logging_mixin.py:188} INFO - [2026-05-04T23:38:45.807+0000] {dag.py:3036} INFO - Sync 1 DAGs
[2026-05-04T23:38:45.823+0000] {logging_mixin.py:188} INFO - [2026-05-04T23:38:45.823+0000] {dag.py:3823} INFO - Setting next_dagrun for f1_bigdata_pipeline to 2026-05-04 06:00:00+00:00, run_after=2026-05-11 06:00:00+00:00
[2026-05-04T23:38:45.847+0000] {processor.py:183} INFO - Processing /opt/airflow/dags/f1_pipeline_dag.py took 0.106 seconds
[2026-05-04T23:39:16.155+0000] {processor.py:161} INFO - Started process (PID=15814) to work on /opt/airflow/dags/f1_pipeline_dag.py
[2026-05-04T23:39:16.156+0000] {processor.py:830} INFO - Processing file /opt/airflow/dags/f1_pipeline_dag.py for tasks to queue
[2026-05-04T23:39:16.157+0000] {logging_mixin.py:188} INFO - [2026-05-04T23:39:16.156+0000] {dagbag.py:538} INFO - Filling up the DagBag from /opt/airflow/dags/f1_pipeline_dag.py
[2026-05-04T23:39:16.175+0000] {processor.py:840} INFO - DAG(s) 'f1_bigdata_pipeline' retrieved from /opt/airflow/dags/f1_pipeline_dag.py
[2026-05-04T23:39:16.217+0000] {logging_mixin.py:188} INFO - [2026-05-04T23:39:16.217+0000] {dag.py:3036} INFO - Sync 1 DAGs
[2026-05-04T23:39:16.234+0000] {logging_mixin.py:188} INFO - [2026-05-04T23:39:16.234+0000] {dag.py:3823} INFO - Setting next_dagrun for f1_bigdata_pipeline to 2026-05-04 06:00:00+00:00, run_after=2026-05-11 06:00:00+00:00
[2026-05-04T23:39:16.245+0000] {processor.py:183} INFO - Processing /opt/airflow/dags/f1_pipeline_dag.py took 0.095 seconds
[2026-05-04T23:39:46.501+0000] {processor.py:161} INFO - Started process (PID=15819) to work on /opt/airflow/dags/f1_pipeline_dag.py
[2026-05-04T23:39:46.503+0000] {processor.py:830} INFO - Processing file /opt/airflow/dags/f1_pipeline_dag.py for tasks to queue
[2026-05-04T23:39:46.507+0000] {logging_mixin.py:188} INFO - [2026-05-04T23:39:46.505+0000] {dagbag.py:538} INFO - Filling up the DagBag from /opt/airflow/dags/f1_pipeline_dag.py
[2026-05-04T23:39:46.534+0000] {processor.py:840} INFO - DAG(s) 'f1_bigdata_pipeline' retrieved from /opt/airflow/dags/f1_pipeline_dag.py
[2026-05-04T23:39:46.562+0000] {logging_mixin.py:188} INFO - [2026-05-04T23:39:46.562+0000] {dag.py:3036} INFO - Sync 1 DAGs
[2026-05-04T23:39:46.579+0000] {logging_mixin.py:188} INFO - [2026-05-04T23:39:46.578+0000] {dag.py:3823} INFO - Setting next_dagrun for f1_bigdata_pipeline to 2026-05-04 06:00:00+00:00, run_after=2026-05-11 06:00:00+00:00
[2026-05-04T23:39:46.589+0000] {processor.py:183} INFO - Processing /opt/airflow/dags/f1_pipeline_dag.py took 0.100 seconds
[2026-05-04T23:40:16.837+0000] {processor.py:161} INFO - Started process (PID=15824) to work on /opt/airflow/dags/f1_pipeline_dag.py
[2026-05-04T23:40:16.838+0000] {processor.py:830} INFO - Processing file /opt/airflow/dags/f1_pipeline_dag.py for tasks to queue
[2026-05-04T23:40:16.840+0000] {logging_mixin.py:188} INFO - [2026-05-04T23:40:16.839+0000] {dagbag.py:538} INFO - Filling up the DagBag from /opt/airflow/dags/f1_pipeline_dag.py
[2026-05-04T23:40:16.856+0000] {processor.py:840} INFO - DAG(s) 'f1_bigdata_pipeline' retrieved from /opt/airflow/dags/f1_pipeline_dag.py
[2026-05-04T23:40:16.899+0000] {logging_mixin.py:188} INFO - [2026-05-04T23:40:16.899+0000] {dag.py:3036} INFO - Sync 1 DAGs
[2026-05-04T23:40:16.915+0000] {logging_mixin.py:188} INFO - [2026-05-04T23:40:16.915+0000] {dag.py:3823} INFO - Setting next_dagrun for f1_bigdata_pipeline to 2026-05-04 06:00:00+00:00, run_after=2026-05-11 06:00:00+00:00
[2026-05-04T23:40:16.924+0000] {processor.py:183} INFO - Processing /opt/airflow/dags/f1_pipeline_dag.py took 0.092 seconds
[2026-05-04T23:40:47.183+0000] {processor.py:161} INFO - Started process (PID=15829) to work on /opt/airflow/dags/f1_pipeline_dag.py
[2026-05-04T23:40:47.184+0000] {processor.py:830} INFO - Processing file /opt/airflow/dags/f1_pipeline_dag.py for tasks to queue
[2026-05-04T23:40:47.185+0000] {logging_mixin.py:188} INFO - [2026-05-04T23:40:47.184+0000] {dagbag.py:538} INFO - Filling up the DagBag from /opt/airflow/dags/f1_pipeline_dag.py
[2026-05-04T23:40:47.210+0000] {processor.py:840} INFO - DAG(s) 'f1_bigdata_pipeline' retrieved from /opt/airflow/dags/f1_pipeline_dag.py
[2026-05-04T23:40:47.257+0000] {logging_mixin.py:188} INFO - [2026-05-04T23:40:47.257+0000] {dag.py:3036} INFO - Sync 1 DAGs
[2026-05-04T23:40:47.281+0000] {logging_mixin.py:188} INFO - [2026-05-04T23:40:47.281+0000] {dag.py:3823} INFO - Setting next_dagrun for f1_bigdata_pipeline to 2026-05-04 06:00:00+00:00, run_after=2026-05-11 06:00:00+00:00
[2026-05-04T23:40:47.294+0000] {processor.py:183} INFO - Processing /opt/airflow/dags/f1_pipeline_dag.py took 0.116 seconds
[2026-05-04T23:41:17.565+0000] {processor.py:161} INFO - Started process (PID=15834) to work on /opt/airflow/dags/f1_pipeline_dag.py
[2026-05-04T23:41:17.566+0000] {processor.py:830} INFO - Processing file /opt/airflow/dags/f1_pipeline_dag.py for tasks to queue
[2026-05-04T23:41:17.566+0000] {logging_mixin.py:188} INFO - [2026-05-04T23:41:17.566+0000] {dagbag.py:538} INFO - Filling up the DagBag from /opt/airflow/dags/f1_pipeline_dag.py
[2026-05-04T23:41:17.578+0000] {processor.py:840} INFO - DAG(s) 'f1_bigdata_pipeline' retrieved from /opt/airflow/dags/f1_pipeline_dag.py
[2026-05-04T23:41:17.606+0000] {logging_mixin.py:188} INFO - [2026-05-04T23:41:17.606+0000] {dag.py:3036} INFO - Sync 1 DAGs
[2026-05-04T23:41:17.637+0000] {logging_mixin.py:188} INFO - [2026-05-04T23:41:17.637+0000] {dag.py:3823} INFO - Setting next_dagrun for f1_bigdata_pipeline to 2026-05-04 06:00:00+00:00, run_after=2026-05-11 06:00:00+00:00
[2026-05-04T23:41:17.648+0000] {processor.py:183} INFO - Processing /opt/airflow/dags/f1_pipeline_dag.py took 0.086 seconds
[2026-05-04T23:41:47.875+0000] {processor.py:161} INFO - Started process (PID=15839) to work on /opt/airflow/dags/f1_pipeline_dag.py
[2026-05-04T23:41:47.876+0000] {processor.py:830} INFO - Processing file /opt/airflow/dags/f1_pipeline_dag.py for tasks to queue
[2026-05-04T23:41:47.877+0000] {logging_mixin.py:188} INFO - [2026-05-04T23:41:47.877+0000] {dagbag.py:538} INFO - Filling up the DagBag from /opt/airflow/dags/f1_pipeline_dag.py
[2026-05-04T23:41:47.890+0000] {processor.py:840} INFO - DAG(s) 'f1_bigdata_pipeline' retrieved from /opt/airflow/dags/f1_pipeline_dag.py
[2026-05-04T23:41:47.938+0000] {logging_mixin.py:188} INFO - [2026-05-04T23:41:47.938+0000] {dag.py:3036} INFO - Sync 1 DAGs
[2026-05-04T23:41:47.956+0000] {logging_mixin.py:188} INFO - [2026-05-04T23:41:47.955+0000] {dag.py:3823} INFO - Setting next_dagrun for f1_bigdata_pipeline to 2026-05-04 06:00:00+00:00, run_after=2026-05-11 06:00:00+00:00
[2026-05-04T23:41:47.965+0000] {processor.py:183} INFO - Processing /opt/airflow/dags/f1_pipeline_dag.py took 0.094 seconds
[2026-05-04T23:42:18.300+0000] {processor.py:161} INFO - Started process (PID=15844) to work on /opt/airflow/dags/f1_pipeline_dag.py
[2026-05-04T23:42:18.302+0000] {processor.py:830} INFO - Processing file /opt/airflow/dags/f1_pipeline_dag.py for tasks to queue
[2026-05-04T23:42:18.303+0000] {logging_mixin.py:188} INFO - [2026-05-04T23:42:18.303+0000] {dagbag.py:538} INFO - Filling up the DagBag from /opt/airflow/dags/f1_pipeline_dag.py
[2026-05-04T23:42:18.334+0000] {processor.py:840} INFO - DAG(s) 'f1_bigdata_pipeline' retrieved from /opt/airflow/dags/f1_pipeline_dag.py
[2026-05-04T23:42:18.473+0000] {logging_mixin.py:188} INFO - [2026-05-04T23:42:18.473+0000] {dag.py:3036} INFO - Sync 1 DAGs
[2026-05-04T23:42:18.594+0000] {logging_mixin.py:188} INFO - [2026-05-04T23:42:18.593+0000] {dag.py:3823} INFO - Setting next_dagrun for f1_bigdata_pipeline to 2026-05-04 06:00:00+00:00, run_after=2026-05-11 06:00:00+00:00
[2026-05-04T23:42:18.605+0000] {processor.py:183} INFO - Processing /opt/airflow/dags/f1_pipeline_dag.py took 0.321 seconds
[2026-05-04T23:42:48.873+0000] {processor.py:161} INFO - Started process (PID=15849) to work on /opt/airflow/dags/f1_pipeline_dag.py
[2026-05-04T23:42:48.876+0000] {processor.py:830} INFO - Processing file /opt/airflow/dags/f1_pipeline_dag.py for tasks to queue
[2026-05-04T23:42:48.878+0000] {logging_mixin.py:188} INFO - [2026-05-04T23:42:48.877+0000] {dagbag.py:538} INFO - Filling up the DagBag from /opt/airflow/dags/f1_pipeline_dag.py
[2026-05-04T23:42:48.905+0000] {processor.py:840} INFO - DAG(s) 'f1_bigdata_pipeline' retrieved from /opt/airflow/dags/f1_pipeline_dag.py
[2026-05-04T23:42:48.949+0000] {logging_mixin.py:188} INFO - [2026-05-04T23:42:48.949+0000] {dag.py:3036} INFO - Sync 1 DAGs
[2026-05-04T23:42:48.967+0000] {logging_mixin.py:188} INFO - [2026-05-04T23:42:48.967+0000] {dag.py:3823} INFO - Setting next_dagrun for f1_bigdata_pipeline to 2026-05-04 06:00:00+00:00, run_after=2026-05-11 06:00:00+00:00
[2026-05-04T23:42:48.977+0000] {processor.py:183} INFO - Processing /opt/airflow/dags/f1_pipeline_dag.py took 0.119 seconds
[2026-05-04T23:43:19.194+0000] {processor.py:161} INFO - Started process (PID=15854) to work on /opt/airflow/dags/f1_pipeline_dag.py
[2026-05-04T23:43:19.196+0000] {processor.py:830} INFO - Processing file /opt/airflow/dags/f1_pipeline_dag.py for tasks to queue
[2026-05-04T23:43:19.198+0000] {logging_mixin.py:188} INFO - [2026-05-04T23:43:19.198+0000] {dagbag.py:538} INFO - Filling up the DagBag from /opt/airflow/dags/f1_pipeline_dag.py
[2026-05-04T23:43:19.221+0000] {processor.py:840} INFO - DAG(s) 'f1_bigdata_pipeline' retrieved from /opt/airflow/dags/f1_pipeline_dag.py
[2026-05-04T23:43:19.268+0000] {logging_mixin.py:188} INFO - [2026-05-04T23:43:19.267+0000] {dag.py:3036} INFO - Sync 1 DAGs
[2026-05-04T23:43:19.299+0000] {logging_mixin.py:188} INFO - [2026-05-04T23:43:19.299+0000] {dag.py:3823} INFO - Setting next_dagrun for f1_bigdata_pipeline to 2026-05-04 06:00:00+00:00, run_after=2026-05-11 06:00:00+00:00
[2026-05-04T23:43:19.310+0000] {processor.py:183} INFO - Processing /opt/airflow/dags/f1_pipeline_dag.py took 0.124 seconds
[2026-05-04T23:43:49.625+0000] {processor.py:161} INFO - Started process (PID=15859) to work on /opt/airflow/dags/f1_pipeline_dag.py
[2026-05-04T23:43:49.627+0000] {processor.py:830} INFO - Processing file /opt/airflow/dags/f1_pipeline_dag.py for tasks to queue
[2026-05-04T23:43:49.628+0000] {logging_mixin.py:188} INFO - [2026-05-04T23:43:49.627+0000] {dagbag.py:538} INFO - Filling up the DagBag from /opt/airflow/dags/f1_pipeline_dag.py
[2026-05-04T23:43:49.644+0000] {processor.py:840} INFO - DAG(s) 'f1_bigdata_pipeline' retrieved from /opt/airflow/dags/f1_pipeline_dag.py
[2026-05-04T23:43:49.685+0000] {logging_mixin.py:188} INFO - [2026-05-04T23:43:49.685+0000] {dag.py:3036} INFO - Sync 1 DAGs
[2026-05-04T23:43:49.703+0000] {logging_mixin.py:188} INFO - [2026-05-04T23:43:49.702+0000] {dag.py:3823} INFO - Setting next_dagrun for f1_bigdata_pipeline to 2026-05-04 06:00:00+00:00, run_after=2026-05-11 06:00:00+00:00
[2026-05-04T23:43:49.712+0000] {processor.py:183} INFO - Processing /opt/airflow/dags/f1_pipeline_dag.py took 0.093 seconds
[2026-05-04T23:44:39.559+0000] {processor.py:161} INFO - Started process (PID=15865) to work on /opt/airflow/dags/f1_pipeline_dag.py
[2026-05-04T23:44:39.561+0000] {processor.py:830} INFO - Processing file /opt/airflow/dags/f1_pipeline_dag.py for tasks to queue
[2026-05-04T23:44:39.562+0000] {logging_mixin.py:188} INFO - [2026-05-04T23:44:39.561+0000] {dagbag.py:538} INFO - Filling up the DagBag from /opt/airflow/dags/f1_pipeline_dag.py
[2026-05-04T23:44:39.583+0000] {processor.py:840} INFO - DAG(s) 'f1_bigdata_pipeline' retrieved from /opt/airflow/dags/f1_pipeline_dag.py
[2026-05-04T23:44:39.639+0000] {logging_mixin.py:188} INFO - [2026-05-04T23:44:39.639+0000] {dag.py:3036} INFO - Sync 1 DAGs
[2026-05-04T23:44:39.658+0000] {logging_mixin.py:188} INFO - [2026-05-04T23:44:39.658+0000] {dag.py:3823} INFO - Setting next_dagrun for f1_bigdata_pipeline to 2026-05-04 06:00:00+00:00, run_after=2026-05-11 06:00:00+00:00
[2026-05-04T23:44:39.669+0000] {processor.py:183} INFO - Processing /opt/airflow/dags/f1_pipeline_dag.py took 0.122 seconds
[2026-05-04T23:45:10.358+0000] {processor.py:161} INFO - Started process (PID=15871) to work on /opt/airflow/dags/f1_pipeline_dag.py
[2026-05-04T23:45:10.359+0000] {processor.py:830} INFO - Processing file /opt/airflow/dags/f1_pipeline_dag.py for tasks to queue
[2026-05-04T23:45:10.360+0000] {logging_mixin.py:188} INFO - [2026-05-04T23:45:10.360+0000] {dagbag.py:538} INFO - Filling up the DagBag from /opt/airflow/dags/f1_pipeline_dag.py
[2026-05-04T23:45:10.375+0000] {processor.py:840} INFO - DAG(s) 'f1_bigdata_pipeline' retrieved from /opt/airflow/dags/f1_pipeline_dag.py
[2026-05-04T23:45:10.421+0000] {logging_mixin.py:188} INFO - [2026-05-04T23:45:10.421+0000] {dag.py:3036} INFO - Sync 1 DAGs
[2026-05-04T23:45:10.441+0000] {logging_mixin.py:188} INFO - [2026-05-04T23:45:10.440+0000] {dag.py:3823} INFO - Setting next_dagrun for f1_bigdata_pipeline to 2026-05-04 06:00:00+00:00, run_after=2026-05-11 06:00:00+00:00
[2026-05-04T23:45:10.450+0000] {processor.py:183} INFO - Processing /opt/airflow/dags/f1_pipeline_dag.py took 0.096 seconds
[2026-05-04T23:45:40.738+0000] {processor.py:161} INFO - Started process (PID=15876) to work on /opt/airflow/dags/f1_pipeline_dag.py
[2026-05-04T23:45:40.744+0000] {processor.py:830} INFO - Processing file /opt/airflow/dags/f1_pipeline_dag.py for tasks to queue
[2026-05-04T23:45:40.745+0000] {logging_mixin.py:188} INFO - [2026-05-04T23:45:40.745+0000] {dagbag.py:538} INFO - Filling up the DagBag from /opt/airflow/dags/f1_pipeline_dag.py
[2026-05-04T23:45:40.769+0000] {processor.py:840} INFO - DAG(s) 'f1_bigdata_pipeline' retrieved from /opt/airflow/dags/f1_pipeline_dag.py
[2026-05-04T23:45:40.811+0000] {logging_mixin.py:188} INFO - [2026-05-04T23:45:40.811+0000] {dag.py:3036} INFO - Sync 1 DAGs
[2026-05-04T23:45:40.850+0000] {logging_mixin.py:188} INFO - [2026-05-04T23:45:40.850+0000] {dag.py:3823} INFO - Setting next_dagrun for f1_bigdata_pipeline to 2026-05-04 06:00:00+00:00, run_after=2026-05-11 06:00:00+00:00
[2026-05-04T23:45:41.874+0000] {processor.py:183} INFO - Processing /opt/airflow/dags/f1_pipeline_dag.py took 1.146 seconds
[2026-05-04T23:46:12.163+0000] {processor.py:161} INFO - Started process (PID=15881) to work on /opt/airflow/dags/f1_pipeline_dag.py
[2026-05-04T23:46:12.166+0000] {processor.py:830} INFO - Processing file /opt/airflow/dags/f1_pipeline_dag.py for tasks to queue
[2026-05-04T23:46:12.167+0000] {logging_mixin.py:188} INFO - [2026-05-04T23:46:12.167+0000] {dagbag.py:538} INFO - Filling up the DagBag from /opt/airflow/dags/f1_pipeline_dag.py
[2026-05-04T23:46:12.186+0000] {processor.py:840} INFO - DAG(s) 'f1_bigdata_pipeline' retrieved from /opt/airflow/dags/f1_pipeline_dag.py
[2026-05-04T23:46:12.226+0000] {logging_mixin.py:188} INFO - [2026-05-04T23:46:12.226+0000] {dag.py:3036} INFO - Sync 1 DAGs
[2026-05-04T23:46:12.244+0000] {logging_mixin.py:188} INFO - [2026-05-04T23:46:12.244+0000] {dag.py:3823} INFO - Setting next_dagrun for f1_bigdata_pipeline to 2026-05-04 06:00:00+00:00, run_after=2026-05-11 06:00:00+00:00
[2026-05-04T23:46:12.254+0000] {processor.py:183} INFO - Processing /opt/airflow/dags/f1_pipeline_dag.py took 0.106 seconds
[2026-05-04T23:46:42.525+0000] {processor.py:161} INFO - Started process (PID=15886) to work on /opt/airflow/dags/f1_pipeline_dag.py
[2026-05-04T23:46:42.526+0000] {processor.py:830} INFO - Processing file /opt/airflow/dags/f1_pipeline_dag.py for tasks to queue
[2026-05-04T23:46:42.527+0000] {logging_mixin.py:188} INFO - [2026-05-04T23:46:42.527+0000] {dagbag.py:538} INFO - Filling up the DagBag from /opt/airflow/dags/f1_pipeline_dag.py
[2026-05-04T23:46:42.542+0000] {processor.py:840} INFO - DAG(s) 'f1_bigdata_pipeline' retrieved from /opt/airflow/dags/f1_pipeline_dag.py
[2026-05-04T23:46:42.577+0000] {logging_mixin.py:188} INFO - [2026-05-04T23:46:42.577+0000] {dag.py:3036} INFO - Sync 1 DAGs
[2026-05-04T23:46:42.593+0000] {logging_mixin.py:188} INFO - [2026-05-04T23:46:42.593+0000] {dag.py:3823} INFO - Setting next_dagrun for f1_bigdata_pipeline to 2026-05-04 06:00:00+00:00, run_after=2026-05-11 06:00:00+00:00
[2026-05-04T23:46:42.603+0000] {processor.py:183} INFO - Processing /opt/airflow/dags/f1_pipeline_dag.py took 0.082 seconds
[2026-05-04T23:47:13.380+0000] {processor.py:161} INFO - Started process (PID=15891) to work on /opt/airflow/dags/f1_pipeline_dag.py
[2026-05-04T23:47:13.381+0000] {processor.py:830} INFO - Processing file /opt/airflow/dags/f1_pipeline_dag.py for tasks to queue
[2026-05-04T23:47:13.385+0000] {logging_mixin.py:188} INFO - [2026-05-04T23:47:13.382+0000] {dagbag.py:538} INFO - Filling up the DagBag from /opt/airflow/dags/f1_pipeline_dag.py
[2026-05-04T23:47:13.402+0000] {processor.py:840} INFO - DAG(s) 'f1_bigdata_pipeline' retrieved from /opt/airflow/dags/f1_pipeline_dag.py
[2026-05-04T23:47:13.433+0000] {logging_mixin.py:188} INFO - [2026-05-04T23:47:13.433+0000] {dag.py:3036} INFO - Sync 1 DAGs
[2026-05-04T23:47:13.460+0000] {logging_mixin.py:188} INFO - [2026-05-04T23:47:13.460+0000] {dag.py:3823} INFO - Setting next_dagrun for f1_bigdata_pipeline to 2026-05-04 06:00:00+00:00, run_after=2026-05-11 06:00:00+00:00
[2026-05-04T23:47:13.480+0000] {processor.py:183} INFO - Processing /opt/airflow/dags/f1_pipeline_dag.py took 0.110 seconds
[2026-05-04T23:47:43.722+0000] {processor.py:161} INFO - Started process (PID=15896) to work on /opt/airflow/dags/f1_pipeline_dag.py
[2026-05-04T23:47:43.724+0000] {processor.py:830} INFO - Processing file /opt/airflow/dags/f1_pipeline_dag.py for tasks to queue
[2026-05-04T23:47:43.726+0000] {logging_mixin.py:188} INFO - [2026-05-04T23:47:43.725+0000] {dagbag.py:538} INFO - Filling up the DagBag from /opt/airflow/dags/f1_pipeline_dag.py
[2026-05-04T23:47:43.742+0000] {processor.py:840} INFO - DAG(s) 'f1_bigdata_pipeline' retrieved from /opt/airflow/dags/f1_pipeline_dag.py
[2026-05-04T23:47:43.791+0000] {logging_mixin.py:188} INFO - [2026-05-04T23:47:43.791+0000] {dag.py:3036} INFO - Sync 1 DAGs
[2026-05-04T23:47:43.813+0000] {logging_mixin.py:188} INFO - [2026-05-04T23:47:43.813+0000] {dag.py:3823} INFO - Setting next_dagrun for f1_bigdata_pipeline to 2026-05-04 06:00:00+00:00, run_after=2026-05-11 06:00:00+00:00
[2026-05-04T23:47:43.828+0000] {processor.py:183} INFO - Processing /opt/airflow/dags/f1_pipeline_dag.py took 0.111 seconds
[2026-05-04T23:48:14.765+0000] {processor.py:161} INFO - Started process (PID=15901) to work on /opt/airflow/dags/f1_pipeline_dag.py
[2026-05-04T23:48:14.838+0000] {processor.py:830} INFO - Processing file /opt/airflow/dags/f1_pipeline_dag.py for tasks to queue
[2026-05-04T23:48:14.844+0000] {logging_mixin.py:188} INFO - [2026-05-04T23:48:14.842+0000] {dagbag.py:538} INFO - Filling up the DagBag from /opt/airflow/dags/f1_pipeline_dag.py
[2026-05-04T23:48:14.923+0000] {processor.py:840} INFO - DAG(s) 'f1_bigdata_pipeline' retrieved from /opt/airflow/dags/f1_pipeline_dag.py
[2026-05-04T23:48:15.162+0000] {logging_mixin.py:188} INFO - [2026-05-04T23:48:15.161+0000] {dag.py:3036} INFO - Sync 1 DAGs
[2026-05-04T23:48:15.362+0000] {logging_mixin.py:188} INFO - [2026-05-04T23:48:15.360+0000] {dag.py:3823} INFO - Setting next_dagrun for f1_bigdata_pipeline to 2026-05-04 06:00:00+00:00, run_after=2026-05-11 06:00:00+00:00
[2026-05-04T23:48:15.968+0000] {processor.py:183} INFO - Processing /opt/airflow/dags/f1_pipeline_dag.py took 1.364 seconds
[2026-05-04T23:48:46.521+0000] {processor.py:161} INFO - Started process (PID=15906) to work on /opt/airflow/dags/f1_pipeline_dag.py
[2026-05-04T23:48:46.529+0000] {processor.py:830} INFO - Processing file /opt/airflow/dags/f1_pipeline_dag.py for tasks to queue
[2026-05-04T23:48:46.532+0000] {logging_mixin.py:188} INFO - [2026-05-04T23:48:46.530+0000] {dagbag.py:538} INFO - Filling up the DagBag from /opt/airflow/dags/f1_pipeline_dag.py
[2026-05-04T23:48:46.552+0000] {processor.py:840} INFO - DAG(s) 'f1_bigdata_pipeline' retrieved from /opt/airflow/dags/f1_pipeline_dag.py
[2026-05-04T23:48:46.707+0000] {logging_mixin.py:188} INFO - [2026-05-04T23:48:46.706+0000] {dag.py:3036} INFO - Sync 1 DAGs
[2026-05-04T23:48:46.794+0000] {logging_mixin.py:188} INFO - [2026-05-04T23:48:46.793+0000] {dag.py:3823} INFO - Setting next_dagrun for f1_bigdata_pipeline to 2026-05-04 06:00:00+00:00, run_after=2026-05-11 06:00:00+00:00
[2026-05-04T23:48:46.842+0000] {processor.py:183} INFO - Processing /opt/airflow/dags/f1_pipeline_dag.py took 0.341 seconds
[2026-05-04T23:49:16.980+0000] {processor.py:161} INFO - Started process (PID=15911) to work on /opt/airflow/dags/f1_pipeline_dag.py
[2026-05-04T23:49:16.982+0000] {processor.py:830} INFO - Processing file /opt/airflow/dags/f1_pipeline_dag.py for tasks to queue
[2026-05-04T23:49:16.983+0000] {logging_mixin.py:188} INFO - [2026-05-04T23:49:16.983+0000] {dagbag.py:538} INFO - Filling up the DagBag from /opt/airflow/dags/f1_pipeline_dag.py
[2026-05-04T23:49:17.000+0000] {processor.py:840} INFO - DAG(s) 'f1_bigdata_pipeline' retrieved from /opt/airflow/dags/f1_pipeline_dag.py
[2026-05-04T23:49:17.056+0000] {logging_mixin.py:188} INFO - [2026-05-04T23:49:17.056+0000] {dag.py:3036} INFO - Sync 1 DAGs
[2026-05-04T23:49:17.077+0000] {logging_mixin.py:188} INFO - [2026-05-04T23:49:17.077+0000] {dag.py:3823} INFO - Setting next_dagrun for f1_bigdata_pipeline to 2026-05-04 06:00:00+00:00, run_after=2026-05-11 06:00:00+00:00
[2026-05-04T23:49:17.112+0000] {processor.py:183} INFO - Processing /opt/airflow/dags/f1_pipeline_dag.py took 0.137 seconds
[2026-05-04T23:49:47.869+0000] {processor.py:161} INFO - Started process (PID=15916) to work on /opt/airflow/dags/f1_pipeline_dag.py
[2026-05-04T23:49:47.870+0000] {processor.py:830} INFO - Processing file /opt/airflow/dags/f1_pipeline_dag.py for tasks to queue
[2026-05-04T23:49:47.872+0000] {logging_mixin.py:188} INFO - [2026-05-04T23:49:47.872+0000] {dagbag.py:538} INFO - Filling up the DagBag from /opt/airflow/dags/f1_pipeline_dag.py
[2026-05-04T23:49:47.912+0000] {processor.py:840} INFO - DAG(s) 'f1_bigdata_pipeline' retrieved from /opt/airflow/dags/f1_pipeline_dag.py
[2026-05-04T23:49:47.959+0000] {logging_mixin.py:188} INFO - [2026-05-04T23:49:47.959+0000] {dag.py:3036} INFO - Sync 1 DAGs
[2026-05-04T23:49:47.990+0000] {logging_mixin.py:188} INFO - [2026-05-04T23:49:47.990+0000] {dag.py:3823} INFO - Setting next_dagrun for f1_bigdata_pipeline to 2026-05-04 06:00:00+00:00, run_after=2026-05-11 06:00:00+00:00
[2026-05-04T23:49:48.002+0000] {processor.py:183} INFO - Processing /opt/airflow/dags/f1_pipeline_dag.py took 0.137 seconds
[2026-05-04T23:50:18.494+0000] {processor.py:161} INFO - Started process (PID=15921) to work on /opt/airflow/dags/f1_pipeline_dag.py
[2026-05-04T23:50:18.499+0000] {processor.py:830} INFO - Processing file /opt/airflow/dags/f1_pipeline_dag.py for tasks to queue
[2026-05-04T23:50:18.500+0000] {logging_mixin.py:188} INFO - [2026-05-04T23:50:18.499+0000] {dagbag.py:538} INFO - Filling up the DagBag from /opt/airflow/dags/f1_pipeline_dag.py
[2026-05-04T23:50:18.667+0000] {processor.py:840} INFO - DAG(s) 'f1_bigdata_pipeline' retrieved from /opt/airflow/dags/f1_pipeline_dag.py
[2026-05-04T23:50:18.783+0000] {logging_mixin.py:188} INFO - [2026-05-04T23:50:18.782+0000] {dag.py:3036} INFO - Sync 1 DAGs
[2026-05-04T23:50:18.830+0000] {logging_mixin.py:188} INFO - [2026-05-04T23:50:18.830+0000] {dag.py:3823} INFO - Setting next_dagrun for f1_bigdata_pipeline to 2026-05-04 06:00:00+00:00, run_after=2026-05-11 06:00:00+00:00
[2026-05-04T23:50:18.904+0000] {processor.py:183} INFO - Processing /opt/airflow/dags/f1_pipeline_dag.py took 0.418 seconds
[2026-05-04T23:50:49.305+0000] {processor.py:161} INFO - Started process (PID=15926) to work on /opt/airflow/dags/f1_pipeline_dag.py
[2026-05-04T23:50:49.307+0000] {processor.py:830} INFO - Processing file /opt/airflow/dags/f1_pipeline_dag.py for tasks to queue
[2026-05-04T23:50:49.308+0000] {logging_mixin.py:188} INFO - [2026-05-04T23:50:49.308+0000] {dagbag.py:538} INFO - Filling up the DagBag from /opt/airflow/dags/f1_pipeline_dag.py
[2026-05-04T23:50:49.341+0000] {processor.py:840} INFO - DAG(s) 'f1_bigdata_pipeline' retrieved from /opt/airflow/dags/f1_pipeline_dag.py
[2026-05-04T23:50:49.376+0000] {logging_mixin.py:188} INFO - [2026-05-04T23:50:49.376+0000] {dag.py:3036} INFO - Sync 1 DAGs
[2026-05-04T23:50:49.395+0000] {logging_mixin.py:188} INFO - [2026-05-04T23:50:49.395+0000] {dag.py:3823} INFO - Setting next_dagrun for f1_bigdata_pipeline to 2026-05-04 06:00:00+00:00, run_after=2026-05-11 06:00:00+00:00
[2026-05-04T23:50:49.406+0000] {processor.py:183} INFO - Processing /opt/airflow/dags/f1_pipeline_dag.py took 0.109 seconds
[2026-05-04T23:51:19.694+0000] {processor.py:161} INFO - Started process (PID=15931) to work on /opt/airflow/dags/f1_pipeline_dag.py
[2026-05-04T23:51:19.696+0000] {processor.py:830} INFO - Processing file /opt/airflow/dags/f1_pipeline_dag.py for tasks to queue
[2026-05-04T23:51:19.697+0000] {logging_mixin.py:188} INFO - [2026-05-04T23:51:19.696+0000] {dagbag.py:538} INFO - Filling up the DagBag from /opt/airflow/dags/f1_pipeline_dag.py
[2026-05-04T23:51:19.717+0000] {processor.py:840} INFO - DAG(s) 'f1_bigdata_pipeline' retrieved from /opt/airflow/dags/f1_pipeline_dag.py
[2026-05-04T23:51:19.746+0000] {logging_mixin.py:188} INFO - [2026-05-04T23:51:19.746+0000] {dag.py:3036} INFO - Sync 1 DAGs
[2026-05-04T23:51:19.769+0000] {logging_mixin.py:188} INFO - [2026-05-04T23:51:19.769+0000] {dag.py:3823} INFO - Setting next_dagrun for f1_bigdata_pipeline to 2026-05-04 06:00:00+00:00, run_after=2026-05-11 06:00:00+00:00
[2026-05-04T23:51:19.783+0000] {processor.py:183} INFO - Processing /opt/airflow/dags/f1_pipeline_dag.py took 0.114 seconds
[2026-05-04T23:51:51.541+0000] {processor.py:161} INFO - Started process (PID=15936) to work on /opt/airflow/dags/f1_pipeline_dag.py
[2026-05-04T23:51:51.561+0000] {processor.py:830} INFO - Processing file /opt/airflow/dags/f1_pipeline_dag.py for tasks to queue
[2026-05-04T23:51:51.582+0000] {logging_mixin.py:188} INFO - [2026-05-04T23:51:51.568+0000] {dagbag.py:538} INFO - Filling up the DagBag from /opt/airflow/dags/f1_pipeline_dag.py
[2026-05-04T23:51:51.918+0000] {processor.py:840} INFO - DAG(s) 'f1_bigdata_pipeline' retrieved from /opt/airflow/dags/f1_pipeline_dag.py
[2026-05-04T23:51:52.578+0000] {logging_mixin.py:188} INFO - [2026-05-04T23:51:52.577+0000] {dag.py:3036} INFO - Sync 1 DAGs
[2026-05-04T23:51:52.750+0000] {logging_mixin.py:188} INFO - [2026-05-04T23:51:52.748+0000] {dag.py:3823} INFO - Setting next_dagrun for f1_bigdata_pipeline to 2026-05-04 06:00:00+00:00, run_after=2026-05-11 06:00:00+00:00
[2026-05-04T23:51:52.841+0000] {processor.py:183} INFO - Processing /opt/airflow/dags/f1_pipeline_dag.py took 1.387 seconds
[2026-05-04T23:52:23.153+0000] {processor.py:161} INFO - Started process (PID=15941) to work on /opt/airflow/dags/f1_pipeline_dag.py
[2026-05-04T23:52:23.157+0000] {processor.py:830} INFO - Processing file /opt/airflow/dags/f1_pipeline_dag.py for tasks to queue
[2026-05-04T23:52:23.162+0000] {logging_mixin.py:188} INFO - [2026-05-04T23:52:23.159+0000] {dagbag.py:538} INFO - Filling up the DagBag from /opt/airflow/dags/f1_pipeline_dag.py
[2026-05-04T23:52:23.200+0000] {processor.py:840} INFO - DAG(s) 'f1_bigdata_pipeline' retrieved from /opt/airflow/dags/f1_pipeline_dag.py
[2026-05-04T23:52:23.316+0000] {logging_mixin.py:188} INFO - [2026-05-04T23:52:23.316+0000] {dag.py:3036} INFO - Sync 1 DAGs
[2026-05-04T23:52:23.360+0000] {logging_mixin.py:188} INFO - [2026-05-04T23:52:23.360+0000] {dag.py:3823} INFO - Setting next_dagrun for f1_bigdata_pipeline to 2026-05-04 06:00:00+00:00, run_after=2026-05-11 06:00:00+00:00
[2026-05-04T23:52:23.383+0000] {processor.py:183} INFO - Processing /opt/airflow/dags/f1_pipeline_dag.py took 0.237 seconds
[2026-05-04T23:52:53.621+0000] {processor.py:161} INFO - Started process (PID=15946) to work on /opt/airflow/dags/f1_pipeline_dag.py
[2026-05-04T23:52:53.623+0000] {processor.py:830} INFO - Processing file /opt/airflow/dags/f1_pipeline_dag.py for tasks to queue
[2026-05-04T23:52:53.625+0000] {logging_mixin.py:188} INFO - [2026-05-04T23:52:53.624+0000] {dagbag.py:538} INFO - Filling up the DagBag from /opt/airflow/dags/f1_pipeline_dag.py
[2026-05-04T23:52:53.667+0000] {processor.py:840} INFO - DAG(s) 'f1_bigdata_pipeline' retrieved from /opt/airflow/dags/f1_pipeline_dag.py
[2026-05-04T23:52:53.704+0000] {logging_mixin.py:188} INFO - [2026-05-04T23:52:53.703+0000] {dag.py:3036} INFO - Sync 1 DAGs
[2026-05-04T23:52:53.730+0000] {logging_mixin.py:188} INFO - [2026-05-04T23:52:53.730+0000] {dag.py:3823} INFO - Setting next_dagrun for f1_bigdata_pipeline to 2026-05-04 06:00:00+00:00, run_after=2026-05-11 06:00:00+00:00
[2026-05-04T23:52:53.744+0000] {processor.py:183} INFO - Processing /opt/airflow/dags/f1_pipeline_dag.py took 0.129 seconds
[2026-05-04T23:53:24.152+0000] {processor.py:161} INFO - Started process (PID=15951) to work on /opt/airflow/dags/f1_pipeline_dag.py
[2026-05-04T23:53:24.154+0000] {processor.py:830} INFO - Processing file /opt/airflow/dags/f1_pipeline_dag.py for tasks to queue
[2026-05-04T23:53:24.156+0000] {logging_mixin.py:188} INFO - [2026-05-04T23:53:24.155+0000] {dagbag.py:538} INFO - Filling up the DagBag from /opt/airflow/dags/f1_pipeline_dag.py
[2026-05-04T23:53:24.188+0000] {processor.py:840} INFO - DAG(s) 'f1_bigdata_pipeline' retrieved from /opt/airflow/dags/f1_pipeline_dag.py
[2026-05-04T23:53:24.251+0000] {logging_mixin.py:188} INFO - [2026-05-04T23:53:24.251+0000] {dag.py:3036} INFO - Sync 1 DAGs
[2026-05-04T23:53:24.284+0000] {logging_mixin.py:188} INFO - [2026-05-04T23:53:24.283+0000] {dag.py:3823} INFO - Setting next_dagrun for f1_bigdata_pipeline to 2026-05-04 06:00:00+00:00, run_after=2026-05-11 06:00:00+00:00
[2026-05-04T23:53:24.312+0000] {processor.py:183} INFO - Processing /opt/airflow/dags/f1_pipeline_dag.py took 0.172 seconds
[2026-05-04T23:53:54.573+0000] {processor.py:161} INFO - Started process (PID=15956) to work on /opt/airflow/dags/f1_pipeline_dag.py
[2026-05-04T23:53:54.575+0000] {processor.py:830} INFO - Processing file /opt/airflow/dags/f1_pipeline_dag.py for tasks to queue
[2026-05-04T23:53:54.576+0000] {logging_mixin.py:188} INFO - [2026-05-04T23:53:54.575+0000] {dagbag.py:538} INFO - Filling up the DagBag from /opt/airflow/dags/f1_pipeline_dag.py
[2026-05-04T23:53:54.613+0000] {processor.py:840} INFO - DAG(s) 'f1_bigdata_pipeline' retrieved from /opt/airflow/dags/f1_pipeline_dag.py
[2026-05-04T23:53:54.646+0000] {logging_mixin.py:188} INFO - [2026-05-04T23:53:54.645+0000] {dag.py:3036} INFO - Sync 1 DAGs
[2026-05-04T23:53:54.662+0000] {logging_mixin.py:188} INFO - [2026-05-04T23:53:54.662+0000] {dag.py:3823} INFO - Setting next_dagrun for f1_bigdata_pipeline to 2026-05-04 06:00:00+00:00, run_after=2026-05-11 06:00:00+00:00
[2026-05-04T23:53:54.672+0000] {processor.py:183} INFO - Processing /opt/airflow/dags/f1_pipeline_dag.py took 0.104 seconds
[2026-05-04T23:54:25.137+0000] {processor.py:161} INFO - Started process (PID=15961) to work on /opt/airflow/dags/f1_pipeline_dag.py
[2026-05-04T23:54:25.141+0000] {processor.py:830} INFO - Processing file /opt/airflow/dags/f1_pipeline_dag.py for tasks to queue
[2026-05-04T23:54:25.144+0000] {logging_mixin.py:188} INFO - [2026-05-04T23:54:25.143+0000] {dagbag.py:538} INFO - Filling up the DagBag from /opt/airflow/dags/f1_pipeline_dag.py
[2026-05-04T23:54:25.163+0000] {processor.py:840} INFO - DAG(s) 'f1_bigdata_pipeline' retrieved from /opt/airflow/dags/f1_pipeline_dag.py
[2026-05-04T23:54:25.194+0000] {logging_mixin.py:188} INFO - [2026-05-04T23:54:25.194+0000] {dag.py:3036} INFO - Sync 1 DAGs
[2026-05-04T23:54:25.219+0000] {logging_mixin.py:188} INFO - [2026-05-04T23:54:25.219+0000] {dag.py:3823} INFO - Setting next_dagrun for f1_bigdata_pipeline to 2026-05-04 06:00:00+00:00, run_after=2026-05-11 06:00:00+00:00
[2026-05-04T23:54:25.230+0000] {processor.py:183} INFO - Processing /opt/airflow/dags/f1_pipeline_dag.py took 0.097 seconds
[2026-05-04T23:54:55.485+0000] {processor.py:161} INFO - Started process (PID=15966) to work on /opt/airflow/dags/f1_pipeline_dag.py
[2026-05-04T23:54:55.489+0000] {processor.py:830} INFO - Processing file /opt/airflow/dags/f1_pipeline_dag.py for tasks to queue
[2026-05-04T23:54:55.492+0000] {logging_mixin.py:188} INFO - [2026-05-04T23:54:55.491+0000] {dagbag.py:538} INFO - Filling up the DagBag from /opt/airflow/dags/f1_pipeline_dag.py
[2026-05-04T23:54:55.517+0000] {processor.py:840} INFO - DAG(s) 'f1_bigdata_pipeline' retrieved from /opt/airflow/dags/f1_pipeline_dag.py
[2026-05-04T23:54:55.563+0000] {logging_mixin.py:188} INFO - [2026-05-04T23:54:55.563+0000] {dag.py:3036} INFO - Sync 1 DAGs
[2026-05-04T23:54:55.588+0000] {logging_mixin.py:188} INFO - [2026-05-04T23:54:55.588+0000] {dag.py:3823} INFO - Setting next_dagrun for f1_bigdata_pipeline to 2026-05-04 06:00:00+00:00, run_after=2026-05-11 06:00:00+00:00
[2026-05-04T23:54:55.599+0000] {processor.py:183} INFO - Processing /opt/airflow/dags/f1_pipeline_dag.py took 0.117 seconds
[2026-05-04T23:55:25.839+0000] {processor.py:161} INFO - Started process (PID=15971) to work on /opt/airflow/dags/f1_pipeline_dag.py
[2026-05-04T23:55:25.840+0000] {processor.py:830} INFO - Processing file /opt/airflow/dags/f1_pipeline_dag.py for tasks to queue
[2026-05-04T23:55:25.842+0000] {logging_mixin.py:188} INFO - [2026-05-04T23:55:25.841+0000] {dagbag.py:538} INFO - Filling up the DagBag from /opt/airflow/dags/f1_pipeline_dag.py
[2026-05-04T23:55:25.854+0000] {processor.py:840} INFO - DAG(s) 'f1_bigdata_pipeline' retrieved from /opt/airflow/dags/f1_pipeline_dag.py
[2026-05-04T23:55:25.887+0000] {logging_mixin.py:188} INFO - [2026-05-04T23:55:25.887+0000] {dag.py:3036} INFO - Sync 1 DAGs
[2026-05-04T23:55:25.905+0000] {logging_mixin.py:188} INFO - [2026-05-04T23:55:25.905+0000] {dag.py:3823} INFO - Setting next_dagrun for f1_bigdata_pipeline to 2026-05-04 06:00:00+00:00, run_after=2026-05-11 06:00:00+00:00
[2026-05-04T23:55:25.916+0000] {processor.py:183} INFO - Processing /opt/airflow/dags/f1_pipeline_dag.py took 0.083 seconds
[2026-05-04T23:55:56.241+0000] {processor.py:161} INFO - Started process (PID=15976) to work on /opt/airflow/dags/f1_pipeline_dag.py
[2026-05-04T23:55:56.243+0000] {processor.py:830} INFO - Processing file /opt/airflow/dags/f1_pipeline_dag.py for tasks to queue
[2026-05-04T23:55:56.244+0000] {logging_mixin.py:188} INFO - [2026-05-04T23:55:56.244+0000] {dagbag.py:538} INFO - Filling up the DagBag from /opt/airflow/dags/f1_pipeline_dag.py
[2026-05-04T23:55:56.264+0000] {processor.py:840} INFO - DAG(s) 'f1_bigdata_pipeline' retrieved from /opt/airflow/dags/f1_pipeline_dag.py
[2026-05-04T23:55:56.312+0000] {logging_mixin.py:188} INFO - [2026-05-04T23:55:56.311+0000] {dag.py:3036} INFO - Sync 1 DAGs
[2026-05-04T23:55:56.330+0000] {logging_mixin.py:188} INFO - [2026-05-04T23:55:56.329+0000] {dag.py:3823} INFO - Setting next_dagrun for f1_bigdata_pipeline to 2026-05-04 06:00:00+00:00, run_after=2026-05-11 06:00:00+00:00
[2026-05-04T23:55:56.341+0000] {processor.py:183} INFO - Processing /opt/airflow/dags/f1_pipeline_dag.py took 0.106 seconds
[2026-05-04T23:56:26.720+0000] {processor.py:161} INFO - Started process (PID=15981) to work on /opt/airflow/dags/f1_pipeline_dag.py
[2026-05-04T23:56:26.723+0000] {processor.py:830} INFO - Processing file /opt/airflow/dags/f1_pipeline_dag.py for tasks to queue
[2026-05-04T23:56:26.724+0000] {logging_mixin.py:188} INFO - [2026-05-04T23:56:26.723+0000] {dagbag.py:538} INFO - Filling up the DagBag from /opt/airflow/dags/f1_pipeline_dag.py
[2026-05-04T23:56:26.743+0000] {processor.py:840} INFO - DAG(s) 'f1_bigdata_pipeline' retrieved from /opt/airflow/dags/f1_pipeline_dag.py
[2026-05-04T23:56:26.787+0000] {logging_mixin.py:188} INFO - [2026-05-04T23:56:26.787+0000] {dag.py:3036} INFO - Sync 1 DAGs
[2026-05-04T23:56:26.803+0000] {logging_mixin.py:188} INFO - [2026-05-04T23:56:26.803+0000] {dag.py:3823} INFO - Setting next_dagrun for f1_bigdata_pipeline to 2026-05-04 06:00:00+00:00, run_after=2026-05-11 06:00:00+00:00
[2026-05-04T23:56:26.812+0000] {processor.py:183} INFO - Processing /opt/airflow/dags/f1_pipeline_dag.py took 0.098 seconds
[2026-05-04T23:56:57.587+0000] {processor.py:161} INFO - Started process (PID=15986) to work on /opt/airflow/dags/f1_pipeline_dag.py
[2026-05-04T23:56:57.615+0000] {processor.py:830} INFO - Processing file /opt/airflow/dags/f1_pipeline_dag.py for tasks to queue
[2026-05-04T23:56:57.625+0000] {logging_mixin.py:188} INFO - [2026-05-04T23:56:57.621+0000] {dagbag.py:538} INFO - Filling up the DagBag from /opt/airflow/dags/f1_pipeline_dag.py
[2026-05-04T23:56:57.817+0000] {processor.py:840} INFO - DAG(s) 'f1_bigdata_pipeline' retrieved from /opt/airflow/dags/f1_pipeline_dag.py
[2026-05-04T23:56:57.905+0000] {logging_mixin.py:188} INFO - [2026-05-04T23:56:57.905+0000] {dag.py:3036} INFO - Sync 1 DAGs
[2026-05-04T23:56:57.928+0000] {logging_mixin.py:188} INFO - [2026-05-04T23:56:57.928+0000] {dag.py:3823} INFO - Setting next_dagrun for f1_bigdata_pipeline to 2026-05-04 06:00:00+00:00, run_after=2026-05-11 06:00:00+00:00
[2026-05-04T23:56:57.941+0000] {processor.py:183} INFO - Processing /opt/airflow/dags/f1_pipeline_dag.py took 0.471 seconds
[2026-05-04T23:57:28.387+0000] {processor.py:161} INFO - Started process (PID=15991) to work on /opt/airflow/dags/f1_pipeline_dag.py
[2026-05-04T23:57:28.390+0000] {processor.py:830} INFO - Processing file /opt/airflow/dags/f1_pipeline_dag.py for tasks to queue
[2026-05-04T23:57:28.395+0000] {logging_mixin.py:188} INFO - [2026-05-04T23:57:28.391+0000] {dagbag.py:538} INFO - Filling up the DagBag from /opt/airflow/dags/f1_pipeline_dag.py
[2026-05-04T23:57:28.427+0000] {processor.py:840} INFO - DAG(s) 'f1_bigdata_pipeline' retrieved from /opt/airflow/dags/f1_pipeline_dag.py
[2026-05-04T23:57:28.460+0000] {logging_mixin.py:188} INFO - [2026-05-04T23:57:28.460+0000] {dag.py:3036} INFO - Sync 1 DAGs
[2026-05-04T23:57:28.479+0000] {logging_mixin.py:188} INFO - [2026-05-04T23:57:28.479+0000] {dag.py:3823} INFO - Setting next_dagrun for f1_bigdata_pipeline to 2026-05-04 06:00:00+00:00, run_after=2026-05-11 06:00:00+00:00
[2026-05-04T23:57:28.500+0000] {processor.py:183} INFO - Processing /opt/airflow/dags/f1_pipeline_dag.py took 0.119 seconds
[2026-05-04T23:57:58.823+0000] {processor.py:161} INFO - Started process (PID=15996) to work on /opt/airflow/dags/f1_pipeline_dag.py
[2026-05-04T23:57:58.825+0000] {processor.py:830} INFO - Processing file /opt/airflow/dags/f1_pipeline_dag.py for tasks to queue
[2026-05-04T23:57:58.826+0000] {logging_mixin.py:188} INFO - [2026-05-04T23:57:58.825+0000] {dagbag.py:538} INFO - Filling up the DagBag from /opt/airflow/dags/f1_pipeline_dag.py
[2026-05-04T23:57:58.841+0000] {processor.py:840} INFO - DAG(s) 'f1_bigdata_pipeline' retrieved from /opt/airflow/dags/f1_pipeline_dag.py
[2026-05-04T23:57:58.880+0000] {logging_mixin.py:188} INFO - [2026-05-04T23:57:58.880+0000] {dag.py:3036} INFO - Sync 1 DAGs
[2026-05-04T23:57:58.907+0000] {logging_mixin.py:188} INFO - [2026-05-04T23:57:58.907+0000] {dag.py:3823} INFO - Setting next_dagrun for f1_bigdata_pipeline to 2026-05-04 06:00:00+00:00, run_after=2026-05-11 06:00:00+00:00
[2026-05-04T23:57:58.920+0000] {processor.py:183} INFO - Processing /opt/airflow/dags/f1_pipeline_dag.py took 0.101 seconds
[2026-05-04T23:58:29.331+0000] {processor.py:161} INFO - Started process (PID=16001) to work on /opt/airflow/dags/f1_pipeline_dag.py
[2026-05-04T23:58:29.332+0000] {processor.py:830} INFO - Processing file /opt/airflow/dags/f1_pipeline_dag.py for tasks to queue
[2026-05-04T23:58:29.333+0000] {logging_mixin.py:188} INFO - [2026-05-04T23:58:29.333+0000] {dagbag.py:538} INFO - Filling up the DagBag from /opt/airflow/dags/f1_pipeline_dag.py
[2026-05-04T23:58:29.349+0000] {processor.py:840} INFO - DAG(s) 'f1_bigdata_pipeline' retrieved from /opt/airflow/dags/f1_pipeline_dag.py
[2026-05-04T23:58:29.391+0000] {logging_mixin.py:188} INFO - [2026-05-04T23:58:29.391+0000] {dag.py:3036} INFO - Sync 1 DAGs
[2026-05-04T23:58:29.407+0000] {logging_mixin.py:188} INFO - [2026-05-04T23:58:29.407+0000] {dag.py:3823} INFO - Setting next_dagrun for f1_bigdata_pipeline to 2026-05-04 06:00:00+00:00, run_after=2026-05-11 06:00:00+00:00
[2026-05-04T23:58:29.417+0000] {processor.py:183} INFO - Processing /opt/airflow/dags/f1_pipeline_dag.py took 0.091 seconds
[2026-05-04T23:58:59.749+0000] {processor.py:161} INFO - Started process (PID=16006) to work on /opt/airflow/dags/f1_pipeline_dag.py
[2026-05-04T23:58:59.752+0000] {processor.py:830} INFO - Processing file /opt/airflow/dags/f1_pipeline_dag.py for tasks to queue
[2026-05-04T23:58:59.753+0000] {logging_mixin.py:188} INFO - [2026-05-04T23:58:59.752+0000] {dagbag.py:538} INFO - Filling up the DagBag from /opt/airflow/dags/f1_pipeline_dag.py
[2026-05-04T23:58:59.788+0000] {processor.py:840} INFO - DAG(s) 'f1_bigdata_pipeline' retrieved from /opt/airflow/dags/f1_pipeline_dag.py
[2026-05-04T23:58:59.838+0000] {logging_mixin.py:188} INFO - [2026-05-04T23:58:59.838+0000] {dag.py:3036} INFO - Sync 1 DAGs
[2026-05-04T23:58:59.895+0000] {logging_mixin.py:188} INFO - [2026-05-04T23:58:59.875+0000] {dag.py:3823} INFO - Setting next_dagrun for f1_bigdata_pipeline to 2026-05-04 06:00:00+00:00, run_after=2026-05-11 06:00:00+00:00
[2026-05-04T23:59:00.132+0000] {processor.py:183} INFO - Processing /opt/airflow/dags/f1_pipeline_dag.py took 0.398 seconds
[2026-05-04T23:59:30.321+0000] {processor.py:161} INFO - Started process (PID=16011) to work on /opt/airflow/dags/f1_pipeline_dag.py
[2026-05-04T23:59:30.322+0000] {processor.py:830} INFO - Processing file /opt/airflow/dags/f1_pipeline_dag.py for tasks to queue
[2026-05-04T23:59:30.324+0000] {logging_mixin.py:188} INFO - [2026-05-04T23:59:30.323+0000] {dagbag.py:538} INFO - Filling up the DagBag from /opt/airflow/dags/f1_pipeline_dag.py
[2026-05-04T23:59:30.349+0000] {processor.py:840} INFO - DAG(s) 'f1_bigdata_pipeline' retrieved from /opt/airflow/dags/f1_pipeline_dag.py
[2026-05-04T23:59:30.390+0000] {logging_mixin.py:188} INFO - [2026-05-04T23:59:30.390+0000] {dag.py:3036} INFO - Sync 1 DAGs
[2026-05-04T23:59:30.411+0000] {logging_mixin.py:188} INFO - [2026-05-04T23:59:30.411+0000] {dag.py:3823} INFO - Setting next_dagrun for f1_bigdata_pipeline to 2026-05-04 06:00:00+00:00, run_after=2026-05-11 06:00:00+00:00
[2026-05-04T23:59:30.430+0000] {processor.py:183} INFO - Processing /opt/airflow/dags/f1_pipeline_dag.py took 0.115 seconds
