[2026-05-05T00:00:00.629+0000] {processor.py:161} INFO - Started process (PID=16016) to work on /opt/airflow/dags/f1_pipeline_dag.py
[2026-05-05T00:00:00.631+0000] {processor.py:830} INFO - Processing file /opt/airflow/dags/f1_pipeline_dag.py for tasks to queue
[2026-05-05T00:00:00.632+0000] {logging_mixin.py:188} INFO - [2026-05-05T00:00:00.632+0000] {dagbag.py:538} INFO - Filling up the DagBag from /opt/airflow/dags/f1_pipeline_dag.py
[2026-05-05T00:00:00.650+0000] {processor.py:840} INFO - DAG(s) 'f1_bigdata_pipeline' retrieved from /opt/airflow/dags/f1_pipeline_dag.py
[2026-05-05T00:00:00.704+0000] {logging_mixin.py:188} INFO - [2026-05-05T00:00:00.704+0000] {dag.py:3036} INFO - Sync 1 DAGs
[2026-05-05T00:00:00.795+0000] {logging_mixin.py:188} INFO - [2026-05-05T00:00:00.795+0000] {dag.py:3823} INFO - Setting next_dagrun for f1_bigdata_pipeline to 2026-05-04 06:00:00+00:00, run_after=2026-05-11 06:00:00+00:00
[2026-05-05T00:00:00.835+0000] {processor.py:183} INFO - Processing /opt/airflow/dags/f1_pipeline_dag.py took 0.212 seconds
[2026-05-05T00:00:31.073+0000] {processor.py:161} INFO - Started process (PID=16021) to work on /opt/airflow/dags/f1_pipeline_dag.py
[2026-05-05T00:00:31.081+0000] {processor.py:830} INFO - Processing file /opt/airflow/dags/f1_pipeline_dag.py for tasks to queue
[2026-05-05T00:00:31.082+0000] {logging_mixin.py:188} INFO - [2026-05-05T00:00:31.082+0000] {dagbag.py:538} INFO - Filling up the DagBag from /opt/airflow/dags/f1_pipeline_dag.py
[2026-05-05T00:00:31.107+0000] {processor.py:840} INFO - DAG(s) 'f1_bigdata_pipeline' retrieved from /opt/airflow/dags/f1_pipeline_dag.py
[2026-05-05T00:00:31.153+0000] {logging_mixin.py:188} INFO - [2026-05-05T00:00:31.153+0000] {dag.py:3036} INFO - Sync 1 DAGs
[2026-05-05T00:00:31.260+0000] {logging_mixin.py:188} INFO - [2026-05-05T00:00:31.260+0000] {dag.py:3823} INFO - Setting next_dagrun for f1_bigdata_pipeline to 2026-05-04 06:00:00+00:00, run_after=2026-05-11 06:00:00+00:00
[2026-05-05T00:00:31.280+0000] {processor.py:183} INFO - Processing /opt/airflow/dags/f1_pipeline_dag.py took 0.222 seconds
[2026-05-05T00:01:01.593+0000] {processor.py:161} INFO - Started process (PID=16026) to work on /opt/airflow/dags/f1_pipeline_dag.py
[2026-05-05T00:01:01.597+0000] {processor.py:830} INFO - Processing file /opt/airflow/dags/f1_pipeline_dag.py for tasks to queue
[2026-05-05T00:01:01.598+0000] {logging_mixin.py:188} INFO - [2026-05-05T00:01:01.598+0000] {dagbag.py:538} INFO - Filling up the DagBag from /opt/airflow/dags/f1_pipeline_dag.py
[2026-05-05T00:01:01.616+0000] {processor.py:840} INFO - DAG(s) 'f1_bigdata_pipeline' retrieved from /opt/airflow/dags/f1_pipeline_dag.py
[2026-05-05T00:01:01.665+0000] {logging_mixin.py:188} INFO - [2026-05-05T00:01:01.665+0000] {dag.py:3036} INFO - Sync 1 DAGs
[2026-05-05T00:01:01.684+0000] {logging_mixin.py:188} INFO - [2026-05-05T00:01:01.684+0000] {dag.py:3823} INFO - Setting next_dagrun for f1_bigdata_pipeline to 2026-05-04 06:00:00+00:00, run_after=2026-05-11 06:00:00+00:00
[2026-05-05T00:01:01.695+0000] {processor.py:183} INFO - Processing /opt/airflow/dags/f1_pipeline_dag.py took 0.112 seconds
[2026-05-05T00:01:31.996+0000] {processor.py:161} INFO - Started process (PID=16031) to work on /opt/airflow/dags/f1_pipeline_dag.py
[2026-05-05T00:01:31.998+0000] {processor.py:830} INFO - Processing file /opt/airflow/dags/f1_pipeline_dag.py for tasks to queue
[2026-05-05T00:01:31.999+0000] {logging_mixin.py:188} INFO - [2026-05-05T00:01:31.998+0000] {dagbag.py:538} INFO - Filling up the DagBag from /opt/airflow/dags/f1_pipeline_dag.py
[2026-05-05T00:01:32.024+0000] {processor.py:840} INFO - DAG(s) 'f1_bigdata_pipeline' retrieved from /opt/airflow/dags/f1_pipeline_dag.py
[2026-05-05T00:01:32.105+0000] {logging_mixin.py:188} INFO - [2026-05-05T00:01:32.105+0000] {dag.py:3036} INFO - Sync 1 DAGs
[2026-05-05T00:01:32.131+0000] {logging_mixin.py:188} INFO - [2026-05-05T00:01:32.130+0000] {dag.py:3823} INFO - Setting next_dagrun for f1_bigdata_pipeline to 2026-05-04 06:00:00+00:00, run_after=2026-05-11 06:00:00+00:00
[2026-05-05T00:01:32.146+0000] {processor.py:183} INFO - Processing /opt/airflow/dags/f1_pipeline_dag.py took 0.158 seconds
[2026-05-05T00:02:02.731+0000] {processor.py:161} INFO - Started process (PID=16036) to work on /opt/airflow/dags/f1_pipeline_dag.py
[2026-05-05T00:02:02.733+0000] {processor.py:830} INFO - Processing file /opt/airflow/dags/f1_pipeline_dag.py for tasks to queue
[2026-05-05T00:02:02.734+0000] {logging_mixin.py:188} INFO - [2026-05-05T00:02:02.734+0000] {dagbag.py:538} INFO - Filling up the DagBag from /opt/airflow/dags/f1_pipeline_dag.py
[2026-05-05T00:02:02.754+0000] {processor.py:840} INFO - DAG(s) 'f1_bigdata_pipeline' retrieved from /opt/airflow/dags/f1_pipeline_dag.py
[2026-05-05T00:02:02.797+0000] {logging_mixin.py:188} INFO - [2026-05-05T00:02:02.797+0000] {dag.py:3036} INFO - Sync 1 DAGs
[2026-05-05T00:02:02.815+0000] {logging_mixin.py:188} INFO - [2026-05-05T00:02:02.815+0000] {dag.py:3823} INFO - Setting next_dagrun for f1_bigdata_pipeline to 2026-05-04 06:00:00+00:00, run_after=2026-05-11 06:00:00+00:00
[2026-05-05T00:02:02.827+0000] {processor.py:183} INFO - Processing /opt/airflow/dags/f1_pipeline_dag.py took 0.101 seconds
[2026-05-05T00:02:33.470+0000] {processor.py:161} INFO - Started process (PID=16041) to work on /opt/airflow/dags/f1_pipeline_dag.py
[2026-05-05T00:02:33.473+0000] {processor.py:830} INFO - Processing file /opt/airflow/dags/f1_pipeline_dag.py for tasks to queue
[2026-05-05T00:02:33.474+0000] {logging_mixin.py:188} INFO - [2026-05-05T00:02:33.474+0000] {dagbag.py:538} INFO - Filling up the DagBag from /opt/airflow/dags/f1_pipeline_dag.py
[2026-05-05T00:02:33.496+0000] {processor.py:840} INFO - DAG(s) 'f1_bigdata_pipeline' retrieved from /opt/airflow/dags/f1_pipeline_dag.py
[2026-05-05T00:02:33.616+0000] {logging_mixin.py:188} INFO - [2026-05-05T00:02:33.616+0000] {dag.py:3036} INFO - Sync 1 DAGs
[2026-05-05T00:02:33.655+0000] {logging_mixin.py:188} INFO - [2026-05-05T00:02:33.655+0000] {dag.py:3823} INFO - Setting next_dagrun for f1_bigdata_pipeline to 2026-05-04 06:00:00+00:00, run_after=2026-05-11 06:00:00+00:00
[2026-05-05T00:02:33.670+0000] {processor.py:183} INFO - Processing /opt/airflow/dags/f1_pipeline_dag.py took 0.224 seconds
[2026-05-05T00:03:03.802+0000] {processor.py:161} INFO - Started process (PID=16046) to work on /opt/airflow/dags/f1_pipeline_dag.py
[2026-05-05T00:03:03.804+0000] {processor.py:830} INFO - Processing file /opt/airflow/dags/f1_pipeline_dag.py for tasks to queue
[2026-05-05T00:03:03.805+0000] {logging_mixin.py:188} INFO - [2026-05-05T00:03:03.805+0000] {dagbag.py:538} INFO - Filling up the DagBag from /opt/airflow/dags/f1_pipeline_dag.py
[2026-05-05T00:03:03.828+0000] {processor.py:840} INFO - DAG(s) 'f1_bigdata_pipeline' retrieved from /opt/airflow/dags/f1_pipeline_dag.py
[2026-05-05T00:03:03.871+0000] {logging_mixin.py:188} INFO - [2026-05-05T00:03:03.871+0000] {dag.py:3036} INFO - Sync 1 DAGs
[2026-05-05T00:03:03.890+0000] {logging_mixin.py:188} INFO - [2026-05-05T00:03:03.890+0000] {dag.py:3823} INFO - Setting next_dagrun for f1_bigdata_pipeline to 2026-05-04 06:00:00+00:00, run_after=2026-05-11 06:00:00+00:00
[2026-05-05T00:03:03.903+0000] {processor.py:183} INFO - Processing /opt/airflow/dags/f1_pipeline_dag.py took 0.106 seconds
[2026-05-05T00:03:34.672+0000] {processor.py:161} INFO - Started process (PID=16051) to work on /opt/airflow/dags/f1_pipeline_dag.py
[2026-05-05T00:03:34.674+0000] {processor.py:830} INFO - Processing file /opt/airflow/dags/f1_pipeline_dag.py for tasks to queue
[2026-05-05T00:03:34.675+0000] {logging_mixin.py:188} INFO - [2026-05-05T00:03:34.675+0000] {dagbag.py:538} INFO - Filling up the DagBag from /opt/airflow/dags/f1_pipeline_dag.py
[2026-05-05T00:03:34.742+0000] {processor.py:840} INFO - DAG(s) 'f1_bigdata_pipeline' retrieved from /opt/airflow/dags/f1_pipeline_dag.py
[2026-05-05T00:03:34.830+0000] {logging_mixin.py:188} INFO - [2026-05-05T00:03:34.830+0000] {dag.py:3036} INFO - Sync 1 DAGs
[2026-05-05T00:03:34.858+0000] {logging_mixin.py:188} INFO - [2026-05-05T00:03:34.858+0000] {dag.py:3823} INFO - Setting next_dagrun for f1_bigdata_pipeline to 2026-05-04 06:00:00+00:00, run_after=2026-05-11 06:00:00+00:00
[2026-05-05T00:03:34.866+0000] {processor.py:183} INFO - Processing /opt/airflow/dags/f1_pipeline_dag.py took 0.201 seconds
[2026-05-05T00:04:05.539+0000] {processor.py:161} INFO - Started process (PID=16056) to work on /opt/airflow/dags/f1_pipeline_dag.py
[2026-05-05T00:04:05.541+0000] {processor.py:830} INFO - Processing file /opt/airflow/dags/f1_pipeline_dag.py for tasks to queue
[2026-05-05T00:04:05.542+0000] {logging_mixin.py:188} INFO - [2026-05-05T00:04:05.542+0000] {dagbag.py:538} INFO - Filling up the DagBag from /opt/airflow/dags/f1_pipeline_dag.py
[2026-05-05T00:04:05.577+0000] {processor.py:840} INFO - DAG(s) 'f1_bigdata_pipeline' retrieved from /opt/airflow/dags/f1_pipeline_dag.py
[2026-05-05T00:04:05.620+0000] {logging_mixin.py:188} INFO - [2026-05-05T00:04:05.620+0000] {dag.py:3036} INFO - Sync 1 DAGs
[2026-05-05T00:04:05.642+0000] {logging_mixin.py:188} INFO - [2026-05-05T00:04:05.642+0000] {dag.py:3823} INFO - Setting next_dagrun for f1_bigdata_pipeline to 2026-05-04 06:00:00+00:00, run_after=2026-05-11 06:00:00+00:00
[2026-05-05T00:04:05.653+0000] {processor.py:183} INFO - Processing /opt/airflow/dags/f1_pipeline_dag.py took 0.121 seconds
[2026-05-05T00:06:09.761+0000] {processor.py:161} INFO - Started process (PID=16061) to work on /opt/airflow/dags/f1_pipeline_dag.py
[2026-05-05T00:06:09.766+0000] {processor.py:830} INFO - Processing file /opt/airflow/dags/f1_pipeline_dag.py for tasks to queue
[2026-05-05T00:06:09.769+0000] {logging_mixin.py:188} INFO - [2026-05-05T00:06:09.768+0000] {dagbag.py:538} INFO - Filling up the DagBag from /opt/airflow/dags/f1_pipeline_dag.py
[2026-05-05T00:06:09.806+0000] {processor.py:840} INFO - DAG(s) 'f1_bigdata_pipeline' retrieved from /opt/airflow/dags/f1_pipeline_dag.py
[2026-05-05T00:06:09.850+0000] {logging_mixin.py:188} INFO - [2026-05-05T00:06:09.849+0000] {dag.py:3036} INFO - Sync 1 DAGs
[2026-05-05T00:06:09.867+0000] {logging_mixin.py:188} INFO - [2026-05-05T00:06:09.867+0000] {dag.py:3823} INFO - Setting next_dagrun for f1_bigdata_pipeline to 2026-05-04 06:00:00+00:00, run_after=2026-05-11 06:00:00+00:00
[2026-05-05T00:06:09.883+0000] {processor.py:183} INFO - Processing /opt/airflow/dags/f1_pipeline_dag.py took 0.132 seconds
[2026-05-05T00:44:32.953+0000] {processor.py:161} INFO - Started process (PID=16070) to work on /opt/airflow/dags/f1_pipeline_dag.py
[2026-05-05T00:44:32.981+0000] {processor.py:830} INFO - Processing file /opt/airflow/dags/f1_pipeline_dag.py for tasks to queue
[2026-05-05T00:44:33.003+0000] {logging_mixin.py:188} INFO - [2026-05-05T00:44:32.991+0000] {dagbag.py:538} INFO - Filling up the DagBag from /opt/airflow/dags/f1_pipeline_dag.py
[2026-05-05T00:44:33.228+0000] {processor.py:840} INFO - DAG(s) 'f1_bigdata_pipeline' retrieved from /opt/airflow/dags/f1_pipeline_dag.py
[2026-05-05T00:44:33.361+0000] {logging_mixin.py:188} INFO - [2026-05-05T00:44:33.360+0000] {dag.py:3036} INFO - Sync 1 DAGs
[2026-05-05T00:44:33.438+0000] {logging_mixin.py:188} INFO - [2026-05-05T00:44:33.437+0000] {dag.py:3823} INFO - Setting next_dagrun for f1_bigdata_pipeline to 2026-05-04 06:00:00+00:00, run_after=2026-05-11 06:00:00+00:00
[2026-05-05T00:44:33.470+0000] {processor.py:183} INFO - Processing /opt/airflow/dags/f1_pipeline_dag.py took 0.666 seconds
[2026-05-05T00:45:04.571+0000] {processor.py:161} INFO - Started process (PID=16075) to work on /opt/airflow/dags/f1_pipeline_dag.py
[2026-05-05T00:45:04.606+0000] {processor.py:830} INFO - Processing file /opt/airflow/dags/f1_pipeline_dag.py for tasks to queue
[2026-05-05T00:45:04.625+0000] {logging_mixin.py:188} INFO - [2026-05-05T00:45:04.614+0000] {dagbag.py:538} INFO - Filling up the DagBag from /opt/airflow/dags/f1_pipeline_dag.py
[2026-05-05T00:45:05.366+0000] {processor.py:840} INFO - DAG(s) 'f1_bigdata_pipeline' retrieved from /opt/airflow/dags/f1_pipeline_dag.py
[2026-05-05T00:45:07.287+0000] {logging_mixin.py:188} INFO - [2026-05-05T00:45:07.283+0000] {dag.py:3036} INFO - Sync 1 DAGs
[2026-05-05T00:45:07.923+0000] {logging_mixin.py:188} INFO - [2026-05-05T00:45:07.922+0000] {dag.py:3823} INFO - Setting next_dagrun for f1_bigdata_pipeline to 2026-05-04 06:00:00+00:00, run_after=2026-05-11 06:00:00+00:00
[2026-05-05T00:45:08.302+0000] {processor.py:183} INFO - Processing /opt/airflow/dags/f1_pipeline_dag.py took 3.827 seconds
[2026-05-05T01:47:05.346+0000] {processor.py:161} INFO - Started process (PID=16082) to work on /opt/airflow/dags/f1_pipeline_dag.py
[2026-05-05T01:47:05.349+0000] {processor.py:830} INFO - Processing file /opt/airflow/dags/f1_pipeline_dag.py for tasks to queue
[2026-05-05T01:47:05.352+0000] {logging_mixin.py:188} INFO - [2026-05-05T01:47:05.351+0000] {dagbag.py:538} INFO - Filling up the DagBag from /opt/airflow/dags/f1_pipeline_dag.py
[2026-05-05T01:47:05.546+0000] {processor.py:840} INFO - DAG(s) 'f1_bigdata_pipeline' retrieved from /opt/airflow/dags/f1_pipeline_dag.py
[2026-05-05T01:47:05.677+0000] {logging_mixin.py:188} INFO - [2026-05-05T01:47:05.677+0000] {dag.py:3036} INFO - Sync 1 DAGs
[2026-05-05T01:47:05.730+0000] {logging_mixin.py:188} INFO - [2026-05-05T01:47:05.730+0000] {dag.py:3823} INFO - Setting next_dagrun for f1_bigdata_pipeline to 2026-05-04 06:00:00+00:00, run_after=2026-05-11 06:00:00+00:00
[2026-05-05T01:47:05.750+0000] {processor.py:183} INFO - Processing /opt/airflow/dags/f1_pipeline_dag.py took 0.415 seconds
[2026-05-05T02:05:14.598+0000] {processor.py:161} INFO - Started process (PID=16087) to work on /opt/airflow/dags/f1_pipeline_dag.py
[2026-05-05T02:05:14.599+0000] {processor.py:830} INFO - Processing file /opt/airflow/dags/f1_pipeline_dag.py for tasks to queue
[2026-05-05T02:05:14.599+0000] {logging_mixin.py:188} INFO - [2026-05-05T02:05:14.599+0000] {dagbag.py:538} INFO - Filling up the DagBag from /opt/airflow/dags/f1_pipeline_dag.py
[2026-05-05T02:05:14.617+0000] {processor.py:840} INFO - DAG(s) 'f1_bigdata_pipeline' retrieved from /opt/airflow/dags/f1_pipeline_dag.py
[2026-05-05T02:05:14.668+0000] {logging_mixin.py:188} INFO - [2026-05-05T02:05:14.668+0000] {dag.py:3036} INFO - Sync 1 DAGs
[2026-05-05T02:05:14.693+0000] {logging_mixin.py:188} INFO - [2026-05-05T02:05:14.693+0000] {dag.py:3823} INFO - Setting next_dagrun for f1_bigdata_pipeline to 2026-05-04 06:00:00+00:00, run_after=2026-05-11 06:00:00+00:00
[2026-05-05T02:05:14.703+0000] {processor.py:183} INFO - Processing /opt/airflow/dags/f1_pipeline_dag.py took 0.108 seconds
[2026-05-05T03:06:33.219+0000] {processor.py:161} INFO - Started process (PID=16094) to work on /opt/airflow/dags/f1_pipeline_dag.py
[2026-05-05T03:06:33.222+0000] {processor.py:830} INFO - Processing file /opt/airflow/dags/f1_pipeline_dag.py for tasks to queue
[2026-05-05T03:06:33.225+0000] {logging_mixin.py:188} INFO - [2026-05-05T03:06:33.223+0000] {dagbag.py:538} INFO - Filling up the DagBag from /opt/airflow/dags/f1_pipeline_dag.py
[2026-05-05T03:06:33.270+0000] {processor.py:840} INFO - DAG(s) 'f1_bigdata_pipeline' retrieved from /opt/airflow/dags/f1_pipeline_dag.py
[2026-05-05T03:06:33.343+0000] {logging_mixin.py:188} INFO - [2026-05-05T03:06:33.343+0000] {dag.py:3036} INFO - Sync 1 DAGs
[2026-05-05T03:06:33.388+0000] {logging_mixin.py:188} INFO - [2026-05-05T03:06:33.387+0000] {dag.py:3823} INFO - Setting next_dagrun for f1_bigdata_pipeline to 2026-05-04 06:00:00+00:00, run_after=2026-05-11 06:00:00+00:00
[2026-05-05T03:06:33.438+0000] {processor.py:183} INFO - Processing /opt/airflow/dags/f1_pipeline_dag.py took 0.238 seconds
[2026-05-05T03:22:05.481+0000] {processor.py:161} INFO - Started process (PID=16099) to work on /opt/airflow/dags/f1_pipeline_dag.py
[2026-05-05T03:22:05.482+0000] {processor.py:830} INFO - Processing file /opt/airflow/dags/f1_pipeline_dag.py for tasks to queue
[2026-05-05T03:22:05.483+0000] {logging_mixin.py:188} INFO - [2026-05-05T03:22:05.483+0000] {dagbag.py:538} INFO - Filling up the DagBag from /opt/airflow/dags/f1_pipeline_dag.py
[2026-05-05T03:22:05.497+0000] {processor.py:840} INFO - DAG(s) 'f1_bigdata_pipeline' retrieved from /opt/airflow/dags/f1_pipeline_dag.py
[2026-05-05T03:22:05.538+0000] {logging_mixin.py:188} INFO - [2026-05-05T03:22:05.538+0000] {dag.py:3036} INFO - Sync 1 DAGs
[2026-05-05T03:22:05.573+0000] {logging_mixin.py:188} INFO - [2026-05-05T03:22:05.573+0000] {dag.py:3823} INFO - Setting next_dagrun for f1_bigdata_pipeline to 2026-05-04 06:00:00+00:00, run_after=2026-05-11 06:00:00+00:00
[2026-05-05T03:22:05.584+0000] {processor.py:183} INFO - Processing /opt/airflow/dags/f1_pipeline_dag.py took 0.106 seconds
[2026-05-05T04:18:44.223+0000] {processor.py:161} INFO - Started process (PID=16104) to work on /opt/airflow/dags/f1_pipeline_dag.py
[2026-05-05T04:18:44.225+0000] {processor.py:830} INFO - Processing file /opt/airflow/dags/f1_pipeline_dag.py for tasks to queue
[2026-05-05T04:18:44.227+0000] {logging_mixin.py:188} INFO - [2026-05-05T04:18:44.226+0000] {dagbag.py:538} INFO - Filling up the DagBag from /opt/airflow/dags/f1_pipeline_dag.py
[2026-05-05T04:18:44.267+0000] {processor.py:840} INFO - DAG(s) 'f1_bigdata_pipeline' retrieved from /opt/airflow/dags/f1_pipeline_dag.py
[2026-05-05T04:18:44.309+0000] {logging_mixin.py:188} INFO - [2026-05-05T04:18:44.309+0000] {dag.py:3036} INFO - Sync 1 DAGs
[2026-05-05T04:18:44.343+0000] {logging_mixin.py:188} INFO - [2026-05-05T04:18:44.342+0000] {dag.py:3823} INFO - Setting next_dagrun for f1_bigdata_pipeline to 2026-05-04 06:00:00+00:00, run_after=2026-05-11 06:00:00+00:00
[2026-05-05T04:18:44.361+0000] {processor.py:183} INFO - Processing /opt/airflow/dags/f1_pipeline_dag.py took 0.145 seconds
[2026-05-05T05:27:45.078+0000] {processor.py:161} INFO - Started process (PID=16109) to work on /opt/airflow/dags/f1_pipeline_dag.py
[2026-05-05T05:27:45.087+0000] {processor.py:830} INFO - Processing file /opt/airflow/dags/f1_pipeline_dag.py for tasks to queue
[2026-05-05T05:27:45.100+0000] {logging_mixin.py:188} INFO - [2026-05-05T05:27:45.092+0000] {dagbag.py:538} INFO - Filling up the DagBag from /opt/airflow/dags/f1_pipeline_dag.py
[2026-05-05T05:27:45.183+0000] {processor.py:840} INFO - DAG(s) 'f1_bigdata_pipeline' retrieved from /opt/airflow/dags/f1_pipeline_dag.py
[2026-05-05T05:27:45.423+0000] {logging_mixin.py:188} INFO - [2026-05-05T05:27:45.422+0000] {dag.py:3036} INFO - Sync 1 DAGs
[2026-05-05T05:27:45.527+0000] {logging_mixin.py:188} INFO - [2026-05-05T05:27:45.526+0000] {dag.py:3823} INFO - Setting next_dagrun for f1_bigdata_pipeline to 2026-05-04 06:00:00+00:00, run_after=2026-05-11 06:00:00+00:00
[2026-05-05T05:27:45.558+0000] {processor.py:183} INFO - Processing /opt/airflow/dags/f1_pipeline_dag.py took 0.510 seconds
[2026-05-05T06:01:44.760+0000] {processor.py:161} INFO - Started process (PID=16116) to work on /opt/airflow/dags/f1_pipeline_dag.py
[2026-05-05T06:01:44.767+0000] {processor.py:830} INFO - Processing file /opt/airflow/dags/f1_pipeline_dag.py for tasks to queue
[2026-05-05T06:01:44.780+0000] {logging_mixin.py:188} INFO - [2026-05-05T06:01:44.774+0000] {dagbag.py:538} INFO - Filling up the DagBag from /opt/airflow/dags/f1_pipeline_dag.py
[2026-05-05T06:01:44.877+0000] {processor.py:840} INFO - DAG(s) 'f1_bigdata_pipeline' retrieved from /opt/airflow/dags/f1_pipeline_dag.py
[2026-05-05T06:01:45.033+0000] {logging_mixin.py:188} INFO - [2026-05-05T06:01:45.033+0000] {dag.py:3036} INFO - Sync 1 DAGs
[2026-05-05T06:01:45.094+0000] {logging_mixin.py:188} INFO - [2026-05-05T06:01:45.093+0000] {dag.py:3823} INFO - Setting next_dagrun for f1_bigdata_pipeline to 2026-05-04 06:00:00+00:00, run_after=2026-05-11 06:00:00+00:00
[2026-05-05T06:01:45.145+0000] {processor.py:183} INFO - Processing /opt/airflow/dags/f1_pipeline_dag.py took 0.409 seconds
[2026-05-05T06:35:56.542+0000] {processor.py:161} INFO - Started process (PID=16122) to work on /opt/airflow/dags/f1_pipeline_dag.py
[2026-05-05T06:35:56.544+0000] {processor.py:830} INFO - Processing file /opt/airflow/dags/f1_pipeline_dag.py for tasks to queue
[2026-05-05T06:35:56.545+0000] {logging_mixin.py:188} INFO - [2026-05-05T06:35:56.545+0000] {dagbag.py:538} INFO - Filling up the DagBag from /opt/airflow/dags/f1_pipeline_dag.py
[2026-05-05T06:35:56.565+0000] {processor.py:840} INFO - DAG(s) 'f1_bigdata_pipeline' retrieved from /opt/airflow/dags/f1_pipeline_dag.py
[2026-05-05T06:35:56.605+0000] {logging_mixin.py:188} INFO - [2026-05-05T06:35:56.605+0000] {dag.py:3036} INFO - Sync 1 DAGs
[2026-05-05T06:35:56.630+0000] {logging_mixin.py:188} INFO - [2026-05-05T06:35:56.630+0000] {dag.py:3823} INFO - Setting next_dagrun for f1_bigdata_pipeline to 2026-05-04 06:00:00+00:00, run_after=2026-05-11 06:00:00+00:00
[2026-05-05T06:35:56.641+0000] {processor.py:183} INFO - Processing /opt/airflow/dags/f1_pipeline_dag.py took 0.109 seconds
[2026-05-05T07:23:41.023+0000] {processor.py:161} INFO - Started process (PID=16128) to work on /opt/airflow/dags/f1_pipeline_dag.py
[2026-05-05T07:23:41.025+0000] {processor.py:830} INFO - Processing file /opt/airflow/dags/f1_pipeline_dag.py for tasks to queue
[2026-05-05T07:23:41.028+0000] {logging_mixin.py:188} INFO - [2026-05-05T07:23:41.027+0000] {dagbag.py:538} INFO - Filling up the DagBag from /opt/airflow/dags/f1_pipeline_dag.py
[2026-05-05T07:23:41.069+0000] {processor.py:840} INFO - DAG(s) 'f1_bigdata_pipeline' retrieved from /opt/airflow/dags/f1_pipeline_dag.py
[2026-05-05T07:23:41.116+0000] {logging_mixin.py:188} INFO - [2026-05-05T07:23:41.116+0000] {dag.py:3036} INFO - Sync 1 DAGs
[2026-05-05T07:23:41.155+0000] {logging_mixin.py:188} INFO - [2026-05-05T07:23:41.155+0000] {dag.py:3823} INFO - Setting next_dagrun for f1_bigdata_pipeline to 2026-05-04 06:00:00+00:00, run_after=2026-05-11 06:00:00+00:00
[2026-05-05T07:23:41.175+0000] {processor.py:183} INFO - Processing /opt/airflow/dags/f1_pipeline_dag.py took 0.158 seconds
[2026-05-05T08:14:03.113+0000] {processor.py:161} INFO - Started process (PID=16133) to work on /opt/airflow/dags/f1_pipeline_dag.py
[2026-05-05T08:14:03.115+0000] {processor.py:830} INFO - Processing file /opt/airflow/dags/f1_pipeline_dag.py for tasks to queue
[2026-05-05T08:14:03.116+0000] {logging_mixin.py:188} INFO - [2026-05-05T08:14:03.116+0000] {dagbag.py:538} INFO - Filling up the DagBag from /opt/airflow/dags/f1_pipeline_dag.py
[2026-05-05T08:14:03.150+0000] {processor.py:840} INFO - DAG(s) 'f1_bigdata_pipeline' retrieved from /opt/airflow/dags/f1_pipeline_dag.py
[2026-05-05T08:14:03.201+0000] {logging_mixin.py:188} INFO - [2026-05-05T08:14:03.201+0000] {dag.py:3036} INFO - Sync 1 DAGs
[2026-05-05T08:14:03.233+0000] {logging_mixin.py:188} INFO - [2026-05-05T08:14:03.233+0000] {dag.py:3823} INFO - Setting next_dagrun for f1_bigdata_pipeline to 2026-05-04 06:00:00+00:00, run_after=2026-05-11 06:00:00+00:00
[2026-05-05T08:14:03.257+0000] {processor.py:183} INFO - Processing /opt/airflow/dags/f1_pipeline_dag.py took 0.151 seconds
[2026-05-05T08:38:30.426+0000] {processor.py:161} INFO - Started process (PID=16140) to work on /opt/airflow/dags/f1_pipeline_dag.py
[2026-05-05T08:38:30.428+0000] {processor.py:830} INFO - Processing file /opt/airflow/dags/f1_pipeline_dag.py for tasks to queue
[2026-05-05T08:38:30.430+0000] {logging_mixin.py:188} INFO - [2026-05-05T08:38:30.429+0000] {dagbag.py:538} INFO - Filling up the DagBag from /opt/airflow/dags/f1_pipeline_dag.py
[2026-05-05T08:38:30.454+0000] {processor.py:840} INFO - DAG(s) 'f1_bigdata_pipeline' retrieved from /opt/airflow/dags/f1_pipeline_dag.py
[2026-05-05T08:38:30.524+0000] {logging_mixin.py:188} INFO - [2026-05-05T08:38:30.524+0000] {dag.py:3036} INFO - Sync 1 DAGs
[2026-05-05T08:38:30.556+0000] {logging_mixin.py:188} INFO - [2026-05-05T08:38:30.556+0000] {dag.py:3823} INFO - Setting next_dagrun for f1_bigdata_pipeline to 2026-05-04 06:00:00+00:00, run_after=2026-05-11 06:00:00+00:00
[2026-05-05T08:38:30.577+0000] {processor.py:183} INFO - Processing /opt/airflow/dags/f1_pipeline_dag.py took 0.171 seconds
[2026-05-05T09:46:35.886+0000] {processor.py:161} INFO - Started process (PID=16145) to work on /opt/airflow/dags/f1_pipeline_dag.py
[2026-05-05T09:46:35.888+0000] {processor.py:830} INFO - Processing file /opt/airflow/dags/f1_pipeline_dag.py for tasks to queue
[2026-05-05T09:46:35.891+0000] {logging_mixin.py:188} INFO - [2026-05-05T09:46:35.890+0000] {dagbag.py:538} INFO - Filling up the DagBag from /opt/airflow/dags/f1_pipeline_dag.py
[2026-05-05T09:46:35.932+0000] {processor.py:840} INFO - DAG(s) 'f1_bigdata_pipeline' retrieved from /opt/airflow/dags/f1_pipeline_dag.py
[2026-05-05T09:46:36.008+0000] {logging_mixin.py:188} INFO - [2026-05-05T09:46:36.008+0000] {dag.py:3036} INFO - Sync 1 DAGs
[2026-05-05T09:46:36.057+0000] {logging_mixin.py:188} INFO - [2026-05-05T09:46:36.057+0000] {dag.py:3823} INFO - Setting next_dagrun for f1_bigdata_pipeline to 2026-05-04 06:00:00+00:00, run_after=2026-05-11 06:00:00+00:00
[2026-05-05T09:46:36.087+0000] {processor.py:183} INFO - Processing /opt/airflow/dags/f1_pipeline_dag.py took 0.217 seconds
[2026-05-05T10:16:46.486+0000] {processor.py:161} INFO - Started process (PID=16150) to work on /opt/airflow/dags/f1_pipeline_dag.py
[2026-05-05T10:16:46.489+0000] {processor.py:830} INFO - Processing file /opt/airflow/dags/f1_pipeline_dag.py for tasks to queue
[2026-05-05T10:16:46.491+0000] {logging_mixin.py:188} INFO - [2026-05-05T10:16:46.490+0000] {dagbag.py:538} INFO - Filling up the DagBag from /opt/airflow/dags/f1_pipeline_dag.py
[2026-05-05T10:16:46.530+0000] {processor.py:840} INFO - DAG(s) 'f1_bigdata_pipeline' retrieved from /opt/airflow/dags/f1_pipeline_dag.py
[2026-05-05T10:16:46.581+0000] {logging_mixin.py:188} INFO - [2026-05-05T10:16:46.580+0000] {dag.py:3036} INFO - Sync 1 DAGs
[2026-05-05T10:16:46.606+0000] {logging_mixin.py:188} INFO - [2026-05-05T10:16:46.606+0000] {dag.py:3823} INFO - Setting next_dagrun for f1_bigdata_pipeline to 2026-05-04 06:00:00+00:00, run_after=2026-05-11 06:00:00+00:00
[2026-05-05T10:16:46.636+0000] {processor.py:183} INFO - Processing /opt/airflow/dags/f1_pipeline_dag.py took 0.168 seconds
[2026-05-05T10:25:37.945+0000] {processor.py:161} INFO - Started process (PID=16155) to work on /opt/airflow/dags/f1_pipeline_dag.py
[2026-05-05T10:25:37.949+0000] {processor.py:830} INFO - Processing file /opt/airflow/dags/f1_pipeline_dag.py for tasks to queue
[2026-05-05T10:25:37.952+0000] {logging_mixin.py:188} INFO - [2026-05-05T10:25:37.951+0000] {dagbag.py:538} INFO - Filling up the DagBag from /opt/airflow/dags/f1_pipeline_dag.py
[2026-05-05T10:25:38.018+0000] {processor.py:840} INFO - DAG(s) 'f1_bigdata_pipeline' retrieved from /opt/airflow/dags/f1_pipeline_dag.py
[2026-05-05T10:25:38.088+0000] {logging_mixin.py:188} INFO - [2026-05-05T10:25:38.088+0000] {dag.py:3036} INFO - Sync 1 DAGs
[2026-05-05T10:25:38.138+0000] {logging_mixin.py:188} INFO - [2026-05-05T10:25:38.138+0000] {dag.py:3823} INFO - Setting next_dagrun for f1_bigdata_pipeline to 2026-05-04 06:00:00+00:00, run_after=2026-05-11 06:00:00+00:00
[2026-05-05T10:25:38.170+0000] {processor.py:183} INFO - Processing /opt/airflow/dags/f1_pipeline_dag.py took 0.244 seconds
[2026-05-05T11:11:25.717+0000] {processor.py:161} INFO - Started process (PID=16160) to work on /opt/airflow/dags/f1_pipeline_dag.py
[2026-05-05T11:11:25.718+0000] {processor.py:830} INFO - Processing file /opt/airflow/dags/f1_pipeline_dag.py for tasks to queue
[2026-05-05T11:11:25.720+0000] {logging_mixin.py:188} INFO - [2026-05-05T11:11:25.720+0000] {dagbag.py:538} INFO - Filling up the DagBag from /opt/airflow/dags/f1_pipeline_dag.py
[2026-05-05T11:11:25.780+0000] {processor.py:840} INFO - DAG(s) 'f1_bigdata_pipeline' retrieved from /opt/airflow/dags/f1_pipeline_dag.py
[2026-05-05T11:11:25.844+0000] {logging_mixin.py:188} INFO - [2026-05-05T11:11:25.844+0000] {dag.py:3036} INFO - Sync 1 DAGs
[2026-05-05T11:11:25.875+0000] {logging_mixin.py:188} INFO - [2026-05-05T11:11:25.874+0000] {dag.py:3823} INFO - Setting next_dagrun for f1_bigdata_pipeline to 2026-05-04 06:00:00+00:00, run_after=2026-05-11 06:00:00+00:00
[2026-05-05T11:11:25.907+0000] {processor.py:183} INFO - Processing /opt/airflow/dags/f1_pipeline_dag.py took 0.195 seconds
[2026-05-05T11:52:59.555+0000] {processor.py:161} INFO - Started process (PID=16167) to work on /opt/airflow/dags/f1_pipeline_dag.py
[2026-05-05T11:52:59.558+0000] {processor.py:830} INFO - Processing file /opt/airflow/dags/f1_pipeline_dag.py for tasks to queue
[2026-05-05T11:52:59.563+0000] {logging_mixin.py:188} INFO - [2026-05-05T11:52:59.561+0000] {dagbag.py:538} INFO - Filling up the DagBag from /opt/airflow/dags/f1_pipeline_dag.py
[2026-05-05T11:52:59.610+0000] {processor.py:840} INFO - DAG(s) 'f1_bigdata_pipeline' retrieved from /opt/airflow/dags/f1_pipeline_dag.py
[2026-05-05T11:52:59.871+0000] {logging_mixin.py:188} INFO - [2026-05-05T11:52:59.868+0000] {dag.py:3036} INFO - Sync 1 DAGs
[2026-05-05T11:52:59.953+0000] {logging_mixin.py:188} INFO - [2026-05-05T11:52:59.951+0000] {dag.py:3823} INFO - Setting next_dagrun for f1_bigdata_pipeline to 2026-05-04 06:00:00+00:00, run_after=2026-05-11 06:00:00+00:00
[2026-05-05T11:52:59.997+0000] {processor.py:183} INFO - Processing /opt/airflow/dags/f1_pipeline_dag.py took 0.454 seconds
[2026-05-05T12:06:33.218+0000] {processor.py:161} INFO - Started process (PID=16173) to work on /opt/airflow/dags/f1_pipeline_dag.py
[2026-05-05T12:06:33.222+0000] {processor.py:830} INFO - Processing file /opt/airflow/dags/f1_pipeline_dag.py for tasks to queue
[2026-05-05T12:06:33.226+0000] {logging_mixin.py:188} INFO - [2026-05-05T12:06:33.224+0000] {dagbag.py:538} INFO - Filling up the DagBag from /opt/airflow/dags/f1_pipeline_dag.py
[2026-05-05T12:06:33.288+0000] {processor.py:840} INFO - DAG(s) 'f1_bigdata_pipeline' retrieved from /opt/airflow/dags/f1_pipeline_dag.py
[2026-05-05T12:06:33.363+0000] {logging_mixin.py:188} INFO - [2026-05-05T12:06:33.363+0000] {dag.py:3036} INFO - Sync 1 DAGs
[2026-05-05T12:06:33.428+0000] {logging_mixin.py:188} INFO - [2026-05-05T12:06:33.428+0000] {dag.py:3823} INFO - Setting next_dagrun for f1_bigdata_pipeline to 2026-05-04 06:00:00+00:00, run_after=2026-05-11 06:00:00+00:00
[2026-05-05T12:06:33.460+0000] {processor.py:183} INFO - Processing /opt/airflow/dags/f1_pipeline_dag.py took 0.260 seconds
[2026-05-05T12:47:15.507+0000] {processor.py:161} INFO - Started process (PID=16179) to work on /opt/airflow/dags/f1_pipeline_dag.py
[2026-05-05T12:47:15.509+0000] {processor.py:830} INFO - Processing file /opt/airflow/dags/f1_pipeline_dag.py for tasks to queue
[2026-05-05T12:47:15.510+0000] {logging_mixin.py:188} INFO - [2026-05-05T12:47:15.509+0000] {dagbag.py:538} INFO - Filling up the DagBag from /opt/airflow/dags/f1_pipeline_dag.py
[2026-05-05T12:47:15.529+0000] {processor.py:840} INFO - DAG(s) 'f1_bigdata_pipeline' retrieved from /opt/airflow/dags/f1_pipeline_dag.py
[2026-05-05T12:47:15.572+0000] {logging_mixin.py:188} INFO - [2026-05-05T12:47:15.572+0000] {dag.py:3036} INFO - Sync 1 DAGs
[2026-05-05T12:47:15.593+0000] {logging_mixin.py:188} INFO - [2026-05-05T12:47:15.593+0000] {dag.py:3823} INFO - Setting next_dagrun for f1_bigdata_pipeline to 2026-05-04 06:00:00+00:00, run_after=2026-05-11 06:00:00+00:00
[2026-05-05T12:47:15.604+0000] {processor.py:183} INFO - Processing /opt/airflow/dags/f1_pipeline_dag.py took 0.101 seconds
[2026-05-05T13:19:50.215+0000] {processor.py:161} INFO - Started process (PID=16185) to work on /opt/airflow/dags/f1_pipeline_dag.py
[2026-05-05T13:19:50.221+0000] {processor.py:830} INFO - Processing file /opt/airflow/dags/f1_pipeline_dag.py for tasks to queue
[2026-05-05T13:19:50.234+0000] {logging_mixin.py:188} INFO - [2026-05-05T13:19:50.228+0000] {dagbag.py:538} INFO - Filling up the DagBag from /opt/airflow/dags/f1_pipeline_dag.py
[2026-05-05T13:19:50.324+0000] {processor.py:840} INFO - DAG(s) 'f1_bigdata_pipeline' retrieved from /opt/airflow/dags/f1_pipeline_dag.py
[2026-05-05T13:19:50.449+0000] {logging_mixin.py:188} INFO - [2026-05-05T13:19:50.448+0000] {dag.py:3036} INFO - Sync 1 DAGs
[2026-05-05T13:19:50.502+0000] {logging_mixin.py:188} INFO - [2026-05-05T13:19:50.501+0000] {dag.py:3823} INFO - Setting next_dagrun for f1_bigdata_pipeline to 2026-05-04 06:00:00+00:00, run_after=2026-05-11 06:00:00+00:00
[2026-05-05T13:19:50.530+0000] {processor.py:183} INFO - Processing /opt/airflow/dags/f1_pipeline_dag.py took 0.326 seconds
[2026-05-05T13:49:29.390+0000] {processor.py:161} INFO - Started process (PID=16192) to work on /opt/airflow/dags/f1_pipeline_dag.py
[2026-05-05T13:49:29.397+0000] {processor.py:830} INFO - Processing file /opt/airflow/dags/f1_pipeline_dag.py for tasks to queue
[2026-05-05T13:49:29.399+0000] {logging_mixin.py:188} INFO - [2026-05-05T13:49:29.398+0000] {dagbag.py:538} INFO - Filling up the DagBag from /opt/airflow/dags/f1_pipeline_dag.py
[2026-05-05T13:49:29.492+0000] {processor.py:840} INFO - DAG(s) 'f1_bigdata_pipeline' retrieved from /opt/airflow/dags/f1_pipeline_dag.py
[2026-05-05T13:49:29.611+0000] {logging_mixin.py:188} INFO - [2026-05-05T13:49:29.610+0000] {dag.py:3036} INFO - Sync 1 DAGs
[2026-05-05T13:49:29.670+0000] {logging_mixin.py:188} INFO - [2026-05-05T13:49:29.670+0000] {dag.py:3823} INFO - Setting next_dagrun for f1_bigdata_pipeline to 2026-05-04 06:00:00+00:00, run_after=2026-05-11 06:00:00+00:00
[2026-05-05T13:49:29.729+0000] {processor.py:183} INFO - Processing /opt/airflow/dags/f1_pipeline_dag.py took 0.368 seconds
[2026-05-05T14:04:49.431+0000] {processor.py:161} INFO - Started process (PID=16197) to work on /opt/airflow/dags/f1_pipeline_dag.py
[2026-05-05T14:04:49.435+0000] {processor.py:830} INFO - Processing file /opt/airflow/dags/f1_pipeline_dag.py for tasks to queue
[2026-05-05T14:04:49.439+0000] {logging_mixin.py:188} INFO - [2026-05-05T14:04:49.437+0000] {dagbag.py:538} INFO - Filling up the DagBag from /opt/airflow/dags/f1_pipeline_dag.py
[2026-05-05T14:04:49.470+0000] {processor.py:840} INFO - DAG(s) 'f1_bigdata_pipeline' retrieved from /opt/airflow/dags/f1_pipeline_dag.py
[2026-05-05T14:04:49.528+0000] {logging_mixin.py:188} INFO - [2026-05-05T14:04:49.528+0000] {dag.py:3036} INFO - Sync 1 DAGs
[2026-05-05T14:04:49.552+0000] {logging_mixin.py:188} INFO - [2026-05-05T14:04:49.552+0000] {dag.py:3823} INFO - Setting next_dagrun for f1_bigdata_pipeline to 2026-05-04 06:00:00+00:00, run_after=2026-05-11 06:00:00+00:00
[2026-05-05T14:04:49.576+0000] {processor.py:183} INFO - Processing /opt/airflow/dags/f1_pipeline_dag.py took 0.152 seconds
[2026-05-05T14:45:54.419+0000] {processor.py:161} INFO - Started process (PID=16204) to work on /opt/airflow/dags/f1_pipeline_dag.py
[2026-05-05T14:45:54.421+0000] {processor.py:830} INFO - Processing file /opt/airflow/dags/f1_pipeline_dag.py for tasks to queue
[2026-05-05T14:45:54.423+0000] {logging_mixin.py:188} INFO - [2026-05-05T14:45:54.422+0000] {dagbag.py:538} INFO - Filling up the DagBag from /opt/airflow/dags/f1_pipeline_dag.py
[2026-05-05T14:45:54.452+0000] {processor.py:840} INFO - DAG(s) 'f1_bigdata_pipeline' retrieved from /opt/airflow/dags/f1_pipeline_dag.py
[2026-05-05T14:45:54.505+0000] {logging_mixin.py:188} INFO - [2026-05-05T14:45:54.505+0000] {dag.py:3036} INFO - Sync 1 DAGs
[2026-05-05T14:45:54.548+0000] {logging_mixin.py:188} INFO - [2026-05-05T14:45:54.548+0000] {dag.py:3823} INFO - Setting next_dagrun for f1_bigdata_pipeline to 2026-05-04 06:00:00+00:00, run_after=2026-05-11 06:00:00+00:00
[2026-05-05T14:45:54.574+0000] {processor.py:183} INFO - Processing /opt/airflow/dags/f1_pipeline_dag.py took 0.171 seconds
[2026-05-05T15:36:07.589+0000] {processor.py:161} INFO - Started process (PID=16211) to work on /opt/airflow/dags/f1_pipeline_dag.py
[2026-05-05T15:36:07.591+0000] {processor.py:830} INFO - Processing file /opt/airflow/dags/f1_pipeline_dag.py for tasks to queue
[2026-05-05T15:36:07.592+0000] {logging_mixin.py:188} INFO - [2026-05-05T15:36:07.592+0000] {dagbag.py:538} INFO - Filling up the DagBag from /opt/airflow/dags/f1_pipeline_dag.py
[2026-05-05T15:36:07.634+0000] {processor.py:840} INFO - DAG(s) 'f1_bigdata_pipeline' retrieved from /opt/airflow/dags/f1_pipeline_dag.py
[2026-05-05T15:36:07.684+0000] {logging_mixin.py:188} INFO - [2026-05-05T15:36:07.684+0000] {dag.py:3036} INFO - Sync 1 DAGs
[2026-05-05T15:36:07.727+0000] {logging_mixin.py:188} INFO - [2026-05-05T15:36:07.726+0000] {dag.py:3823} INFO - Setting next_dagrun for f1_bigdata_pipeline to 2026-05-04 06:00:00+00:00, run_after=2026-05-11 06:00:00+00:00
[2026-05-05T15:36:07.752+0000] {processor.py:183} INFO - Processing /opt/airflow/dags/f1_pipeline_dag.py took 0.168 seconds
[2026-05-05T15:51:30.879+0000] {processor.py:161} INFO - Started process (PID=16216) to work on /opt/airflow/dags/f1_pipeline_dag.py
[2026-05-05T15:51:30.880+0000] {processor.py:830} INFO - Processing file /opt/airflow/dags/f1_pipeline_dag.py for tasks to queue
[2026-05-05T15:51:30.882+0000] {logging_mixin.py:188} INFO - [2026-05-05T15:51:30.881+0000] {dagbag.py:538} INFO - Filling up the DagBag from /opt/airflow/dags/f1_pipeline_dag.py
[2026-05-05T15:51:30.921+0000] {processor.py:840} INFO - DAG(s) 'f1_bigdata_pipeline' retrieved from /opt/airflow/dags/f1_pipeline_dag.py
[2026-05-05T15:51:30.994+0000] {logging_mixin.py:188} INFO - [2026-05-05T15:51:30.994+0000] {dag.py:3036} INFO - Sync 1 DAGs
[2026-05-05T15:51:31.086+0000] {logging_mixin.py:188} INFO - [2026-05-05T15:51:31.086+0000] {dag.py:3823} INFO - Setting next_dagrun for f1_bigdata_pipeline to 2026-05-04 06:00:00+00:00, run_after=2026-05-11 06:00:00+00:00
[2026-05-05T15:51:31.146+0000] {processor.py:183} INFO - Processing /opt/airflow/dags/f1_pipeline_dag.py took 0.272 seconds
[2026-05-05T16:22:17.258+0000] {processor.py:161} INFO - Started process (PID=16223) to work on /opt/airflow/dags/f1_pipeline_dag.py
[2026-05-05T16:22:17.264+0000] {processor.py:830} INFO - Processing file /opt/airflow/dags/f1_pipeline_dag.py for tasks to queue
[2026-05-05T16:22:17.270+0000] {logging_mixin.py:188} INFO - [2026-05-05T16:22:17.266+0000] {dagbag.py:538} INFO - Filling up the DagBag from /opt/airflow/dags/f1_pipeline_dag.py
[2026-05-05T16:22:17.354+0000] {processor.py:840} INFO - DAG(s) 'f1_bigdata_pipeline' retrieved from /opt/airflow/dags/f1_pipeline_dag.py
[2026-05-05T16:22:17.469+0000] {logging_mixin.py:188} INFO - [2026-05-05T16:22:17.469+0000] {dag.py:3036} INFO - Sync 1 DAGs
[2026-05-05T16:22:17.512+0000] {logging_mixin.py:188} INFO - [2026-05-05T16:22:17.512+0000] {dag.py:3823} INFO - Setting next_dagrun for f1_bigdata_pipeline to 2026-05-04 06:00:00+00:00, run_after=2026-05-11 06:00:00+00:00
[2026-05-05T16:22:17.530+0000] {processor.py:183} INFO - Processing /opt/airflow/dags/f1_pipeline_dag.py took 0.303 seconds
[2026-05-05T16:22:47.784+0000] {processor.py:161} INFO - Started process (PID=16228) to work on /opt/airflow/dags/f1_pipeline_dag.py
[2026-05-05T16:22:47.794+0000] {processor.py:830} INFO - Processing file /opt/airflow/dags/f1_pipeline_dag.py for tasks to queue
[2026-05-05T16:22:47.795+0000] {logging_mixin.py:188} INFO - [2026-05-05T16:22:47.794+0000] {dagbag.py:538} INFO - Filling up the DagBag from /opt/airflow/dags/f1_pipeline_dag.py
[2026-05-05T16:22:47.832+0000] {processor.py:840} INFO - DAG(s) 'f1_bigdata_pipeline' retrieved from /opt/airflow/dags/f1_pipeline_dag.py
[2026-05-05T16:22:48.069+0000] {logging_mixin.py:188} INFO - [2026-05-05T16:22:48.069+0000] {dag.py:3036} INFO - Sync 1 DAGs
[2026-05-05T16:22:48.393+0000] {logging_mixin.py:188} INFO - [2026-05-05T16:22:48.392+0000] {dag.py:3823} INFO - Setting next_dagrun for f1_bigdata_pipeline to 2026-05-04 06:00:00+00:00, run_after=2026-05-11 06:00:00+00:00
[2026-05-05T16:22:48.479+0000] {processor.py:183} INFO - Processing /opt/airflow/dags/f1_pipeline_dag.py took 0.727 seconds
[2026-05-05T16:23:18.840+0000] {processor.py:161} INFO - Started process (PID=16233) to work on /opt/airflow/dags/f1_pipeline_dag.py
[2026-05-05T16:23:18.842+0000] {processor.py:830} INFO - Processing file /opt/airflow/dags/f1_pipeline_dag.py for tasks to queue
[2026-05-05T16:23:18.843+0000] {logging_mixin.py:188} INFO - [2026-05-05T16:23:18.842+0000] {dagbag.py:538} INFO - Filling up the DagBag from /opt/airflow/dags/f1_pipeline_dag.py
[2026-05-05T16:23:18.862+0000] {processor.py:840} INFO - DAG(s) 'f1_bigdata_pipeline' retrieved from /opt/airflow/dags/f1_pipeline_dag.py
[2026-05-05T16:23:18.904+0000] {logging_mixin.py:188} INFO - [2026-05-05T16:23:18.904+0000] {dag.py:3036} INFO - Sync 1 DAGs
[2026-05-05T16:23:18.937+0000] {logging_mixin.py:188} INFO - [2026-05-05T16:23:18.937+0000] {dag.py:3823} INFO - Setting next_dagrun for f1_bigdata_pipeline to 2026-05-04 06:00:00+00:00, run_after=2026-05-11 06:00:00+00:00
[2026-05-05T16:23:18.982+0000] {processor.py:183} INFO - Processing /opt/airflow/dags/f1_pipeline_dag.py took 0.148 seconds
[2026-05-05T16:23:49.418+0000] {processor.py:161} INFO - Started process (PID=16238) to work on /opt/airflow/dags/f1_pipeline_dag.py
[2026-05-05T16:23:49.420+0000] {processor.py:830} INFO - Processing file /opt/airflow/dags/f1_pipeline_dag.py for tasks to queue
[2026-05-05T16:23:49.422+0000] {logging_mixin.py:188} INFO - [2026-05-05T16:23:49.421+0000] {dagbag.py:538} INFO - Filling up the DagBag from /opt/airflow/dags/f1_pipeline_dag.py
[2026-05-05T16:23:49.482+0000] {processor.py:840} INFO - DAG(s) 'f1_bigdata_pipeline' retrieved from /opt/airflow/dags/f1_pipeline_dag.py
[2026-05-05T16:23:49.677+0000] {logging_mixin.py:188} INFO - [2026-05-05T16:23:49.676+0000] {dag.py:3036} INFO - Sync 1 DAGs
[2026-05-05T16:23:49.711+0000] {logging_mixin.py:188} INFO - [2026-05-05T16:23:49.711+0000] {dag.py:3823} INFO - Setting next_dagrun for f1_bigdata_pipeline to 2026-05-04 06:00:00+00:00, run_after=2026-05-11 06:00:00+00:00
[2026-05-05T16:23:49.727+0000] {processor.py:183} INFO - Processing /opt/airflow/dags/f1_pipeline_dag.py took 0.315 seconds
[2026-05-05T16:24:20.021+0000] {processor.py:161} INFO - Started process (PID=16243) to work on /opt/airflow/dags/f1_pipeline_dag.py
[2026-05-05T16:24:20.023+0000] {processor.py:830} INFO - Processing file /opt/airflow/dags/f1_pipeline_dag.py for tasks to queue
[2026-05-05T16:24:20.024+0000] {logging_mixin.py:188} INFO - [2026-05-05T16:24:20.023+0000] {dagbag.py:538} INFO - Filling up the DagBag from /opt/airflow/dags/f1_pipeline_dag.py
[2026-05-05T16:24:20.057+0000] {processor.py:840} INFO - DAG(s) 'f1_bigdata_pipeline' retrieved from /opt/airflow/dags/f1_pipeline_dag.py
[2026-05-05T16:24:20.089+0000] {logging_mixin.py:188} INFO - [2026-05-05T16:24:20.089+0000] {dag.py:3036} INFO - Sync 1 DAGs
[2026-05-05T16:24:20.171+0000] {logging_mixin.py:188} INFO - [2026-05-05T16:24:20.171+0000] {dag.py:3823} INFO - Setting next_dagrun for f1_bigdata_pipeline to 2026-05-04 06:00:00+00:00, run_after=2026-05-11 06:00:00+00:00
[2026-05-05T16:24:20.212+0000] {processor.py:183} INFO - Processing /opt/airflow/dags/f1_pipeline_dag.py took 0.197 seconds
[2026-05-05T16:24:50.366+0000] {processor.py:161} INFO - Started process (PID=16248) to work on /opt/airflow/dags/f1_pipeline_dag.py
[2026-05-05T16:24:50.367+0000] {processor.py:830} INFO - Processing file /opt/airflow/dags/f1_pipeline_dag.py for tasks to queue
[2026-05-05T16:24:50.368+0000] {logging_mixin.py:188} INFO - [2026-05-05T16:24:50.368+0000] {dagbag.py:538} INFO - Filling up the DagBag from /opt/airflow/dags/f1_pipeline_dag.py
[2026-05-05T16:24:50.404+0000] {processor.py:840} INFO - DAG(s) 'f1_bigdata_pipeline' retrieved from /opt/airflow/dags/f1_pipeline_dag.py
[2026-05-05T16:24:50.433+0000] {logging_mixin.py:188} INFO - [2026-05-05T16:24:50.433+0000] {dag.py:3036} INFO - Sync 1 DAGs
[2026-05-05T16:24:50.463+0000] {logging_mixin.py:188} INFO - [2026-05-05T16:24:50.463+0000] {dag.py:3823} INFO - Setting next_dagrun for f1_bigdata_pipeline to 2026-05-04 06:00:00+00:00, run_after=2026-05-11 06:00:00+00:00
[2026-05-05T16:24:50.473+0000] {processor.py:183} INFO - Processing /opt/airflow/dags/f1_pipeline_dag.py took 0.113 seconds
[2026-05-05T16:25:20.955+0000] {processor.py:161} INFO - Started process (PID=16253) to work on /opt/airflow/dags/f1_pipeline_dag.py
[2026-05-05T16:25:20.958+0000] {processor.py:830} INFO - Processing file /opt/airflow/dags/f1_pipeline_dag.py for tasks to queue
[2026-05-05T16:25:20.960+0000] {logging_mixin.py:188} INFO - [2026-05-05T16:25:20.960+0000] {dagbag.py:538} INFO - Filling up the DagBag from /opt/airflow/dags/f1_pipeline_dag.py
[2026-05-05T16:25:20.993+0000] {processor.py:840} INFO - DAG(s) 'f1_bigdata_pipeline' retrieved from /opt/airflow/dags/f1_pipeline_dag.py
[2026-05-05T16:25:21.056+0000] {logging_mixin.py:188} INFO - [2026-05-05T16:25:21.056+0000] {dag.py:3036} INFO - Sync 1 DAGs
[2026-05-05T16:25:21.081+0000] {logging_mixin.py:188} INFO - [2026-05-05T16:25:21.081+0000] {dag.py:3823} INFO - Setting next_dagrun for f1_bigdata_pipeline to 2026-05-04 06:00:00+00:00, run_after=2026-05-11 06:00:00+00:00
[2026-05-05T16:25:21.105+0000] {processor.py:183} INFO - Processing /opt/airflow/dags/f1_pipeline_dag.py took 0.161 seconds
[2026-05-05T16:25:51.475+0000] {processor.py:161} INFO - Started process (PID=16258) to work on /opt/airflow/dags/f1_pipeline_dag.py
[2026-05-05T16:25:51.477+0000] {processor.py:830} INFO - Processing file /opt/airflow/dags/f1_pipeline_dag.py for tasks to queue
[2026-05-05T16:25:51.479+0000] {logging_mixin.py:188} INFO - [2026-05-05T16:25:51.478+0000] {dagbag.py:538} INFO - Filling up the DagBag from /opt/airflow/dags/f1_pipeline_dag.py
[2026-05-05T16:25:51.502+0000] {processor.py:840} INFO - DAG(s) 'f1_bigdata_pipeline' retrieved from /opt/airflow/dags/f1_pipeline_dag.py
[2026-05-05T16:25:51.540+0000] {logging_mixin.py:188} INFO - [2026-05-05T16:25:51.540+0000] {dag.py:3036} INFO - Sync 1 DAGs
[2026-05-05T16:25:51.557+0000] {logging_mixin.py:188} INFO - [2026-05-05T16:25:51.556+0000] {dag.py:3823} INFO - Setting next_dagrun for f1_bigdata_pipeline to 2026-05-04 06:00:00+00:00, run_after=2026-05-11 06:00:00+00:00
[2026-05-05T16:25:51.566+0000] {processor.py:183} INFO - Processing /opt/airflow/dags/f1_pipeline_dag.py took 0.097 seconds
[2026-05-05T16:26:21.853+0000] {processor.py:161} INFO - Started process (PID=16263) to work on /opt/airflow/dags/f1_pipeline_dag.py
[2026-05-05T16:26:21.855+0000] {processor.py:830} INFO - Processing file /opt/airflow/dags/f1_pipeline_dag.py for tasks to queue
[2026-05-05T16:26:21.856+0000] {logging_mixin.py:188} INFO - [2026-05-05T16:26:21.856+0000] {dagbag.py:538} INFO - Filling up the DagBag from /opt/airflow/dags/f1_pipeline_dag.py
[2026-05-05T16:26:21.877+0000] {processor.py:840} INFO - DAG(s) 'f1_bigdata_pipeline' retrieved from /opt/airflow/dags/f1_pipeline_dag.py
[2026-05-05T16:26:21.921+0000] {logging_mixin.py:188} INFO - [2026-05-05T16:26:21.921+0000] {dag.py:3036} INFO - Sync 1 DAGs
[2026-05-05T16:26:21.941+0000] {logging_mixin.py:188} INFO - [2026-05-05T16:26:21.941+0000] {dag.py:3823} INFO - Setting next_dagrun for f1_bigdata_pipeline to 2026-05-04 06:00:00+00:00, run_after=2026-05-11 06:00:00+00:00
[2026-05-05T16:26:21.968+0000] {processor.py:183} INFO - Processing /opt/airflow/dags/f1_pipeline_dag.py took 0.120 seconds
[2026-05-05T16:26:52.138+0000] {processor.py:161} INFO - Started process (PID=16268) to work on /opt/airflow/dags/f1_pipeline_dag.py
[2026-05-05T16:26:52.140+0000] {processor.py:830} INFO - Processing file /opt/airflow/dags/f1_pipeline_dag.py for tasks to queue
[2026-05-05T16:26:52.141+0000] {logging_mixin.py:188} INFO - [2026-05-05T16:26:52.141+0000] {dagbag.py:538} INFO - Filling up the DagBag from /opt/airflow/dags/f1_pipeline_dag.py
[2026-05-05T16:26:52.160+0000] {processor.py:840} INFO - DAG(s) 'f1_bigdata_pipeline' retrieved from /opt/airflow/dags/f1_pipeline_dag.py
[2026-05-05T16:26:52.203+0000] {logging_mixin.py:188} INFO - [2026-05-05T16:26:52.203+0000] {dag.py:3036} INFO - Sync 1 DAGs
[2026-05-05T16:26:52.235+0000] {logging_mixin.py:188} INFO - [2026-05-05T16:26:52.235+0000] {dag.py:3823} INFO - Setting next_dagrun for f1_bigdata_pipeline to 2026-05-04 06:00:00+00:00, run_after=2026-05-11 06:00:00+00:00
[2026-05-05T16:26:52.246+0000] {processor.py:183} INFO - Processing /opt/airflow/dags/f1_pipeline_dag.py took 0.115 seconds
[2026-05-05T16:27:22.648+0000] {processor.py:161} INFO - Started process (PID=16273) to work on /opt/airflow/dags/f1_pipeline_dag.py
[2026-05-05T16:27:22.650+0000] {processor.py:830} INFO - Processing file /opt/airflow/dags/f1_pipeline_dag.py for tasks to queue
[2026-05-05T16:27:22.651+0000] {logging_mixin.py:188} INFO - [2026-05-05T16:27:22.651+0000] {dagbag.py:538} INFO - Filling up the DagBag from /opt/airflow/dags/f1_pipeline_dag.py
[2026-05-05T16:27:22.669+0000] {processor.py:840} INFO - DAG(s) 'f1_bigdata_pipeline' retrieved from /opt/airflow/dags/f1_pipeline_dag.py
[2026-05-05T16:27:22.700+0000] {logging_mixin.py:188} INFO - [2026-05-05T16:27:22.700+0000] {dag.py:3036} INFO - Sync 1 DAGs
[2026-05-05T16:27:22.717+0000] {logging_mixin.py:188} INFO - [2026-05-05T16:27:22.717+0000] {dag.py:3823} INFO - Setting next_dagrun for f1_bigdata_pipeline to 2026-05-04 06:00:00+00:00, run_after=2026-05-11 06:00:00+00:00
[2026-05-05T16:27:22.737+0000] {processor.py:183} INFO - Processing /opt/airflow/dags/f1_pipeline_dag.py took 0.103 seconds
[2026-05-05T16:27:53.000+0000] {processor.py:161} INFO - Started process (PID=16278) to work on /opt/airflow/dags/f1_pipeline_dag.py
[2026-05-05T16:27:53.003+0000] {processor.py:830} INFO - Processing file /opt/airflow/dags/f1_pipeline_dag.py for tasks to queue
[2026-05-05T16:27:53.004+0000] {logging_mixin.py:188} INFO - [2026-05-05T16:27:53.003+0000] {dagbag.py:538} INFO - Filling up the DagBag from /opt/airflow/dags/f1_pipeline_dag.py
[2026-05-05T16:27:53.023+0000] {processor.py:840} INFO - DAG(s) 'f1_bigdata_pipeline' retrieved from /opt/airflow/dags/f1_pipeline_dag.py
[2026-05-05T16:27:53.052+0000] {logging_mixin.py:188} INFO - [2026-05-05T16:27:53.052+0000] {dag.py:3036} INFO - Sync 1 DAGs
[2026-05-05T16:27:53.084+0000] {logging_mixin.py:188} INFO - [2026-05-05T16:27:53.083+0000] {dag.py:3823} INFO - Setting next_dagrun for f1_bigdata_pipeline to 2026-05-04 06:00:00+00:00, run_after=2026-05-11 06:00:00+00:00
[2026-05-05T16:27:53.095+0000] {processor.py:183} INFO - Processing /opt/airflow/dags/f1_pipeline_dag.py took 0.100 seconds
[2026-05-05T16:28:23.362+0000] {processor.py:161} INFO - Started process (PID=16283) to work on /opt/airflow/dags/f1_pipeline_dag.py
[2026-05-05T16:28:23.364+0000] {processor.py:830} INFO - Processing file /opt/airflow/dags/f1_pipeline_dag.py for tasks to queue
[2026-05-05T16:28:23.365+0000] {logging_mixin.py:188} INFO - [2026-05-05T16:28:23.364+0000] {dagbag.py:538} INFO - Filling up the DagBag from /opt/airflow/dags/f1_pipeline_dag.py
[2026-05-05T16:28:23.386+0000] {processor.py:840} INFO - DAG(s) 'f1_bigdata_pipeline' retrieved from /opt/airflow/dags/f1_pipeline_dag.py
[2026-05-05T16:28:23.414+0000] {logging_mixin.py:188} INFO - [2026-05-05T16:28:23.414+0000] {dag.py:3036} INFO - Sync 1 DAGs
[2026-05-05T16:28:23.438+0000] {logging_mixin.py:188} INFO - [2026-05-05T16:28:23.438+0000] {dag.py:3823} INFO - Setting next_dagrun for f1_bigdata_pipeline to 2026-05-04 06:00:00+00:00, run_after=2026-05-11 06:00:00+00:00
[2026-05-05T16:28:23.448+0000] {processor.py:183} INFO - Processing /opt/airflow/dags/f1_pipeline_dag.py took 0.104 seconds
[2026-05-05T16:28:54.291+0000] {processor.py:161} INFO - Started process (PID=16288) to work on /opt/airflow/dags/f1_pipeline_dag.py
[2026-05-05T16:28:54.293+0000] {processor.py:830} INFO - Processing file /opt/airflow/dags/f1_pipeline_dag.py for tasks to queue
[2026-05-05T16:28:54.294+0000] {logging_mixin.py:188} INFO - [2026-05-05T16:28:54.293+0000] {dagbag.py:538} INFO - Filling up the DagBag from /opt/airflow/dags/f1_pipeline_dag.py
[2026-05-05T16:28:54.317+0000] {processor.py:840} INFO - DAG(s) 'f1_bigdata_pipeline' retrieved from /opt/airflow/dags/f1_pipeline_dag.py
[2026-05-05T16:28:54.367+0000] {logging_mixin.py:188} INFO - [2026-05-05T16:28:54.367+0000] {dag.py:3036} INFO - Sync 1 DAGs
[2026-05-05T16:28:54.386+0000] {logging_mixin.py:188} INFO - [2026-05-05T16:28:54.386+0000] {dag.py:3823} INFO - Setting next_dagrun for f1_bigdata_pipeline to 2026-05-04 06:00:00+00:00, run_after=2026-05-11 06:00:00+00:00
[2026-05-05T16:28:54.397+0000] {processor.py:183} INFO - Processing /opt/airflow/dags/f1_pipeline_dag.py took 0.114 seconds
[2026-05-05T16:29:24.677+0000] {processor.py:161} INFO - Started process (PID=16293) to work on /opt/airflow/dags/f1_pipeline_dag.py
[2026-05-05T16:29:24.681+0000] {processor.py:830} INFO - Processing file /opt/airflow/dags/f1_pipeline_dag.py for tasks to queue
[2026-05-05T16:29:24.682+0000] {logging_mixin.py:188} INFO - [2026-05-05T16:29:24.682+0000] {dagbag.py:538} INFO - Filling up the DagBag from /opt/airflow/dags/f1_pipeline_dag.py
[2026-05-05T16:29:24.712+0000] {processor.py:840} INFO - DAG(s) 'f1_bigdata_pipeline' retrieved from /opt/airflow/dags/f1_pipeline_dag.py
[2026-05-05T16:29:24.755+0000] {logging_mixin.py:188} INFO - [2026-05-05T16:29:24.755+0000] {dag.py:3036} INFO - Sync 1 DAGs
[2026-05-05T16:29:24.774+0000] {logging_mixin.py:188} INFO - [2026-05-05T16:29:24.774+0000] {dag.py:3823} INFO - Setting next_dagrun for f1_bigdata_pipeline to 2026-05-04 06:00:00+00:00, run_after=2026-05-11 06:00:00+00:00
[2026-05-05T16:29:24.795+0000] {processor.py:183} INFO - Processing /opt/airflow/dags/f1_pipeline_dag.py took 0.122 seconds
[2026-05-05T16:29:55.106+0000] {processor.py:161} INFO - Started process (PID=16298) to work on /opt/airflow/dags/f1_pipeline_dag.py
[2026-05-05T16:29:55.108+0000] {processor.py:830} INFO - Processing file /opt/airflow/dags/f1_pipeline_dag.py for tasks to queue
[2026-05-05T16:29:55.109+0000] {logging_mixin.py:188} INFO - [2026-05-05T16:29:55.108+0000] {dagbag.py:538} INFO - Filling up the DagBag from /opt/airflow/dags/f1_pipeline_dag.py
[2026-05-05T16:29:55.130+0000] {processor.py:840} INFO - DAG(s) 'f1_bigdata_pipeline' retrieved from /opt/airflow/dags/f1_pipeline_dag.py
[2026-05-05T16:29:55.181+0000] {logging_mixin.py:188} INFO - [2026-05-05T16:29:55.181+0000] {dag.py:3036} INFO - Sync 1 DAGs
[2026-05-05T16:29:55.200+0000] {logging_mixin.py:188} INFO - [2026-05-05T16:29:55.200+0000] {dag.py:3823} INFO - Setting next_dagrun for f1_bigdata_pipeline to 2026-05-04 06:00:00+00:00, run_after=2026-05-11 06:00:00+00:00
[2026-05-05T16:29:55.211+0000] {processor.py:183} INFO - Processing /opt/airflow/dags/f1_pipeline_dag.py took 0.111 seconds
[2026-05-05T16:30:25.463+0000] {processor.py:161} INFO - Started process (PID=16303) to work on /opt/airflow/dags/f1_pipeline_dag.py
[2026-05-05T16:30:25.465+0000] {processor.py:830} INFO - Processing file /opt/airflow/dags/f1_pipeline_dag.py for tasks to queue
[2026-05-05T16:30:25.466+0000] {logging_mixin.py:188} INFO - [2026-05-05T16:30:25.465+0000] {dagbag.py:538} INFO - Filling up the DagBag from /opt/airflow/dags/f1_pipeline_dag.py
[2026-05-05T16:30:25.482+0000] {processor.py:840} INFO - DAG(s) 'f1_bigdata_pipeline' retrieved from /opt/airflow/dags/f1_pipeline_dag.py
[2026-05-05T16:30:25.529+0000] {logging_mixin.py:188} INFO - [2026-05-05T16:30:25.529+0000] {dag.py:3036} INFO - Sync 1 DAGs
[2026-05-05T16:30:25.547+0000] {logging_mixin.py:188} INFO - [2026-05-05T16:30:25.547+0000] {dag.py:3823} INFO - Setting next_dagrun for f1_bigdata_pipeline to 2026-05-04 06:00:00+00:00, run_after=2026-05-11 06:00:00+00:00
[2026-05-05T16:30:25.557+0000] {processor.py:183} INFO - Processing /opt/airflow/dags/f1_pipeline_dag.py took 0.098 seconds
[2026-05-05T16:30:55.841+0000] {processor.py:161} INFO - Started process (PID=16308) to work on /opt/airflow/dags/f1_pipeline_dag.py
[2026-05-05T16:30:55.843+0000] {processor.py:830} INFO - Processing file /opt/airflow/dags/f1_pipeline_dag.py for tasks to queue
[2026-05-05T16:30:55.845+0000] {logging_mixin.py:188} INFO - [2026-05-05T16:30:55.844+0000] {dagbag.py:538} INFO - Filling up the DagBag from /opt/airflow/dags/f1_pipeline_dag.py
[2026-05-05T16:30:55.871+0000] {processor.py:840} INFO - DAG(s) 'f1_bigdata_pipeline' retrieved from /opt/airflow/dags/f1_pipeline_dag.py
[2026-05-05T16:30:55.920+0000] {logging_mixin.py:188} INFO - [2026-05-05T16:30:55.920+0000] {dag.py:3036} INFO - Sync 1 DAGs
[2026-05-05T16:30:55.945+0000] {logging_mixin.py:188} INFO - [2026-05-05T16:30:55.944+0000] {dag.py:3823} INFO - Setting next_dagrun for f1_bigdata_pipeline to 2026-05-04 06:00:00+00:00, run_after=2026-05-11 06:00:00+00:00
[2026-05-05T16:30:55.955+0000] {processor.py:183} INFO - Processing /opt/airflow/dags/f1_pipeline_dag.py took 0.129 seconds
[2026-05-05T16:31:26.383+0000] {processor.py:161} INFO - Started process (PID=16313) to work on /opt/airflow/dags/f1_pipeline_dag.py
[2026-05-05T16:31:26.385+0000] {processor.py:830} INFO - Processing file /opt/airflow/dags/f1_pipeline_dag.py for tasks to queue
[2026-05-05T16:31:26.387+0000] {logging_mixin.py:188} INFO - [2026-05-05T16:31:26.385+0000] {dagbag.py:538} INFO - Filling up the DagBag from /opt/airflow/dags/f1_pipeline_dag.py
[2026-05-05T16:31:26.444+0000] {processor.py:840} INFO - DAG(s) 'f1_bigdata_pipeline' retrieved from /opt/airflow/dags/f1_pipeline_dag.py
[2026-05-05T16:31:26.521+0000] {logging_mixin.py:188} INFO - [2026-05-05T16:31:26.521+0000] {dag.py:3036} INFO - Sync 1 DAGs
[2026-05-05T16:31:26.550+0000] {logging_mixin.py:188} INFO - [2026-05-05T16:31:26.549+0000] {dag.py:3823} INFO - Setting next_dagrun for f1_bigdata_pipeline to 2026-05-04 06:00:00+00:00, run_after=2026-05-11 06:00:00+00:00
[2026-05-05T16:31:26.560+0000] {processor.py:183} INFO - Processing /opt/airflow/dags/f1_pipeline_dag.py took 0.185 seconds
[2026-05-05T16:31:56.961+0000] {processor.py:161} INFO - Started process (PID=16318) to work on /opt/airflow/dags/f1_pipeline_dag.py
[2026-05-05T16:31:56.967+0000] {processor.py:830} INFO - Processing file /opt/airflow/dags/f1_pipeline_dag.py for tasks to queue
[2026-05-05T16:31:56.970+0000] {logging_mixin.py:188} INFO - [2026-05-05T16:31:56.968+0000] {dagbag.py:538} INFO - Filling up the DagBag from /opt/airflow/dags/f1_pipeline_dag.py
[2026-05-05T16:31:57.063+0000] {processor.py:840} INFO - DAG(s) 'f1_bigdata_pipeline' retrieved from /opt/airflow/dags/f1_pipeline_dag.py
[2026-05-05T16:31:57.211+0000] {logging_mixin.py:188} INFO - [2026-05-05T16:31:57.211+0000] {dag.py:3036} INFO - Sync 1 DAGs
[2026-05-05T16:31:57.254+0000] {logging_mixin.py:188} INFO - [2026-05-05T16:31:57.254+0000] {dag.py:3823} INFO - Setting next_dagrun for f1_bigdata_pipeline to 2026-05-04 06:00:00+00:00, run_after=2026-05-11 06:00:00+00:00
[2026-05-05T16:31:57.268+0000] {processor.py:183} INFO - Processing /opt/airflow/dags/f1_pipeline_dag.py took 0.314 seconds
[2026-05-05T16:32:27.552+0000] {processor.py:161} INFO - Started process (PID=16323) to work on /opt/airflow/dags/f1_pipeline_dag.py
[2026-05-05T16:32:27.555+0000] {processor.py:830} INFO - Processing file /opt/airflow/dags/f1_pipeline_dag.py for tasks to queue
[2026-05-05T16:32:27.564+0000] {logging_mixin.py:188} INFO - [2026-05-05T16:32:27.556+0000] {dagbag.py:538} INFO - Filling up the DagBag from /opt/airflow/dags/f1_pipeline_dag.py
[2026-05-05T16:32:27.702+0000] {processor.py:840} INFO - DAG(s) 'f1_bigdata_pipeline' retrieved from /opt/airflow/dags/f1_pipeline_dag.py
[2026-05-05T16:32:27.843+0000] {logging_mixin.py:188} INFO - [2026-05-05T16:32:27.843+0000] {dag.py:3036} INFO - Sync 1 DAGs
[2026-05-05T16:32:27.912+0000] {logging_mixin.py:188} INFO - [2026-05-05T16:32:27.912+0000] {dag.py:3823} INFO - Setting next_dagrun for f1_bigdata_pipeline to 2026-05-04 06:00:00+00:00, run_after=2026-05-11 06:00:00+00:00
[2026-05-05T16:32:28.052+0000] {processor.py:183} INFO - Processing /opt/airflow/dags/f1_pipeline_dag.py took 0.533 seconds
[2026-05-05T16:32:58.559+0000] {processor.py:161} INFO - Started process (PID=16328) to work on /opt/airflow/dags/f1_pipeline_dag.py
[2026-05-05T16:32:58.562+0000] {processor.py:830} INFO - Processing file /opt/airflow/dags/f1_pipeline_dag.py for tasks to queue
[2026-05-05T16:32:58.563+0000] {logging_mixin.py:188} INFO - [2026-05-05T16:32:58.563+0000] {dagbag.py:538} INFO - Filling up the DagBag from /opt/airflow/dags/f1_pipeline_dag.py
[2026-05-05T16:32:58.658+0000] {processor.py:840} INFO - DAG(s) 'f1_bigdata_pipeline' retrieved from /opt/airflow/dags/f1_pipeline_dag.py
[2026-05-05T16:32:59.009+0000] {logging_mixin.py:188} INFO - [2026-05-05T16:32:59.009+0000] {dag.py:3036} INFO - Sync 1 DAGs
[2026-05-05T16:32:59.122+0000] {logging_mixin.py:188} INFO - [2026-05-05T16:32:59.122+0000] {dag.py:3823} INFO - Setting next_dagrun for f1_bigdata_pipeline to 2026-05-04 06:00:00+00:00, run_after=2026-05-11 06:00:00+00:00
[2026-05-05T16:32:59.145+0000] {processor.py:183} INFO - Processing /opt/airflow/dags/f1_pipeline_dag.py took 0.611 seconds
[2026-05-05T16:33:29.645+0000] {processor.py:161} INFO - Started process (PID=16333) to work on /opt/airflow/dags/f1_pipeline_dag.py
[2026-05-05T16:33:29.648+0000] {processor.py:830} INFO - Processing file /opt/airflow/dags/f1_pipeline_dag.py for tasks to queue
[2026-05-05T16:33:29.650+0000] {logging_mixin.py:188} INFO - [2026-05-05T16:33:29.649+0000] {dagbag.py:538} INFO - Filling up the DagBag from /opt/airflow/dags/f1_pipeline_dag.py
[2026-05-05T16:33:29.682+0000] {processor.py:840} INFO - DAG(s) 'f1_bigdata_pipeline' retrieved from /opt/airflow/dags/f1_pipeline_dag.py
[2026-05-05T16:33:29.770+0000] {logging_mixin.py:188} INFO - [2026-05-05T16:33:29.770+0000] {dag.py:3036} INFO - Sync 1 DAGs
[2026-05-05T16:33:29.802+0000] {logging_mixin.py:188} INFO - [2026-05-05T16:33:29.802+0000] {dag.py:3823} INFO - Setting next_dagrun for f1_bigdata_pipeline to 2026-05-04 06:00:00+00:00, run_after=2026-05-11 06:00:00+00:00
[2026-05-05T16:33:29.822+0000] {processor.py:183} INFO - Processing /opt/airflow/dags/f1_pipeline_dag.py took 0.185 seconds
[2026-05-05T16:34:00.151+0000] {processor.py:161} INFO - Started process (PID=16338) to work on /opt/airflow/dags/f1_pipeline_dag.py
[2026-05-05T16:34:00.157+0000] {processor.py:830} INFO - Processing file /opt/airflow/dags/f1_pipeline_dag.py for tasks to queue
[2026-05-05T16:34:00.160+0000] {logging_mixin.py:188} INFO - [2026-05-05T16:34:00.158+0000] {dagbag.py:538} INFO - Filling up the DagBag from /opt/airflow/dags/f1_pipeline_dag.py
[2026-05-05T16:34:00.193+0000] {processor.py:840} INFO - DAG(s) 'f1_bigdata_pipeline' retrieved from /opt/airflow/dags/f1_pipeline_dag.py
[2026-05-05T16:34:00.282+0000] {logging_mixin.py:188} INFO - [2026-05-05T16:34:00.281+0000] {dag.py:3036} INFO - Sync 1 DAGs
[2026-05-05T16:34:00.317+0000] {logging_mixin.py:188} INFO - [2026-05-05T16:34:00.317+0000] {dag.py:3823} INFO - Setting next_dagrun for f1_bigdata_pipeline to 2026-05-04 06:00:00+00:00, run_after=2026-05-11 06:00:00+00:00
[2026-05-05T16:34:00.341+0000] {processor.py:183} INFO - Processing /opt/airflow/dags/f1_pipeline_dag.py took 0.200 seconds
[2026-05-05T16:34:30.558+0000] {processor.py:161} INFO - Started process (PID=16343) to work on /opt/airflow/dags/f1_pipeline_dag.py
[2026-05-05T16:34:30.560+0000] {processor.py:830} INFO - Processing file /opt/airflow/dags/f1_pipeline_dag.py for tasks to queue
[2026-05-05T16:34:30.561+0000] {logging_mixin.py:188} INFO - [2026-05-05T16:34:30.561+0000] {dagbag.py:538} INFO - Filling up the DagBag from /opt/airflow/dags/f1_pipeline_dag.py
[2026-05-05T16:34:30.582+0000] {processor.py:840} INFO - DAG(s) 'f1_bigdata_pipeline' retrieved from /opt/airflow/dags/f1_pipeline_dag.py
[2026-05-05T16:34:30.628+0000] {logging_mixin.py:188} INFO - [2026-05-05T16:34:30.628+0000] {dag.py:3036} INFO - Sync 1 DAGs
[2026-05-05T16:34:30.644+0000] {logging_mixin.py:188} INFO - [2026-05-05T16:34:30.644+0000] {dag.py:3823} INFO - Setting next_dagrun for f1_bigdata_pipeline to 2026-05-04 06:00:00+00:00, run_after=2026-05-11 06:00:00+00:00
[2026-05-05T16:34:30.655+0000] {processor.py:183} INFO - Processing /opt/airflow/dags/f1_pipeline_dag.py took 0.102 seconds
[2026-05-05T16:35:01.150+0000] {processor.py:161} INFO - Started process (PID=16348) to work on /opt/airflow/dags/f1_pipeline_dag.py
[2026-05-05T16:35:01.151+0000] {processor.py:830} INFO - Processing file /opt/airflow/dags/f1_pipeline_dag.py for tasks to queue
[2026-05-05T16:35:01.152+0000] {logging_mixin.py:188} INFO - [2026-05-05T16:35:01.152+0000] {dagbag.py:538} INFO - Filling up the DagBag from /opt/airflow/dags/f1_pipeline_dag.py
[2026-05-05T16:35:01.172+0000] {processor.py:840} INFO - DAG(s) 'f1_bigdata_pipeline' retrieved from /opt/airflow/dags/f1_pipeline_dag.py
[2026-05-05T16:35:01.226+0000] {logging_mixin.py:188} INFO - [2026-05-05T16:35:01.226+0000] {dag.py:3036} INFO - Sync 1 DAGs
[2026-05-05T16:35:01.244+0000] {logging_mixin.py:188} INFO - [2026-05-05T16:35:01.244+0000] {dag.py:3823} INFO - Setting next_dagrun for f1_bigdata_pipeline to 2026-05-04 06:00:00+00:00, run_after=2026-05-11 06:00:00+00:00
[2026-05-05T16:35:01.256+0000] {processor.py:183} INFO - Processing /opt/airflow/dags/f1_pipeline_dag.py took 0.110 seconds
[2026-05-05T16:35:31.585+0000] {processor.py:161} INFO - Started process (PID=16353) to work on /opt/airflow/dags/f1_pipeline_dag.py
[2026-05-05T16:35:31.588+0000] {processor.py:830} INFO - Processing file /opt/airflow/dags/f1_pipeline_dag.py for tasks to queue
[2026-05-05T16:35:31.592+0000] {logging_mixin.py:188} INFO - [2026-05-05T16:35:31.591+0000] {dagbag.py:538} INFO - Filling up the DagBag from /opt/airflow/dags/f1_pipeline_dag.py
[2026-05-05T16:35:31.642+0000] {processor.py:840} INFO - DAG(s) 'f1_bigdata_pipeline' retrieved from /opt/airflow/dags/f1_pipeline_dag.py
[2026-05-05T16:35:31.706+0000] {logging_mixin.py:188} INFO - [2026-05-05T16:35:31.706+0000] {dag.py:3036} INFO - Sync 1 DAGs
[2026-05-05T16:35:32.475+0000] {logging_mixin.py:188} INFO - [2026-05-05T16:35:32.466+0000] {dag.py:3823} INFO - Setting next_dagrun for f1_bigdata_pipeline to 2026-05-04 06:00:00+00:00, run_after=2026-05-11 06:00:00+00:00
[2026-05-05T16:35:32.791+0000] {processor.py:183} INFO - Processing /opt/airflow/dags/f1_pipeline_dag.py took 1.225 seconds
[2026-05-05T16:36:03.459+0000] {processor.py:161} INFO - Started process (PID=16358) to work on /opt/airflow/dags/f1_pipeline_dag.py
[2026-05-05T16:36:03.460+0000] {processor.py:830} INFO - Processing file /opt/airflow/dags/f1_pipeline_dag.py for tasks to queue
[2026-05-05T16:36:03.462+0000] {logging_mixin.py:188} INFO - [2026-05-05T16:36:03.461+0000] {dagbag.py:538} INFO - Filling up the DagBag from /opt/airflow/dags/f1_pipeline_dag.py
[2026-05-05T16:36:03.486+0000] {processor.py:840} INFO - DAG(s) 'f1_bigdata_pipeline' retrieved from /opt/airflow/dags/f1_pipeline_dag.py
[2026-05-05T16:36:03.541+0000] {logging_mixin.py:188} INFO - [2026-05-05T16:36:03.541+0000] {dag.py:3036} INFO - Sync 1 DAGs
[2026-05-05T16:36:03.560+0000] {logging_mixin.py:188} INFO - [2026-05-05T16:36:03.560+0000] {dag.py:3823} INFO - Setting next_dagrun for f1_bigdata_pipeline to 2026-05-04 06:00:00+00:00, run_after=2026-05-11 06:00:00+00:00
[2026-05-05T16:36:03.570+0000] {processor.py:183} INFO - Processing /opt/airflow/dags/f1_pipeline_dag.py took 0.119 seconds
[2026-05-05T16:36:34.120+0000] {processor.py:161} INFO - Started process (PID=16363) to work on /opt/airflow/dags/f1_pipeline_dag.py
[2026-05-05T16:36:34.122+0000] {processor.py:830} INFO - Processing file /opt/airflow/dags/f1_pipeline_dag.py for tasks to queue
[2026-05-05T16:36:34.124+0000] {logging_mixin.py:188} INFO - [2026-05-05T16:36:34.123+0000] {dagbag.py:538} INFO - Filling up the DagBag from /opt/airflow/dags/f1_pipeline_dag.py
[2026-05-05T16:36:34.185+0000] {processor.py:840} INFO - DAG(s) 'f1_bigdata_pipeline' retrieved from /opt/airflow/dags/f1_pipeline_dag.py
[2026-05-05T16:36:34.305+0000] {logging_mixin.py:188} INFO - [2026-05-05T16:36:34.305+0000] {dag.py:3036} INFO - Sync 1 DAGs
[2026-05-05T16:36:34.363+0000] {logging_mixin.py:188} INFO - [2026-05-05T16:36:34.363+0000] {dag.py:3823} INFO - Setting next_dagrun for f1_bigdata_pipeline to 2026-05-04 06:00:00+00:00, run_after=2026-05-11 06:00:00+00:00
[2026-05-05T16:36:34.389+0000] {processor.py:183} INFO - Processing /opt/airflow/dags/f1_pipeline_dag.py took 0.278 seconds
[2026-05-05T16:37:04.573+0000] {processor.py:161} INFO - Started process (PID=16368) to work on /opt/airflow/dags/f1_pipeline_dag.py
[2026-05-05T16:37:04.574+0000] {processor.py:830} INFO - Processing file /opt/airflow/dags/f1_pipeline_dag.py for tasks to queue
[2026-05-05T16:37:04.576+0000] {logging_mixin.py:188} INFO - [2026-05-05T16:37:04.575+0000] {dagbag.py:538} INFO - Filling up the DagBag from /opt/airflow/dags/f1_pipeline_dag.py
[2026-05-05T16:37:04.596+0000] {processor.py:840} INFO - DAG(s) 'f1_bigdata_pipeline' retrieved from /opt/airflow/dags/f1_pipeline_dag.py
[2026-05-05T16:37:04.629+0000] {logging_mixin.py:188} INFO - [2026-05-05T16:37:04.629+0000] {dag.py:3036} INFO - Sync 1 DAGs
[2026-05-05T16:37:04.658+0000] {logging_mixin.py:188} INFO - [2026-05-05T16:37:04.658+0000] {dag.py:3823} INFO - Setting next_dagrun for f1_bigdata_pipeline to 2026-05-04 06:00:00+00:00, run_after=2026-05-11 06:00:00+00:00
[2026-05-05T16:37:04.669+0000] {processor.py:183} INFO - Processing /opt/airflow/dags/f1_pipeline_dag.py took 0.107 seconds
[2026-05-05T16:37:34.989+0000] {processor.py:161} INFO - Started process (PID=16373) to work on /opt/airflow/dags/f1_pipeline_dag.py
[2026-05-05T16:37:34.991+0000] {processor.py:830} INFO - Processing file /opt/airflow/dags/f1_pipeline_dag.py for tasks to queue
[2026-05-05T16:37:34.992+0000] {logging_mixin.py:188} INFO - [2026-05-05T16:37:34.992+0000] {dagbag.py:538} INFO - Filling up the DagBag from /opt/airflow/dags/f1_pipeline_dag.py
[2026-05-05T16:37:35.036+0000] {processor.py:840} INFO - DAG(s) 'f1_bigdata_pipeline' retrieved from /opt/airflow/dags/f1_pipeline_dag.py
[2026-05-05T16:37:35.063+0000] {logging_mixin.py:188} INFO - [2026-05-05T16:37:35.063+0000] {dag.py:3036} INFO - Sync 1 DAGs
[2026-05-05T16:37:35.079+0000] {logging_mixin.py:188} INFO - [2026-05-05T16:37:35.079+0000] {dag.py:3823} INFO - Setting next_dagrun for f1_bigdata_pipeline to 2026-05-04 06:00:00+00:00, run_after=2026-05-11 06:00:00+00:00
[2026-05-05T16:37:35.089+0000] {processor.py:183} INFO - Processing /opt/airflow/dags/f1_pipeline_dag.py took 0.104 seconds
[2026-05-05T16:38:05.491+0000] {processor.py:161} INFO - Started process (PID=16378) to work on /opt/airflow/dags/f1_pipeline_dag.py
[2026-05-05T16:38:05.495+0000] {processor.py:830} INFO - Processing file /opt/airflow/dags/f1_pipeline_dag.py for tasks to queue
[2026-05-05T16:38:05.496+0000] {logging_mixin.py:188} INFO - [2026-05-05T16:38:05.496+0000] {dagbag.py:538} INFO - Filling up the DagBag from /opt/airflow/dags/f1_pipeline_dag.py
[2026-05-05T16:38:05.531+0000] {processor.py:840} INFO - DAG(s) 'f1_bigdata_pipeline' retrieved from /opt/airflow/dags/f1_pipeline_dag.py
[2026-05-05T16:38:05.630+0000] {logging_mixin.py:188} INFO - [2026-05-05T16:38:05.630+0000] {dag.py:3036} INFO - Sync 1 DAGs
[2026-05-05T16:38:05.689+0000] {logging_mixin.py:188} INFO - [2026-05-05T16:38:05.688+0000] {dag.py:3823} INFO - Setting next_dagrun for f1_bigdata_pipeline to 2026-05-04 06:00:00+00:00, run_after=2026-05-11 06:00:00+00:00
[2026-05-05T16:38:05.834+0000] {processor.py:183} INFO - Processing /opt/airflow/dags/f1_pipeline_dag.py took 0.352 seconds
[2026-05-05T16:38:36.647+0000] {processor.py:161} INFO - Started process (PID=16383) to work on /opt/airflow/dags/f1_pipeline_dag.py
[2026-05-05T16:38:36.649+0000] {processor.py:830} INFO - Processing file /opt/airflow/dags/f1_pipeline_dag.py for tasks to queue
[2026-05-05T16:38:36.652+0000] {logging_mixin.py:188} INFO - [2026-05-05T16:38:36.650+0000] {dagbag.py:538} INFO - Filling up the DagBag from /opt/airflow/dags/f1_pipeline_dag.py
[2026-05-05T16:38:36.669+0000] {processor.py:840} INFO - DAG(s) 'f1_bigdata_pipeline' retrieved from /opt/airflow/dags/f1_pipeline_dag.py
[2026-05-05T16:38:36.706+0000] {logging_mixin.py:188} INFO - [2026-05-05T16:38:36.706+0000] {dag.py:3036} INFO - Sync 1 DAGs
[2026-05-05T16:38:36.735+0000] {logging_mixin.py:188} INFO - [2026-05-05T16:38:36.734+0000] {dag.py:3823} INFO - Setting next_dagrun for f1_bigdata_pipeline to 2026-05-04 06:00:00+00:00, run_after=2026-05-11 06:00:00+00:00
[2026-05-05T16:38:36.749+0000] {processor.py:183} INFO - Processing /opt/airflow/dags/f1_pipeline_dag.py took 0.109 seconds
[2026-05-05T16:39:07.015+0000] {processor.py:161} INFO - Started process (PID=16388) to work on /opt/airflow/dags/f1_pipeline_dag.py
[2026-05-05T16:39:07.018+0000] {processor.py:830} INFO - Processing file /opt/airflow/dags/f1_pipeline_dag.py for tasks to queue
[2026-05-05T16:39:07.019+0000] {logging_mixin.py:188} INFO - [2026-05-05T16:39:07.018+0000] {dagbag.py:538} INFO - Filling up the DagBag from /opt/airflow/dags/f1_pipeline_dag.py
[2026-05-05T16:39:07.048+0000] {processor.py:840} INFO - DAG(s) 'f1_bigdata_pipeline' retrieved from /opt/airflow/dags/f1_pipeline_dag.py
[2026-05-05T16:39:07.081+0000] {logging_mixin.py:188} INFO - [2026-05-05T16:39:07.081+0000] {dag.py:3036} INFO - Sync 1 DAGs
[2026-05-05T16:39:07.132+0000] {logging_mixin.py:188} INFO - [2026-05-05T16:39:07.132+0000] {dag.py:3823} INFO - Setting next_dagrun for f1_bigdata_pipeline to 2026-05-04 06:00:00+00:00, run_after=2026-05-11 06:00:00+00:00
[2026-05-05T16:39:07.153+0000] {processor.py:183} INFO - Processing /opt/airflow/dags/f1_pipeline_dag.py took 0.143 seconds
[2026-05-05T16:39:37.488+0000] {processor.py:161} INFO - Started process (PID=16393) to work on /opt/airflow/dags/f1_pipeline_dag.py
[2026-05-05T16:39:37.490+0000] {processor.py:830} INFO - Processing file /opt/airflow/dags/f1_pipeline_dag.py for tasks to queue
[2026-05-05T16:39:37.491+0000] {logging_mixin.py:188} INFO - [2026-05-05T16:39:37.490+0000] {dagbag.py:538} INFO - Filling up the DagBag from /opt/airflow/dags/f1_pipeline_dag.py
[2026-05-05T16:39:37.512+0000] {processor.py:840} INFO - DAG(s) 'f1_bigdata_pipeline' retrieved from /opt/airflow/dags/f1_pipeline_dag.py
[2026-05-05T16:39:37.556+0000] {logging_mixin.py:188} INFO - [2026-05-05T16:39:37.556+0000] {dag.py:3036} INFO - Sync 1 DAGs
[2026-05-05T16:39:37.575+0000] {logging_mixin.py:188} INFO - [2026-05-05T16:39:37.575+0000] {dag.py:3823} INFO - Setting next_dagrun for f1_bigdata_pipeline to 2026-05-04 06:00:00+00:00, run_after=2026-05-11 06:00:00+00:00
[2026-05-05T16:39:37.586+0000] {processor.py:183} INFO - Processing /opt/airflow/dags/f1_pipeline_dag.py took 0.103 seconds
[2026-05-05T16:40:08.580+0000] {processor.py:161} INFO - Started process (PID=16398) to work on /opt/airflow/dags/f1_pipeline_dag.py
[2026-05-05T16:40:08.585+0000] {processor.py:830} INFO - Processing file /opt/airflow/dags/f1_pipeline_dag.py for tasks to queue
[2026-05-05T16:40:08.589+0000] {logging_mixin.py:188} INFO - [2026-05-05T16:40:08.588+0000] {dagbag.py:538} INFO - Filling up the DagBag from /opt/airflow/dags/f1_pipeline_dag.py
[2026-05-05T16:40:08.611+0000] {processor.py:840} INFO - DAG(s) 'f1_bigdata_pipeline' retrieved from /opt/airflow/dags/f1_pipeline_dag.py
[2026-05-05T16:40:08.657+0000] {logging_mixin.py:188} INFO - [2026-05-05T16:40:08.656+0000] {dag.py:3036} INFO - Sync 1 DAGs
[2026-05-05T16:40:08.679+0000] {logging_mixin.py:188} INFO - [2026-05-05T16:40:08.679+0000] {dag.py:3823} INFO - Setting next_dagrun for f1_bigdata_pipeline to 2026-05-04 06:00:00+00:00, run_after=2026-05-11 06:00:00+00:00
[2026-05-05T16:40:08.690+0000] {processor.py:183} INFO - Processing /opt/airflow/dags/f1_pipeline_dag.py took 0.122 seconds
[2026-05-05T16:40:38.948+0000] {processor.py:161} INFO - Started process (PID=16403) to work on /opt/airflow/dags/f1_pipeline_dag.py
[2026-05-05T16:40:38.950+0000] {processor.py:830} INFO - Processing file /opt/airflow/dags/f1_pipeline_dag.py for tasks to queue
[2026-05-05T16:40:38.952+0000] {logging_mixin.py:188} INFO - [2026-05-05T16:40:38.951+0000] {dagbag.py:538} INFO - Filling up the DagBag from /opt/airflow/dags/f1_pipeline_dag.py
[2026-05-05T16:40:38.986+0000] {processor.py:840} INFO - DAG(s) 'f1_bigdata_pipeline' retrieved from /opt/airflow/dags/f1_pipeline_dag.py
[2026-05-05T16:40:39.016+0000] {logging_mixin.py:188} INFO - [2026-05-05T16:40:39.016+0000] {dag.py:3036} INFO - Sync 1 DAGs
[2026-05-05T16:40:39.034+0000] {logging_mixin.py:188} INFO - [2026-05-05T16:40:39.034+0000] {dag.py:3823} INFO - Setting next_dagrun for f1_bigdata_pipeline to 2026-05-04 06:00:00+00:00, run_after=2026-05-11 06:00:00+00:00
[2026-05-05T16:40:39.044+0000] {processor.py:183} INFO - Processing /opt/airflow/dags/f1_pipeline_dag.py took 0.101 seconds
[2026-05-05T16:41:09.378+0000] {processor.py:161} INFO - Started process (PID=16408) to work on /opt/airflow/dags/f1_pipeline_dag.py
[2026-05-05T16:41:09.381+0000] {processor.py:830} INFO - Processing file /opt/airflow/dags/f1_pipeline_dag.py for tasks to queue
[2026-05-05T16:41:09.382+0000] {logging_mixin.py:188} INFO - [2026-05-05T16:41:09.381+0000] {dagbag.py:538} INFO - Filling up the DagBag from /opt/airflow/dags/f1_pipeline_dag.py
[2026-05-05T16:41:09.402+0000] {processor.py:840} INFO - DAG(s) 'f1_bigdata_pipeline' retrieved from /opt/airflow/dags/f1_pipeline_dag.py
[2026-05-05T16:41:09.434+0000] {logging_mixin.py:188} INFO - [2026-05-05T16:41:09.434+0000] {dag.py:3036} INFO - Sync 1 DAGs
[2026-05-05T16:41:09.450+0000] {logging_mixin.py:188} INFO - [2026-05-05T16:41:09.450+0000] {dag.py:3823} INFO - Setting next_dagrun for f1_bigdata_pipeline to 2026-05-04 06:00:00+00:00, run_after=2026-05-11 06:00:00+00:00
[2026-05-05T16:41:09.475+0000] {processor.py:183} INFO - Processing /opt/airflow/dags/f1_pipeline_dag.py took 0.118 seconds
[2026-05-05T16:41:39.789+0000] {processor.py:161} INFO - Started process (PID=16413) to work on /opt/airflow/dags/f1_pipeline_dag.py
[2026-05-05T16:41:39.790+0000] {processor.py:830} INFO - Processing file /opt/airflow/dags/f1_pipeline_dag.py for tasks to queue
[2026-05-05T16:41:39.790+0000] {logging_mixin.py:188} INFO - [2026-05-05T16:41:39.790+0000] {dagbag.py:538} INFO - Filling up the DagBag from /opt/airflow/dags/f1_pipeline_dag.py
[2026-05-05T16:41:39.820+0000] {processor.py:840} INFO - DAG(s) 'f1_bigdata_pipeline' retrieved from /opt/airflow/dags/f1_pipeline_dag.py
[2026-05-05T16:41:39.848+0000] {logging_mixin.py:188} INFO - [2026-05-05T16:41:39.848+0000] {dag.py:3036} INFO - Sync 1 DAGs
[2026-05-05T16:41:39.865+0000] {logging_mixin.py:188} INFO - [2026-05-05T16:41:39.865+0000] {dag.py:3823} INFO - Setting next_dagrun for f1_bigdata_pipeline to 2026-05-04 06:00:00+00:00, run_after=2026-05-11 06:00:00+00:00
[2026-05-05T16:41:39.875+0000] {processor.py:183} INFO - Processing /opt/airflow/dags/f1_pipeline_dag.py took 0.090 seconds
[2026-05-05T16:42:10.210+0000] {processor.py:161} INFO - Started process (PID=16418) to work on /opt/airflow/dags/f1_pipeline_dag.py
[2026-05-05T16:42:10.216+0000] {processor.py:830} INFO - Processing file /opt/airflow/dags/f1_pipeline_dag.py for tasks to queue
[2026-05-05T16:42:10.219+0000] {logging_mixin.py:188} INFO - [2026-05-05T16:42:10.218+0000] {dagbag.py:538} INFO - Filling up the DagBag from /opt/airflow/dags/f1_pipeline_dag.py
[2026-05-05T16:42:10.243+0000] {processor.py:840} INFO - DAG(s) 'f1_bigdata_pipeline' retrieved from /opt/airflow/dags/f1_pipeline_dag.py
[2026-05-05T16:42:10.270+0000] {logging_mixin.py:188} INFO - [2026-05-05T16:42:10.270+0000] {dag.py:3036} INFO - Sync 1 DAGs
[2026-05-05T16:42:10.287+0000] {logging_mixin.py:188} INFO - [2026-05-05T16:42:10.286+0000] {dag.py:3823} INFO - Setting next_dagrun for f1_bigdata_pipeline to 2026-05-04 06:00:00+00:00, run_after=2026-05-11 06:00:00+00:00
[2026-05-05T16:42:10.296+0000] {processor.py:183} INFO - Processing /opt/airflow/dags/f1_pipeline_dag.py took 0.099 seconds
[2026-05-05T16:42:40.607+0000] {processor.py:161} INFO - Started process (PID=16423) to work on /opt/airflow/dags/f1_pipeline_dag.py
[2026-05-05T16:42:40.610+0000] {processor.py:830} INFO - Processing file /opt/airflow/dags/f1_pipeline_dag.py for tasks to queue
[2026-05-05T16:42:40.612+0000] {logging_mixin.py:188} INFO - [2026-05-05T16:42:40.611+0000] {dagbag.py:538} INFO - Filling up the DagBag from /opt/airflow/dags/f1_pipeline_dag.py
[2026-05-05T16:42:40.655+0000] {processor.py:840} INFO - DAG(s) 'f1_bigdata_pipeline' retrieved from /opt/airflow/dags/f1_pipeline_dag.py
[2026-05-05T16:42:40.698+0000] {logging_mixin.py:188} INFO - [2026-05-05T16:42:40.698+0000] {dag.py:3036} INFO - Sync 1 DAGs
[2026-05-05T16:42:40.719+0000] {logging_mixin.py:188} INFO - [2026-05-05T16:42:40.719+0000] {dag.py:3823} INFO - Setting next_dagrun for f1_bigdata_pipeline to 2026-05-04 06:00:00+00:00, run_after=2026-05-11 06:00:00+00:00
[2026-05-05T16:42:40.732+0000] {processor.py:183} INFO - Processing /opt/airflow/dags/f1_pipeline_dag.py took 0.132 seconds
[2026-05-05T16:43:10.987+0000] {processor.py:161} INFO - Started process (PID=16428) to work on /opt/airflow/dags/f1_pipeline_dag.py
[2026-05-05T16:43:10.988+0000] {processor.py:830} INFO - Processing file /opt/airflow/dags/f1_pipeline_dag.py for tasks to queue
[2026-05-05T16:43:10.989+0000] {logging_mixin.py:188} INFO - [2026-05-05T16:43:10.989+0000] {dagbag.py:538} INFO - Filling up the DagBag from /opt/airflow/dags/f1_pipeline_dag.py
[2026-05-05T16:43:11.016+0000] {processor.py:840} INFO - DAG(s) 'f1_bigdata_pipeline' retrieved from /opt/airflow/dags/f1_pipeline_dag.py
[2026-05-05T16:43:11.049+0000] {logging_mixin.py:188} INFO - [2026-05-05T16:43:11.049+0000] {dag.py:3036} INFO - Sync 1 DAGs
[2026-05-05T16:43:11.069+0000] {logging_mixin.py:188} INFO - [2026-05-05T16:43:11.069+0000] {dag.py:3823} INFO - Setting next_dagrun for f1_bigdata_pipeline to 2026-05-04 06:00:00+00:00, run_after=2026-05-11 06:00:00+00:00
[2026-05-05T16:43:11.094+0000] {processor.py:183} INFO - Processing /opt/airflow/dags/f1_pipeline_dag.py took 0.113 seconds
[2026-05-05T16:43:41.374+0000] {processor.py:161} INFO - Started process (PID=16433) to work on /opt/airflow/dags/f1_pipeline_dag.py
[2026-05-05T16:43:41.376+0000] {processor.py:830} INFO - Processing file /opt/airflow/dags/f1_pipeline_dag.py for tasks to queue
[2026-05-05T16:43:41.377+0000] {logging_mixin.py:188} INFO - [2026-05-05T16:43:41.377+0000] {dagbag.py:538} INFO - Filling up the DagBag from /opt/airflow/dags/f1_pipeline_dag.py
[2026-05-05T16:43:41.398+0000] {processor.py:840} INFO - DAG(s) 'f1_bigdata_pipeline' retrieved from /opt/airflow/dags/f1_pipeline_dag.py
[2026-05-05T16:43:41.444+0000] {logging_mixin.py:188} INFO - [2026-05-05T16:43:41.444+0000] {dag.py:3036} INFO - Sync 1 DAGs
[2026-05-05T16:43:41.463+0000] {logging_mixin.py:188} INFO - [2026-05-05T16:43:41.463+0000] {dag.py:3823} INFO - Setting next_dagrun for f1_bigdata_pipeline to 2026-05-04 06:00:00+00:00, run_after=2026-05-11 06:00:00+00:00
[2026-05-05T16:43:41.473+0000] {processor.py:183} INFO - Processing /opt/airflow/dags/f1_pipeline_dag.py took 0.104 seconds
[2026-05-05T16:44:11.712+0000] {processor.py:161} INFO - Started process (PID=16438) to work on /opt/airflow/dags/f1_pipeline_dag.py
[2026-05-05T16:44:11.714+0000] {processor.py:830} INFO - Processing file /opt/airflow/dags/f1_pipeline_dag.py for tasks to queue
[2026-05-05T16:44:11.715+0000] {logging_mixin.py:188} INFO - [2026-05-05T16:44:11.714+0000] {dagbag.py:538} INFO - Filling up the DagBag from /opt/airflow/dags/f1_pipeline_dag.py
[2026-05-05T16:44:11.733+0000] {processor.py:840} INFO - DAG(s) 'f1_bigdata_pipeline' retrieved from /opt/airflow/dags/f1_pipeline_dag.py
[2026-05-05T16:44:11.774+0000] {logging_mixin.py:188} INFO - [2026-05-05T16:44:11.774+0000] {dag.py:3036} INFO - Sync 1 DAGs
[2026-05-05T16:44:11.791+0000] {logging_mixin.py:188} INFO - [2026-05-05T16:44:11.791+0000] {dag.py:3823} INFO - Setting next_dagrun for f1_bigdata_pipeline to 2026-05-04 06:00:00+00:00, run_after=2026-05-11 06:00:00+00:00
[2026-05-05T16:44:11.801+0000] {processor.py:183} INFO - Processing /opt/airflow/dags/f1_pipeline_dag.py took 0.094 seconds
[2026-05-05T16:44:42.138+0000] {processor.py:161} INFO - Started process (PID=16443) to work on /opt/airflow/dags/f1_pipeline_dag.py
[2026-05-05T16:44:42.140+0000] {processor.py:830} INFO - Processing file /opt/airflow/dags/f1_pipeline_dag.py for tasks to queue
[2026-05-05T16:44:42.142+0000] {logging_mixin.py:188} INFO - [2026-05-05T16:44:42.141+0000] {dagbag.py:538} INFO - Filling up the DagBag from /opt/airflow/dags/f1_pipeline_dag.py
[2026-05-05T16:44:42.162+0000] {processor.py:840} INFO - DAG(s) 'f1_bigdata_pipeline' retrieved from /opt/airflow/dags/f1_pipeline_dag.py
[2026-05-05T16:44:42.201+0000] {logging_mixin.py:188} INFO - [2026-05-05T16:44:42.201+0000] {dag.py:3036} INFO - Sync 1 DAGs
[2026-05-05T16:44:42.220+0000] {logging_mixin.py:188} INFO - [2026-05-05T16:44:42.219+0000] {dag.py:3823} INFO - Setting next_dagrun for f1_bigdata_pipeline to 2026-05-04 06:00:00+00:00, run_after=2026-05-11 06:00:00+00:00
[2026-05-05T16:44:42.230+0000] {processor.py:183} INFO - Processing /opt/airflow/dags/f1_pipeline_dag.py took 0.107 seconds
[2026-05-05T16:45:12.507+0000] {processor.py:161} INFO - Started process (PID=16448) to work on /opt/airflow/dags/f1_pipeline_dag.py
[2026-05-05T16:45:12.509+0000] {processor.py:830} INFO - Processing file /opt/airflow/dags/f1_pipeline_dag.py for tasks to queue
[2026-05-05T16:45:12.511+0000] {logging_mixin.py:188} INFO - [2026-05-05T16:45:12.510+0000] {dagbag.py:538} INFO - Filling up the DagBag from /opt/airflow/dags/f1_pipeline_dag.py
[2026-05-05T16:45:12.545+0000] {processor.py:840} INFO - DAG(s) 'f1_bigdata_pipeline' retrieved from /opt/airflow/dags/f1_pipeline_dag.py
[2026-05-05T16:45:12.577+0000] {logging_mixin.py:188} INFO - [2026-05-05T16:45:12.577+0000] {dag.py:3036} INFO - Sync 1 DAGs
[2026-05-05T16:45:12.601+0000] {logging_mixin.py:188} INFO - [2026-05-05T16:45:12.601+0000] {dag.py:3823} INFO - Setting next_dagrun for f1_bigdata_pipeline to 2026-05-04 06:00:00+00:00, run_after=2026-05-11 06:00:00+00:00
[2026-05-05T16:45:12.639+0000] {processor.py:183} INFO - Processing /opt/airflow/dags/f1_pipeline_dag.py took 0.138 seconds
[2026-05-05T16:45:42.956+0000] {processor.py:161} INFO - Started process (PID=16453) to work on /opt/airflow/dags/f1_pipeline_dag.py
[2026-05-05T16:45:42.958+0000] {processor.py:830} INFO - Processing file /opt/airflow/dags/f1_pipeline_dag.py for tasks to queue
[2026-05-05T16:45:42.959+0000] {logging_mixin.py:188} INFO - [2026-05-05T16:45:42.959+0000] {dagbag.py:538} INFO - Filling up the DagBag from /opt/airflow/dags/f1_pipeline_dag.py
[2026-05-05T16:45:42.978+0000] {processor.py:840} INFO - DAG(s) 'f1_bigdata_pipeline' retrieved from /opt/airflow/dags/f1_pipeline_dag.py
[2026-05-05T16:45:43.025+0000] {logging_mixin.py:188} INFO - [2026-05-05T16:45:43.025+0000] {dag.py:3036} INFO - Sync 1 DAGs
[2026-05-05T16:45:43.042+0000] {logging_mixin.py:188} INFO - [2026-05-05T16:45:43.042+0000] {dag.py:3823} INFO - Setting next_dagrun for f1_bigdata_pipeline to 2026-05-04 06:00:00+00:00, run_after=2026-05-11 06:00:00+00:00
[2026-05-05T16:45:43.052+0000] {processor.py:183} INFO - Processing /opt/airflow/dags/f1_pipeline_dag.py took 0.100 seconds
[2026-05-05T16:46:13.396+0000] {processor.py:161} INFO - Started process (PID=16458) to work on /opt/airflow/dags/f1_pipeline_dag.py
[2026-05-05T16:46:13.398+0000] {processor.py:830} INFO - Processing file /opt/airflow/dags/f1_pipeline_dag.py for tasks to queue
[2026-05-05T16:46:13.399+0000] {logging_mixin.py:188} INFO - [2026-05-05T16:46:13.399+0000] {dagbag.py:538} INFO - Filling up the DagBag from /opt/airflow/dags/f1_pipeline_dag.py
[2026-05-05T16:46:13.418+0000] {processor.py:840} INFO - DAG(s) 'f1_bigdata_pipeline' retrieved from /opt/airflow/dags/f1_pipeline_dag.py
[2026-05-05T16:46:13.458+0000] {logging_mixin.py:188} INFO - [2026-05-05T16:46:13.458+0000] {dag.py:3036} INFO - Sync 1 DAGs
[2026-05-05T16:46:13.474+0000] {logging_mixin.py:188} INFO - [2026-05-05T16:46:13.474+0000] {dag.py:3823} INFO - Setting next_dagrun for f1_bigdata_pipeline to 2026-05-04 06:00:00+00:00, run_after=2026-05-11 06:00:00+00:00
[2026-05-05T16:46:13.483+0000] {processor.py:183} INFO - Processing /opt/airflow/dags/f1_pipeline_dag.py took 0.093 seconds
[2026-05-05T16:46:43.757+0000] {processor.py:161} INFO - Started process (PID=16463) to work on /opt/airflow/dags/f1_pipeline_dag.py
[2026-05-05T16:46:43.764+0000] {processor.py:830} INFO - Processing file /opt/airflow/dags/f1_pipeline_dag.py for tasks to queue
[2026-05-05T16:46:43.767+0000] {logging_mixin.py:188} INFO - [2026-05-05T16:46:43.766+0000] {dagbag.py:538} INFO - Filling up the DagBag from /opt/airflow/dags/f1_pipeline_dag.py
[2026-05-05T16:46:43.787+0000] {processor.py:840} INFO - DAG(s) 'f1_bigdata_pipeline' retrieved from /opt/airflow/dags/f1_pipeline_dag.py
[2026-05-05T16:46:43.816+0000] {logging_mixin.py:188} INFO - [2026-05-05T16:46:43.816+0000] {dag.py:3036} INFO - Sync 1 DAGs
[2026-05-05T16:46:43.833+0000] {logging_mixin.py:188} INFO - [2026-05-05T16:46:43.833+0000] {dag.py:3823} INFO - Setting next_dagrun for f1_bigdata_pipeline to 2026-05-04 06:00:00+00:00, run_after=2026-05-11 06:00:00+00:00
[2026-05-05T16:46:43.855+0000] {processor.py:183} INFO - Processing /opt/airflow/dags/f1_pipeline_dag.py took 0.105 seconds
[2026-05-05T16:47:14.189+0000] {processor.py:161} INFO - Started process (PID=16468) to work on /opt/airflow/dags/f1_pipeline_dag.py
[2026-05-05T16:47:14.191+0000] {processor.py:830} INFO - Processing file /opt/airflow/dags/f1_pipeline_dag.py for tasks to queue
[2026-05-05T16:47:14.193+0000] {logging_mixin.py:188} INFO - [2026-05-05T16:47:14.192+0000] {dagbag.py:538} INFO - Filling up the DagBag from /opt/airflow/dags/f1_pipeline_dag.py
[2026-05-05T16:47:14.215+0000] {processor.py:840} INFO - DAG(s) 'f1_bigdata_pipeline' retrieved from /opt/airflow/dags/f1_pipeline_dag.py
[2026-05-05T16:47:14.268+0000] {logging_mixin.py:188} INFO - [2026-05-05T16:47:14.268+0000] {dag.py:3036} INFO - Sync 1 DAGs
[2026-05-05T16:47:14.286+0000] {logging_mixin.py:188} INFO - [2026-05-05T16:47:14.286+0000] {dag.py:3823} INFO - Setting next_dagrun for f1_bigdata_pipeline to 2026-05-04 06:00:00+00:00, run_after=2026-05-11 06:00:00+00:00
[2026-05-05T16:47:14.296+0000] {processor.py:183} INFO - Processing /opt/airflow/dags/f1_pipeline_dag.py took 0.112 seconds
[2026-05-05T16:47:44.902+0000] {processor.py:161} INFO - Started process (PID=16473) to work on /opt/airflow/dags/f1_pipeline_dag.py
[2026-05-05T16:47:44.907+0000] {processor.py:830} INFO - Processing file /opt/airflow/dags/f1_pipeline_dag.py for tasks to queue
[2026-05-05T16:47:44.909+0000] {logging_mixin.py:188} INFO - [2026-05-05T16:47:44.909+0000] {dagbag.py:538} INFO - Filling up the DagBag from /opt/airflow/dags/f1_pipeline_dag.py
[2026-05-05T16:47:44.926+0000] {processor.py:840} INFO - DAG(s) 'f1_bigdata_pipeline' retrieved from /opt/airflow/dags/f1_pipeline_dag.py
[2026-05-05T16:47:44.965+0000] {logging_mixin.py:188} INFO - [2026-05-05T16:47:44.965+0000] {dag.py:3036} INFO - Sync 1 DAGs
[2026-05-05T16:47:44.982+0000] {logging_mixin.py:188} INFO - [2026-05-05T16:47:44.982+0000] {dag.py:3823} INFO - Setting next_dagrun for f1_bigdata_pipeline to 2026-05-04 06:00:00+00:00, run_after=2026-05-11 06:00:00+00:00
[2026-05-05T16:47:44.992+0000] {processor.py:183} INFO - Processing /opt/airflow/dags/f1_pipeline_dag.py took 0.104 seconds
[2026-05-05T16:48:15.244+0000] {processor.py:161} INFO - Started process (PID=16478) to work on /opt/airflow/dags/f1_pipeline_dag.py
[2026-05-05T16:48:15.246+0000] {processor.py:830} INFO - Processing file /opt/airflow/dags/f1_pipeline_dag.py for tasks to queue
[2026-05-05T16:48:15.246+0000] {logging_mixin.py:188} INFO - [2026-05-05T16:48:15.246+0000] {dagbag.py:538} INFO - Filling up the DagBag from /opt/airflow/dags/f1_pipeline_dag.py
[2026-05-05T16:48:15.259+0000] {processor.py:840} INFO - DAG(s) 'f1_bigdata_pipeline' retrieved from /opt/airflow/dags/f1_pipeline_dag.py
[2026-05-05T16:48:15.309+0000] {logging_mixin.py:188} INFO - [2026-05-05T16:48:15.309+0000] {dag.py:3036} INFO - Sync 1 DAGs
[2026-05-05T16:48:15.328+0000] {logging_mixin.py:188} INFO - [2026-05-05T16:48:15.328+0000] {dag.py:3823} INFO - Setting next_dagrun for f1_bigdata_pipeline to 2026-05-04 06:00:00+00:00, run_after=2026-05-11 06:00:00+00:00
[2026-05-05T16:48:15.338+0000] {processor.py:183} INFO - Processing /opt/airflow/dags/f1_pipeline_dag.py took 0.100 seconds
[2026-05-05T16:48:45.689+0000] {processor.py:161} INFO - Started process (PID=16483) to work on /opt/airflow/dags/f1_pipeline_dag.py
[2026-05-05T16:48:45.691+0000] {processor.py:830} INFO - Processing file /opt/airflow/dags/f1_pipeline_dag.py for tasks to queue
[2026-05-05T16:48:45.692+0000] {logging_mixin.py:188} INFO - [2026-05-05T16:48:45.692+0000] {dagbag.py:538} INFO - Filling up the DagBag from /opt/airflow/dags/f1_pipeline_dag.py
[2026-05-05T16:48:45.715+0000] {processor.py:840} INFO - DAG(s) 'f1_bigdata_pipeline' retrieved from /opt/airflow/dags/f1_pipeline_dag.py
[2026-05-05T16:48:45.764+0000] {logging_mixin.py:188} INFO - [2026-05-05T16:48:45.764+0000] {dag.py:3036} INFO - Sync 1 DAGs
[2026-05-05T16:48:45.781+0000] {logging_mixin.py:188} INFO - [2026-05-05T16:48:45.780+0000] {dag.py:3823} INFO - Setting next_dagrun for f1_bigdata_pipeline to 2026-05-04 06:00:00+00:00, run_after=2026-05-11 06:00:00+00:00
[2026-05-05T16:48:45.791+0000] {processor.py:183} INFO - Processing /opt/airflow/dags/f1_pipeline_dag.py took 0.107 seconds
[2026-05-05T16:49:16.069+0000] {processor.py:161} INFO - Started process (PID=16488) to work on /opt/airflow/dags/f1_pipeline_dag.py
[2026-05-05T16:49:16.077+0000] {processor.py:830} INFO - Processing file /opt/airflow/dags/f1_pipeline_dag.py for tasks to queue
[2026-05-05T16:49:16.078+0000] {logging_mixin.py:188} INFO - [2026-05-05T16:49:16.078+0000] {dagbag.py:538} INFO - Filling up the DagBag from /opt/airflow/dags/f1_pipeline_dag.py
[2026-05-05T16:49:16.094+0000] {processor.py:840} INFO - DAG(s) 'f1_bigdata_pipeline' retrieved from /opt/airflow/dags/f1_pipeline_dag.py
[2026-05-05T16:49:16.125+0000] {logging_mixin.py:188} INFO - [2026-05-05T16:49:16.125+0000] {dag.py:3036} INFO - Sync 1 DAGs
[2026-05-05T16:49:16.142+0000] {logging_mixin.py:188} INFO - [2026-05-05T16:49:16.142+0000] {dag.py:3823} INFO - Setting next_dagrun for f1_bigdata_pipeline to 2026-05-04 06:00:00+00:00, run_after=2026-05-11 06:00:00+00:00
[2026-05-05T16:49:16.157+0000] {processor.py:183} INFO - Processing /opt/airflow/dags/f1_pipeline_dag.py took 0.098 seconds
[2026-05-05T16:49:46.447+0000] {processor.py:161} INFO - Started process (PID=16493) to work on /opt/airflow/dags/f1_pipeline_dag.py
[2026-05-05T16:49:46.448+0000] {processor.py:830} INFO - Processing file /opt/airflow/dags/f1_pipeline_dag.py for tasks to queue
[2026-05-05T16:49:46.449+0000] {logging_mixin.py:188} INFO - [2026-05-05T16:49:46.449+0000] {dagbag.py:538} INFO - Filling up the DagBag from /opt/airflow/dags/f1_pipeline_dag.py
[2026-05-05T16:49:46.477+0000] {processor.py:840} INFO - DAG(s) 'f1_bigdata_pipeline' retrieved from /opt/airflow/dags/f1_pipeline_dag.py
[2026-05-05T16:49:46.507+0000] {logging_mixin.py:188} INFO - [2026-05-05T16:49:46.506+0000] {dag.py:3036} INFO - Sync 1 DAGs
[2026-05-05T16:49:46.527+0000] {logging_mixin.py:188} INFO - [2026-05-05T16:49:46.526+0000] {dag.py:3823} INFO - Setting next_dagrun for f1_bigdata_pipeline to 2026-05-04 06:00:00+00:00, run_after=2026-05-11 06:00:00+00:00
[2026-05-05T16:49:46.550+0000] {processor.py:183} INFO - Processing /opt/airflow/dags/f1_pipeline_dag.py took 0.107 seconds
[2026-05-05T16:50:16.834+0000] {processor.py:161} INFO - Started process (PID=16498) to work on /opt/airflow/dags/f1_pipeline_dag.py
[2026-05-05T16:50:16.836+0000] {processor.py:830} INFO - Processing file /opt/airflow/dags/f1_pipeline_dag.py for tasks to queue
[2026-05-05T16:50:16.837+0000] {logging_mixin.py:188} INFO - [2026-05-05T16:50:16.836+0000] {dagbag.py:538} INFO - Filling up the DagBag from /opt/airflow/dags/f1_pipeline_dag.py
[2026-05-05T16:50:16.857+0000] {processor.py:840} INFO - DAG(s) 'f1_bigdata_pipeline' retrieved from /opt/airflow/dags/f1_pipeline_dag.py
[2026-05-05T16:50:16.901+0000] {logging_mixin.py:188} INFO - [2026-05-05T16:50:16.901+0000] {dag.py:3036} INFO - Sync 1 DAGs
[2026-05-05T16:50:16.917+0000] {logging_mixin.py:188} INFO - [2026-05-05T16:50:16.917+0000] {dag.py:3823} INFO - Setting next_dagrun for f1_bigdata_pipeline to 2026-05-04 06:00:00+00:00, run_after=2026-05-11 06:00:00+00:00
[2026-05-05T16:50:16.928+0000] {processor.py:183} INFO - Processing /opt/airflow/dags/f1_pipeline_dag.py took 0.099 seconds
[2026-05-05T16:50:47.341+0000] {processor.py:161} INFO - Started process (PID=16503) to work on /opt/airflow/dags/f1_pipeline_dag.py
[2026-05-05T16:50:47.343+0000] {processor.py:830} INFO - Processing file /opt/airflow/dags/f1_pipeline_dag.py for tasks to queue
[2026-05-05T16:50:47.344+0000] {logging_mixin.py:188} INFO - [2026-05-05T16:50:47.343+0000] {dagbag.py:538} INFO - Filling up the DagBag from /opt/airflow/dags/f1_pipeline_dag.py
[2026-05-05T16:50:47.379+0000] {processor.py:840} INFO - DAG(s) 'f1_bigdata_pipeline' retrieved from /opt/airflow/dags/f1_pipeline_dag.py
[2026-05-05T16:50:47.420+0000] {logging_mixin.py:188} INFO - [2026-05-05T16:50:47.419+0000] {dag.py:3036} INFO - Sync 1 DAGs
[2026-05-05T16:50:47.437+0000] {logging_mixin.py:188} INFO - [2026-05-05T16:50:47.437+0000] {dag.py:3823} INFO - Setting next_dagrun for f1_bigdata_pipeline to 2026-05-04 06:00:00+00:00, run_after=2026-05-11 06:00:00+00:00
[2026-05-05T16:50:47.447+0000] {processor.py:183} INFO - Processing /opt/airflow/dags/f1_pipeline_dag.py took 0.113 seconds
[2026-05-05T16:51:17.759+0000] {processor.py:161} INFO - Started process (PID=16508) to work on /opt/airflow/dags/f1_pipeline_dag.py
[2026-05-05T16:51:17.761+0000] {processor.py:830} INFO - Processing file /opt/airflow/dags/f1_pipeline_dag.py for tasks to queue
[2026-05-05T16:51:17.762+0000] {logging_mixin.py:188} INFO - [2026-05-05T16:51:17.762+0000] {dagbag.py:538} INFO - Filling up the DagBag from /opt/airflow/dags/f1_pipeline_dag.py
[2026-05-05T16:51:17.779+0000] {processor.py:840} INFO - DAG(s) 'f1_bigdata_pipeline' retrieved from /opt/airflow/dags/f1_pipeline_dag.py
[2026-05-05T16:51:17.821+0000] {logging_mixin.py:188} INFO - [2026-05-05T16:51:17.821+0000] {dag.py:3036} INFO - Sync 1 DAGs
[2026-05-05T16:51:17.838+0000] {logging_mixin.py:188} INFO - [2026-05-05T16:51:17.837+0000] {dag.py:3823} INFO - Setting next_dagrun for f1_bigdata_pipeline to 2026-05-04 06:00:00+00:00, run_after=2026-05-11 06:00:00+00:00
[2026-05-05T16:51:17.851+0000] {processor.py:183} INFO - Processing /opt/airflow/dags/f1_pipeline_dag.py took 0.096 seconds
[2026-05-05T16:51:48.117+0000] {processor.py:161} INFO - Started process (PID=16513) to work on /opt/airflow/dags/f1_pipeline_dag.py
[2026-05-05T16:51:48.118+0000] {processor.py:830} INFO - Processing file /opt/airflow/dags/f1_pipeline_dag.py for tasks to queue
[2026-05-05T16:51:48.119+0000] {logging_mixin.py:188} INFO - [2026-05-05T16:51:48.119+0000] {dagbag.py:538} INFO - Filling up the DagBag from /opt/airflow/dags/f1_pipeline_dag.py
[2026-05-05T16:51:48.136+0000] {processor.py:840} INFO - DAG(s) 'f1_bigdata_pipeline' retrieved from /opt/airflow/dags/f1_pipeline_dag.py
[2026-05-05T16:51:48.183+0000] {logging_mixin.py:188} INFO - [2026-05-05T16:51:48.183+0000] {dag.py:3036} INFO - Sync 1 DAGs
[2026-05-05T16:51:48.201+0000] {logging_mixin.py:188} INFO - [2026-05-05T16:51:48.201+0000] {dag.py:3823} INFO - Setting next_dagrun for f1_bigdata_pipeline to 2026-05-04 06:00:00+00:00, run_after=2026-05-11 06:00:00+00:00
[2026-05-05T16:51:48.211+0000] {processor.py:183} INFO - Processing /opt/airflow/dags/f1_pipeline_dag.py took 0.099 seconds
[2026-05-05T16:52:18.549+0000] {processor.py:161} INFO - Started process (PID=16518) to work on /opt/airflow/dags/f1_pipeline_dag.py
[2026-05-05T16:52:18.550+0000] {processor.py:830} INFO - Processing file /opt/airflow/dags/f1_pipeline_dag.py for tasks to queue
[2026-05-05T16:52:18.551+0000] {logging_mixin.py:188} INFO - [2026-05-05T16:52:18.551+0000] {dagbag.py:538} INFO - Filling up the DagBag from /opt/airflow/dags/f1_pipeline_dag.py
[2026-05-05T16:52:18.584+0000] {processor.py:840} INFO - DAG(s) 'f1_bigdata_pipeline' retrieved from /opt/airflow/dags/f1_pipeline_dag.py
[2026-05-05T16:52:18.611+0000] {logging_mixin.py:188} INFO - [2026-05-05T16:52:18.611+0000] {dag.py:3036} INFO - Sync 1 DAGs
[2026-05-05T16:52:18.627+0000] {logging_mixin.py:188} INFO - [2026-05-05T16:52:18.627+0000] {dag.py:3823} INFO - Setting next_dagrun for f1_bigdata_pipeline to 2026-05-04 06:00:00+00:00, run_after=2026-05-11 06:00:00+00:00
[2026-05-05T16:52:18.636+0000] {processor.py:183} INFO - Processing /opt/airflow/dags/f1_pipeline_dag.py took 0.091 seconds
[2026-05-05T16:52:48.962+0000] {processor.py:161} INFO - Started process (PID=16523) to work on /opt/airflow/dags/f1_pipeline_dag.py
[2026-05-05T16:52:48.964+0000] {processor.py:830} INFO - Processing file /opt/airflow/dags/f1_pipeline_dag.py for tasks to queue
[2026-05-05T16:52:48.965+0000] {logging_mixin.py:188} INFO - [2026-05-05T16:52:48.964+0000] {dagbag.py:538} INFO - Filling up the DagBag from /opt/airflow/dags/f1_pipeline_dag.py
[2026-05-05T16:52:48.999+0000] {processor.py:840} INFO - DAG(s) 'f1_bigdata_pipeline' retrieved from /opt/airflow/dags/f1_pipeline_dag.py
[2026-05-05T16:52:49.030+0000] {logging_mixin.py:188} INFO - [2026-05-05T16:52:49.030+0000] {dag.py:3036} INFO - Sync 1 DAGs
[2026-05-05T16:52:49.047+0000] {logging_mixin.py:188} INFO - [2026-05-05T16:52:49.047+0000] {dag.py:3823} INFO - Setting next_dagrun for f1_bigdata_pipeline to 2026-05-04 06:00:00+00:00, run_after=2026-05-11 06:00:00+00:00
[2026-05-05T16:52:49.092+0000] {processor.py:183} INFO - Processing /opt/airflow/dags/f1_pipeline_dag.py took 0.134 seconds
[2026-05-05T16:53:19.370+0000] {processor.py:161} INFO - Started process (PID=16528) to work on /opt/airflow/dags/f1_pipeline_dag.py
[2026-05-05T16:53:19.372+0000] {processor.py:830} INFO - Processing file /opt/airflow/dags/f1_pipeline_dag.py for tasks to queue
[2026-05-05T16:53:19.373+0000] {logging_mixin.py:188} INFO - [2026-05-05T16:53:19.373+0000] {dagbag.py:538} INFO - Filling up the DagBag from /opt/airflow/dags/f1_pipeline_dag.py
[2026-05-05T16:53:19.399+0000] {processor.py:840} INFO - DAG(s) 'f1_bigdata_pipeline' retrieved from /opt/airflow/dags/f1_pipeline_dag.py
[2026-05-05T16:53:19.454+0000] {logging_mixin.py:188} INFO - [2026-05-05T16:53:19.454+0000] {dag.py:3036} INFO - Sync 1 DAGs
[2026-05-05T16:53:19.482+0000] {logging_mixin.py:188} INFO - [2026-05-05T16:53:19.482+0000] {dag.py:3823} INFO - Setting next_dagrun for f1_bigdata_pipeline to 2026-05-04 06:00:00+00:00, run_after=2026-05-11 06:00:00+00:00
[2026-05-05T16:53:19.500+0000] {processor.py:183} INFO - Processing /opt/airflow/dags/f1_pipeline_dag.py took 0.134 seconds
[2026-05-05T16:53:49.860+0000] {processor.py:161} INFO - Started process (PID=16533) to work on /opt/airflow/dags/f1_pipeline_dag.py
[2026-05-05T16:53:49.862+0000] {processor.py:830} INFO - Processing file /opt/airflow/dags/f1_pipeline_dag.py for tasks to queue
[2026-05-05T16:53:49.863+0000] {logging_mixin.py:188} INFO - [2026-05-05T16:53:49.863+0000] {dagbag.py:538} INFO - Filling up the DagBag from /opt/airflow/dags/f1_pipeline_dag.py
[2026-05-05T16:53:49.885+0000] {processor.py:840} INFO - DAG(s) 'f1_bigdata_pipeline' retrieved from /opt/airflow/dags/f1_pipeline_dag.py
[2026-05-05T16:53:49.933+0000] {logging_mixin.py:188} INFO - [2026-05-05T16:53:49.933+0000] {dag.py:3036} INFO - Sync 1 DAGs
[2026-05-05T16:53:49.950+0000] {logging_mixin.py:188} INFO - [2026-05-05T16:53:49.950+0000] {dag.py:3823} INFO - Setting next_dagrun for f1_bigdata_pipeline to 2026-05-04 06:00:00+00:00, run_after=2026-05-11 06:00:00+00:00
[2026-05-05T16:53:49.961+0000] {processor.py:183} INFO - Processing /opt/airflow/dags/f1_pipeline_dag.py took 0.107 seconds
[2026-05-05T16:54:20.245+0000] {processor.py:161} INFO - Started process (PID=16538) to work on /opt/airflow/dags/f1_pipeline_dag.py
[2026-05-05T16:54:20.246+0000] {processor.py:830} INFO - Processing file /opt/airflow/dags/f1_pipeline_dag.py for tasks to queue
[2026-05-05T16:54:20.247+0000] {logging_mixin.py:188} INFO - [2026-05-05T16:54:20.247+0000] {dagbag.py:538} INFO - Filling up the DagBag from /opt/airflow/dags/f1_pipeline_dag.py
[2026-05-05T16:54:20.269+0000] {processor.py:840} INFO - DAG(s) 'f1_bigdata_pipeline' retrieved from /opt/airflow/dags/f1_pipeline_dag.py
[2026-05-05T16:54:20.305+0000] {logging_mixin.py:188} INFO - [2026-05-05T16:54:20.305+0000] {dag.py:3036} INFO - Sync 1 DAGs
[2026-05-05T16:54:20.323+0000] {logging_mixin.py:188} INFO - [2026-05-05T16:54:20.322+0000] {dag.py:3823} INFO - Setting next_dagrun for f1_bigdata_pipeline to 2026-05-04 06:00:00+00:00, run_after=2026-05-11 06:00:00+00:00
[2026-05-05T16:54:20.332+0000] {processor.py:183} INFO - Processing /opt/airflow/dags/f1_pipeline_dag.py took 0.091 seconds
[2026-05-05T16:54:50.704+0000] {processor.py:161} INFO - Started process (PID=16543) to work on /opt/airflow/dags/f1_pipeline_dag.py
[2026-05-05T16:54:50.705+0000] {processor.py:830} INFO - Processing file /opt/airflow/dags/f1_pipeline_dag.py for tasks to queue
[2026-05-05T16:54:50.707+0000] {logging_mixin.py:188} INFO - [2026-05-05T16:54:50.706+0000] {dagbag.py:538} INFO - Filling up the DagBag from /opt/airflow/dags/f1_pipeline_dag.py
[2026-05-05T16:54:50.724+0000] {processor.py:840} INFO - DAG(s) 'f1_bigdata_pipeline' retrieved from /opt/airflow/dags/f1_pipeline_dag.py
[2026-05-05T16:54:50.766+0000] {logging_mixin.py:188} INFO - [2026-05-05T16:54:50.766+0000] {dag.py:3036} INFO - Sync 1 DAGs
[2026-05-05T16:54:50.783+0000] {logging_mixin.py:188} INFO - [2026-05-05T16:54:50.783+0000] {dag.py:3823} INFO - Setting next_dagrun for f1_bigdata_pipeline to 2026-05-04 06:00:00+00:00, run_after=2026-05-11 06:00:00+00:00
[2026-05-05T16:54:50.792+0000] {processor.py:183} INFO - Processing /opt/airflow/dags/f1_pipeline_dag.py took 0.093 seconds
[2026-05-05T16:55:21.058+0000] {processor.py:161} INFO - Started process (PID=16548) to work on /opt/airflow/dags/f1_pipeline_dag.py
[2026-05-05T16:55:21.060+0000] {processor.py:830} INFO - Processing file /opt/airflow/dags/f1_pipeline_dag.py for tasks to queue
[2026-05-05T16:55:21.060+0000] {logging_mixin.py:188} INFO - [2026-05-05T16:55:21.060+0000] {dagbag.py:538} INFO - Filling up the DagBag from /opt/airflow/dags/f1_pipeline_dag.py
[2026-05-05T16:55:21.075+0000] {processor.py:840} INFO - DAG(s) 'f1_bigdata_pipeline' retrieved from /opt/airflow/dags/f1_pipeline_dag.py
[2026-05-05T16:55:21.131+0000] {logging_mixin.py:188} INFO - [2026-05-05T16:55:21.131+0000] {dag.py:3036} INFO - Sync 1 DAGs
[2026-05-05T16:55:21.152+0000] {logging_mixin.py:188} INFO - [2026-05-05T16:55:21.152+0000] {dag.py:3823} INFO - Setting next_dagrun for f1_bigdata_pipeline to 2026-05-04 06:00:00+00:00, run_after=2026-05-11 06:00:00+00:00
[2026-05-05T16:55:21.165+0000] {processor.py:183} INFO - Processing /opt/airflow/dags/f1_pipeline_dag.py took 0.111 seconds
[2026-05-05T16:55:51.368+0000] {processor.py:161} INFO - Started process (PID=16553) to work on /opt/airflow/dags/f1_pipeline_dag.py
[2026-05-05T16:55:51.370+0000] {processor.py:830} INFO - Processing file /opt/airflow/dags/f1_pipeline_dag.py for tasks to queue
[2026-05-05T16:55:51.371+0000] {logging_mixin.py:188} INFO - [2026-05-05T16:55:51.371+0000] {dagbag.py:538} INFO - Filling up the DagBag from /opt/airflow/dags/f1_pipeline_dag.py
[2026-05-05T16:55:51.389+0000] {processor.py:840} INFO - DAG(s) 'f1_bigdata_pipeline' retrieved from /opt/airflow/dags/f1_pipeline_dag.py
[2026-05-05T16:55:51.430+0000] {logging_mixin.py:188} INFO - [2026-05-05T16:55:51.430+0000] {dag.py:3036} INFO - Sync 1 DAGs
[2026-05-05T16:55:51.447+0000] {logging_mixin.py:188} INFO - [2026-05-05T16:55:51.447+0000] {dag.py:3823} INFO - Setting next_dagrun for f1_bigdata_pipeline to 2026-05-04 06:00:00+00:00, run_after=2026-05-11 06:00:00+00:00
[2026-05-05T16:55:51.457+0000] {processor.py:183} INFO - Processing /opt/airflow/dags/f1_pipeline_dag.py took 0.097 seconds
[2026-05-05T16:56:21.775+0000] {processor.py:161} INFO - Started process (PID=16558) to work on /opt/airflow/dags/f1_pipeline_dag.py
[2026-05-05T16:56:21.777+0000] {processor.py:830} INFO - Processing file /opt/airflow/dags/f1_pipeline_dag.py for tasks to queue
[2026-05-05T16:56:21.778+0000] {logging_mixin.py:188} INFO - [2026-05-05T16:56:21.778+0000] {dagbag.py:538} INFO - Filling up the DagBag from /opt/airflow/dags/f1_pipeline_dag.py
[2026-05-05T16:56:21.796+0000] {processor.py:840} INFO - DAG(s) 'f1_bigdata_pipeline' retrieved from /opt/airflow/dags/f1_pipeline_dag.py
[2026-05-05T16:56:21.830+0000] {logging_mixin.py:188} INFO - [2026-05-05T16:56:21.830+0000] {dag.py:3036} INFO - Sync 1 DAGs
[2026-05-05T16:56:21.859+0000] {logging_mixin.py:188} INFO - [2026-05-05T16:56:21.859+0000] {dag.py:3823} INFO - Setting next_dagrun for f1_bigdata_pipeline to 2026-05-04 06:00:00+00:00, run_after=2026-05-11 06:00:00+00:00
[2026-05-05T16:56:21.869+0000] {processor.py:183} INFO - Processing /opt/airflow/dags/f1_pipeline_dag.py took 0.100 seconds
[2026-05-05T16:56:52.245+0000] {processor.py:161} INFO - Started process (PID=16563) to work on /opt/airflow/dags/f1_pipeline_dag.py
[2026-05-05T16:56:52.247+0000] {processor.py:830} INFO - Processing file /opt/airflow/dags/f1_pipeline_dag.py for tasks to queue
[2026-05-05T16:56:52.249+0000] {logging_mixin.py:188} INFO - [2026-05-05T16:56:52.248+0000] {dagbag.py:538} INFO - Filling up the DagBag from /opt/airflow/dags/f1_pipeline_dag.py
[2026-05-05T16:56:52.285+0000] {processor.py:840} INFO - DAG(s) 'f1_bigdata_pipeline' retrieved from /opt/airflow/dags/f1_pipeline_dag.py
[2026-05-05T16:56:52.335+0000] {logging_mixin.py:188} INFO - [2026-05-05T16:56:52.335+0000] {dag.py:3036} INFO - Sync 1 DAGs
[2026-05-05T16:56:52.367+0000] {logging_mixin.py:188} INFO - [2026-05-05T16:56:52.366+0000] {dag.py:3823} INFO - Setting next_dagrun for f1_bigdata_pipeline to 2026-05-04 06:00:00+00:00, run_after=2026-05-11 06:00:00+00:00
[2026-05-05T16:56:52.378+0000] {processor.py:183} INFO - Processing /opt/airflow/dags/f1_pipeline_dag.py took 0.141 seconds
[2026-05-05T16:57:22.769+0000] {processor.py:161} INFO - Started process (PID=16568) to work on /opt/airflow/dags/f1_pipeline_dag.py
[2026-05-05T16:57:22.771+0000] {processor.py:830} INFO - Processing file /opt/airflow/dags/f1_pipeline_dag.py for tasks to queue
[2026-05-05T16:57:22.772+0000] {logging_mixin.py:188} INFO - [2026-05-05T16:57:22.772+0000] {dagbag.py:538} INFO - Filling up the DagBag from /opt/airflow/dags/f1_pipeline_dag.py
[2026-05-05T16:57:22.793+0000] {processor.py:840} INFO - DAG(s) 'f1_bigdata_pipeline' retrieved from /opt/airflow/dags/f1_pipeline_dag.py
[2026-05-05T16:57:22.822+0000] {logging_mixin.py:188} INFO - [2026-05-05T16:57:22.822+0000] {dag.py:3036} INFO - Sync 1 DAGs
[2026-05-05T16:57:22.839+0000] {logging_mixin.py:188} INFO - [2026-05-05T16:57:22.838+0000] {dag.py:3823} INFO - Setting next_dagrun for f1_bigdata_pipeline to 2026-05-04 06:00:00+00:00, run_after=2026-05-11 06:00:00+00:00
[2026-05-05T16:57:22.848+0000] {processor.py:183} INFO - Processing /opt/airflow/dags/f1_pipeline_dag.py took 0.084 seconds
[2026-05-05T16:57:53.141+0000] {processor.py:161} INFO - Started process (PID=16573) to work on /opt/airflow/dags/f1_pipeline_dag.py
[2026-05-05T16:57:53.143+0000] {processor.py:830} INFO - Processing file /opt/airflow/dags/f1_pipeline_dag.py for tasks to queue
[2026-05-05T16:57:53.148+0000] {logging_mixin.py:188} INFO - [2026-05-05T16:57:53.144+0000] {dagbag.py:538} INFO - Filling up the DagBag from /opt/airflow/dags/f1_pipeline_dag.py
[2026-05-05T16:57:53.177+0000] {processor.py:840} INFO - DAG(s) 'f1_bigdata_pipeline' retrieved from /opt/airflow/dags/f1_pipeline_dag.py
[2026-05-05T16:57:53.227+0000] {logging_mixin.py:188} INFO - [2026-05-05T16:57:53.227+0000] {dag.py:3036} INFO - Sync 1 DAGs
[2026-05-05T16:57:53.244+0000] {logging_mixin.py:188} INFO - [2026-05-05T16:57:53.243+0000] {dag.py:3823} INFO - Setting next_dagrun for f1_bigdata_pipeline to 2026-05-04 06:00:00+00:00, run_after=2026-05-11 06:00:00+00:00
[2026-05-05T16:57:53.253+0000] {processor.py:183} INFO - Processing /opt/airflow/dags/f1_pipeline_dag.py took 0.117 seconds
[2026-05-05T16:58:23.540+0000] {processor.py:161} INFO - Started process (PID=16578) to work on /opt/airflow/dags/f1_pipeline_dag.py
[2026-05-05T16:58:23.541+0000] {processor.py:830} INFO - Processing file /opt/airflow/dags/f1_pipeline_dag.py for tasks to queue
[2026-05-05T16:58:23.543+0000] {logging_mixin.py:188} INFO - [2026-05-05T16:58:23.542+0000] {dagbag.py:538} INFO - Filling up the DagBag from /opt/airflow/dags/f1_pipeline_dag.py
[2026-05-05T16:58:23.565+0000] {processor.py:840} INFO - DAG(s) 'f1_bigdata_pipeline' retrieved from /opt/airflow/dags/f1_pipeline_dag.py
[2026-05-05T16:58:23.609+0000] {logging_mixin.py:188} INFO - [2026-05-05T16:58:23.608+0000] {dag.py:3036} INFO - Sync 1 DAGs
[2026-05-05T16:58:23.625+0000] {logging_mixin.py:188} INFO - [2026-05-05T16:58:23.625+0000] {dag.py:3823} INFO - Setting next_dagrun for f1_bigdata_pipeline to 2026-05-04 06:00:00+00:00, run_after=2026-05-11 06:00:00+00:00
[2026-05-05T16:58:23.636+0000] {processor.py:183} INFO - Processing /opt/airflow/dags/f1_pipeline_dag.py took 0.101 seconds
[2026-05-05T16:58:53.983+0000] {processor.py:161} INFO - Started process (PID=16583) to work on /opt/airflow/dags/f1_pipeline_dag.py
[2026-05-05T16:58:53.986+0000] {processor.py:830} INFO - Processing file /opt/airflow/dags/f1_pipeline_dag.py for tasks to queue
[2026-05-05T16:58:53.987+0000] {logging_mixin.py:188} INFO - [2026-05-05T16:58:53.987+0000] {dagbag.py:538} INFO - Filling up the DagBag from /opt/airflow/dags/f1_pipeline_dag.py
[2026-05-05T16:58:54.010+0000] {processor.py:840} INFO - DAG(s) 'f1_bigdata_pipeline' retrieved from /opt/airflow/dags/f1_pipeline_dag.py
[2026-05-05T16:58:54.050+0000] {logging_mixin.py:188} INFO - [2026-05-05T16:58:54.049+0000] {dag.py:3036} INFO - Sync 1 DAGs
[2026-05-05T16:58:54.081+0000] {logging_mixin.py:188} INFO - [2026-05-05T16:58:54.080+0000] {dag.py:3823} INFO - Setting next_dagrun for f1_bigdata_pipeline to 2026-05-04 06:00:00+00:00, run_after=2026-05-11 06:00:00+00:00
[2026-05-05T16:58:54.094+0000] {processor.py:183} INFO - Processing /opt/airflow/dags/f1_pipeline_dag.py took 0.116 seconds
[2026-05-05T16:59:24.358+0000] {processor.py:161} INFO - Started process (PID=16588) to work on /opt/airflow/dags/f1_pipeline_dag.py
[2026-05-05T16:59:24.360+0000] {processor.py:830} INFO - Processing file /opt/airflow/dags/f1_pipeline_dag.py for tasks to queue
[2026-05-05T16:59:24.361+0000] {logging_mixin.py:188} INFO - [2026-05-05T16:59:24.360+0000] {dagbag.py:538} INFO - Filling up the DagBag from /opt/airflow/dags/f1_pipeline_dag.py
[2026-05-05T16:59:24.381+0000] {processor.py:840} INFO - DAG(s) 'f1_bigdata_pipeline' retrieved from /opt/airflow/dags/f1_pipeline_dag.py
[2026-05-05T16:59:24.432+0000] {logging_mixin.py:188} INFO - [2026-05-05T16:59:24.432+0000] {dag.py:3036} INFO - Sync 1 DAGs
[2026-05-05T16:59:24.450+0000] {logging_mixin.py:188} INFO - [2026-05-05T16:59:24.450+0000] {dag.py:3823} INFO - Setting next_dagrun for f1_bigdata_pipeline to 2026-05-04 06:00:00+00:00, run_after=2026-05-11 06:00:00+00:00
[2026-05-05T16:59:24.461+0000] {processor.py:183} INFO - Processing /opt/airflow/dags/f1_pipeline_dag.py took 0.108 seconds
[2026-05-05T16:59:54.768+0000] {processor.py:161} INFO - Started process (PID=16593) to work on /opt/airflow/dags/f1_pipeline_dag.py
[2026-05-05T16:59:54.772+0000] {processor.py:830} INFO - Processing file /opt/airflow/dags/f1_pipeline_dag.py for tasks to queue
[2026-05-05T16:59:54.774+0000] {logging_mixin.py:188} INFO - [2026-05-05T16:59:54.773+0000] {dagbag.py:538} INFO - Filling up the DagBag from /opt/airflow/dags/f1_pipeline_dag.py
[2026-05-05T16:59:54.796+0000] {processor.py:840} INFO - DAG(s) 'f1_bigdata_pipeline' retrieved from /opt/airflow/dags/f1_pipeline_dag.py
[2026-05-05T16:59:54.844+0000] {logging_mixin.py:188} INFO - [2026-05-05T16:59:54.843+0000] {dag.py:3036} INFO - Sync 1 DAGs
[2026-05-05T16:59:54.860+0000] {logging_mixin.py:188} INFO - [2026-05-05T16:59:54.860+0000] {dag.py:3823} INFO - Setting next_dagrun for f1_bigdata_pipeline to 2026-05-04 06:00:00+00:00, run_after=2026-05-11 06:00:00+00:00
[2026-05-05T16:59:54.872+0000] {processor.py:183} INFO - Processing /opt/airflow/dags/f1_pipeline_dag.py took 0.110 seconds
[2026-05-05T17:00:25.111+0000] {processor.py:161} INFO - Started process (PID=16598) to work on /opt/airflow/dags/f1_pipeline_dag.py
[2026-05-05T17:00:25.113+0000] {processor.py:830} INFO - Processing file /opt/airflow/dags/f1_pipeline_dag.py for tasks to queue
[2026-05-05T17:00:25.114+0000] {logging_mixin.py:188} INFO - [2026-05-05T17:00:25.114+0000] {dagbag.py:538} INFO - Filling up the DagBag from /opt/airflow/dags/f1_pipeline_dag.py
[2026-05-05T17:00:25.130+0000] {processor.py:840} INFO - DAG(s) 'f1_bigdata_pipeline' retrieved from /opt/airflow/dags/f1_pipeline_dag.py
[2026-05-05T17:00:25.167+0000] {logging_mixin.py:188} INFO - [2026-05-05T17:00:25.166+0000] {dag.py:3036} INFO - Sync 1 DAGs
[2026-05-05T17:00:25.200+0000] {logging_mixin.py:188} INFO - [2026-05-05T17:00:25.200+0000] {dag.py:3823} INFO - Setting next_dagrun for f1_bigdata_pipeline to 2026-05-04 06:00:00+00:00, run_after=2026-05-11 06:00:00+00:00
[2026-05-05T17:00:25.211+0000] {processor.py:183} INFO - Processing /opt/airflow/dags/f1_pipeline_dag.py took 0.106 seconds
[2026-05-05T17:00:55.501+0000] {processor.py:161} INFO - Started process (PID=16603) to work on /opt/airflow/dags/f1_pipeline_dag.py
[2026-05-05T17:00:55.514+0000] {processor.py:830} INFO - Processing file /opt/airflow/dags/f1_pipeline_dag.py for tasks to queue
[2026-05-05T17:00:55.515+0000] {logging_mixin.py:188} INFO - [2026-05-05T17:00:55.514+0000] {dagbag.py:538} INFO - Filling up the DagBag from /opt/airflow/dags/f1_pipeline_dag.py
[2026-05-05T17:00:55.530+0000] {processor.py:840} INFO - DAG(s) 'f1_bigdata_pipeline' retrieved from /opt/airflow/dags/f1_pipeline_dag.py
[2026-05-05T17:00:55.560+0000] {logging_mixin.py:188} INFO - [2026-05-05T17:00:55.560+0000] {dag.py:3036} INFO - Sync 1 DAGs
[2026-05-05T17:00:55.578+0000] {logging_mixin.py:188} INFO - [2026-05-05T17:00:55.577+0000] {dag.py:3823} INFO - Setting next_dagrun for f1_bigdata_pipeline to 2026-05-04 06:00:00+00:00, run_after=2026-05-11 06:00:00+00:00
[2026-05-05T17:00:55.595+0000] {processor.py:183} INFO - Processing /opt/airflow/dags/f1_pipeline_dag.py took 0.104 seconds
[2026-05-05T17:01:25.890+0000] {processor.py:161} INFO - Started process (PID=16608) to work on /opt/airflow/dags/f1_pipeline_dag.py
[2026-05-05T17:01:25.892+0000] {processor.py:830} INFO - Processing file /opt/airflow/dags/f1_pipeline_dag.py for tasks to queue
[2026-05-05T17:01:25.893+0000] {logging_mixin.py:188} INFO - [2026-05-05T17:01:25.892+0000] {dagbag.py:538} INFO - Filling up the DagBag from /opt/airflow/dags/f1_pipeline_dag.py
[2026-05-05T17:01:25.914+0000] {processor.py:840} INFO - DAG(s) 'f1_bigdata_pipeline' retrieved from /opt/airflow/dags/f1_pipeline_dag.py
[2026-05-05T17:01:25.995+0000] {logging_mixin.py:188} INFO - [2026-05-05T17:01:25.995+0000] {dag.py:3036} INFO - Sync 1 DAGs
[2026-05-05T17:01:26.134+0000] {logging_mixin.py:188} INFO - [2026-05-05T17:01:26.134+0000] {dag.py:3823} INFO - Setting next_dagrun for f1_bigdata_pipeline to 2026-05-04 06:00:00+00:00, run_after=2026-05-11 06:00:00+00:00
[2026-05-05T17:01:26.144+0000] {processor.py:183} INFO - Processing /opt/airflow/dags/f1_pipeline_dag.py took 0.260 seconds
[2026-05-05T17:01:56.263+0000] {processor.py:161} INFO - Started process (PID=16613) to work on /opt/airflow/dags/f1_pipeline_dag.py
[2026-05-05T17:01:56.269+0000] {processor.py:830} INFO - Processing file /opt/airflow/dags/f1_pipeline_dag.py for tasks to queue
[2026-05-05T17:01:56.271+0000] {logging_mixin.py:188} INFO - [2026-05-05T17:01:56.270+0000] {dagbag.py:538} INFO - Filling up the DagBag from /opt/airflow/dags/f1_pipeline_dag.py
[2026-05-05T17:01:56.293+0000] {processor.py:840} INFO - DAG(s) 'f1_bigdata_pipeline' retrieved from /opt/airflow/dags/f1_pipeline_dag.py
[2026-05-05T17:01:56.343+0000] {logging_mixin.py:188} INFO - [2026-05-05T17:01:56.342+0000] {dag.py:3036} INFO - Sync 1 DAGs
[2026-05-05T17:01:56.360+0000] {logging_mixin.py:188} INFO - [2026-05-05T17:01:56.360+0000] {dag.py:3823} INFO - Setting next_dagrun for f1_bigdata_pipeline to 2026-05-04 06:00:00+00:00, run_after=2026-05-11 06:00:00+00:00
[2026-05-05T17:01:56.371+0000] {processor.py:183} INFO - Processing /opt/airflow/dags/f1_pipeline_dag.py took 0.123 seconds
[2026-05-05T17:02:26.864+0000] {processor.py:161} INFO - Started process (PID=16618) to work on /opt/airflow/dags/f1_pipeline_dag.py
[2026-05-05T17:02:26.866+0000] {processor.py:830} INFO - Processing file /opt/airflow/dags/f1_pipeline_dag.py for tasks to queue
[2026-05-05T17:02:26.868+0000] {logging_mixin.py:188} INFO - [2026-05-05T17:02:26.867+0000] {dagbag.py:538} INFO - Filling up the DagBag from /opt/airflow/dags/f1_pipeline_dag.py
[2026-05-05T17:02:26.886+0000] {processor.py:840} INFO - DAG(s) 'f1_bigdata_pipeline' retrieved from /opt/airflow/dags/f1_pipeline_dag.py
[2026-05-05T17:02:26.928+0000] {logging_mixin.py:188} INFO - [2026-05-05T17:02:26.927+0000] {dag.py:3036} INFO - Sync 1 DAGs
[2026-05-05T17:02:26.944+0000] {logging_mixin.py:188} INFO - [2026-05-05T17:02:26.944+0000] {dag.py:3823} INFO - Setting next_dagrun for f1_bigdata_pipeline to 2026-05-04 06:00:00+00:00, run_after=2026-05-11 06:00:00+00:00
[2026-05-05T17:02:26.955+0000] {processor.py:183} INFO - Processing /opt/airflow/dags/f1_pipeline_dag.py took 0.097 seconds
[2026-05-05T17:02:57.215+0000] {processor.py:161} INFO - Started process (PID=16623) to work on /opt/airflow/dags/f1_pipeline_dag.py
[2026-05-05T17:02:57.217+0000] {processor.py:830} INFO - Processing file /opt/airflow/dags/f1_pipeline_dag.py for tasks to queue
[2026-05-05T17:02:57.218+0000] {logging_mixin.py:188} INFO - [2026-05-05T17:02:57.218+0000] {dagbag.py:538} INFO - Filling up the DagBag from /opt/airflow/dags/f1_pipeline_dag.py
[2026-05-05T17:02:57.241+0000] {processor.py:840} INFO - DAG(s) 'f1_bigdata_pipeline' retrieved from /opt/airflow/dags/f1_pipeline_dag.py
[2026-05-05T17:02:57.287+0000] {logging_mixin.py:188} INFO - [2026-05-05T17:02:57.287+0000] {dag.py:3036} INFO - Sync 1 DAGs
[2026-05-05T17:02:57.304+0000] {logging_mixin.py:188} INFO - [2026-05-05T17:02:57.304+0000] {dag.py:3823} INFO - Setting next_dagrun for f1_bigdata_pipeline to 2026-05-04 06:00:00+00:00, run_after=2026-05-11 06:00:00+00:00
[2026-05-05T17:02:57.314+0000] {processor.py:183} INFO - Processing /opt/airflow/dags/f1_pipeline_dag.py took 0.105 seconds
[2026-05-05T17:03:27.623+0000] {processor.py:161} INFO - Started process (PID=16628) to work on /opt/airflow/dags/f1_pipeline_dag.py
[2026-05-05T17:03:27.625+0000] {processor.py:830} INFO - Processing file /opt/airflow/dags/f1_pipeline_dag.py for tasks to queue
[2026-05-05T17:03:27.627+0000] {logging_mixin.py:188} INFO - [2026-05-05T17:03:27.626+0000] {dagbag.py:538} INFO - Filling up the DagBag from /opt/airflow/dags/f1_pipeline_dag.py
[2026-05-05T17:03:27.663+0000] {processor.py:840} INFO - DAG(s) 'f1_bigdata_pipeline' retrieved from /opt/airflow/dags/f1_pipeline_dag.py
[2026-05-05T17:03:27.695+0000] {logging_mixin.py:188} INFO - [2026-05-05T17:03:27.694+0000] {dag.py:3036} INFO - Sync 1 DAGs
[2026-05-05T17:03:27.712+0000] {logging_mixin.py:188} INFO - [2026-05-05T17:03:27.712+0000] {dag.py:3823} INFO - Setting next_dagrun for f1_bigdata_pipeline to 2026-05-04 06:00:00+00:00, run_after=2026-05-11 06:00:00+00:00
[2026-05-05T17:03:27.734+0000] {processor.py:183} INFO - Processing /opt/airflow/dags/f1_pipeline_dag.py took 0.116 seconds
[2026-05-05T17:03:58.019+0000] {processor.py:161} INFO - Started process (PID=16633) to work on /opt/airflow/dags/f1_pipeline_dag.py
[2026-05-05T17:03:58.021+0000] {processor.py:830} INFO - Processing file /opt/airflow/dags/f1_pipeline_dag.py for tasks to queue
[2026-05-05T17:03:58.022+0000] {logging_mixin.py:188} INFO - [2026-05-05T17:03:58.022+0000] {dagbag.py:538} INFO - Filling up the DagBag from /opt/airflow/dags/f1_pipeline_dag.py
[2026-05-05T17:03:58.040+0000] {processor.py:840} INFO - DAG(s) 'f1_bigdata_pipeline' retrieved from /opt/airflow/dags/f1_pipeline_dag.py
[2026-05-05T17:03:58.084+0000] {logging_mixin.py:188} INFO - [2026-05-05T17:03:58.084+0000] {dag.py:3036} INFO - Sync 1 DAGs
[2026-05-05T17:03:58.102+0000] {logging_mixin.py:188} INFO - [2026-05-05T17:03:58.102+0000] {dag.py:3823} INFO - Setting next_dagrun for f1_bigdata_pipeline to 2026-05-04 06:00:00+00:00, run_after=2026-05-11 06:00:00+00:00
[2026-05-05T17:03:58.111+0000] {processor.py:183} INFO - Processing /opt/airflow/dags/f1_pipeline_dag.py took 0.098 seconds
[2026-05-05T17:04:28.423+0000] {processor.py:161} INFO - Started process (PID=16638) to work on /opt/airflow/dags/f1_pipeline_dag.py
[2026-05-05T17:04:28.424+0000] {processor.py:830} INFO - Processing file /opt/airflow/dags/f1_pipeline_dag.py for tasks to queue
[2026-05-05T17:04:28.425+0000] {logging_mixin.py:188} INFO - [2026-05-05T17:04:28.424+0000] {dagbag.py:538} INFO - Filling up the DagBag from /opt/airflow/dags/f1_pipeline_dag.py
[2026-05-05T17:04:28.439+0000] {processor.py:840} INFO - DAG(s) 'f1_bigdata_pipeline' retrieved from /opt/airflow/dags/f1_pipeline_dag.py
[2026-05-05T17:04:28.481+0000] {logging_mixin.py:188} INFO - [2026-05-05T17:04:28.481+0000] {dag.py:3036} INFO - Sync 1 DAGs
[2026-05-05T17:04:28.510+0000] {logging_mixin.py:188} INFO - [2026-05-05T17:04:28.510+0000] {dag.py:3823} INFO - Setting next_dagrun for f1_bigdata_pipeline to 2026-05-04 06:00:00+00:00, run_after=2026-05-11 06:00:00+00:00
[2026-05-05T17:04:28.524+0000] {processor.py:183} INFO - Processing /opt/airflow/dags/f1_pipeline_dag.py took 0.104 seconds
[2026-05-05T17:04:58.868+0000] {processor.py:161} INFO - Started process (PID=16643) to work on /opt/airflow/dags/f1_pipeline_dag.py
[2026-05-05T17:04:58.870+0000] {processor.py:830} INFO - Processing file /opt/airflow/dags/f1_pipeline_dag.py for tasks to queue
[2026-05-05T17:04:58.870+0000] {logging_mixin.py:188} INFO - [2026-05-05T17:04:58.870+0000] {dagbag.py:538} INFO - Filling up the DagBag from /opt/airflow/dags/f1_pipeline_dag.py
[2026-05-05T17:04:58.883+0000] {processor.py:840} INFO - DAG(s) 'f1_bigdata_pipeline' retrieved from /opt/airflow/dags/f1_pipeline_dag.py
[2026-05-05T17:04:58.916+0000] {logging_mixin.py:188} INFO - [2026-05-05T17:04:58.916+0000] {dag.py:3036} INFO - Sync 1 DAGs
[2026-05-05T17:04:58.933+0000] {logging_mixin.py:188} INFO - [2026-05-05T17:04:58.933+0000] {dag.py:3823} INFO - Setting next_dagrun for f1_bigdata_pipeline to 2026-05-04 06:00:00+00:00, run_after=2026-05-11 06:00:00+00:00
[2026-05-05T17:04:58.944+0000] {processor.py:183} INFO - Processing /opt/airflow/dags/f1_pipeline_dag.py took 0.081 seconds
[2026-05-05T17:05:29.387+0000] {processor.py:161} INFO - Started process (PID=16648) to work on /opt/airflow/dags/f1_pipeline_dag.py
[2026-05-05T17:05:29.394+0000] {processor.py:830} INFO - Processing file /opt/airflow/dags/f1_pipeline_dag.py for tasks to queue
[2026-05-05T17:05:29.396+0000] {logging_mixin.py:188} INFO - [2026-05-05T17:05:29.395+0000] {dagbag.py:538} INFO - Filling up the DagBag from /opt/airflow/dags/f1_pipeline_dag.py
[2026-05-05T17:05:29.414+0000] {processor.py:840} INFO - DAG(s) 'f1_bigdata_pipeline' retrieved from /opt/airflow/dags/f1_pipeline_dag.py
[2026-05-05T17:05:29.455+0000] {logging_mixin.py:188} INFO - [2026-05-05T17:05:29.455+0000] {dag.py:3036} INFO - Sync 1 DAGs
[2026-05-05T17:05:29.473+0000] {logging_mixin.py:188} INFO - [2026-05-05T17:05:29.473+0000] {dag.py:3823} INFO - Setting next_dagrun for f1_bigdata_pipeline to 2026-05-04 06:00:00+00:00, run_after=2026-05-11 06:00:00+00:00
[2026-05-05T17:05:29.484+0000] {processor.py:183} INFO - Processing /opt/airflow/dags/f1_pipeline_dag.py took 0.108 seconds
[2026-05-05T17:05:59.823+0000] {processor.py:161} INFO - Started process (PID=16653) to work on /opt/airflow/dags/f1_pipeline_dag.py
[2026-05-05T17:05:59.825+0000] {processor.py:830} INFO - Processing file /opt/airflow/dags/f1_pipeline_dag.py for tasks to queue
[2026-05-05T17:05:59.826+0000] {logging_mixin.py:188} INFO - [2026-05-05T17:05:59.825+0000] {dagbag.py:538} INFO - Filling up the DagBag from /opt/airflow/dags/f1_pipeline_dag.py
[2026-05-05T17:05:59.845+0000] {processor.py:840} INFO - DAG(s) 'f1_bigdata_pipeline' retrieved from /opt/airflow/dags/f1_pipeline_dag.py
[2026-05-05T17:05:59.890+0000] {logging_mixin.py:188} INFO - [2026-05-05T17:05:59.889+0000] {dag.py:3036} INFO - Sync 1 DAGs
[2026-05-05T17:05:59.907+0000] {logging_mixin.py:188} INFO - [2026-05-05T17:05:59.907+0000] {dag.py:3823} INFO - Setting next_dagrun for f1_bigdata_pipeline to 2026-05-04 06:00:00+00:00, run_after=2026-05-11 06:00:00+00:00
[2026-05-05T17:05:59.917+0000] {processor.py:183} INFO - Processing /opt/airflow/dags/f1_pipeline_dag.py took 0.101 seconds
[2026-05-05T17:06:30.581+0000] {processor.py:161} INFO - Started process (PID=16658) to work on /opt/airflow/dags/f1_pipeline_dag.py
[2026-05-05T17:06:30.583+0000] {processor.py:830} INFO - Processing file /opt/airflow/dags/f1_pipeline_dag.py for tasks to queue
[2026-05-05T17:06:30.584+0000] {logging_mixin.py:188} INFO - [2026-05-05T17:06:30.584+0000] {dagbag.py:538} INFO - Filling up the DagBag from /opt/airflow/dags/f1_pipeline_dag.py
[2026-05-05T17:06:30.604+0000] {processor.py:840} INFO - DAG(s) 'f1_bigdata_pipeline' retrieved from /opt/airflow/dags/f1_pipeline_dag.py
[2026-05-05T17:06:30.658+0000] {logging_mixin.py:188} INFO - [2026-05-05T17:06:30.658+0000] {dag.py:3036} INFO - Sync 1 DAGs
[2026-05-05T17:06:30.676+0000] {logging_mixin.py:188} INFO - [2026-05-05T17:06:30.676+0000] {dag.py:3823} INFO - Setting next_dagrun for f1_bigdata_pipeline to 2026-05-04 06:00:00+00:00, run_after=2026-05-11 06:00:00+00:00
[2026-05-05T17:06:30.686+0000] {processor.py:183} INFO - Processing /opt/airflow/dags/f1_pipeline_dag.py took 0.110 seconds
[2026-05-05T17:07:00.986+0000] {processor.py:161} INFO - Started process (PID=16663) to work on /opt/airflow/dags/f1_pipeline_dag.py
[2026-05-05T17:07:00.989+0000] {processor.py:830} INFO - Processing file /opt/airflow/dags/f1_pipeline_dag.py for tasks to queue
[2026-05-05T17:07:00.990+0000] {logging_mixin.py:188} INFO - [2026-05-05T17:07:00.989+0000] {dagbag.py:538} INFO - Filling up the DagBag from /opt/airflow/dags/f1_pipeline_dag.py
[2026-05-05T17:07:01.038+0000] {processor.py:840} INFO - DAG(s) 'f1_bigdata_pipeline' retrieved from /opt/airflow/dags/f1_pipeline_dag.py
[2026-05-05T17:07:01.074+0000] {logging_mixin.py:188} INFO - [2026-05-05T17:07:01.074+0000] {dag.py:3036} INFO - Sync 1 DAGs
[2026-05-05T17:07:01.091+0000] {logging_mixin.py:188} INFO - [2026-05-05T17:07:01.091+0000] {dag.py:3823} INFO - Setting next_dagrun for f1_bigdata_pipeline to 2026-05-04 06:00:00+00:00, run_after=2026-05-11 06:00:00+00:00
[2026-05-05T17:07:01.107+0000] {processor.py:183} INFO - Processing /opt/airflow/dags/f1_pipeline_dag.py took 0.126 seconds
[2026-05-05T17:07:31.370+0000] {processor.py:161} INFO - Started process (PID=16668) to work on /opt/airflow/dags/f1_pipeline_dag.py
[2026-05-05T17:07:31.372+0000] {processor.py:830} INFO - Processing file /opt/airflow/dags/f1_pipeline_dag.py for tasks to queue
[2026-05-05T17:07:31.376+0000] {logging_mixin.py:188} INFO - [2026-05-05T17:07:31.374+0000] {dagbag.py:538} INFO - Filling up the DagBag from /opt/airflow/dags/f1_pipeline_dag.py
[2026-05-05T17:07:31.424+0000] {processor.py:840} INFO - DAG(s) 'f1_bigdata_pipeline' retrieved from /opt/airflow/dags/f1_pipeline_dag.py
[2026-05-05T17:07:31.455+0000] {logging_mixin.py:188} INFO - [2026-05-05T17:07:31.455+0000] {dag.py:3036} INFO - Sync 1 DAGs
[2026-05-05T17:07:31.472+0000] {logging_mixin.py:188} INFO - [2026-05-05T17:07:31.471+0000] {dag.py:3823} INFO - Setting next_dagrun for f1_bigdata_pipeline to 2026-05-04 06:00:00+00:00, run_after=2026-05-11 06:00:00+00:00
[2026-05-05T17:07:31.481+0000] {processor.py:183} INFO - Processing /opt/airflow/dags/f1_pipeline_dag.py took 0.115 seconds
[2026-05-05T17:08:01.839+0000] {processor.py:161} INFO - Started process (PID=16673) to work on /opt/airflow/dags/f1_pipeline_dag.py
[2026-05-05T17:08:01.841+0000] {processor.py:830} INFO - Processing file /opt/airflow/dags/f1_pipeline_dag.py for tasks to queue
[2026-05-05T17:08:01.842+0000] {logging_mixin.py:188} INFO - [2026-05-05T17:08:01.842+0000] {dagbag.py:538} INFO - Filling up the DagBag from /opt/airflow/dags/f1_pipeline_dag.py
[2026-05-05T17:08:01.871+0000] {processor.py:840} INFO - DAG(s) 'f1_bigdata_pipeline' retrieved from /opt/airflow/dags/f1_pipeline_dag.py
[2026-05-05T17:08:01.915+0000] {logging_mixin.py:188} INFO - [2026-05-05T17:08:01.915+0000] {dag.py:3036} INFO - Sync 1 DAGs
[2026-05-05T17:08:01.934+0000] {logging_mixin.py:188} INFO - [2026-05-05T17:08:01.934+0000] {dag.py:3823} INFO - Setting next_dagrun for f1_bigdata_pipeline to 2026-05-04 06:00:00+00:00, run_after=2026-05-11 06:00:00+00:00
[2026-05-05T17:08:01.953+0000] {processor.py:183} INFO - Processing /opt/airflow/dags/f1_pipeline_dag.py took 0.122 seconds
[2026-05-05T17:08:32.246+0000] {processor.py:161} INFO - Started process (PID=16678) to work on /opt/airflow/dags/f1_pipeline_dag.py
[2026-05-05T17:08:32.247+0000] {processor.py:830} INFO - Processing file /opt/airflow/dags/f1_pipeline_dag.py for tasks to queue
[2026-05-05T17:08:32.248+0000] {logging_mixin.py:188} INFO - [2026-05-05T17:08:32.247+0000] {dagbag.py:538} INFO - Filling up the DagBag from /opt/airflow/dags/f1_pipeline_dag.py
[2026-05-05T17:08:32.262+0000] {processor.py:840} INFO - DAG(s) 'f1_bigdata_pipeline' retrieved from /opt/airflow/dags/f1_pipeline_dag.py
[2026-05-05T17:08:32.293+0000] {logging_mixin.py:188} INFO - [2026-05-05T17:08:32.293+0000] {dag.py:3036} INFO - Sync 1 DAGs
[2026-05-05T17:08:32.322+0000] {logging_mixin.py:188} INFO - [2026-05-05T17:08:32.321+0000] {dag.py:3823} INFO - Setting next_dagrun for f1_bigdata_pipeline to 2026-05-04 06:00:00+00:00, run_after=2026-05-11 06:00:00+00:00
[2026-05-05T17:08:32.337+0000] {processor.py:183} INFO - Processing /opt/airflow/dags/f1_pipeline_dag.py took 0.095 seconds
[2026-05-05T17:09:02.655+0000] {processor.py:161} INFO - Started process (PID=16683) to work on /opt/airflow/dags/f1_pipeline_dag.py
[2026-05-05T17:09:02.658+0000] {processor.py:830} INFO - Processing file /opt/airflow/dags/f1_pipeline_dag.py for tasks to queue
[2026-05-05T17:09:02.660+0000] {logging_mixin.py:188} INFO - [2026-05-05T17:09:02.659+0000] {dagbag.py:538} INFO - Filling up the DagBag from /opt/airflow/dags/f1_pipeline_dag.py
[2026-05-05T17:09:02.679+0000] {processor.py:840} INFO - DAG(s) 'f1_bigdata_pipeline' retrieved from /opt/airflow/dags/f1_pipeline_dag.py
[2026-05-05T17:09:02.721+0000] {logging_mixin.py:188} INFO - [2026-05-05T17:09:02.721+0000] {dag.py:3036} INFO - Sync 1 DAGs
[2026-05-05T17:09:02.738+0000] {logging_mixin.py:188} INFO - [2026-05-05T17:09:02.738+0000] {dag.py:3823} INFO - Setting next_dagrun for f1_bigdata_pipeline to 2026-05-04 06:00:00+00:00, run_after=2026-05-11 06:00:00+00:00
[2026-05-05T17:09:02.748+0000] {processor.py:183} INFO - Processing /opt/airflow/dags/f1_pipeline_dag.py took 0.099 seconds
[2026-05-05T17:09:33.048+0000] {processor.py:161} INFO - Started process (PID=16688) to work on /opt/airflow/dags/f1_pipeline_dag.py
[2026-05-05T17:09:33.049+0000] {processor.py:830} INFO - Processing file /opt/airflow/dags/f1_pipeline_dag.py for tasks to queue
[2026-05-05T17:09:33.050+0000] {logging_mixin.py:188} INFO - [2026-05-05T17:09:33.050+0000] {dagbag.py:538} INFO - Filling up the DagBag from /opt/airflow/dags/f1_pipeline_dag.py
[2026-05-05T17:09:33.069+0000] {processor.py:840} INFO - DAG(s) 'f1_bigdata_pipeline' retrieved from /opt/airflow/dags/f1_pipeline_dag.py
[2026-05-05T17:09:33.102+0000] {logging_mixin.py:188} INFO - [2026-05-05T17:09:33.102+0000] {dag.py:3036} INFO - Sync 1 DAGs
[2026-05-05T17:09:33.129+0000] {logging_mixin.py:188} INFO - [2026-05-05T17:09:33.128+0000] {dag.py:3823} INFO - Setting next_dagrun for f1_bigdata_pipeline to 2026-05-04 06:00:00+00:00, run_after=2026-05-11 06:00:00+00:00
[2026-05-05T17:09:33.143+0000] {processor.py:183} INFO - Processing /opt/airflow/dags/f1_pipeline_dag.py took 0.099 seconds
[2026-05-05T17:10:03.387+0000] {processor.py:161} INFO - Started process (PID=16693) to work on /opt/airflow/dags/f1_pipeline_dag.py
[2026-05-05T17:10:03.388+0000] {processor.py:830} INFO - Processing file /opt/airflow/dags/f1_pipeline_dag.py for tasks to queue
[2026-05-05T17:10:03.389+0000] {logging_mixin.py:188} INFO - [2026-05-05T17:10:03.388+0000] {dagbag.py:538} INFO - Filling up the DagBag from /opt/airflow/dags/f1_pipeline_dag.py
[2026-05-05T17:10:03.418+0000] {processor.py:840} INFO - DAG(s) 'f1_bigdata_pipeline' retrieved from /opt/airflow/dags/f1_pipeline_dag.py
[2026-05-05T17:10:03.444+0000] {logging_mixin.py:188} INFO - [2026-05-05T17:10:03.444+0000] {dag.py:3036} INFO - Sync 1 DAGs
[2026-05-05T17:10:03.460+0000] {logging_mixin.py:188} INFO - [2026-05-05T17:10:03.460+0000] {dag.py:3823} INFO - Setting next_dagrun for f1_bigdata_pipeline to 2026-05-04 06:00:00+00:00, run_after=2026-05-11 06:00:00+00:00
[2026-05-05T17:10:03.472+0000] {processor.py:183} INFO - Processing /opt/airflow/dags/f1_pipeline_dag.py took 0.089 seconds
[2026-05-05T17:10:33.777+0000] {processor.py:161} INFO - Started process (PID=16698) to work on /opt/airflow/dags/f1_pipeline_dag.py
[2026-05-05T17:10:33.779+0000] {processor.py:830} INFO - Processing file /opt/airflow/dags/f1_pipeline_dag.py for tasks to queue
[2026-05-05T17:10:33.781+0000] {logging_mixin.py:188} INFO - [2026-05-05T17:10:33.780+0000] {dagbag.py:538} INFO - Filling up the DagBag from /opt/airflow/dags/f1_pipeline_dag.py
[2026-05-05T17:10:33.816+0000] {processor.py:840} INFO - DAG(s) 'f1_bigdata_pipeline' retrieved from /opt/airflow/dags/f1_pipeline_dag.py
[2026-05-05T17:10:33.850+0000] {logging_mixin.py:188} INFO - [2026-05-05T17:10:33.850+0000] {dag.py:3036} INFO - Sync 1 DAGs
[2026-05-05T17:10:33.867+0000] {logging_mixin.py:188} INFO - [2026-05-05T17:10:33.867+0000] {dag.py:3823} INFO - Setting next_dagrun for f1_bigdata_pipeline to 2026-05-04 06:00:00+00:00, run_after=2026-05-11 06:00:00+00:00
[2026-05-05T17:10:33.879+0000] {processor.py:183} INFO - Processing /opt/airflow/dags/f1_pipeline_dag.py took 0.110 seconds
[2026-05-05T17:11:04.131+0000] {processor.py:161} INFO - Started process (PID=16703) to work on /opt/airflow/dags/f1_pipeline_dag.py
[2026-05-05T17:11:04.133+0000] {processor.py:830} INFO - Processing file /opt/airflow/dags/f1_pipeline_dag.py for tasks to queue
[2026-05-05T17:11:04.134+0000] {logging_mixin.py:188} INFO - [2026-05-05T17:11:04.133+0000] {dagbag.py:538} INFO - Filling up the DagBag from /opt/airflow/dags/f1_pipeline_dag.py
[2026-05-05T17:11:04.154+0000] {processor.py:840} INFO - DAG(s) 'f1_bigdata_pipeline' retrieved from /opt/airflow/dags/f1_pipeline_dag.py
[2026-05-05T17:11:04.227+0000] {logging_mixin.py:188} INFO - [2026-05-05T17:11:04.227+0000] {dag.py:3036} INFO - Sync 1 DAGs
[2026-05-05T17:11:04.244+0000] {logging_mixin.py:188} INFO - [2026-05-05T17:11:04.244+0000] {dag.py:3823} INFO - Setting next_dagrun for f1_bigdata_pipeline to 2026-05-04 06:00:00+00:00, run_after=2026-05-11 06:00:00+00:00
[2026-05-05T17:11:04.253+0000] {processor.py:183} INFO - Processing /opt/airflow/dags/f1_pipeline_dag.py took 0.126 seconds
[2026-05-05T17:11:34.540+0000] {processor.py:161} INFO - Started process (PID=16708) to work on /opt/airflow/dags/f1_pipeline_dag.py
[2026-05-05T17:11:34.543+0000] {processor.py:830} INFO - Processing file /opt/airflow/dags/f1_pipeline_dag.py for tasks to queue
[2026-05-05T17:11:34.544+0000] {logging_mixin.py:188} INFO - [2026-05-05T17:11:34.544+0000] {dagbag.py:538} INFO - Filling up the DagBag from /opt/airflow/dags/f1_pipeline_dag.py
[2026-05-05T17:11:34.573+0000] {processor.py:840} INFO - DAG(s) 'f1_bigdata_pipeline' retrieved from /opt/airflow/dags/f1_pipeline_dag.py
[2026-05-05T17:11:34.614+0000] {logging_mixin.py:188} INFO - [2026-05-05T17:11:34.614+0000] {dag.py:3036} INFO - Sync 1 DAGs
[2026-05-05T17:11:34.634+0000] {logging_mixin.py:188} INFO - [2026-05-05T17:11:34.634+0000] {dag.py:3823} INFO - Setting next_dagrun for f1_bigdata_pipeline to 2026-05-04 06:00:00+00:00, run_after=2026-05-11 06:00:00+00:00
[2026-05-05T17:11:34.644+0000] {processor.py:183} INFO - Processing /opt/airflow/dags/f1_pipeline_dag.py took 0.110 seconds
[2026-05-05T17:12:04.867+0000] {processor.py:161} INFO - Started process (PID=16713) to work on /opt/airflow/dags/f1_pipeline_dag.py
[2026-05-05T17:12:04.870+0000] {processor.py:830} INFO - Processing file /opt/airflow/dags/f1_pipeline_dag.py for tasks to queue
[2026-05-05T17:12:04.871+0000] {logging_mixin.py:188} INFO - [2026-05-05T17:12:04.871+0000] {dagbag.py:538} INFO - Filling up the DagBag from /opt/airflow/dags/f1_pipeline_dag.py
[2026-05-05T17:12:04.893+0000] {processor.py:840} INFO - DAG(s) 'f1_bigdata_pipeline' retrieved from /opt/airflow/dags/f1_pipeline_dag.py
[2026-05-05T17:12:04.937+0000] {logging_mixin.py:188} INFO - [2026-05-05T17:12:04.937+0000] {dag.py:3036} INFO - Sync 1 DAGs
[2026-05-05T17:12:04.958+0000] {logging_mixin.py:188} INFO - [2026-05-05T17:12:04.957+0000] {dag.py:3823} INFO - Setting next_dagrun for f1_bigdata_pipeline to 2026-05-04 06:00:00+00:00, run_after=2026-05-11 06:00:00+00:00
[2026-05-05T17:12:04.967+0000] {processor.py:183} INFO - Processing /opt/airflow/dags/f1_pipeline_dag.py took 0.106 seconds
[2026-05-05T17:12:35.306+0000] {processor.py:161} INFO - Started process (PID=16718) to work on /opt/airflow/dags/f1_pipeline_dag.py
[2026-05-05T17:12:35.308+0000] {processor.py:830} INFO - Processing file /opt/airflow/dags/f1_pipeline_dag.py for tasks to queue
[2026-05-05T17:12:35.309+0000] {logging_mixin.py:188} INFO - [2026-05-05T17:12:35.309+0000] {dagbag.py:538} INFO - Filling up the DagBag from /opt/airflow/dags/f1_pipeline_dag.py
[2026-05-05T17:12:35.325+0000] {processor.py:840} INFO - DAG(s) 'f1_bigdata_pipeline' retrieved from /opt/airflow/dags/f1_pipeline_dag.py
[2026-05-05T17:12:35.351+0000] {logging_mixin.py:188} INFO - [2026-05-05T17:12:35.351+0000] {dag.py:3036} INFO - Sync 1 DAGs
[2026-05-05T17:12:35.384+0000] {logging_mixin.py:188} INFO - [2026-05-05T17:12:35.384+0000] {dag.py:3823} INFO - Setting next_dagrun for f1_bigdata_pipeline to 2026-05-04 06:00:00+00:00, run_after=2026-05-11 06:00:00+00:00
[2026-05-05T17:12:35.394+0000] {processor.py:183} INFO - Processing /opt/airflow/dags/f1_pipeline_dag.py took 0.092 seconds
[2026-05-05T17:13:05.632+0000] {processor.py:161} INFO - Started process (PID=16723) to work on /opt/airflow/dags/f1_pipeline_dag.py
[2026-05-05T17:13:05.637+0000] {processor.py:830} INFO - Processing file /opt/airflow/dags/f1_pipeline_dag.py for tasks to queue
[2026-05-05T17:13:05.648+0000] {logging_mixin.py:188} INFO - [2026-05-05T17:13:05.647+0000] {dagbag.py:538} INFO - Filling up the DagBag from /opt/airflow/dags/f1_pipeline_dag.py
[2026-05-05T17:13:05.670+0000] {processor.py:840} INFO - DAG(s) 'f1_bigdata_pipeline' retrieved from /opt/airflow/dags/f1_pipeline_dag.py
[2026-05-05T17:13:05.699+0000] {logging_mixin.py:188} INFO - [2026-05-05T17:13:05.699+0000] {dag.py:3036} INFO - Sync 1 DAGs
[2026-05-05T17:13:05.715+0000] {logging_mixin.py:188} INFO - [2026-05-05T17:13:05.715+0000] {dag.py:3823} INFO - Setting next_dagrun for f1_bigdata_pipeline to 2026-05-04 06:00:00+00:00, run_after=2026-05-11 06:00:00+00:00
[2026-05-05T17:13:05.724+0000] {processor.py:183} INFO - Processing /opt/airflow/dags/f1_pipeline_dag.py took 0.109 seconds
[2026-05-05T17:13:36.350+0000] {processor.py:161} INFO - Started process (PID=16728) to work on /opt/airflow/dags/f1_pipeline_dag.py
[2026-05-05T17:13:36.353+0000] {processor.py:830} INFO - Processing file /opt/airflow/dags/f1_pipeline_dag.py for tasks to queue
[2026-05-05T17:13:36.354+0000] {logging_mixin.py:188} INFO - [2026-05-05T17:13:36.354+0000] {dagbag.py:538} INFO - Filling up the DagBag from /opt/airflow/dags/f1_pipeline_dag.py
[2026-05-05T17:13:36.392+0000] {processor.py:840} INFO - DAG(s) 'f1_bigdata_pipeline' retrieved from /opt/airflow/dags/f1_pipeline_dag.py
[2026-05-05T17:13:36.424+0000] {logging_mixin.py:188} INFO - [2026-05-05T17:13:36.424+0000] {dag.py:3036} INFO - Sync 1 DAGs
[2026-05-05T17:13:36.460+0000] {logging_mixin.py:188} INFO - [2026-05-05T17:13:36.460+0000] {dag.py:3823} INFO - Setting next_dagrun for f1_bigdata_pipeline to 2026-05-04 06:00:00+00:00, run_after=2026-05-11 06:00:00+00:00
[2026-05-05T17:13:36.473+0000] {processor.py:183} INFO - Processing /opt/airflow/dags/f1_pipeline_dag.py took 0.131 seconds
[2026-05-05T17:14:06.745+0000] {processor.py:161} INFO - Started process (PID=16733) to work on /opt/airflow/dags/f1_pipeline_dag.py
[2026-05-05T17:14:06.747+0000] {processor.py:830} INFO - Processing file /opt/airflow/dags/f1_pipeline_dag.py for tasks to queue
[2026-05-05T17:14:06.749+0000] {logging_mixin.py:188} INFO - [2026-05-05T17:14:06.748+0000] {dagbag.py:538} INFO - Filling up the DagBag from /opt/airflow/dags/f1_pipeline_dag.py
[2026-05-05T17:14:06.765+0000] {processor.py:840} INFO - DAG(s) 'f1_bigdata_pipeline' retrieved from /opt/airflow/dags/f1_pipeline_dag.py
[2026-05-05T17:14:06.803+0000] {logging_mixin.py:188} INFO - [2026-05-05T17:14:06.803+0000] {dag.py:3036} INFO - Sync 1 DAGs
[2026-05-05T17:14:06.834+0000] {logging_mixin.py:188} INFO - [2026-05-05T17:14:06.833+0000] {dag.py:3823} INFO - Setting next_dagrun for f1_bigdata_pipeline to 2026-05-04 06:00:00+00:00, run_after=2026-05-11 06:00:00+00:00
[2026-05-05T17:14:06.846+0000] {processor.py:183} INFO - Processing /opt/airflow/dags/f1_pipeline_dag.py took 0.107 seconds
[2026-05-05T17:14:37.511+0000] {processor.py:161} INFO - Started process (PID=16738) to work on /opt/airflow/dags/f1_pipeline_dag.py
[2026-05-05T17:14:37.513+0000] {processor.py:830} INFO - Processing file /opt/airflow/dags/f1_pipeline_dag.py for tasks to queue
[2026-05-05T17:14:37.515+0000] {logging_mixin.py:188} INFO - [2026-05-05T17:14:37.514+0000] {dagbag.py:538} INFO - Filling up the DagBag from /opt/airflow/dags/f1_pipeline_dag.py
[2026-05-05T17:14:37.545+0000] {processor.py:840} INFO - DAG(s) 'f1_bigdata_pipeline' retrieved from /opt/airflow/dags/f1_pipeline_dag.py
[2026-05-05T17:14:37.593+0000] {logging_mixin.py:188} INFO - [2026-05-05T17:14:37.593+0000] {dag.py:3036} INFO - Sync 1 DAGs
[2026-05-05T17:14:37.613+0000] {logging_mixin.py:188} INFO - [2026-05-05T17:14:37.613+0000] {dag.py:3823} INFO - Setting next_dagrun for f1_bigdata_pipeline to 2026-05-04 06:00:00+00:00, run_after=2026-05-11 06:00:00+00:00
[2026-05-05T17:14:37.625+0000] {processor.py:183} INFO - Processing /opt/airflow/dags/f1_pipeline_dag.py took 0.121 seconds
[2026-05-05T17:15:08.190+0000] {processor.py:161} INFO - Started process (PID=16743) to work on /opt/airflow/dags/f1_pipeline_dag.py
[2026-05-05T17:15:08.192+0000] {processor.py:830} INFO - Processing file /opt/airflow/dags/f1_pipeline_dag.py for tasks to queue
[2026-05-05T17:15:08.193+0000] {logging_mixin.py:188} INFO - [2026-05-05T17:15:08.192+0000] {dagbag.py:538} INFO - Filling up the DagBag from /opt/airflow/dags/f1_pipeline_dag.py
[2026-05-05T17:15:08.216+0000] {processor.py:840} INFO - DAG(s) 'f1_bigdata_pipeline' retrieved from /opt/airflow/dags/f1_pipeline_dag.py
[2026-05-05T17:15:08.268+0000] {logging_mixin.py:188} INFO - [2026-05-05T17:15:08.268+0000] {dag.py:3036} INFO - Sync 1 DAGs
[2026-05-05T17:15:08.298+0000] {logging_mixin.py:188} INFO - [2026-05-05T17:15:08.297+0000] {dag.py:3823} INFO - Setting next_dagrun for f1_bigdata_pipeline to 2026-05-04 06:00:00+00:00, run_after=2026-05-11 06:00:00+00:00
[2026-05-05T17:15:08.327+0000] {processor.py:183} INFO - Processing /opt/airflow/dags/f1_pipeline_dag.py took 0.145 seconds
[2026-05-05T17:15:38.653+0000] {processor.py:161} INFO - Started process (PID=16748) to work on /opt/airflow/dags/f1_pipeline_dag.py
[2026-05-05T17:15:38.656+0000] {processor.py:830} INFO - Processing file /opt/airflow/dags/f1_pipeline_dag.py for tasks to queue
[2026-05-05T17:15:38.657+0000] {logging_mixin.py:188} INFO - [2026-05-05T17:15:38.657+0000] {dagbag.py:538} INFO - Filling up the DagBag from /opt/airflow/dags/f1_pipeline_dag.py
[2026-05-05T17:15:38.692+0000] {processor.py:840} INFO - DAG(s) 'f1_bigdata_pipeline' retrieved from /opt/airflow/dags/f1_pipeline_dag.py
[2026-05-05T17:15:38.727+0000] {logging_mixin.py:188} INFO - [2026-05-05T17:15:38.727+0000] {dag.py:3036} INFO - Sync 1 DAGs
[2026-05-05T17:15:38.756+0000] {logging_mixin.py:188} INFO - [2026-05-05T17:15:38.756+0000] {dag.py:3823} INFO - Setting next_dagrun for f1_bigdata_pipeline to 2026-05-04 06:00:00+00:00, run_after=2026-05-11 06:00:00+00:00
[2026-05-05T17:15:38.769+0000] {processor.py:183} INFO - Processing /opt/airflow/dags/f1_pipeline_dag.py took 0.123 seconds
[2026-05-05T17:16:09.510+0000] {processor.py:161} INFO - Started process (PID=16753) to work on /opt/airflow/dags/f1_pipeline_dag.py
[2026-05-05T17:16:09.512+0000] {processor.py:830} INFO - Processing file /opt/airflow/dags/f1_pipeline_dag.py for tasks to queue
[2026-05-05T17:16:09.513+0000] {logging_mixin.py:188} INFO - [2026-05-05T17:16:09.513+0000] {dagbag.py:538} INFO - Filling up the DagBag from /opt/airflow/dags/f1_pipeline_dag.py
[2026-05-05T17:16:09.546+0000] {processor.py:840} INFO - DAG(s) 'f1_bigdata_pipeline' retrieved from /opt/airflow/dags/f1_pipeline_dag.py
[2026-05-05T17:16:09.597+0000] {logging_mixin.py:188} INFO - [2026-05-05T17:16:09.597+0000] {dag.py:3036} INFO - Sync 1 DAGs
[2026-05-05T17:16:09.621+0000] {logging_mixin.py:188} INFO - [2026-05-05T17:16:09.621+0000] {dag.py:3823} INFO - Setting next_dagrun for f1_bigdata_pipeline to 2026-05-04 06:00:00+00:00, run_after=2026-05-11 06:00:00+00:00
[2026-05-05T17:16:09.632+0000] {processor.py:183} INFO - Processing /opt/airflow/dags/f1_pipeline_dag.py took 0.129 seconds
[2026-05-05T17:16:40.058+0000] {processor.py:161} INFO - Started process (PID=16758) to work on /opt/airflow/dags/f1_pipeline_dag.py
[2026-05-05T17:16:40.066+0000] {processor.py:830} INFO - Processing file /opt/airflow/dags/f1_pipeline_dag.py for tasks to queue
[2026-05-05T17:16:40.067+0000] {logging_mixin.py:188} INFO - [2026-05-05T17:16:40.066+0000] {dagbag.py:538} INFO - Filling up the DagBag from /opt/airflow/dags/f1_pipeline_dag.py
[2026-05-05T17:16:40.087+0000] {processor.py:840} INFO - DAG(s) 'f1_bigdata_pipeline' retrieved from /opt/airflow/dags/f1_pipeline_dag.py
[2026-05-05T17:16:40.140+0000] {logging_mixin.py:188} INFO - [2026-05-05T17:16:40.140+0000] {dag.py:3036} INFO - Sync 1 DAGs
[2026-05-05T17:16:40.163+0000] {logging_mixin.py:188} INFO - [2026-05-05T17:16:40.163+0000] {dag.py:3823} INFO - Setting next_dagrun for f1_bigdata_pipeline to 2026-05-04 06:00:00+00:00, run_after=2026-05-11 06:00:00+00:00
[2026-05-05T17:16:40.189+0000] {processor.py:183} INFO - Processing /opt/airflow/dags/f1_pipeline_dag.py took 0.149 seconds
[2026-05-05T17:17:10.606+0000] {processor.py:161} INFO - Started process (PID=16763) to work on /opt/airflow/dags/f1_pipeline_dag.py
[2026-05-05T17:17:10.608+0000] {processor.py:830} INFO - Processing file /opt/airflow/dags/f1_pipeline_dag.py for tasks to queue
[2026-05-05T17:17:10.609+0000] {logging_mixin.py:188} INFO - [2026-05-05T17:17:10.608+0000] {dagbag.py:538} INFO - Filling up the DagBag from /opt/airflow/dags/f1_pipeline_dag.py
[2026-05-05T17:17:10.622+0000] {processor.py:840} INFO - DAG(s) 'f1_bigdata_pipeline' retrieved from /opt/airflow/dags/f1_pipeline_dag.py
[2026-05-05T17:17:10.657+0000] {logging_mixin.py:188} INFO - [2026-05-05T17:17:10.657+0000] {dag.py:3036} INFO - Sync 1 DAGs
[2026-05-05T17:17:10.686+0000] {logging_mixin.py:188} INFO - [2026-05-05T17:17:10.686+0000] {dag.py:3823} INFO - Setting next_dagrun for f1_bigdata_pipeline to 2026-05-04 06:00:00+00:00, run_after=2026-05-11 06:00:00+00:00
[2026-05-05T17:17:10.697+0000] {processor.py:183} INFO - Processing /opt/airflow/dags/f1_pipeline_dag.py took 0.096 seconds
[2026-05-05T17:17:41.290+0000] {processor.py:161} INFO - Started process (PID=16768) to work on /opt/airflow/dags/f1_pipeline_dag.py
[2026-05-05T17:17:41.293+0000] {processor.py:830} INFO - Processing file /opt/airflow/dags/f1_pipeline_dag.py for tasks to queue
[2026-05-05T17:17:41.294+0000] {logging_mixin.py:188} INFO - [2026-05-05T17:17:41.294+0000] {dagbag.py:538} INFO - Filling up the DagBag from /opt/airflow/dags/f1_pipeline_dag.py
[2026-05-05T17:17:41.335+0000] {processor.py:840} INFO - DAG(s) 'f1_bigdata_pipeline' retrieved from /opt/airflow/dags/f1_pipeline_dag.py
[2026-05-05T17:17:41.380+0000] {logging_mixin.py:188} INFO - [2026-05-05T17:17:41.380+0000] {dag.py:3036} INFO - Sync 1 DAGs
[2026-05-05T17:17:41.400+0000] {logging_mixin.py:188} INFO - [2026-05-05T17:17:41.399+0000] {dag.py:3823} INFO - Setting next_dagrun for f1_bigdata_pipeline to 2026-05-04 06:00:00+00:00, run_after=2026-05-11 06:00:00+00:00
[2026-05-05T17:17:41.412+0000] {processor.py:183} INFO - Processing /opt/airflow/dags/f1_pipeline_dag.py took 0.132 seconds
[2026-05-05T17:18:11.846+0000] {processor.py:161} INFO - Started process (PID=16773) to work on /opt/airflow/dags/f1_pipeline_dag.py
[2026-05-05T17:18:11.848+0000] {processor.py:830} INFO - Processing file /opt/airflow/dags/f1_pipeline_dag.py for tasks to queue
[2026-05-05T17:18:11.849+0000] {logging_mixin.py:188} INFO - [2026-05-05T17:18:11.848+0000] {dagbag.py:538} INFO - Filling up the DagBag from /opt/airflow/dags/f1_pipeline_dag.py
[2026-05-05T17:18:11.870+0000] {processor.py:840} INFO - DAG(s) 'f1_bigdata_pipeline' retrieved from /opt/airflow/dags/f1_pipeline_dag.py
[2026-05-05T17:18:11.916+0000] {logging_mixin.py:188} INFO - [2026-05-05T17:18:11.916+0000] {dag.py:3036} INFO - Sync 1 DAGs
[2026-05-05T17:18:11.935+0000] {logging_mixin.py:188} INFO - [2026-05-05T17:18:11.935+0000] {dag.py:3823} INFO - Setting next_dagrun for f1_bigdata_pipeline to 2026-05-04 06:00:00+00:00, run_after=2026-05-11 06:00:00+00:00
[2026-05-05T17:18:11.953+0000] {processor.py:183} INFO - Processing /opt/airflow/dags/f1_pipeline_dag.py took 0.118 seconds
[2026-05-05T17:18:42.591+0000] {processor.py:161} INFO - Started process (PID=16778) to work on /opt/airflow/dags/f1_pipeline_dag.py
[2026-05-05T17:18:42.594+0000] {processor.py:830} INFO - Processing file /opt/airflow/dags/f1_pipeline_dag.py for tasks to queue
[2026-05-05T17:18:42.595+0000] {logging_mixin.py:188} INFO - [2026-05-05T17:18:42.594+0000] {dagbag.py:538} INFO - Filling up the DagBag from /opt/airflow/dags/f1_pipeline_dag.py
[2026-05-05T17:18:42.616+0000] {processor.py:840} INFO - DAG(s) 'f1_bigdata_pipeline' retrieved from /opt/airflow/dags/f1_pipeline_dag.py
[2026-05-05T17:18:42.664+0000] {logging_mixin.py:188} INFO - [2026-05-05T17:18:42.664+0000] {dag.py:3036} INFO - Sync 1 DAGs
[2026-05-05T17:18:42.684+0000] {logging_mixin.py:188} INFO - [2026-05-05T17:18:42.684+0000] {dag.py:3823} INFO - Setting next_dagrun for f1_bigdata_pipeline to 2026-05-04 06:00:00+00:00, run_after=2026-05-11 06:00:00+00:00
[2026-05-05T17:18:42.714+0000] {processor.py:183} INFO - Processing /opt/airflow/dags/f1_pipeline_dag.py took 0.129 seconds
[2026-05-05T17:19:13.438+0000] {processor.py:161} INFO - Started process (PID=16783) to work on /opt/airflow/dags/f1_pipeline_dag.py
[2026-05-05T17:19:13.441+0000] {processor.py:830} INFO - Processing file /opt/airflow/dags/f1_pipeline_dag.py for tasks to queue
[2026-05-05T17:19:13.443+0000] {logging_mixin.py:188} INFO - [2026-05-05T17:19:13.442+0000] {dagbag.py:538} INFO - Filling up the DagBag from /opt/airflow/dags/f1_pipeline_dag.py
[2026-05-05T17:19:13.462+0000] {processor.py:840} INFO - DAG(s) 'f1_bigdata_pipeline' retrieved from /opt/airflow/dags/f1_pipeline_dag.py
[2026-05-05T17:19:13.493+0000] {logging_mixin.py:188} INFO - [2026-05-05T17:19:13.493+0000] {dag.py:3036} INFO - Sync 1 DAGs
[2026-05-05T17:19:13.525+0000] {logging_mixin.py:188} INFO - [2026-05-05T17:19:13.525+0000] {dag.py:3823} INFO - Setting next_dagrun for f1_bigdata_pipeline to 2026-05-04 06:00:00+00:00, run_after=2026-05-11 06:00:00+00:00
[2026-05-05T17:19:13.535+0000] {processor.py:183} INFO - Processing /opt/airflow/dags/f1_pipeline_dag.py took 0.115 seconds
[2026-05-05T17:19:43.974+0000] {processor.py:161} INFO - Started process (PID=16788) to work on /opt/airflow/dags/f1_pipeline_dag.py
[2026-05-05T17:19:43.976+0000] {processor.py:830} INFO - Processing file /opt/airflow/dags/f1_pipeline_dag.py for tasks to queue
[2026-05-05T17:19:43.980+0000] {logging_mixin.py:188} INFO - [2026-05-05T17:19:43.978+0000] {dagbag.py:538} INFO - Filling up the DagBag from /opt/airflow/dags/f1_pipeline_dag.py
[2026-05-05T17:19:44.017+0000] {processor.py:840} INFO - DAG(s) 'f1_bigdata_pipeline' retrieved from /opt/airflow/dags/f1_pipeline_dag.py
[2026-05-05T17:19:44.053+0000] {logging_mixin.py:188} INFO - [2026-05-05T17:19:44.053+0000] {dag.py:3036} INFO - Sync 1 DAGs
[2026-05-05T17:19:44.076+0000] {logging_mixin.py:188} INFO - [2026-05-05T17:19:44.076+0000] {dag.py:3823} INFO - Setting next_dagrun for f1_bigdata_pipeline to 2026-05-04 06:00:00+00:00, run_after=2026-05-11 06:00:00+00:00
[2026-05-05T17:19:44.093+0000] {processor.py:183} INFO - Processing /opt/airflow/dags/f1_pipeline_dag.py took 0.123 seconds
[2026-05-05T17:20:15.008+0000] {processor.py:161} INFO - Started process (PID=16793) to work on /opt/airflow/dags/f1_pipeline_dag.py
[2026-05-05T17:20:15.009+0000] {processor.py:830} INFO - Processing file /opt/airflow/dags/f1_pipeline_dag.py for tasks to queue
[2026-05-05T17:20:15.010+0000] {logging_mixin.py:188} INFO - [2026-05-05T17:20:15.010+0000] {dagbag.py:538} INFO - Filling up the DagBag from /opt/airflow/dags/f1_pipeline_dag.py
[2026-05-05T17:20:15.028+0000] {processor.py:840} INFO - DAG(s) 'f1_bigdata_pipeline' retrieved from /opt/airflow/dags/f1_pipeline_dag.py
[2026-05-05T17:20:15.080+0000] {logging_mixin.py:188} INFO - [2026-05-05T17:20:15.080+0000] {dag.py:3036} INFO - Sync 1 DAGs
[2026-05-05T17:20:15.098+0000] {logging_mixin.py:188} INFO - [2026-05-05T17:20:15.098+0000] {dag.py:3823} INFO - Setting next_dagrun for f1_bigdata_pipeline to 2026-05-04 06:00:00+00:00, run_after=2026-05-11 06:00:00+00:00
[2026-05-05T17:20:15.109+0000] {processor.py:183} INFO - Processing /opt/airflow/dags/f1_pipeline_dag.py took 0.126 seconds
[2026-05-05T17:22:22.293+0000] {processor.py:161} INFO - Started process (PID=16800) to work on /opt/airflow/dags/f1_pipeline_dag.py
[2026-05-05T17:22:22.297+0000] {processor.py:830} INFO - Processing file /opt/airflow/dags/f1_pipeline_dag.py for tasks to queue
[2026-05-05T17:22:22.299+0000] {logging_mixin.py:188} INFO - [2026-05-05T17:22:22.298+0000] {dagbag.py:538} INFO - Filling up the DagBag from /opt/airflow/dags/f1_pipeline_dag.py
[2026-05-05T17:22:22.575+0000] {processor.py:840} INFO - DAG(s) 'f1_bigdata_pipeline' retrieved from /opt/airflow/dags/f1_pipeline_dag.py
[2026-05-05T17:22:22.792+0000] {logging_mixin.py:188} INFO - [2026-05-05T17:22:22.792+0000] {dag.py:3036} INFO - Sync 1 DAGs
[2026-05-05T17:22:22.850+0000] {logging_mixin.py:188} INFO - [2026-05-05T17:22:22.849+0000] {dag.py:3823} INFO - Setting next_dagrun for f1_bigdata_pipeline to 2026-05-04 06:00:00+00:00, run_after=2026-05-11 06:00:00+00:00
[2026-05-05T17:22:22.862+0000] {processor.py:183} INFO - Processing /opt/airflow/dags/f1_pipeline_dag.py took 0.593 seconds
[2026-05-05T17:22:53.405+0000] {processor.py:161} INFO - Started process (PID=16805) to work on /opt/airflow/dags/f1_pipeline_dag.py
[2026-05-05T17:22:53.407+0000] {processor.py:830} INFO - Processing file /opt/airflow/dags/f1_pipeline_dag.py for tasks to queue
[2026-05-05T17:22:53.408+0000] {logging_mixin.py:188} INFO - [2026-05-05T17:22:53.408+0000] {dagbag.py:538} INFO - Filling up the DagBag from /opt/airflow/dags/f1_pipeline_dag.py
[2026-05-05T17:22:53.424+0000] {processor.py:840} INFO - DAG(s) 'f1_bigdata_pipeline' retrieved from /opt/airflow/dags/f1_pipeline_dag.py
[2026-05-05T17:22:53.485+0000] {logging_mixin.py:188} INFO - [2026-05-05T17:22:53.485+0000] {dag.py:3036} INFO - Sync 1 DAGs
[2026-05-05T17:22:53.544+0000] {logging_mixin.py:188} INFO - [2026-05-05T17:22:53.544+0000] {dag.py:3823} INFO - Setting next_dagrun for f1_bigdata_pipeline to 2026-05-04 06:00:00+00:00, run_after=2026-05-11 06:00:00+00:00
[2026-05-05T17:22:53.567+0000] {processor.py:183} INFO - Processing /opt/airflow/dags/f1_pipeline_dag.py took 0.166 seconds
[2026-05-05T17:23:24.291+0000] {processor.py:161} INFO - Started process (PID=16810) to work on /opt/airflow/dags/f1_pipeline_dag.py
[2026-05-05T17:23:24.295+0000] {processor.py:830} INFO - Processing file /opt/airflow/dags/f1_pipeline_dag.py for tasks to queue
[2026-05-05T17:23:24.296+0000] {logging_mixin.py:188} INFO - [2026-05-05T17:23:24.295+0000] {dagbag.py:538} INFO - Filling up the DagBag from /opt/airflow/dags/f1_pipeline_dag.py
[2026-05-05T17:23:24.329+0000] {processor.py:840} INFO - DAG(s) 'f1_bigdata_pipeline' retrieved from /opt/airflow/dags/f1_pipeline_dag.py
[2026-05-05T17:23:24.379+0000] {logging_mixin.py:188} INFO - [2026-05-05T17:23:24.379+0000] {dag.py:3036} INFO - Sync 1 DAGs
[2026-05-05T17:23:24.397+0000] {logging_mixin.py:188} INFO - [2026-05-05T17:23:24.397+0000] {dag.py:3823} INFO - Setting next_dagrun for f1_bigdata_pipeline to 2026-05-04 06:00:00+00:00, run_after=2026-05-11 06:00:00+00:00
[2026-05-05T17:23:24.417+0000] {processor.py:183} INFO - Processing /opt/airflow/dags/f1_pipeline_dag.py took 0.148 seconds
[2026-05-05T17:23:54.837+0000] {processor.py:161} INFO - Started process (PID=16815) to work on /opt/airflow/dags/f1_pipeline_dag.py
[2026-05-05T17:23:54.839+0000] {processor.py:830} INFO - Processing file /opt/airflow/dags/f1_pipeline_dag.py for tasks to queue
[2026-05-05T17:23:54.844+0000] {logging_mixin.py:188} INFO - [2026-05-05T17:23:54.840+0000] {dagbag.py:538} INFO - Filling up the DagBag from /opt/airflow/dags/f1_pipeline_dag.py
[2026-05-05T17:23:54.866+0000] {processor.py:840} INFO - DAG(s) 'f1_bigdata_pipeline' retrieved from /opt/airflow/dags/f1_pipeline_dag.py
[2026-05-05T17:23:54.898+0000] {logging_mixin.py:188} INFO - [2026-05-05T17:23:54.898+0000] {dag.py:3036} INFO - Sync 1 DAGs
[2026-05-05T17:23:54.928+0000] {logging_mixin.py:188} INFO - [2026-05-05T17:23:54.928+0000] {dag.py:3823} INFO - Setting next_dagrun for f1_bigdata_pipeline to 2026-05-04 06:00:00+00:00, run_after=2026-05-11 06:00:00+00:00
[2026-05-05T17:23:54.946+0000] {processor.py:183} INFO - Processing /opt/airflow/dags/f1_pipeline_dag.py took 0.113 seconds
[2026-05-05T17:24:25.673+0000] {processor.py:161} INFO - Started process (PID=16820) to work on /opt/airflow/dags/f1_pipeline_dag.py
[2026-05-05T17:24:25.674+0000] {processor.py:830} INFO - Processing file /opt/airflow/dags/f1_pipeline_dag.py for tasks to queue
[2026-05-05T17:24:25.675+0000] {logging_mixin.py:188} INFO - [2026-05-05T17:24:25.675+0000] {dagbag.py:538} INFO - Filling up the DagBag from /opt/airflow/dags/f1_pipeline_dag.py
[2026-05-05T17:24:25.692+0000] {processor.py:840} INFO - DAG(s) 'f1_bigdata_pipeline' retrieved from /opt/airflow/dags/f1_pipeline_dag.py
[2026-05-05T17:24:25.735+0000] {logging_mixin.py:188} INFO - [2026-05-05T17:24:25.735+0000] {dag.py:3036} INFO - Sync 1 DAGs
[2026-05-05T17:24:25.762+0000] {logging_mixin.py:188} INFO - [2026-05-05T17:24:25.762+0000] {dag.py:3823} INFO - Setting next_dagrun for f1_bigdata_pipeline to 2026-05-04 06:00:00+00:00, run_after=2026-05-11 06:00:00+00:00
[2026-05-05T17:24:25.781+0000] {processor.py:183} INFO - Processing /opt/airflow/dags/f1_pipeline_dag.py took 0.110 seconds
[2026-05-05T17:24:56.150+0000] {processor.py:161} INFO - Started process (PID=16825) to work on /opt/airflow/dags/f1_pipeline_dag.py
[2026-05-05T17:24:56.152+0000] {processor.py:830} INFO - Processing file /opt/airflow/dags/f1_pipeline_dag.py for tasks to queue
[2026-05-05T17:24:56.154+0000] {logging_mixin.py:188} INFO - [2026-05-05T17:24:56.153+0000] {dagbag.py:538} INFO - Filling up the DagBag from /opt/airflow/dags/f1_pipeline_dag.py
[2026-05-05T17:24:56.175+0000] {processor.py:840} INFO - DAG(s) 'f1_bigdata_pipeline' retrieved from /opt/airflow/dags/f1_pipeline_dag.py
[2026-05-05T17:24:56.221+0000] {logging_mixin.py:188} INFO - [2026-05-05T17:24:56.221+0000] {dag.py:3036} INFO - Sync 1 DAGs
[2026-05-05T17:24:56.239+0000] {logging_mixin.py:188} INFO - [2026-05-05T17:24:56.239+0000] {dag.py:3823} INFO - Setting next_dagrun for f1_bigdata_pipeline to 2026-05-04 06:00:00+00:00, run_after=2026-05-11 06:00:00+00:00
[2026-05-05T17:24:56.250+0000] {processor.py:183} INFO - Processing /opt/airflow/dags/f1_pipeline_dag.py took 0.106 seconds
[2026-05-05T17:25:26.771+0000] {processor.py:161} INFO - Started process (PID=16830) to work on /opt/airflow/dags/f1_pipeline_dag.py
[2026-05-05T17:25:26.774+0000] {processor.py:830} INFO - Processing file /opt/airflow/dags/f1_pipeline_dag.py for tasks to queue
[2026-05-05T17:25:26.775+0000] {logging_mixin.py:188} INFO - [2026-05-05T17:25:26.774+0000] {dagbag.py:538} INFO - Filling up the DagBag from /opt/airflow/dags/f1_pipeline_dag.py
[2026-05-05T17:25:26.796+0000] {processor.py:840} INFO - DAG(s) 'f1_bigdata_pipeline' retrieved from /opt/airflow/dags/f1_pipeline_dag.py
[2026-05-05T17:25:26.842+0000] {logging_mixin.py:188} INFO - [2026-05-05T17:25:26.841+0000] {dag.py:3036} INFO - Sync 1 DAGs
[2026-05-05T17:25:26.870+0000] {logging_mixin.py:188} INFO - [2026-05-05T17:25:26.869+0000] {dag.py:3823} INFO - Setting next_dagrun for f1_bigdata_pipeline to 2026-05-04 06:00:00+00:00, run_after=2026-05-11 06:00:00+00:00
[2026-05-05T17:25:26.881+0000] {processor.py:183} INFO - Processing /opt/airflow/dags/f1_pipeline_dag.py took 0.116 seconds
[2026-05-05T17:25:57.441+0000] {processor.py:161} INFO - Started process (PID=16835) to work on /opt/airflow/dags/f1_pipeline_dag.py
[2026-05-05T17:25:57.442+0000] {processor.py:830} INFO - Processing file /opt/airflow/dags/f1_pipeline_dag.py for tasks to queue
[2026-05-05T17:25:57.443+0000] {logging_mixin.py:188} INFO - [2026-05-05T17:25:57.443+0000] {dagbag.py:538} INFO - Filling up the DagBag from /opt/airflow/dags/f1_pipeline_dag.py
[2026-05-05T17:25:57.460+0000] {processor.py:840} INFO - DAG(s) 'f1_bigdata_pipeline' retrieved from /opt/airflow/dags/f1_pipeline_dag.py
[2026-05-05T17:25:57.509+0000] {logging_mixin.py:188} INFO - [2026-05-05T17:25:57.509+0000] {dag.py:3036} INFO - Sync 1 DAGs
[2026-05-05T17:25:57.533+0000] {logging_mixin.py:188} INFO - [2026-05-05T17:25:57.533+0000] {dag.py:3823} INFO - Setting next_dagrun for f1_bigdata_pipeline to 2026-05-04 06:00:00+00:00, run_after=2026-05-11 06:00:00+00:00
[2026-05-05T17:25:57.548+0000] {processor.py:183} INFO - Processing /opt/airflow/dags/f1_pipeline_dag.py took 0.111 seconds
[2026-05-05T17:26:28.013+0000] {processor.py:161} INFO - Started process (PID=16840) to work on /opt/airflow/dags/f1_pipeline_dag.py
[2026-05-05T17:26:28.015+0000] {processor.py:830} INFO - Processing file /opt/airflow/dags/f1_pipeline_dag.py for tasks to queue
[2026-05-05T17:26:28.017+0000] {logging_mixin.py:188} INFO - [2026-05-05T17:26:28.016+0000] {dagbag.py:538} INFO - Filling up the DagBag from /opt/airflow/dags/f1_pipeline_dag.py
[2026-05-05T17:26:28.056+0000] {processor.py:840} INFO - DAG(s) 'f1_bigdata_pipeline' retrieved from /opt/airflow/dags/f1_pipeline_dag.py
[2026-05-05T17:26:28.104+0000] {logging_mixin.py:188} INFO - [2026-05-05T17:26:28.104+0000] {dag.py:3036} INFO - Sync 1 DAGs
[2026-05-05T17:26:28.122+0000] {logging_mixin.py:188} INFO - [2026-05-05T17:26:28.122+0000] {dag.py:3823} INFO - Setting next_dagrun for f1_bigdata_pipeline to 2026-05-04 06:00:00+00:00, run_after=2026-05-11 06:00:00+00:00
[2026-05-05T17:26:28.133+0000] {processor.py:183} INFO - Processing /opt/airflow/dags/f1_pipeline_dag.py took 0.126 seconds
[2026-05-05T17:26:58.599+0000] {processor.py:161} INFO - Started process (PID=16845) to work on /opt/airflow/dags/f1_pipeline_dag.py
[2026-05-05T17:26:58.600+0000] {processor.py:830} INFO - Processing file /opt/airflow/dags/f1_pipeline_dag.py for tasks to queue
[2026-05-05T17:26:58.601+0000] {logging_mixin.py:188} INFO - [2026-05-05T17:26:58.601+0000] {dagbag.py:538} INFO - Filling up the DagBag from /opt/airflow/dags/f1_pipeline_dag.py
[2026-05-05T17:26:58.620+0000] {processor.py:840} INFO - DAG(s) 'f1_bigdata_pipeline' retrieved from /opt/airflow/dags/f1_pipeline_dag.py
[2026-05-05T17:26:58.666+0000] {logging_mixin.py:188} INFO - [2026-05-05T17:26:58.666+0000] {dag.py:3036} INFO - Sync 1 DAGs
[2026-05-05T17:26:58.683+0000] {logging_mixin.py:188} INFO - [2026-05-05T17:26:58.683+0000] {dag.py:3823} INFO - Setting next_dagrun for f1_bigdata_pipeline to 2026-05-04 06:00:00+00:00, run_after=2026-05-11 06:00:00+00:00
[2026-05-05T17:26:58.692+0000] {processor.py:183} INFO - Processing /opt/airflow/dags/f1_pipeline_dag.py took 0.098 seconds
[2026-05-05T17:27:29.067+0000] {processor.py:161} INFO - Started process (PID=16850) to work on /opt/airflow/dags/f1_pipeline_dag.py
[2026-05-05T17:27:29.069+0000] {processor.py:830} INFO - Processing file /opt/airflow/dags/f1_pipeline_dag.py for tasks to queue
[2026-05-05T17:27:29.070+0000] {logging_mixin.py:188} INFO - [2026-05-05T17:27:29.069+0000] {dagbag.py:538} INFO - Filling up the DagBag from /opt/airflow/dags/f1_pipeline_dag.py
[2026-05-05T17:27:29.088+0000] {processor.py:840} INFO - DAG(s) 'f1_bigdata_pipeline' retrieved from /opt/airflow/dags/f1_pipeline_dag.py
[2026-05-05T17:27:29.135+0000] {logging_mixin.py:188} INFO - [2026-05-05T17:27:29.135+0000] {dag.py:3036} INFO - Sync 1 DAGs
[2026-05-05T17:27:29.154+0000] {logging_mixin.py:188} INFO - [2026-05-05T17:27:29.153+0000] {dag.py:3823} INFO - Setting next_dagrun for f1_bigdata_pipeline to 2026-05-04 06:00:00+00:00, run_after=2026-05-11 06:00:00+00:00
[2026-05-05T17:27:29.165+0000] {processor.py:183} INFO - Processing /opt/airflow/dags/f1_pipeline_dag.py took 0.102 seconds
[2026-05-05T17:27:59.838+0000] {processor.py:161} INFO - Started process (PID=16855) to work on /opt/airflow/dags/f1_pipeline_dag.py
[2026-05-05T17:27:59.841+0000] {processor.py:830} INFO - Processing file /opt/airflow/dags/f1_pipeline_dag.py for tasks to queue
[2026-05-05T17:27:59.845+0000] {logging_mixin.py:188} INFO - [2026-05-05T17:27:59.844+0000] {dagbag.py:538} INFO - Filling up the DagBag from /opt/airflow/dags/f1_pipeline_dag.py
[2026-05-05T17:27:59.872+0000] {processor.py:840} INFO - DAG(s) 'f1_bigdata_pipeline' retrieved from /opt/airflow/dags/f1_pipeline_dag.py
[2026-05-05T17:27:59.910+0000] {logging_mixin.py:188} INFO - [2026-05-05T17:27:59.909+0000] {dag.py:3036} INFO - Sync 1 DAGs
[2026-05-05T17:27:59.940+0000] {logging_mixin.py:188} INFO - [2026-05-05T17:27:59.940+0000] {dag.py:3823} INFO - Setting next_dagrun for f1_bigdata_pipeline to 2026-05-04 06:00:00+00:00, run_after=2026-05-11 06:00:00+00:00
[2026-05-05T17:27:59.995+0000] {processor.py:183} INFO - Processing /opt/airflow/dags/f1_pipeline_dag.py took 0.164 seconds
[2026-05-05T17:28:30.566+0000] {processor.py:161} INFO - Started process (PID=16860) to work on /opt/airflow/dags/f1_pipeline_dag.py
[2026-05-05T17:28:30.568+0000] {processor.py:830} INFO - Processing file /opt/airflow/dags/f1_pipeline_dag.py for tasks to queue
[2026-05-05T17:28:30.569+0000] {logging_mixin.py:188} INFO - [2026-05-05T17:28:30.568+0000] {dagbag.py:538} INFO - Filling up the DagBag from /opt/airflow/dags/f1_pipeline_dag.py
[2026-05-05T17:28:30.587+0000] {processor.py:840} INFO - DAG(s) 'f1_bigdata_pipeline' retrieved from /opt/airflow/dags/f1_pipeline_dag.py
[2026-05-05T17:28:30.634+0000] {logging_mixin.py:188} INFO - [2026-05-05T17:28:30.634+0000] {dag.py:3036} INFO - Sync 1 DAGs
[2026-05-05T17:28:30.652+0000] {logging_mixin.py:188} INFO - [2026-05-05T17:28:30.652+0000] {dag.py:3823} INFO - Setting next_dagrun for f1_bigdata_pipeline to 2026-05-04 06:00:00+00:00, run_after=2026-05-11 06:00:00+00:00
[2026-05-05T17:28:30.665+0000] {processor.py:183} INFO - Processing /opt/airflow/dags/f1_pipeline_dag.py took 0.103 seconds
[2026-05-05T17:29:01.408+0000] {processor.py:161} INFO - Started process (PID=16865) to work on /opt/airflow/dags/f1_pipeline_dag.py
[2026-05-05T17:29:01.423+0000] {processor.py:830} INFO - Processing file /opt/airflow/dags/f1_pipeline_dag.py for tasks to queue
[2026-05-05T17:29:01.434+0000] {logging_mixin.py:188} INFO - [2026-05-05T17:29:01.430+0000] {dagbag.py:538} INFO - Filling up the DagBag from /opt/airflow/dags/f1_pipeline_dag.py
[2026-05-05T17:29:01.608+0000] {processor.py:840} INFO - DAG(s) 'f1_bigdata_pipeline' retrieved from /opt/airflow/dags/f1_pipeline_dag.py
[2026-05-05T17:29:01.756+0000] {logging_mixin.py:188} INFO - [2026-05-05T17:29:01.754+0000] {dag.py:3036} INFO - Sync 1 DAGs
[2026-05-05T17:29:01.846+0000] {logging_mixin.py:188} INFO - [2026-05-05T17:29:01.846+0000] {dag.py:3823} INFO - Setting next_dagrun for f1_bigdata_pipeline to 2026-05-04 06:00:00+00:00, run_after=2026-05-11 06:00:00+00:00
[2026-05-05T17:29:01.882+0000] {processor.py:183} INFO - Processing /opt/airflow/dags/f1_pipeline_dag.py took 0.541 seconds
[2026-05-05T17:29:32.012+0000] {processor.py:161} INFO - Started process (PID=16870) to work on /opt/airflow/dags/f1_pipeline_dag.py
[2026-05-05T17:29:32.014+0000] {processor.py:830} INFO - Processing file /opt/airflow/dags/f1_pipeline_dag.py for tasks to queue
[2026-05-05T17:29:32.016+0000] {logging_mixin.py:188} INFO - [2026-05-05T17:29:32.015+0000] {dagbag.py:538} INFO - Filling up the DagBag from /opt/airflow/dags/f1_pipeline_dag.py
[2026-05-05T17:29:32.047+0000] {processor.py:840} INFO - DAG(s) 'f1_bigdata_pipeline' retrieved from /opt/airflow/dags/f1_pipeline_dag.py
[2026-05-05T17:29:32.078+0000] {logging_mixin.py:188} INFO - [2026-05-05T17:29:32.078+0000] {dag.py:3036} INFO - Sync 1 DAGs
[2026-05-05T17:29:32.103+0000] {logging_mixin.py:188} INFO - [2026-05-05T17:29:32.103+0000] {dag.py:3823} INFO - Setting next_dagrun for f1_bigdata_pipeline to 2026-05-04 06:00:00+00:00, run_after=2026-05-11 06:00:00+00:00
[2026-05-05T17:29:32.118+0000] {processor.py:183} INFO - Processing /opt/airflow/dags/f1_pipeline_dag.py took 0.114 seconds
[2026-05-05T17:30:02.528+0000] {processor.py:161} INFO - Started process (PID=16875) to work on /opt/airflow/dags/f1_pipeline_dag.py
[2026-05-05T17:30:02.529+0000] {processor.py:830} INFO - Processing file /opt/airflow/dags/f1_pipeline_dag.py for tasks to queue
[2026-05-05T17:30:02.530+0000] {logging_mixin.py:188} INFO - [2026-05-05T17:30:02.529+0000] {dagbag.py:538} INFO - Filling up the DagBag from /opt/airflow/dags/f1_pipeline_dag.py
[2026-05-05T17:30:02.568+0000] {processor.py:840} INFO - DAG(s) 'f1_bigdata_pipeline' retrieved from /opt/airflow/dags/f1_pipeline_dag.py
[2026-05-05T17:30:02.595+0000] {logging_mixin.py:188} INFO - [2026-05-05T17:30:02.595+0000] {dag.py:3036} INFO - Sync 1 DAGs
[2026-05-05T17:30:02.635+0000] {logging_mixin.py:188} INFO - [2026-05-05T17:30:02.635+0000] {dag.py:3823} INFO - Setting next_dagrun for f1_bigdata_pipeline to 2026-05-04 06:00:00+00:00, run_after=2026-05-11 06:00:00+00:00
[2026-05-05T17:30:02.668+0000] {processor.py:183} INFO - Processing /opt/airflow/dags/f1_pipeline_dag.py took 0.143 seconds
[2026-05-05T17:30:32.993+0000] {processor.py:161} INFO - Started process (PID=16880) to work on /opt/airflow/dags/f1_pipeline_dag.py
[2026-05-05T17:30:32.994+0000] {processor.py:830} INFO - Processing file /opt/airflow/dags/f1_pipeline_dag.py for tasks to queue
[2026-05-05T17:30:32.996+0000] {logging_mixin.py:188} INFO - [2026-05-05T17:30:32.995+0000] {dagbag.py:538} INFO - Filling up the DagBag from /opt/airflow/dags/f1_pipeline_dag.py
[2026-05-05T17:30:33.023+0000] {processor.py:840} INFO - DAG(s) 'f1_bigdata_pipeline' retrieved from /opt/airflow/dags/f1_pipeline_dag.py
[2026-05-05T17:30:33.057+0000] {logging_mixin.py:188} INFO - [2026-05-05T17:30:33.057+0000] {dag.py:3036} INFO - Sync 1 DAGs
[2026-05-05T17:30:33.076+0000] {logging_mixin.py:188} INFO - [2026-05-05T17:30:33.075+0000] {dag.py:3823} INFO - Setting next_dagrun for f1_bigdata_pipeline to 2026-05-04 06:00:00+00:00, run_after=2026-05-11 06:00:00+00:00
[2026-05-05T17:30:33.091+0000] {processor.py:183} INFO - Processing /opt/airflow/dags/f1_pipeline_dag.py took 0.102 seconds
[2026-05-05T17:31:03.629+0000] {processor.py:161} INFO - Started process (PID=16885) to work on /opt/airflow/dags/f1_pipeline_dag.py
[2026-05-05T17:31:03.631+0000] {processor.py:830} INFO - Processing file /opt/airflow/dags/f1_pipeline_dag.py for tasks to queue
[2026-05-05T17:31:03.634+0000] {logging_mixin.py:188} INFO - [2026-05-05T17:31:03.633+0000] {dagbag.py:538} INFO - Filling up the DagBag from /opt/airflow/dags/f1_pipeline_dag.py
[2026-05-05T17:31:03.653+0000] {processor.py:840} INFO - DAG(s) 'f1_bigdata_pipeline' retrieved from /opt/airflow/dags/f1_pipeline_dag.py
[2026-05-05T17:31:03.682+0000] {logging_mixin.py:188} INFO - [2026-05-05T17:31:03.682+0000] {dag.py:3036} INFO - Sync 1 DAGs
[2026-05-05T17:31:03.705+0000] {logging_mixin.py:188} INFO - [2026-05-05T17:31:03.705+0000] {dag.py:3823} INFO - Setting next_dagrun for f1_bigdata_pipeline to 2026-05-04 06:00:00+00:00, run_after=2026-05-11 06:00:00+00:00
[2026-05-05T17:31:03.724+0000] {processor.py:183} INFO - Processing /opt/airflow/dags/f1_pipeline_dag.py took 0.098 seconds
[2026-05-05T17:31:34.155+0000] {processor.py:161} INFO - Started process (PID=16890) to work on /opt/airflow/dags/f1_pipeline_dag.py
[2026-05-05T17:31:34.157+0000] {processor.py:830} INFO - Processing file /opt/airflow/dags/f1_pipeline_dag.py for tasks to queue
[2026-05-05T17:31:34.160+0000] {logging_mixin.py:188} INFO - [2026-05-05T17:31:34.159+0000] {dagbag.py:538} INFO - Filling up the DagBag from /opt/airflow/dags/f1_pipeline_dag.py
[2026-05-05T17:31:34.187+0000] {processor.py:840} INFO - DAG(s) 'f1_bigdata_pipeline' retrieved from /opt/airflow/dags/f1_pipeline_dag.py
[2026-05-05T17:31:34.228+0000] {logging_mixin.py:188} INFO - [2026-05-05T17:31:34.228+0000] {dag.py:3036} INFO - Sync 1 DAGs
[2026-05-05T17:31:34.270+0000] {logging_mixin.py:188} INFO - [2026-05-05T17:31:34.270+0000] {dag.py:3823} INFO - Setting next_dagrun for f1_bigdata_pipeline to 2026-05-04 06:00:00+00:00, run_after=2026-05-11 06:00:00+00:00
[2026-05-05T17:31:34.283+0000] {processor.py:183} INFO - Processing /opt/airflow/dags/f1_pipeline_dag.py took 0.142 seconds
[2026-05-05T17:32:04.915+0000] {processor.py:161} INFO - Started process (PID=16895) to work on /opt/airflow/dags/f1_pipeline_dag.py
[2026-05-05T17:32:04.917+0000] {processor.py:830} INFO - Processing file /opt/airflow/dags/f1_pipeline_dag.py for tasks to queue
[2026-05-05T17:32:04.918+0000] {logging_mixin.py:188} INFO - [2026-05-05T17:32:04.917+0000] {dagbag.py:538} INFO - Filling up the DagBag from /opt/airflow/dags/f1_pipeline_dag.py
[2026-05-05T17:32:04.945+0000] {processor.py:840} INFO - DAG(s) 'f1_bigdata_pipeline' retrieved from /opt/airflow/dags/f1_pipeline_dag.py
[2026-05-05T17:32:05.383+0000] {logging_mixin.py:188} INFO - [2026-05-05T17:32:05.286+0000] {dag.py:3036} INFO - Sync 1 DAGs
[2026-05-05T17:32:05.663+0000] {logging_mixin.py:188} INFO - [2026-05-05T17:32:05.662+0000] {dag.py:3823} INFO - Setting next_dagrun for f1_bigdata_pipeline to 2026-05-04 06:00:00+00:00, run_after=2026-05-11 06:00:00+00:00
[2026-05-05T17:32:05.688+0000] {processor.py:183} INFO - Processing /opt/airflow/dags/f1_pipeline_dag.py took 0.779 seconds
[2026-05-05T17:32:36.540+0000] {processor.py:161} INFO - Started process (PID=16900) to work on /opt/airflow/dags/f1_pipeline_dag.py
[2026-05-05T17:32:36.542+0000] {processor.py:830} INFO - Processing file /opt/airflow/dags/f1_pipeline_dag.py for tasks to queue
[2026-05-05T17:32:36.543+0000] {logging_mixin.py:188} INFO - [2026-05-05T17:32:36.543+0000] {dagbag.py:538} INFO - Filling up the DagBag from /opt/airflow/dags/f1_pipeline_dag.py
[2026-05-05T17:32:36.563+0000] {processor.py:840} INFO - DAG(s) 'f1_bigdata_pipeline' retrieved from /opt/airflow/dags/f1_pipeline_dag.py
[2026-05-05T17:32:36.615+0000] {logging_mixin.py:188} INFO - [2026-05-05T17:32:36.615+0000] {dag.py:3036} INFO - Sync 1 DAGs
[2026-05-05T17:32:36.632+0000] {logging_mixin.py:188} INFO - [2026-05-05T17:32:36.632+0000] {dag.py:3823} INFO - Setting next_dagrun for f1_bigdata_pipeline to 2026-05-04 06:00:00+00:00, run_after=2026-05-11 06:00:00+00:00
[2026-05-05T17:32:36.643+0000] {processor.py:183} INFO - Processing /opt/airflow/dags/f1_pipeline_dag.py took 0.108 seconds
[2026-05-05T17:33:07.099+0000] {processor.py:161} INFO - Started process (PID=16905) to work on /opt/airflow/dags/f1_pipeline_dag.py
[2026-05-05T17:33:07.102+0000] {processor.py:830} INFO - Processing file /opt/airflow/dags/f1_pipeline_dag.py for tasks to queue
[2026-05-05T17:33:07.104+0000] {logging_mixin.py:188} INFO - [2026-05-05T17:33:07.103+0000] {dagbag.py:538} INFO - Filling up the DagBag from /opt/airflow/dags/f1_pipeline_dag.py
[2026-05-05T17:33:07.127+0000] {processor.py:840} INFO - DAG(s) 'f1_bigdata_pipeline' retrieved from /opt/airflow/dags/f1_pipeline_dag.py
[2026-05-05T17:33:07.179+0000] {logging_mixin.py:188} INFO - [2026-05-05T17:33:07.179+0000] {dag.py:3036} INFO - Sync 1 DAGs
[2026-05-05T17:33:07.198+0000] {logging_mixin.py:188} INFO - [2026-05-05T17:33:07.197+0000] {dag.py:3823} INFO - Setting next_dagrun for f1_bigdata_pipeline to 2026-05-04 06:00:00+00:00, run_after=2026-05-11 06:00:00+00:00
[2026-05-05T17:33:07.209+0000] {processor.py:183} INFO - Processing /opt/airflow/dags/f1_pipeline_dag.py took 0.127 seconds
[2026-05-05T17:33:37.815+0000] {processor.py:161} INFO - Started process (PID=16910) to work on /opt/airflow/dags/f1_pipeline_dag.py
[2026-05-05T17:33:37.817+0000] {processor.py:830} INFO - Processing file /opt/airflow/dags/f1_pipeline_dag.py for tasks to queue
[2026-05-05T17:33:37.818+0000] {logging_mixin.py:188} INFO - [2026-05-05T17:33:37.818+0000] {dagbag.py:538} INFO - Filling up the DagBag from /opt/airflow/dags/f1_pipeline_dag.py
[2026-05-05T17:33:37.837+0000] {processor.py:840} INFO - DAG(s) 'f1_bigdata_pipeline' retrieved from /opt/airflow/dags/f1_pipeline_dag.py
[2026-05-05T17:33:37.886+0000] {logging_mixin.py:188} INFO - [2026-05-05T17:33:37.886+0000] {dag.py:3036} INFO - Sync 1 DAGs
[2026-05-05T17:33:37.905+0000] {logging_mixin.py:188} INFO - [2026-05-05T17:33:37.905+0000] {dag.py:3823} INFO - Setting next_dagrun for f1_bigdata_pipeline to 2026-05-04 06:00:00+00:00, run_after=2026-05-11 06:00:00+00:00
[2026-05-05T17:33:37.916+0000] {processor.py:183} INFO - Processing /opt/airflow/dags/f1_pipeline_dag.py took 0.106 seconds
[2026-05-05T17:34:08.598+0000] {processor.py:161} INFO - Started process (PID=16915) to work on /opt/airflow/dags/f1_pipeline_dag.py
[2026-05-05T17:34:08.599+0000] {processor.py:830} INFO - Processing file /opt/airflow/dags/f1_pipeline_dag.py for tasks to queue
[2026-05-05T17:34:08.600+0000] {logging_mixin.py:188} INFO - [2026-05-05T17:34:08.600+0000] {dagbag.py:538} INFO - Filling up the DagBag from /opt/airflow/dags/f1_pipeline_dag.py
[2026-05-05T17:34:08.618+0000] {processor.py:840} INFO - DAG(s) 'f1_bigdata_pipeline' retrieved from /opt/airflow/dags/f1_pipeline_dag.py
[2026-05-05T17:34:08.664+0000] {logging_mixin.py:188} INFO - [2026-05-05T17:34:08.664+0000] {dag.py:3036} INFO - Sync 1 DAGs
[2026-05-05T17:34:08.681+0000] {logging_mixin.py:188} INFO - [2026-05-05T17:34:08.681+0000] {dag.py:3823} INFO - Setting next_dagrun for f1_bigdata_pipeline to 2026-05-04 06:00:00+00:00, run_after=2026-05-11 06:00:00+00:00
[2026-05-05T17:34:08.690+0000] {processor.py:183} INFO - Processing /opt/airflow/dags/f1_pipeline_dag.py took 0.096 seconds
[2026-05-05T17:34:39.138+0000] {processor.py:161} INFO - Started process (PID=16920) to work on /opt/airflow/dags/f1_pipeline_dag.py
[2026-05-05T17:34:39.140+0000] {processor.py:830} INFO - Processing file /opt/airflow/dags/f1_pipeline_dag.py for tasks to queue
[2026-05-05T17:34:39.141+0000] {logging_mixin.py:188} INFO - [2026-05-05T17:34:39.140+0000] {dagbag.py:538} INFO - Filling up the DagBag from /opt/airflow/dags/f1_pipeline_dag.py
[2026-05-05T17:34:39.162+0000] {processor.py:840} INFO - DAG(s) 'f1_bigdata_pipeline' retrieved from /opt/airflow/dags/f1_pipeline_dag.py
[2026-05-05T17:34:39.207+0000] {logging_mixin.py:188} INFO - [2026-05-05T17:34:39.207+0000] {dag.py:3036} INFO - Sync 1 DAGs
[2026-05-05T17:34:39.267+0000] {logging_mixin.py:188} INFO - [2026-05-05T17:34:39.267+0000] {dag.py:3823} INFO - Setting next_dagrun for f1_bigdata_pipeline to 2026-05-04 06:00:00+00:00, run_after=2026-05-11 06:00:00+00:00
[2026-05-05T17:34:39.301+0000] {processor.py:183} INFO - Processing /opt/airflow/dags/f1_pipeline_dag.py took 0.168 seconds
[2026-05-05T17:35:09.823+0000] {processor.py:161} INFO - Started process (PID=16925) to work on /opt/airflow/dags/f1_pipeline_dag.py
[2026-05-05T17:35:09.825+0000] {processor.py:830} INFO - Processing file /opt/airflow/dags/f1_pipeline_dag.py for tasks to queue
[2026-05-05T17:35:09.826+0000] {logging_mixin.py:188} INFO - [2026-05-05T17:35:09.825+0000] {dagbag.py:538} INFO - Filling up the DagBag from /opt/airflow/dags/f1_pipeline_dag.py
[2026-05-05T17:35:09.848+0000] {processor.py:840} INFO - DAG(s) 'f1_bigdata_pipeline' retrieved from /opt/airflow/dags/f1_pipeline_dag.py
[2026-05-05T17:35:09.889+0000] {logging_mixin.py:188} INFO - [2026-05-05T17:35:09.889+0000] {dag.py:3036} INFO - Sync 1 DAGs
[2026-05-05T17:35:09.908+0000] {logging_mixin.py:188} INFO - [2026-05-05T17:35:09.908+0000] {dag.py:3823} INFO - Setting next_dagrun for f1_bigdata_pipeline to 2026-05-04 06:00:00+00:00, run_after=2026-05-11 06:00:00+00:00
[2026-05-05T17:35:09.919+0000] {processor.py:183} INFO - Processing /opt/airflow/dags/f1_pipeline_dag.py took 0.102 seconds
[2026-05-05T17:35:40.485+0000] {processor.py:161} INFO - Started process (PID=16930) to work on /opt/airflow/dags/f1_pipeline_dag.py
[2026-05-05T17:35:40.487+0000] {processor.py:830} INFO - Processing file /opt/airflow/dags/f1_pipeline_dag.py for tasks to queue
[2026-05-05T17:35:40.488+0000] {logging_mixin.py:188} INFO - [2026-05-05T17:35:40.488+0000] {dagbag.py:538} INFO - Filling up the DagBag from /opt/airflow/dags/f1_pipeline_dag.py
[2026-05-05T17:35:40.506+0000] {processor.py:840} INFO - DAG(s) 'f1_bigdata_pipeline' retrieved from /opt/airflow/dags/f1_pipeline_dag.py
[2026-05-05T17:35:40.540+0000] {logging_mixin.py:188} INFO - [2026-05-05T17:35:40.540+0000] {dag.py:3036} INFO - Sync 1 DAGs
[2026-05-05T17:35:40.570+0000] {logging_mixin.py:188} INFO - [2026-05-05T17:35:40.569+0000] {dag.py:3823} INFO - Setting next_dagrun for f1_bigdata_pipeline to 2026-05-04 06:00:00+00:00, run_after=2026-05-11 06:00:00+00:00
[2026-05-05T17:35:40.580+0000] {processor.py:183} INFO - Processing /opt/airflow/dags/f1_pipeline_dag.py took 0.108 seconds
[2026-05-05T17:36:11.329+0000] {processor.py:161} INFO - Started process (PID=16935) to work on /opt/airflow/dags/f1_pipeline_dag.py
[2026-05-05T17:36:11.332+0000] {processor.py:830} INFO - Processing file /opt/airflow/dags/f1_pipeline_dag.py for tasks to queue
[2026-05-05T17:36:11.333+0000] {logging_mixin.py:188} INFO - [2026-05-05T17:36:11.332+0000] {dagbag.py:538} INFO - Filling up the DagBag from /opt/airflow/dags/f1_pipeline_dag.py
[2026-05-05T17:36:11.366+0000] {processor.py:840} INFO - DAG(s) 'f1_bigdata_pipeline' retrieved from /opt/airflow/dags/f1_pipeline_dag.py
[2026-05-05T17:36:11.420+0000] {logging_mixin.py:188} INFO - [2026-05-05T17:36:11.420+0000] {dag.py:3036} INFO - Sync 1 DAGs
[2026-05-05T17:36:11.443+0000] {logging_mixin.py:188} INFO - [2026-05-05T17:36:11.442+0000] {dag.py:3823} INFO - Setting next_dagrun for f1_bigdata_pipeline to 2026-05-04 06:00:00+00:00, run_after=2026-05-11 06:00:00+00:00
[2026-05-05T17:36:11.454+0000] {processor.py:183} INFO - Processing /opt/airflow/dags/f1_pipeline_dag.py took 0.137 seconds
[2026-05-05T17:36:42.048+0000] {processor.py:161} INFO - Started process (PID=16940) to work on /opt/airflow/dags/f1_pipeline_dag.py
[2026-05-05T17:36:42.050+0000] {processor.py:830} INFO - Processing file /opt/airflow/dags/f1_pipeline_dag.py for tasks to queue
[2026-05-05T17:36:42.051+0000] {logging_mixin.py:188} INFO - [2026-05-05T17:36:42.051+0000] {dagbag.py:538} INFO - Filling up the DagBag from /opt/airflow/dags/f1_pipeline_dag.py
[2026-05-05T17:36:42.068+0000] {processor.py:840} INFO - DAG(s) 'f1_bigdata_pipeline' retrieved from /opt/airflow/dags/f1_pipeline_dag.py
[2026-05-05T17:36:42.105+0000] {logging_mixin.py:188} INFO - [2026-05-05T17:36:42.105+0000] {dag.py:3036} INFO - Sync 1 DAGs
[2026-05-05T17:36:42.132+0000] {logging_mixin.py:188} INFO - [2026-05-05T17:36:42.131+0000] {dag.py:3823} INFO - Setting next_dagrun for f1_bigdata_pipeline to 2026-05-04 06:00:00+00:00, run_after=2026-05-11 06:00:00+00:00
[2026-05-05T17:36:42.143+0000] {processor.py:183} INFO - Processing /opt/airflow/dags/f1_pipeline_dag.py took 0.103 seconds
[2026-05-05T17:37:12.941+0000] {processor.py:161} INFO - Started process (PID=16945) to work on /opt/airflow/dags/f1_pipeline_dag.py
[2026-05-05T17:37:12.943+0000] {processor.py:830} INFO - Processing file /opt/airflow/dags/f1_pipeline_dag.py for tasks to queue
[2026-05-05T17:37:12.944+0000] {logging_mixin.py:188} INFO - [2026-05-05T17:37:12.944+0000] {dagbag.py:538} INFO - Filling up the DagBag from /opt/airflow/dags/f1_pipeline_dag.py
[2026-05-05T17:37:12.974+0000] {processor.py:840} INFO - DAG(s) 'f1_bigdata_pipeline' retrieved from /opt/airflow/dags/f1_pipeline_dag.py
[2026-05-05T17:37:13.018+0000] {logging_mixin.py:188} INFO - [2026-05-05T17:37:13.018+0000] {dag.py:3036} INFO - Sync 1 DAGs
[2026-05-05T17:37:13.037+0000] {logging_mixin.py:188} INFO - [2026-05-05T17:37:13.037+0000] {dag.py:3823} INFO - Setting next_dagrun for f1_bigdata_pipeline to 2026-05-04 06:00:00+00:00, run_after=2026-05-11 06:00:00+00:00
[2026-05-05T17:37:13.061+0000] {processor.py:183} INFO - Processing /opt/airflow/dags/f1_pipeline_dag.py took 0.126 seconds
[2026-05-05T17:37:43.218+0000] {processor.py:161} INFO - Started process (PID=16950) to work on /opt/airflow/dags/f1_pipeline_dag.py
[2026-05-05T17:37:43.220+0000] {processor.py:830} INFO - Processing file /opt/airflow/dags/f1_pipeline_dag.py for tasks to queue
[2026-05-05T17:37:43.221+0000] {logging_mixin.py:188} INFO - [2026-05-05T17:37:43.221+0000] {dagbag.py:538} INFO - Filling up the DagBag from /opt/airflow/dags/f1_pipeline_dag.py
[2026-05-05T17:37:43.242+0000] {processor.py:840} INFO - DAG(s) 'f1_bigdata_pipeline' retrieved from /opt/airflow/dags/f1_pipeline_dag.py
[2026-05-05T17:37:43.282+0000] {logging_mixin.py:188} INFO - [2026-05-05T17:37:43.282+0000] {dag.py:3036} INFO - Sync 1 DAGs
[2026-05-05T17:37:43.300+0000] {logging_mixin.py:188} INFO - [2026-05-05T17:37:43.300+0000] {dag.py:3823} INFO - Setting next_dagrun for f1_bigdata_pipeline to 2026-05-04 06:00:00+00:00, run_after=2026-05-11 06:00:00+00:00
[2026-05-05T17:37:43.312+0000] {processor.py:183} INFO - Processing /opt/airflow/dags/f1_pipeline_dag.py took 0.100 seconds
[2026-05-05T17:38:13.593+0000] {processor.py:161} INFO - Started process (PID=16955) to work on /opt/airflow/dags/f1_pipeline_dag.py
[2026-05-05T17:38:13.594+0000] {processor.py:830} INFO - Processing file /opt/airflow/dags/f1_pipeline_dag.py for tasks to queue
[2026-05-05T17:38:13.595+0000] {logging_mixin.py:188} INFO - [2026-05-05T17:38:13.595+0000] {dagbag.py:538} INFO - Filling up the DagBag from /opt/airflow/dags/f1_pipeline_dag.py
[2026-05-05T17:38:13.634+0000] {processor.py:840} INFO - DAG(s) 'f1_bigdata_pipeline' retrieved from /opt/airflow/dags/f1_pipeline_dag.py
[2026-05-05T17:38:13.665+0000] {logging_mixin.py:188} INFO - [2026-05-05T17:38:13.665+0000] {dag.py:3036} INFO - Sync 1 DAGs
[2026-05-05T17:38:13.683+0000] {logging_mixin.py:188} INFO - [2026-05-05T17:38:13.682+0000] {dag.py:3823} INFO - Setting next_dagrun for f1_bigdata_pipeline to 2026-05-04 06:00:00+00:00, run_after=2026-05-11 06:00:00+00:00
[2026-05-05T17:38:13.701+0000] {processor.py:183} INFO - Processing /opt/airflow/dags/f1_pipeline_dag.py took 0.113 seconds
[2026-05-05T17:38:43.860+0000] {processor.py:161} INFO - Started process (PID=16960) to work on /opt/airflow/dags/f1_pipeline_dag.py
[2026-05-05T17:38:43.861+0000] {processor.py:830} INFO - Processing file /opt/airflow/dags/f1_pipeline_dag.py for tasks to queue
[2026-05-05T17:38:43.862+0000] {logging_mixin.py:188} INFO - [2026-05-05T17:38:43.862+0000] {dagbag.py:538} INFO - Filling up the DagBag from /opt/airflow/dags/f1_pipeline_dag.py
[2026-05-05T17:38:43.880+0000] {processor.py:840} INFO - DAG(s) 'f1_bigdata_pipeline' retrieved from /opt/airflow/dags/f1_pipeline_dag.py
[2026-05-05T17:38:43.924+0000] {logging_mixin.py:188} INFO - [2026-05-05T17:38:43.924+0000] {dag.py:3036} INFO - Sync 1 DAGs
[2026-05-05T17:38:43.940+0000] {logging_mixin.py:188} INFO - [2026-05-05T17:38:43.940+0000] {dag.py:3823} INFO - Setting next_dagrun for f1_bigdata_pipeline to 2026-05-04 06:00:00+00:00, run_after=2026-05-11 06:00:00+00:00
[2026-05-05T17:38:43.949+0000] {processor.py:183} INFO - Processing /opt/airflow/dags/f1_pipeline_dag.py took 0.095 seconds
[2026-05-05T17:39:14.221+0000] {processor.py:161} INFO - Started process (PID=16965) to work on /opt/airflow/dags/f1_pipeline_dag.py
[2026-05-05T17:39:14.222+0000] {processor.py:830} INFO - Processing file /opt/airflow/dags/f1_pipeline_dag.py for tasks to queue
[2026-05-05T17:39:14.223+0000] {logging_mixin.py:188} INFO - [2026-05-05T17:39:14.222+0000] {dagbag.py:538} INFO - Filling up the DagBag from /opt/airflow/dags/f1_pipeline_dag.py
[2026-05-05T17:39:14.254+0000] {processor.py:840} INFO - DAG(s) 'f1_bigdata_pipeline' retrieved from /opt/airflow/dags/f1_pipeline_dag.py
[2026-05-05T17:39:14.281+0000] {logging_mixin.py:188} INFO - [2026-05-05T17:39:14.281+0000] {dag.py:3036} INFO - Sync 1 DAGs
[2026-05-05T17:39:14.308+0000] {logging_mixin.py:188} INFO - [2026-05-05T17:39:14.307+0000] {dag.py:3823} INFO - Setting next_dagrun for f1_bigdata_pipeline to 2026-05-04 06:00:00+00:00, run_after=2026-05-11 06:00:00+00:00
[2026-05-05T17:39:14.320+0000] {processor.py:183} INFO - Processing /opt/airflow/dags/f1_pipeline_dag.py took 0.103 seconds
[2026-05-05T17:39:44.916+0000] {processor.py:161} INFO - Started process (PID=16970) to work on /opt/airflow/dags/f1_pipeline_dag.py
[2026-05-05T17:39:44.918+0000] {processor.py:830} INFO - Processing file /opt/airflow/dags/f1_pipeline_dag.py for tasks to queue
[2026-05-05T17:39:44.919+0000] {logging_mixin.py:188} INFO - [2026-05-05T17:39:44.918+0000] {dagbag.py:538} INFO - Filling up the DagBag from /opt/airflow/dags/f1_pipeline_dag.py
[2026-05-05T17:39:44.934+0000] {processor.py:840} INFO - DAG(s) 'f1_bigdata_pipeline' retrieved from /opt/airflow/dags/f1_pipeline_dag.py
[2026-05-05T17:39:44.981+0000] {logging_mixin.py:188} INFO - [2026-05-05T17:39:44.981+0000] {dag.py:3036} INFO - Sync 1 DAGs
[2026-05-05T17:39:45.001+0000] {logging_mixin.py:188} INFO - [2026-05-05T17:39:45.001+0000] {dag.py:3823} INFO - Setting next_dagrun for f1_bigdata_pipeline to 2026-05-04 06:00:00+00:00, run_after=2026-05-11 06:00:00+00:00
[2026-05-05T17:39:45.025+0000] {processor.py:183} INFO - Processing /opt/airflow/dags/f1_pipeline_dag.py took 0.113 seconds
[2026-05-05T17:40:15.488+0000] {processor.py:161} INFO - Started process (PID=16975) to work on /opt/airflow/dags/f1_pipeline_dag.py
[2026-05-05T17:40:15.491+0000] {processor.py:830} INFO - Processing file /opt/airflow/dags/f1_pipeline_dag.py for tasks to queue
[2026-05-05T17:40:15.493+0000] {logging_mixin.py:188} INFO - [2026-05-05T17:40:15.492+0000] {dagbag.py:538} INFO - Filling up the DagBag from /opt/airflow/dags/f1_pipeline_dag.py
[2026-05-05T17:40:15.548+0000] {processor.py:840} INFO - DAG(s) 'f1_bigdata_pipeline' retrieved from /opt/airflow/dags/f1_pipeline_dag.py
[2026-05-05T17:40:15.616+0000] {logging_mixin.py:188} INFO - [2026-05-05T17:40:15.615+0000] {dag.py:3036} INFO - Sync 1 DAGs
[2026-05-05T17:40:15.633+0000] {logging_mixin.py:188} INFO - [2026-05-05T17:40:15.632+0000] {dag.py:3823} INFO - Setting next_dagrun for f1_bigdata_pipeline to 2026-05-04 06:00:00+00:00, run_after=2026-05-11 06:00:00+00:00
[2026-05-05T17:40:15.643+0000] {processor.py:183} INFO - Processing /opt/airflow/dags/f1_pipeline_dag.py took 0.161 seconds
[2026-05-05T17:40:46.097+0000] {processor.py:161} INFO - Started process (PID=16980) to work on /opt/airflow/dags/f1_pipeline_dag.py
[2026-05-05T17:40:46.099+0000] {processor.py:830} INFO - Processing file /opt/airflow/dags/f1_pipeline_dag.py for tasks to queue
[2026-05-05T17:40:46.100+0000] {logging_mixin.py:188} INFO - [2026-05-05T17:40:46.100+0000] {dagbag.py:538} INFO - Filling up the DagBag from /opt/airflow/dags/f1_pipeline_dag.py
[2026-05-05T17:40:46.122+0000] {processor.py:840} INFO - DAG(s) 'f1_bigdata_pipeline' retrieved from /opt/airflow/dags/f1_pipeline_dag.py
[2026-05-05T17:40:46.164+0000] {logging_mixin.py:188} INFO - [2026-05-05T17:40:46.164+0000] {dag.py:3036} INFO - Sync 1 DAGs
[2026-05-05T17:40:46.190+0000] {logging_mixin.py:188} INFO - [2026-05-05T17:40:46.190+0000] {dag.py:3823} INFO - Setting next_dagrun for f1_bigdata_pipeline to 2026-05-04 06:00:00+00:00, run_after=2026-05-11 06:00:00+00:00
[2026-05-05T17:40:46.202+0000] {processor.py:183} INFO - Processing /opt/airflow/dags/f1_pipeline_dag.py took 0.111 seconds
[2026-05-05T17:41:16.720+0000] {processor.py:161} INFO - Started process (PID=16985) to work on /opt/airflow/dags/f1_pipeline_dag.py
[2026-05-05T17:41:16.722+0000] {processor.py:830} INFO - Processing file /opt/airflow/dags/f1_pipeline_dag.py for tasks to queue
[2026-05-05T17:41:16.723+0000] {logging_mixin.py:188} INFO - [2026-05-05T17:41:16.722+0000] {dagbag.py:538} INFO - Filling up the DagBag from /opt/airflow/dags/f1_pipeline_dag.py
[2026-05-05T17:41:16.746+0000] {processor.py:840} INFO - DAG(s) 'f1_bigdata_pipeline' retrieved from /opt/airflow/dags/f1_pipeline_dag.py
[2026-05-05T17:41:16.791+0000] {logging_mixin.py:188} INFO - [2026-05-05T17:41:16.791+0000] {dag.py:3036} INFO - Sync 1 DAGs
[2026-05-05T17:41:16.817+0000] {logging_mixin.py:188} INFO - [2026-05-05T17:41:16.817+0000] {dag.py:3823} INFO - Setting next_dagrun for f1_bigdata_pipeline to 2026-05-04 06:00:00+00:00, run_after=2026-05-11 06:00:00+00:00
[2026-05-05T17:41:16.830+0000] {processor.py:183} INFO - Processing /opt/airflow/dags/f1_pipeline_dag.py took 0.117 seconds
[2026-05-05T17:41:47.144+0000] {processor.py:161} INFO - Started process (PID=16990) to work on /opt/airflow/dags/f1_pipeline_dag.py
[2026-05-05T17:41:47.146+0000] {processor.py:830} INFO - Processing file /opt/airflow/dags/f1_pipeline_dag.py for tasks to queue
[2026-05-05T17:41:47.147+0000] {logging_mixin.py:188} INFO - [2026-05-05T17:41:47.147+0000] {dagbag.py:538} INFO - Filling up the DagBag from /opt/airflow/dags/f1_pipeline_dag.py
[2026-05-05T17:41:47.166+0000] {processor.py:840} INFO - DAG(s) 'f1_bigdata_pipeline' retrieved from /opt/airflow/dags/f1_pipeline_dag.py
[2026-05-05T17:41:47.205+0000] {logging_mixin.py:188} INFO - [2026-05-05T17:41:47.205+0000] {dag.py:3036} INFO - Sync 1 DAGs
[2026-05-05T17:41:47.224+0000] {logging_mixin.py:188} INFO - [2026-05-05T17:41:47.224+0000] {dag.py:3823} INFO - Setting next_dagrun for f1_bigdata_pipeline to 2026-05-04 06:00:00+00:00, run_after=2026-05-11 06:00:00+00:00
[2026-05-05T17:41:47.235+0000] {processor.py:183} INFO - Processing /opt/airflow/dags/f1_pipeline_dag.py took 0.096 seconds
[2026-05-05T17:42:17.825+0000] {processor.py:161} INFO - Started process (PID=16995) to work on /opt/airflow/dags/f1_pipeline_dag.py
[2026-05-05T17:42:17.826+0000] {processor.py:830} INFO - Processing file /opt/airflow/dags/f1_pipeline_dag.py for tasks to queue
[2026-05-05T17:42:17.827+0000] {logging_mixin.py:188} INFO - [2026-05-05T17:42:17.827+0000] {dagbag.py:538} INFO - Filling up the DagBag from /opt/airflow/dags/f1_pipeline_dag.py
[2026-05-05T17:42:17.854+0000] {processor.py:840} INFO - DAG(s) 'f1_bigdata_pipeline' retrieved from /opt/airflow/dags/f1_pipeline_dag.py
[2026-05-05T17:42:17.901+0000] {logging_mixin.py:188} INFO - [2026-05-05T17:42:17.901+0000] {dag.py:3036} INFO - Sync 1 DAGs
[2026-05-05T17:42:17.926+0000] {logging_mixin.py:188} INFO - [2026-05-05T17:42:17.925+0000] {dag.py:3823} INFO - Setting next_dagrun for f1_bigdata_pipeline to 2026-05-04 06:00:00+00:00, run_after=2026-05-11 06:00:00+00:00
[2026-05-05T17:42:17.936+0000] {processor.py:183} INFO - Processing /opt/airflow/dags/f1_pipeline_dag.py took 0.116 seconds
[2026-05-05T17:42:48.484+0000] {processor.py:161} INFO - Started process (PID=17000) to work on /opt/airflow/dags/f1_pipeline_dag.py
[2026-05-05T17:42:48.485+0000] {processor.py:830} INFO - Processing file /opt/airflow/dags/f1_pipeline_dag.py for tasks to queue
[2026-05-05T17:42:48.487+0000] {logging_mixin.py:188} INFO - [2026-05-05T17:42:48.486+0000] {dagbag.py:538} INFO - Filling up the DagBag from /opt/airflow/dags/f1_pipeline_dag.py
[2026-05-05T17:42:48.514+0000] {processor.py:840} INFO - DAG(s) 'f1_bigdata_pipeline' retrieved from /opt/airflow/dags/f1_pipeline_dag.py
[2026-05-05T17:42:48.539+0000] {logging_mixin.py:188} INFO - [2026-05-05T17:42:48.539+0000] {dag.py:3036} INFO - Sync 1 DAGs
[2026-05-05T17:42:48.557+0000] {logging_mixin.py:188} INFO - [2026-05-05T17:42:48.557+0000] {dag.py:3823} INFO - Setting next_dagrun for f1_bigdata_pipeline to 2026-05-04 06:00:00+00:00, run_after=2026-05-11 06:00:00+00:00
[2026-05-05T17:42:48.566+0000] {processor.py:183} INFO - Processing /opt/airflow/dags/f1_pipeline_dag.py took 0.088 seconds
[2026-05-05T17:43:18.956+0000] {processor.py:161} INFO - Started process (PID=17005) to work on /opt/airflow/dags/f1_pipeline_dag.py
[2026-05-05T17:43:18.961+0000] {processor.py:830} INFO - Processing file /opt/airflow/dags/f1_pipeline_dag.py for tasks to queue
[2026-05-05T17:43:18.964+0000] {logging_mixin.py:188} INFO - [2026-05-05T17:43:18.962+0000] {dagbag.py:538} INFO - Filling up the DagBag from /opt/airflow/dags/f1_pipeline_dag.py
[2026-05-05T17:43:18.986+0000] {processor.py:840} INFO - DAG(s) 'f1_bigdata_pipeline' retrieved from /opt/airflow/dags/f1_pipeline_dag.py
[2026-05-05T17:43:19.026+0000] {logging_mixin.py:188} INFO - [2026-05-05T17:43:19.026+0000] {dag.py:3036} INFO - Sync 1 DAGs
[2026-05-05T17:43:19.050+0000] {logging_mixin.py:188} INFO - [2026-05-05T17:43:19.050+0000] {dag.py:3823} INFO - Setting next_dagrun for f1_bigdata_pipeline to 2026-05-04 06:00:00+00:00, run_after=2026-05-11 06:00:00+00:00
[2026-05-05T17:43:19.064+0000] {processor.py:183} INFO - Processing /opt/airflow/dags/f1_pipeline_dag.py took 0.122 seconds
[2026-05-05T17:43:49.645+0000] {processor.py:161} INFO - Started process (PID=17010) to work on /opt/airflow/dags/f1_pipeline_dag.py
[2026-05-05T17:43:49.647+0000] {processor.py:830} INFO - Processing file /opt/airflow/dags/f1_pipeline_dag.py for tasks to queue
[2026-05-05T17:43:49.648+0000] {logging_mixin.py:188} INFO - [2026-05-05T17:43:49.648+0000] {dagbag.py:538} INFO - Filling up the DagBag from /opt/airflow/dags/f1_pipeline_dag.py
[2026-05-05T17:43:49.668+0000] {processor.py:840} INFO - DAG(s) 'f1_bigdata_pipeline' retrieved from /opt/airflow/dags/f1_pipeline_dag.py
[2026-05-05T17:43:49.720+0000] {logging_mixin.py:188} INFO - [2026-05-05T17:43:49.720+0000] {dag.py:3036} INFO - Sync 1 DAGs
[2026-05-05T17:43:49.737+0000] {logging_mixin.py:188} INFO - [2026-05-05T17:43:49.737+0000] {dag.py:3823} INFO - Setting next_dagrun for f1_bigdata_pipeline to 2026-05-04 06:00:00+00:00, run_after=2026-05-11 06:00:00+00:00
[2026-05-05T17:43:49.749+0000] {processor.py:183} INFO - Processing /opt/airflow/dags/f1_pipeline_dag.py took 0.117 seconds
[2026-05-05T17:44:20.633+0000] {processor.py:161} INFO - Started process (PID=17015) to work on /opt/airflow/dags/f1_pipeline_dag.py
[2026-05-05T17:44:20.636+0000] {processor.py:830} INFO - Processing file /opt/airflow/dags/f1_pipeline_dag.py for tasks to queue
[2026-05-05T17:44:20.641+0000] {logging_mixin.py:188} INFO - [2026-05-05T17:44:20.638+0000] {dagbag.py:538} INFO - Filling up the DagBag from /opt/airflow/dags/f1_pipeline_dag.py
[2026-05-05T17:44:20.723+0000] {processor.py:840} INFO - DAG(s) 'f1_bigdata_pipeline' retrieved from /opt/airflow/dags/f1_pipeline_dag.py
[2026-05-05T17:44:20.905+0000] {logging_mixin.py:188} INFO - [2026-05-05T17:44:20.904+0000] {dag.py:3036} INFO - Sync 1 DAGs
[2026-05-05T17:44:20.944+0000] {logging_mixin.py:188} INFO - [2026-05-05T17:44:20.944+0000] {dag.py:3823} INFO - Setting next_dagrun for f1_bigdata_pipeline to 2026-05-04 06:00:00+00:00, run_after=2026-05-11 06:00:00+00:00
[2026-05-05T17:44:20.957+0000] {processor.py:183} INFO - Processing /opt/airflow/dags/f1_pipeline_dag.py took 0.374 seconds
[2026-05-05T17:44:51.576+0000] {processor.py:161} INFO - Started process (PID=17020) to work on /opt/airflow/dags/f1_pipeline_dag.py
[2026-05-05T17:44:51.579+0000] {processor.py:830} INFO - Processing file /opt/airflow/dags/f1_pipeline_dag.py for tasks to queue
[2026-05-05T17:44:51.580+0000] {logging_mixin.py:188} INFO - [2026-05-05T17:44:51.579+0000] {dagbag.py:538} INFO - Filling up the DagBag from /opt/airflow/dags/f1_pipeline_dag.py
[2026-05-05T17:44:51.610+0000] {processor.py:840} INFO - DAG(s) 'f1_bigdata_pipeline' retrieved from /opt/airflow/dags/f1_pipeline_dag.py
[2026-05-05T17:44:51.643+0000] {logging_mixin.py:188} INFO - [2026-05-05T17:44:51.643+0000] {dag.py:3036} INFO - Sync 1 DAGs
[2026-05-05T17:44:51.659+0000] {logging_mixin.py:188} INFO - [2026-05-05T17:44:51.659+0000] {dag.py:3823} INFO - Setting next_dagrun for f1_bigdata_pipeline to 2026-05-04 06:00:00+00:00, run_after=2026-05-11 06:00:00+00:00
[2026-05-05T17:44:51.686+0000] {processor.py:183} INFO - Processing /opt/airflow/dags/f1_pipeline_dag.py took 0.118 seconds
[2026-05-05T17:45:22.366+0000] {processor.py:161} INFO - Started process (PID=17025) to work on /opt/airflow/dags/f1_pipeline_dag.py
[2026-05-05T17:45:22.368+0000] {processor.py:830} INFO - Processing file /opt/airflow/dags/f1_pipeline_dag.py for tasks to queue
[2026-05-05T17:45:22.369+0000] {logging_mixin.py:188} INFO - [2026-05-05T17:45:22.369+0000] {dagbag.py:538} INFO - Filling up the DagBag from /opt/airflow/dags/f1_pipeline_dag.py
[2026-05-05T17:45:22.398+0000] {processor.py:840} INFO - DAG(s) 'f1_bigdata_pipeline' retrieved from /opt/airflow/dags/f1_pipeline_dag.py
[2026-05-05T17:45:22.432+0000] {logging_mixin.py:188} INFO - [2026-05-05T17:45:22.432+0000] {dag.py:3036} INFO - Sync 1 DAGs
[2026-05-05T17:45:22.465+0000] {logging_mixin.py:188} INFO - [2026-05-05T17:45:22.465+0000] {dag.py:3823} INFO - Setting next_dagrun for f1_bigdata_pipeline to 2026-05-04 06:00:00+00:00, run_after=2026-05-11 06:00:00+00:00
[2026-05-05T17:45:22.483+0000] {processor.py:183} INFO - Processing /opt/airflow/dags/f1_pipeline_dag.py took 0.122 seconds
[2026-05-05T17:45:52.959+0000] {processor.py:161} INFO - Started process (PID=17030) to work on /opt/airflow/dags/f1_pipeline_dag.py
[2026-05-05T17:45:52.960+0000] {processor.py:830} INFO - Processing file /opt/airflow/dags/f1_pipeline_dag.py for tasks to queue
[2026-05-05T17:45:52.961+0000] {logging_mixin.py:188} INFO - [2026-05-05T17:45:52.961+0000] {dagbag.py:538} INFO - Filling up the DagBag from /opt/airflow/dags/f1_pipeline_dag.py
[2026-05-05T17:45:52.982+0000] {processor.py:840} INFO - DAG(s) 'f1_bigdata_pipeline' retrieved from /opt/airflow/dags/f1_pipeline_dag.py
[2026-05-05T17:45:53.014+0000] {logging_mixin.py:188} INFO - [2026-05-05T17:45:53.014+0000] {dag.py:3036} INFO - Sync 1 DAGs
[2026-05-05T17:45:53.042+0000] {logging_mixin.py:188} INFO - [2026-05-05T17:45:53.042+0000] {dag.py:3823} INFO - Setting next_dagrun for f1_bigdata_pipeline to 2026-05-04 06:00:00+00:00, run_after=2026-05-11 06:00:00+00:00
[2026-05-05T17:45:53.053+0000] {processor.py:183} INFO - Processing /opt/airflow/dags/f1_pipeline_dag.py took 0.099 seconds
[2026-05-05T17:46:23.706+0000] {processor.py:161} INFO - Started process (PID=17035) to work on /opt/airflow/dags/f1_pipeline_dag.py
[2026-05-05T17:46:23.708+0000] {processor.py:830} INFO - Processing file /opt/airflow/dags/f1_pipeline_dag.py for tasks to queue
[2026-05-05T17:46:23.709+0000] {logging_mixin.py:188} INFO - [2026-05-05T17:46:23.708+0000] {dagbag.py:538} INFO - Filling up the DagBag from /opt/airflow/dags/f1_pipeline_dag.py
[2026-05-05T17:46:23.736+0000] {processor.py:840} INFO - DAG(s) 'f1_bigdata_pipeline' retrieved from /opt/airflow/dags/f1_pipeline_dag.py
[2026-05-05T17:46:23.777+0000] {logging_mixin.py:188} INFO - [2026-05-05T17:46:23.777+0000] {dag.py:3036} INFO - Sync 1 DAGs
[2026-05-05T17:46:23.795+0000] {logging_mixin.py:188} INFO - [2026-05-05T17:46:23.795+0000] {dag.py:3823} INFO - Setting next_dagrun for f1_bigdata_pipeline to 2026-05-04 06:00:00+00:00, run_after=2026-05-11 06:00:00+00:00
[2026-05-05T17:46:23.816+0000] {processor.py:183} INFO - Processing /opt/airflow/dags/f1_pipeline_dag.py took 0.116 seconds
[2026-05-05T17:46:54.254+0000] {processor.py:161} INFO - Started process (PID=17040) to work on /opt/airflow/dags/f1_pipeline_dag.py
[2026-05-05T17:46:54.257+0000] {processor.py:830} INFO - Processing file /opt/airflow/dags/f1_pipeline_dag.py for tasks to queue
[2026-05-05T17:46:54.260+0000] {logging_mixin.py:188} INFO - [2026-05-05T17:46:54.258+0000] {dagbag.py:538} INFO - Filling up the DagBag from /opt/airflow/dags/f1_pipeline_dag.py
[2026-05-05T17:46:54.283+0000] {processor.py:840} INFO - DAG(s) 'f1_bigdata_pipeline' retrieved from /opt/airflow/dags/f1_pipeline_dag.py
[2026-05-05T17:46:54.339+0000] {logging_mixin.py:188} INFO - [2026-05-05T17:46:54.337+0000] {dag.py:3036} INFO - Sync 1 DAGs
[2026-05-05T17:46:54.361+0000] {logging_mixin.py:188} INFO - [2026-05-05T17:46:54.361+0000] {dag.py:3823} INFO - Setting next_dagrun for f1_bigdata_pipeline to 2026-05-04 06:00:00+00:00, run_after=2026-05-11 06:00:00+00:00
[2026-05-05T17:46:54.372+0000] {processor.py:183} INFO - Processing /opt/airflow/dags/f1_pipeline_dag.py took 0.132 seconds
[2026-05-05T17:47:25.434+0000] {processor.py:161} INFO - Started process (PID=17045) to work on /opt/airflow/dags/f1_pipeline_dag.py
[2026-05-05T17:47:25.438+0000] {processor.py:830} INFO - Processing file /opt/airflow/dags/f1_pipeline_dag.py for tasks to queue
[2026-05-05T17:47:25.440+0000] {logging_mixin.py:188} INFO - [2026-05-05T17:47:25.439+0000] {dagbag.py:538} INFO - Filling up the DagBag from /opt/airflow/dags/f1_pipeline_dag.py
[2026-05-05T17:47:25.522+0000] {processor.py:840} INFO - DAG(s) 'f1_bigdata_pipeline' retrieved from /opt/airflow/dags/f1_pipeline_dag.py
[2026-05-05T17:47:25.622+0000] {logging_mixin.py:188} INFO - [2026-05-05T17:47:25.622+0000] {dag.py:3036} INFO - Sync 1 DAGs
[2026-05-05T17:47:25.648+0000] {logging_mixin.py:188} INFO - [2026-05-05T17:47:25.648+0000] {dag.py:3823} INFO - Setting next_dagrun for f1_bigdata_pipeline to 2026-05-04 06:00:00+00:00, run_after=2026-05-11 06:00:00+00:00
[2026-05-05T17:47:25.664+0000] {processor.py:183} INFO - Processing /opt/airflow/dags/f1_pipeline_dag.py took 0.277 seconds
[2026-05-05T17:47:55.957+0000] {processor.py:161} INFO - Started process (PID=17050) to work on /opt/airflow/dags/f1_pipeline_dag.py
[2026-05-05T17:47:55.960+0000] {processor.py:830} INFO - Processing file /opt/airflow/dags/f1_pipeline_dag.py for tasks to queue
[2026-05-05T17:47:55.961+0000] {logging_mixin.py:188} INFO - [2026-05-05T17:47:55.961+0000] {dagbag.py:538} INFO - Filling up the DagBag from /opt/airflow/dags/f1_pipeline_dag.py
[2026-05-05T17:47:55.992+0000] {processor.py:840} INFO - DAG(s) 'f1_bigdata_pipeline' retrieved from /opt/airflow/dags/f1_pipeline_dag.py
[2026-05-05T17:47:56.025+0000] {logging_mixin.py:188} INFO - [2026-05-05T17:47:56.025+0000] {dag.py:3036} INFO - Sync 1 DAGs
[2026-05-05T17:47:56.058+0000] {logging_mixin.py:188} INFO - [2026-05-05T17:47:56.058+0000] {dag.py:3823} INFO - Setting next_dagrun for f1_bigdata_pipeline to 2026-05-04 06:00:00+00:00, run_after=2026-05-11 06:00:00+00:00
[2026-05-05T17:47:56.078+0000] {processor.py:183} INFO - Processing /opt/airflow/dags/f1_pipeline_dag.py took 0.127 seconds
[2026-05-05T17:48:26.555+0000] {processor.py:161} INFO - Started process (PID=17055) to work on /opt/airflow/dags/f1_pipeline_dag.py
[2026-05-05T17:48:26.556+0000] {processor.py:830} INFO - Processing file /opt/airflow/dags/f1_pipeline_dag.py for tasks to queue
[2026-05-05T17:48:26.557+0000] {logging_mixin.py:188} INFO - [2026-05-05T17:48:26.557+0000] {dagbag.py:538} INFO - Filling up the DagBag from /opt/airflow/dags/f1_pipeline_dag.py
[2026-05-05T17:48:26.580+0000] {processor.py:840} INFO - DAG(s) 'f1_bigdata_pipeline' retrieved from /opt/airflow/dags/f1_pipeline_dag.py
[2026-05-05T17:48:26.623+0000] {logging_mixin.py:188} INFO - [2026-05-05T17:48:26.622+0000] {dag.py:3036} INFO - Sync 1 DAGs
[2026-05-05T17:48:26.641+0000] {logging_mixin.py:188} INFO - [2026-05-05T17:48:26.641+0000] {dag.py:3823} INFO - Setting next_dagrun for f1_bigdata_pipeline to 2026-05-04 06:00:00+00:00, run_after=2026-05-11 06:00:00+00:00
[2026-05-05T17:48:26.650+0000] {processor.py:183} INFO - Processing /opt/airflow/dags/f1_pipeline_dag.py took 0.099 seconds
[2026-05-05T17:48:57.089+0000] {processor.py:161} INFO - Started process (PID=17060) to work on /opt/airflow/dags/f1_pipeline_dag.py
[2026-05-05T17:48:57.090+0000] {processor.py:830} INFO - Processing file /opt/airflow/dags/f1_pipeline_dag.py for tasks to queue
[2026-05-05T17:48:57.091+0000] {logging_mixin.py:188} INFO - [2026-05-05T17:48:57.091+0000] {dagbag.py:538} INFO - Filling up the DagBag from /opt/airflow/dags/f1_pipeline_dag.py
[2026-05-05T17:48:57.126+0000] {processor.py:840} INFO - DAG(s) 'f1_bigdata_pipeline' retrieved from /opt/airflow/dags/f1_pipeline_dag.py
[2026-05-05T17:48:57.156+0000] {logging_mixin.py:188} INFO - [2026-05-05T17:48:57.156+0000] {dag.py:3036} INFO - Sync 1 DAGs
[2026-05-05T17:48:57.177+0000] {logging_mixin.py:188} INFO - [2026-05-05T17:48:57.176+0000] {dag.py:3823} INFO - Setting next_dagrun for f1_bigdata_pipeline to 2026-05-04 06:00:00+00:00, run_after=2026-05-11 06:00:00+00:00
[2026-05-05T17:48:57.194+0000] {processor.py:183} INFO - Processing /opt/airflow/dags/f1_pipeline_dag.py took 0.108 seconds
[2026-05-05T17:49:27.719+0000] {processor.py:161} INFO - Started process (PID=17065) to work on /opt/airflow/dags/f1_pipeline_dag.py
[2026-05-05T17:49:27.720+0000] {processor.py:830} INFO - Processing file /opt/airflow/dags/f1_pipeline_dag.py for tasks to queue
[2026-05-05T17:49:27.721+0000] {logging_mixin.py:188} INFO - [2026-05-05T17:49:27.721+0000] {dagbag.py:538} INFO - Filling up the DagBag from /opt/airflow/dags/f1_pipeline_dag.py
[2026-05-05T17:49:27.759+0000] {processor.py:840} INFO - DAG(s) 'f1_bigdata_pipeline' retrieved from /opt/airflow/dags/f1_pipeline_dag.py
[2026-05-05T17:49:27.791+0000] {logging_mixin.py:188} INFO - [2026-05-05T17:49:27.791+0000] {dag.py:3036} INFO - Sync 1 DAGs
[2026-05-05T17:49:27.824+0000] {logging_mixin.py:188} INFO - [2026-05-05T17:49:27.823+0000] {dag.py:3823} INFO - Setting next_dagrun for f1_bigdata_pipeline to 2026-05-04 06:00:00+00:00, run_after=2026-05-11 06:00:00+00:00
[2026-05-05T17:49:27.835+0000] {processor.py:183} INFO - Processing /opt/airflow/dags/f1_pipeline_dag.py took 0.123 seconds
[2026-05-05T17:49:58.098+0000] {processor.py:161} INFO - Started process (PID=17070) to work on /opt/airflow/dags/f1_pipeline_dag.py
[2026-05-05T17:49:58.099+0000] {processor.py:830} INFO - Processing file /opt/airflow/dags/f1_pipeline_dag.py for tasks to queue
[2026-05-05T17:49:58.100+0000] {logging_mixin.py:188} INFO - [2026-05-05T17:49:58.099+0000] {dagbag.py:538} INFO - Filling up the DagBag from /opt/airflow/dags/f1_pipeline_dag.py
[2026-05-05T17:49:58.118+0000] {processor.py:840} INFO - DAG(s) 'f1_bigdata_pipeline' retrieved from /opt/airflow/dags/f1_pipeline_dag.py
[2026-05-05T17:49:58.164+0000] {logging_mixin.py:188} INFO - [2026-05-05T17:49:58.164+0000] {dag.py:3036} INFO - Sync 1 DAGs
[2026-05-05T17:49:58.185+0000] {logging_mixin.py:188} INFO - [2026-05-05T17:49:58.184+0000] {dag.py:3823} INFO - Setting next_dagrun for f1_bigdata_pipeline to 2026-05-04 06:00:00+00:00, run_after=2026-05-11 06:00:00+00:00
[2026-05-05T17:49:58.207+0000] {processor.py:183} INFO - Processing /opt/airflow/dags/f1_pipeline_dag.py took 0.112 seconds
[2026-05-05T17:50:28.416+0000] {processor.py:161} INFO - Started process (PID=17075) to work on /opt/airflow/dags/f1_pipeline_dag.py
[2026-05-05T17:50:28.418+0000] {processor.py:830} INFO - Processing file /opt/airflow/dags/f1_pipeline_dag.py for tasks to queue
[2026-05-05T17:50:28.420+0000] {logging_mixin.py:188} INFO - [2026-05-05T17:50:28.419+0000] {dagbag.py:538} INFO - Filling up the DagBag from /opt/airflow/dags/f1_pipeline_dag.py
[2026-05-05T17:50:28.446+0000] {processor.py:840} INFO - DAG(s) 'f1_bigdata_pipeline' retrieved from /opt/airflow/dags/f1_pipeline_dag.py
[2026-05-05T17:50:28.474+0000] {logging_mixin.py:188} INFO - [2026-05-05T17:50:28.474+0000] {dag.py:3036} INFO - Sync 1 DAGs
[2026-05-05T17:50:28.492+0000] {logging_mixin.py:188} INFO - [2026-05-05T17:50:28.492+0000] {dag.py:3823} INFO - Setting next_dagrun for f1_bigdata_pipeline to 2026-05-04 06:00:00+00:00, run_after=2026-05-11 06:00:00+00:00
[2026-05-05T17:50:28.514+0000] {processor.py:183} INFO - Processing /opt/airflow/dags/f1_pipeline_dag.py took 0.109 seconds
[2026-05-05T17:50:58.797+0000] {processor.py:161} INFO - Started process (PID=17080) to work on /opt/airflow/dags/f1_pipeline_dag.py
[2026-05-05T17:50:58.799+0000] {processor.py:830} INFO - Processing file /opt/airflow/dags/f1_pipeline_dag.py for tasks to queue
[2026-05-05T17:50:58.800+0000] {logging_mixin.py:188} INFO - [2026-05-05T17:50:58.800+0000] {dagbag.py:538} INFO - Filling up the DagBag from /opt/airflow/dags/f1_pipeline_dag.py
[2026-05-05T17:50:58.820+0000] {processor.py:840} INFO - DAG(s) 'f1_bigdata_pipeline' retrieved from /opt/airflow/dags/f1_pipeline_dag.py
[2026-05-05T17:50:58.865+0000] {logging_mixin.py:188} INFO - [2026-05-05T17:50:58.865+0000] {dag.py:3036} INFO - Sync 1 DAGs
[2026-05-05T17:50:58.882+0000] {logging_mixin.py:188} INFO - [2026-05-05T17:50:58.882+0000] {dag.py:3823} INFO - Setting next_dagrun for f1_bigdata_pipeline to 2026-05-04 06:00:00+00:00, run_after=2026-05-11 06:00:00+00:00
[2026-05-05T17:50:58.897+0000] {processor.py:183} INFO - Processing /opt/airflow/dags/f1_pipeline_dag.py took 0.104 seconds
[2026-05-05T17:51:29.149+0000] {processor.py:161} INFO - Started process (PID=17085) to work on /opt/airflow/dags/f1_pipeline_dag.py
[2026-05-05T17:51:29.151+0000] {processor.py:830} INFO - Processing file /opt/airflow/dags/f1_pipeline_dag.py for tasks to queue
[2026-05-05T17:51:29.152+0000] {logging_mixin.py:188} INFO - [2026-05-05T17:51:29.151+0000] {dagbag.py:538} INFO - Filling up the DagBag from /opt/airflow/dags/f1_pipeline_dag.py
[2026-05-05T17:51:29.170+0000] {processor.py:840} INFO - DAG(s) 'f1_bigdata_pipeline' retrieved from /opt/airflow/dags/f1_pipeline_dag.py
[2026-05-05T17:51:29.215+0000] {logging_mixin.py:188} INFO - [2026-05-05T17:51:29.215+0000] {dag.py:3036} INFO - Sync 1 DAGs
[2026-05-05T17:51:29.232+0000] {logging_mixin.py:188} INFO - [2026-05-05T17:51:29.232+0000] {dag.py:3823} INFO - Setting next_dagrun for f1_bigdata_pipeline to 2026-05-04 06:00:00+00:00, run_after=2026-05-11 06:00:00+00:00
[2026-05-05T17:51:29.243+0000] {processor.py:183} INFO - Processing /opt/airflow/dags/f1_pipeline_dag.py took 0.097 seconds
[2026-05-05T17:51:59.454+0000] {processor.py:161} INFO - Started process (PID=17090) to work on /opt/airflow/dags/f1_pipeline_dag.py
[2026-05-05T17:51:59.456+0000] {processor.py:830} INFO - Processing file /opt/airflow/dags/f1_pipeline_dag.py for tasks to queue
[2026-05-05T17:51:59.457+0000] {logging_mixin.py:188} INFO - [2026-05-05T17:51:59.457+0000] {dagbag.py:538} INFO - Filling up the DagBag from /opt/airflow/dags/f1_pipeline_dag.py
[2026-05-05T17:51:59.491+0000] {processor.py:840} INFO - DAG(s) 'f1_bigdata_pipeline' retrieved from /opt/airflow/dags/f1_pipeline_dag.py
[2026-05-05T17:51:59.519+0000] {logging_mixin.py:188} INFO - [2026-05-05T17:51:59.519+0000] {dag.py:3036} INFO - Sync 1 DAGs
[2026-05-05T17:51:59.536+0000] {logging_mixin.py:188} INFO - [2026-05-05T17:51:59.536+0000] {dag.py:3823} INFO - Setting next_dagrun for f1_bigdata_pipeline to 2026-05-04 06:00:00+00:00, run_after=2026-05-11 06:00:00+00:00
[2026-05-05T17:51:59.546+0000] {processor.py:183} INFO - Processing /opt/airflow/dags/f1_pipeline_dag.py took 0.096 seconds
[2026-05-05T17:52:30.201+0000] {processor.py:161} INFO - Started process (PID=17095) to work on /opt/airflow/dags/f1_pipeline_dag.py
[2026-05-05T17:52:30.205+0000] {processor.py:830} INFO - Processing file /opt/airflow/dags/f1_pipeline_dag.py for tasks to queue
[2026-05-05T17:52:30.207+0000] {logging_mixin.py:188} INFO - [2026-05-05T17:52:30.206+0000] {dagbag.py:538} INFO - Filling up the DagBag from /opt/airflow/dags/f1_pipeline_dag.py
[2026-05-05T17:52:30.230+0000] {processor.py:840} INFO - DAG(s) 'f1_bigdata_pipeline' retrieved from /opt/airflow/dags/f1_pipeline_dag.py
[2026-05-05T17:52:30.263+0000] {logging_mixin.py:188} INFO - [2026-05-05T17:52:30.263+0000] {dag.py:3036} INFO - Sync 1 DAGs
[2026-05-05T17:52:30.280+0000] {logging_mixin.py:188} INFO - [2026-05-05T17:52:30.280+0000] {dag.py:3823} INFO - Setting next_dagrun for f1_bigdata_pipeline to 2026-05-04 06:00:00+00:00, run_after=2026-05-11 06:00:00+00:00
[2026-05-05T17:52:30.292+0000] {processor.py:183} INFO - Processing /opt/airflow/dags/f1_pipeline_dag.py took 0.100 seconds
[2026-05-05T17:53:00.565+0000] {processor.py:161} INFO - Started process (PID=17100) to work on /opt/airflow/dags/f1_pipeline_dag.py
[2026-05-05T17:53:00.567+0000] {processor.py:830} INFO - Processing file /opt/airflow/dags/f1_pipeline_dag.py for tasks to queue
[2026-05-05T17:53:00.568+0000] {logging_mixin.py:188} INFO - [2026-05-05T17:53:00.568+0000] {dagbag.py:538} INFO - Filling up the DagBag from /opt/airflow/dags/f1_pipeline_dag.py
[2026-05-05T17:53:00.586+0000] {processor.py:840} INFO - DAG(s) 'f1_bigdata_pipeline' retrieved from /opt/airflow/dags/f1_pipeline_dag.py
[2026-05-05T17:53:00.636+0000] {logging_mixin.py:188} INFO - [2026-05-05T17:53:00.636+0000] {dag.py:3036} INFO - Sync 1 DAGs
[2026-05-05T17:53:00.653+0000] {logging_mixin.py:188} INFO - [2026-05-05T17:53:00.653+0000] {dag.py:3823} INFO - Setting next_dagrun for f1_bigdata_pipeline to 2026-05-04 06:00:00+00:00, run_after=2026-05-11 06:00:00+00:00
[2026-05-05T17:53:00.662+0000] {processor.py:183} INFO - Processing /opt/airflow/dags/f1_pipeline_dag.py took 0.101 seconds
[2026-05-05T17:53:30.846+0000] {processor.py:161} INFO - Started process (PID=17105) to work on /opt/airflow/dags/f1_pipeline_dag.py
[2026-05-05T17:53:30.847+0000] {processor.py:830} INFO - Processing file /opt/airflow/dags/f1_pipeline_dag.py for tasks to queue
[2026-05-05T17:53:30.848+0000] {logging_mixin.py:188} INFO - [2026-05-05T17:53:30.847+0000] {dagbag.py:538} INFO - Filling up the DagBag from /opt/airflow/dags/f1_pipeline_dag.py
[2026-05-05T17:53:30.881+0000] {processor.py:840} INFO - DAG(s) 'f1_bigdata_pipeline' retrieved from /opt/airflow/dags/f1_pipeline_dag.py
[2026-05-05T17:53:30.910+0000] {logging_mixin.py:188} INFO - [2026-05-05T17:53:30.909+0000] {dag.py:3036} INFO - Sync 1 DAGs
[2026-05-05T17:53:30.926+0000] {logging_mixin.py:188} INFO - [2026-05-05T17:53:30.926+0000] {dag.py:3823} INFO - Setting next_dagrun for f1_bigdata_pipeline to 2026-05-04 06:00:00+00:00, run_after=2026-05-11 06:00:00+00:00
[2026-05-05T17:53:30.935+0000] {processor.py:183} INFO - Processing /opt/airflow/dags/f1_pipeline_dag.py took 0.094 seconds
[2026-05-05T17:54:01.149+0000] {processor.py:161} INFO - Started process (PID=17110) to work on /opt/airflow/dags/f1_pipeline_dag.py
[2026-05-05T17:54:01.151+0000] {processor.py:830} INFO - Processing file /opt/airflow/dags/f1_pipeline_dag.py for tasks to queue
[2026-05-05T17:54:01.153+0000] {logging_mixin.py:188} INFO - [2026-05-05T17:54:01.152+0000] {dagbag.py:538} INFO - Filling up the DagBag from /opt/airflow/dags/f1_pipeline_dag.py
[2026-05-05T17:54:01.165+0000] {processor.py:840} INFO - DAG(s) 'f1_bigdata_pipeline' retrieved from /opt/airflow/dags/f1_pipeline_dag.py
[2026-05-05T17:54:01.196+0000] {logging_mixin.py:188} INFO - [2026-05-05T17:54:01.196+0000] {dag.py:3036} INFO - Sync 1 DAGs
[2026-05-05T17:54:01.212+0000] {logging_mixin.py:188} INFO - [2026-05-05T17:54:01.212+0000] {dag.py:3823} INFO - Setting next_dagrun for f1_bigdata_pipeline to 2026-05-04 06:00:00+00:00, run_after=2026-05-11 06:00:00+00:00
[2026-05-05T17:54:01.222+0000] {processor.py:183} INFO - Processing /opt/airflow/dags/f1_pipeline_dag.py took 0.078 seconds
[2026-05-05T17:54:31.456+0000] {processor.py:161} INFO - Started process (PID=17115) to work on /opt/airflow/dags/f1_pipeline_dag.py
[2026-05-05T17:54:31.457+0000] {processor.py:830} INFO - Processing file /opt/airflow/dags/f1_pipeline_dag.py for tasks to queue
[2026-05-05T17:54:31.458+0000] {logging_mixin.py:188} INFO - [2026-05-05T17:54:31.457+0000] {dagbag.py:538} INFO - Filling up the DagBag from /opt/airflow/dags/f1_pipeline_dag.py
[2026-05-05T17:54:31.493+0000] {processor.py:840} INFO - DAG(s) 'f1_bigdata_pipeline' retrieved from /opt/airflow/dags/f1_pipeline_dag.py
[2026-05-05T17:54:31.527+0000] {logging_mixin.py:188} INFO - [2026-05-05T17:54:31.527+0000] {dag.py:3036} INFO - Sync 1 DAGs
[2026-05-05T17:54:31.548+0000] {logging_mixin.py:188} INFO - [2026-05-05T17:54:31.548+0000] {dag.py:3823} INFO - Setting next_dagrun for f1_bigdata_pipeline to 2026-05-04 06:00:00+00:00, run_after=2026-05-11 06:00:00+00:00
[2026-05-05T17:54:31.558+0000] {processor.py:183} INFO - Processing /opt/airflow/dags/f1_pipeline_dag.py took 0.108 seconds
[2026-05-05T17:55:01.859+0000] {processor.py:161} INFO - Started process (PID=17120) to work on /opt/airflow/dags/f1_pipeline_dag.py
[2026-05-05T17:55:01.860+0000] {processor.py:830} INFO - Processing file /opt/airflow/dags/f1_pipeline_dag.py for tasks to queue
[2026-05-05T17:55:01.861+0000] {logging_mixin.py:188} INFO - [2026-05-05T17:55:01.861+0000] {dagbag.py:538} INFO - Filling up the DagBag from /opt/airflow/dags/f1_pipeline_dag.py
[2026-05-05T17:55:01.881+0000] {processor.py:840} INFO - DAG(s) 'f1_bigdata_pipeline' retrieved from /opt/airflow/dags/f1_pipeline_dag.py
[2026-05-05T17:55:01.928+0000] {logging_mixin.py:188} INFO - [2026-05-05T17:55:01.928+0000] {dag.py:3036} INFO - Sync 1 DAGs
[2026-05-05T17:55:01.944+0000] {logging_mixin.py:188} INFO - [2026-05-05T17:55:01.944+0000] {dag.py:3823} INFO - Setting next_dagrun for f1_bigdata_pipeline to 2026-05-04 06:00:00+00:00, run_after=2026-05-11 06:00:00+00:00
[2026-05-05T17:55:01.954+0000] {processor.py:183} INFO - Processing /opt/airflow/dags/f1_pipeline_dag.py took 0.099 seconds
[2026-05-05T17:55:32.199+0000] {processor.py:161} INFO - Started process (PID=17125) to work on /opt/airflow/dags/f1_pipeline_dag.py
[2026-05-05T17:55:32.201+0000] {processor.py:830} INFO - Processing file /opt/airflow/dags/f1_pipeline_dag.py for tasks to queue
[2026-05-05T17:55:32.202+0000] {logging_mixin.py:188} INFO - [2026-05-05T17:55:32.202+0000] {dagbag.py:538} INFO - Filling up the DagBag from /opt/airflow/dags/f1_pipeline_dag.py
[2026-05-05T17:55:32.240+0000] {processor.py:840} INFO - DAG(s) 'f1_bigdata_pipeline' retrieved from /opt/airflow/dags/f1_pipeline_dag.py
[2026-05-05T17:55:32.271+0000] {logging_mixin.py:188} INFO - [2026-05-05T17:55:32.270+0000] {dag.py:3036} INFO - Sync 1 DAGs
[2026-05-05T17:55:32.287+0000] {logging_mixin.py:188} INFO - [2026-05-05T17:55:32.287+0000] {dag.py:3823} INFO - Setting next_dagrun for f1_bigdata_pipeline to 2026-05-04 06:00:00+00:00, run_after=2026-05-11 06:00:00+00:00
[2026-05-05T17:55:32.297+0000] {processor.py:183} INFO - Processing /opt/airflow/dags/f1_pipeline_dag.py took 0.105 seconds
[2026-05-05T17:56:02.499+0000] {processor.py:161} INFO - Started process (PID=17130) to work on /opt/airflow/dags/f1_pipeline_dag.py
[2026-05-05T17:56:02.500+0000] {processor.py:830} INFO - Processing file /opt/airflow/dags/f1_pipeline_dag.py for tasks to queue
[2026-05-05T17:56:02.501+0000] {logging_mixin.py:188} INFO - [2026-05-05T17:56:02.501+0000] {dagbag.py:538} INFO - Filling up the DagBag from /opt/airflow/dags/f1_pipeline_dag.py
[2026-05-05T17:56:02.539+0000] {processor.py:840} INFO - DAG(s) 'f1_bigdata_pipeline' retrieved from /opt/airflow/dags/f1_pipeline_dag.py
[2026-05-05T17:56:02.571+0000] {logging_mixin.py:188} INFO - [2026-05-05T17:56:02.571+0000] {dag.py:3036} INFO - Sync 1 DAGs
[2026-05-05T17:56:02.588+0000] {logging_mixin.py:188} INFO - [2026-05-05T17:56:02.588+0000] {dag.py:3823} INFO - Setting next_dagrun for f1_bigdata_pipeline to 2026-05-04 06:00:00+00:00, run_after=2026-05-11 06:00:00+00:00
[2026-05-05T17:56:02.598+0000] {processor.py:183} INFO - Processing /opt/airflow/dags/f1_pipeline_dag.py took 0.104 seconds
[2026-05-05T17:56:32.910+0000] {processor.py:161} INFO - Started process (PID=17135) to work on /opt/airflow/dags/f1_pipeline_dag.py
[2026-05-05T17:56:32.911+0000] {processor.py:830} INFO - Processing file /opt/airflow/dags/f1_pipeline_dag.py for tasks to queue
[2026-05-05T17:56:32.912+0000] {logging_mixin.py:188} INFO - [2026-05-05T17:56:32.911+0000] {dagbag.py:538} INFO - Filling up the DagBag from /opt/airflow/dags/f1_pipeline_dag.py
[2026-05-05T17:56:32.930+0000] {processor.py:840} INFO - DAG(s) 'f1_bigdata_pipeline' retrieved from /opt/airflow/dags/f1_pipeline_dag.py
[2026-05-05T17:56:32.976+0000] {logging_mixin.py:188} INFO - [2026-05-05T17:56:32.976+0000] {dag.py:3036} INFO - Sync 1 DAGs
[2026-05-05T17:56:32.993+0000] {logging_mixin.py:188} INFO - [2026-05-05T17:56:32.993+0000] {dag.py:3823} INFO - Setting next_dagrun for f1_bigdata_pipeline to 2026-05-04 06:00:00+00:00, run_after=2026-05-11 06:00:00+00:00
[2026-05-05T17:56:33.004+0000] {processor.py:183} INFO - Processing /opt/airflow/dags/f1_pipeline_dag.py took 0.098 seconds
[2026-05-05T17:57:03.239+0000] {processor.py:161} INFO - Started process (PID=17140) to work on /opt/airflow/dags/f1_pipeline_dag.py
[2026-05-05T17:57:03.240+0000] {processor.py:830} INFO - Processing file /opt/airflow/dags/f1_pipeline_dag.py for tasks to queue
[2026-05-05T17:57:03.241+0000] {logging_mixin.py:188} INFO - [2026-05-05T17:57:03.241+0000] {dagbag.py:538} INFO - Filling up the DagBag from /opt/airflow/dags/f1_pipeline_dag.py
[2026-05-05T17:57:03.261+0000] {processor.py:840} INFO - DAG(s) 'f1_bigdata_pipeline' retrieved from /opt/airflow/dags/f1_pipeline_dag.py
[2026-05-05T17:57:03.290+0000] {logging_mixin.py:188} INFO - [2026-05-05T17:57:03.290+0000] {dag.py:3036} INFO - Sync 1 DAGs
[2026-05-05T17:57:03.306+0000] {logging_mixin.py:188} INFO - [2026-05-05T17:57:03.306+0000] {dag.py:3823} INFO - Setting next_dagrun for f1_bigdata_pipeline to 2026-05-04 06:00:00+00:00, run_after=2026-05-11 06:00:00+00:00
[2026-05-05T17:57:03.314+0000] {processor.py:183} INFO - Processing /opt/airflow/dags/f1_pipeline_dag.py took 0.078 seconds
[2026-05-05T17:57:33.735+0000] {processor.py:161} INFO - Started process (PID=17145) to work on /opt/airflow/dags/f1_pipeline_dag.py
[2026-05-05T17:57:33.737+0000] {processor.py:830} INFO - Processing file /opt/airflow/dags/f1_pipeline_dag.py for tasks to queue
[2026-05-05T17:57:33.738+0000] {logging_mixin.py:188} INFO - [2026-05-05T17:57:33.737+0000] {dagbag.py:538} INFO - Filling up the DagBag from /opt/airflow/dags/f1_pipeline_dag.py
[2026-05-05T17:57:33.753+0000] {processor.py:840} INFO - DAG(s) 'f1_bigdata_pipeline' retrieved from /opt/airflow/dags/f1_pipeline_dag.py
[2026-05-05T17:57:33.781+0000] {logging_mixin.py:188} INFO - [2026-05-05T17:57:33.781+0000] {dag.py:3036} INFO - Sync 1 DAGs
[2026-05-05T17:57:33.810+0000] {logging_mixin.py:188} INFO - [2026-05-05T17:57:33.810+0000] {dag.py:3823} INFO - Setting next_dagrun for f1_bigdata_pipeline to 2026-05-04 06:00:00+00:00, run_after=2026-05-11 06:00:00+00:00
[2026-05-05T17:57:33.827+0000] {processor.py:183} INFO - Processing /opt/airflow/dags/f1_pipeline_dag.py took 0.095 seconds
[2026-05-05T17:58:04.075+0000] {processor.py:161} INFO - Started process (PID=17150) to work on /opt/airflow/dags/f1_pipeline_dag.py
[2026-05-05T17:58:04.077+0000] {processor.py:830} INFO - Processing file /opt/airflow/dags/f1_pipeline_dag.py for tasks to queue
[2026-05-05T17:58:04.078+0000] {logging_mixin.py:188} INFO - [2026-05-05T17:58:04.078+0000] {dagbag.py:538} INFO - Filling up the DagBag from /opt/airflow/dags/f1_pipeline_dag.py
[2026-05-05T17:58:04.109+0000] {processor.py:840} INFO - DAG(s) 'f1_bigdata_pipeline' retrieved from /opt/airflow/dags/f1_pipeline_dag.py
[2026-05-05T17:58:04.150+0000] {logging_mixin.py:188} INFO - [2026-05-05T17:58:04.150+0000] {dag.py:3036} INFO - Sync 1 DAGs
[2026-05-05T17:58:04.176+0000] {logging_mixin.py:188} INFO - [2026-05-05T17:58:04.176+0000] {dag.py:3823} INFO - Setting next_dagrun for f1_bigdata_pipeline to 2026-05-04 06:00:00+00:00, run_after=2026-05-11 06:00:00+00:00
[2026-05-05T17:58:04.186+0000] {processor.py:183} INFO - Processing /opt/airflow/dags/f1_pipeline_dag.py took 0.116 seconds
[2026-05-05T17:58:34.410+0000] {processor.py:161} INFO - Started process (PID=17155) to work on /opt/airflow/dags/f1_pipeline_dag.py
[2026-05-05T17:58:34.411+0000] {processor.py:830} INFO - Processing file /opt/airflow/dags/f1_pipeline_dag.py for tasks to queue
[2026-05-05T17:58:34.412+0000] {logging_mixin.py:188} INFO - [2026-05-05T17:58:34.412+0000] {dagbag.py:538} INFO - Filling up the DagBag from /opt/airflow/dags/f1_pipeline_dag.py
[2026-05-05T17:58:34.430+0000] {processor.py:840} INFO - DAG(s) 'f1_bigdata_pipeline' retrieved from /opt/airflow/dags/f1_pipeline_dag.py
[2026-05-05T17:58:34.471+0000] {logging_mixin.py:188} INFO - [2026-05-05T17:58:34.471+0000] {dag.py:3036} INFO - Sync 1 DAGs
[2026-05-05T17:58:34.487+0000] {logging_mixin.py:188} INFO - [2026-05-05T17:58:34.487+0000] {dag.py:3823} INFO - Setting next_dagrun for f1_bigdata_pipeline to 2026-05-04 06:00:00+00:00, run_after=2026-05-11 06:00:00+00:00
[2026-05-05T17:58:34.501+0000] {processor.py:183} INFO - Processing /opt/airflow/dags/f1_pipeline_dag.py took 0.095 seconds
[2026-05-05T17:59:04.792+0000] {processor.py:161} INFO - Started process (PID=17160) to work on /opt/airflow/dags/f1_pipeline_dag.py
[2026-05-05T17:59:04.794+0000] {processor.py:830} INFO - Processing file /opt/airflow/dags/f1_pipeline_dag.py for tasks to queue
[2026-05-05T17:59:04.795+0000] {logging_mixin.py:188} INFO - [2026-05-05T17:59:04.795+0000] {dagbag.py:538} INFO - Filling up the DagBag from /opt/airflow/dags/f1_pipeline_dag.py
[2026-05-05T17:59:04.825+0000] {processor.py:840} INFO - DAG(s) 'f1_bigdata_pipeline' retrieved from /opt/airflow/dags/f1_pipeline_dag.py
[2026-05-05T17:59:04.856+0000] {logging_mixin.py:188} INFO - [2026-05-05T17:59:04.855+0000] {dag.py:3036} INFO - Sync 1 DAGs
[2026-05-05T17:59:04.881+0000] {logging_mixin.py:188} INFO - [2026-05-05T17:59:04.881+0000] {dag.py:3823} INFO - Setting next_dagrun for f1_bigdata_pipeline to 2026-05-04 06:00:00+00:00, run_after=2026-05-11 06:00:00+00:00
[2026-05-05T17:59:04.891+0000] {processor.py:183} INFO - Processing /opt/airflow/dags/f1_pipeline_dag.py took 0.105 seconds
[2026-05-05T17:59:35.163+0000] {processor.py:161} INFO - Started process (PID=17165) to work on /opt/airflow/dags/f1_pipeline_dag.py
[2026-05-05T17:59:35.164+0000] {processor.py:830} INFO - Processing file /opt/airflow/dags/f1_pipeline_dag.py for tasks to queue
[2026-05-05T17:59:35.165+0000] {logging_mixin.py:188} INFO - [2026-05-05T17:59:35.165+0000] {dagbag.py:538} INFO - Filling up the DagBag from /opt/airflow/dags/f1_pipeline_dag.py
[2026-05-05T17:59:35.204+0000] {processor.py:840} INFO - DAG(s) 'f1_bigdata_pipeline' retrieved from /opt/airflow/dags/f1_pipeline_dag.py
[2026-05-05T17:59:35.232+0000] {logging_mixin.py:188} INFO - [2026-05-05T17:59:35.232+0000] {dag.py:3036} INFO - Sync 1 DAGs
[2026-05-05T17:59:35.248+0000] {logging_mixin.py:188} INFO - [2026-05-05T17:59:35.248+0000] {dag.py:3823} INFO - Setting next_dagrun for f1_bigdata_pipeline to 2026-05-04 06:00:00+00:00, run_after=2026-05-11 06:00:00+00:00
[2026-05-05T17:59:35.260+0000] {processor.py:183} INFO - Processing /opt/airflow/dags/f1_pipeline_dag.py took 0.102 seconds
[2026-05-05T18:00:05.475+0000] {processor.py:161} INFO - Started process (PID=17170) to work on /opt/airflow/dags/f1_pipeline_dag.py
[2026-05-05T18:00:05.477+0000] {processor.py:830} INFO - Processing file /opt/airflow/dags/f1_pipeline_dag.py for tasks to queue
[2026-05-05T18:00:05.480+0000] {logging_mixin.py:188} INFO - [2026-05-05T18:00:05.477+0000] {dagbag.py:538} INFO - Filling up the DagBag from /opt/airflow/dags/f1_pipeline_dag.py
[2026-05-05T18:00:05.517+0000] {processor.py:840} INFO - DAG(s) 'f1_bigdata_pipeline' retrieved from /opt/airflow/dags/f1_pipeline_dag.py
[2026-05-05T18:00:05.548+0000] {logging_mixin.py:188} INFO - [2026-05-05T18:00:05.548+0000] {dag.py:3036} INFO - Sync 1 DAGs
[2026-05-05T18:00:05.575+0000] {logging_mixin.py:188} INFO - [2026-05-05T18:00:05.574+0000] {dag.py:3823} INFO - Setting next_dagrun for f1_bigdata_pipeline to 2026-05-04 06:00:00+00:00, run_after=2026-05-11 06:00:00+00:00
[2026-05-05T18:00:05.587+0000] {processor.py:183} INFO - Processing /opt/airflow/dags/f1_pipeline_dag.py took 0.115 seconds
[2026-05-05T18:00:35.830+0000] {processor.py:161} INFO - Started process (PID=17175) to work on /opt/airflow/dags/f1_pipeline_dag.py
[2026-05-05T18:00:35.831+0000] {processor.py:830} INFO - Processing file /opt/airflow/dags/f1_pipeline_dag.py for tasks to queue
[2026-05-05T18:00:35.832+0000] {logging_mixin.py:188} INFO - [2026-05-05T18:00:35.832+0000] {dagbag.py:538} INFO - Filling up the DagBag from /opt/airflow/dags/f1_pipeline_dag.py
[2026-05-05T18:00:35.849+0000] {processor.py:840} INFO - DAG(s) 'f1_bigdata_pipeline' retrieved from /opt/airflow/dags/f1_pipeline_dag.py
[2026-05-05T18:00:35.887+0000] {logging_mixin.py:188} INFO - [2026-05-05T18:00:35.886+0000] {dag.py:3036} INFO - Sync 1 DAGs
[2026-05-05T18:00:35.906+0000] {logging_mixin.py:188} INFO - [2026-05-05T18:00:35.905+0000] {dag.py:3823} INFO - Setting next_dagrun for f1_bigdata_pipeline to 2026-05-04 06:00:00+00:00, run_after=2026-05-11 06:00:00+00:00
[2026-05-05T18:00:35.917+0000] {processor.py:183} INFO - Processing /opt/airflow/dags/f1_pipeline_dag.py took 0.094 seconds
[2026-05-05T18:01:06.206+0000] {processor.py:161} INFO - Started process (PID=17180) to work on /opt/airflow/dags/f1_pipeline_dag.py
[2026-05-05T18:01:06.208+0000] {processor.py:830} INFO - Processing file /opt/airflow/dags/f1_pipeline_dag.py for tasks to queue
[2026-05-05T18:01:06.209+0000] {logging_mixin.py:188} INFO - [2026-05-05T18:01:06.209+0000] {dagbag.py:538} INFO - Filling up the DagBag from /opt/airflow/dags/f1_pipeline_dag.py
[2026-05-05T18:01:06.246+0000] {processor.py:840} INFO - DAG(s) 'f1_bigdata_pipeline' retrieved from /opt/airflow/dags/f1_pipeline_dag.py
[2026-05-05T18:01:06.277+0000] {logging_mixin.py:188} INFO - [2026-05-05T18:01:06.277+0000] {dag.py:3036} INFO - Sync 1 DAGs
[2026-05-05T18:01:06.304+0000] {logging_mixin.py:188} INFO - [2026-05-05T18:01:06.304+0000] {dag.py:3823} INFO - Setting next_dagrun for f1_bigdata_pipeline to 2026-05-04 06:00:00+00:00, run_after=2026-05-11 06:00:00+00:00
[2026-05-05T18:01:06.315+0000] {processor.py:183} INFO - Processing /opt/airflow/dags/f1_pipeline_dag.py took 0.115 seconds
[2026-05-05T18:01:36.529+0000] {processor.py:161} INFO - Started process (PID=17185) to work on /opt/airflow/dags/f1_pipeline_dag.py
[2026-05-05T18:01:36.531+0000] {processor.py:830} INFO - Processing file /opt/airflow/dags/f1_pipeline_dag.py for tasks to queue
[2026-05-05T18:01:36.532+0000] {logging_mixin.py:188} INFO - [2026-05-05T18:01:36.531+0000] {dagbag.py:538} INFO - Filling up the DagBag from /opt/airflow/dags/f1_pipeline_dag.py
[2026-05-05T18:01:36.547+0000] {processor.py:840} INFO - DAG(s) 'f1_bigdata_pipeline' retrieved from /opt/airflow/dags/f1_pipeline_dag.py
[2026-05-05T18:01:36.589+0000] {logging_mixin.py:188} INFO - [2026-05-05T18:01:36.589+0000] {dag.py:3036} INFO - Sync 1 DAGs
[2026-05-05T18:01:36.606+0000] {logging_mixin.py:188} INFO - [2026-05-05T18:01:36.606+0000] {dag.py:3823} INFO - Setting next_dagrun for f1_bigdata_pipeline to 2026-05-04 06:00:00+00:00, run_after=2026-05-11 06:00:00+00:00
[2026-05-05T18:01:36.617+0000] {processor.py:183} INFO - Processing /opt/airflow/dags/f1_pipeline_dag.py took 0.092 seconds
[2026-05-05T18:02:06.877+0000] {processor.py:161} INFO - Started process (PID=17190) to work on /opt/airflow/dags/f1_pipeline_dag.py
[2026-05-05T18:02:06.879+0000] {processor.py:830} INFO - Processing file /opt/airflow/dags/f1_pipeline_dag.py for tasks to queue
[2026-05-05T18:02:06.880+0000] {logging_mixin.py:188} INFO - [2026-05-05T18:02:06.879+0000] {dagbag.py:538} INFO - Filling up the DagBag from /opt/airflow/dags/f1_pipeline_dag.py
[2026-05-05T18:02:06.920+0000] {processor.py:840} INFO - DAG(s) 'f1_bigdata_pipeline' retrieved from /opt/airflow/dags/f1_pipeline_dag.py
[2026-05-05T18:02:06.950+0000] {logging_mixin.py:188} INFO - [2026-05-05T18:02:06.950+0000] {dag.py:3036} INFO - Sync 1 DAGs
[2026-05-05T18:02:06.968+0000] {logging_mixin.py:188} INFO - [2026-05-05T18:02:06.968+0000] {dag.py:3823} INFO - Setting next_dagrun for f1_bigdata_pipeline to 2026-05-04 06:00:00+00:00, run_after=2026-05-11 06:00:00+00:00
[2026-05-05T18:02:06.978+0000] {processor.py:183} INFO - Processing /opt/airflow/dags/f1_pipeline_dag.py took 0.105 seconds
[2026-05-05T18:02:37.250+0000] {processor.py:161} INFO - Started process (PID=17195) to work on /opt/airflow/dags/f1_pipeline_dag.py
[2026-05-05T18:02:37.251+0000] {processor.py:830} INFO - Processing file /opt/airflow/dags/f1_pipeline_dag.py for tasks to queue
[2026-05-05T18:02:37.252+0000] {logging_mixin.py:188} INFO - [2026-05-05T18:02:37.252+0000] {dagbag.py:538} INFO - Filling up the DagBag from /opt/airflow/dags/f1_pipeline_dag.py
[2026-05-05T18:02:37.269+0000] {processor.py:840} INFO - DAG(s) 'f1_bigdata_pipeline' retrieved from /opt/airflow/dags/f1_pipeline_dag.py
[2026-05-05T18:02:37.299+0000] {logging_mixin.py:188} INFO - [2026-05-05T18:02:37.299+0000] {dag.py:3036} INFO - Sync 1 DAGs
[2026-05-05T18:02:37.316+0000] {logging_mixin.py:188} INFO - [2026-05-05T18:02:37.316+0000] {dag.py:3823} INFO - Setting next_dagrun for f1_bigdata_pipeline to 2026-05-04 06:00:00+00:00, run_after=2026-05-11 06:00:00+00:00
[2026-05-05T18:02:37.326+0000] {processor.py:183} INFO - Processing /opt/airflow/dags/f1_pipeline_dag.py took 0.081 seconds
[2026-05-05T18:03:07.594+0000] {processor.py:161} INFO - Started process (PID=17200) to work on /opt/airflow/dags/f1_pipeline_dag.py
[2026-05-05T18:03:07.595+0000] {processor.py:830} INFO - Processing file /opt/airflow/dags/f1_pipeline_dag.py for tasks to queue
[2026-05-05T18:03:07.596+0000] {logging_mixin.py:188} INFO - [2026-05-05T18:03:07.595+0000] {dagbag.py:538} INFO - Filling up the DagBag from /opt/airflow/dags/f1_pipeline_dag.py
[2026-05-05T18:03:07.612+0000] {processor.py:840} INFO - DAG(s) 'f1_bigdata_pipeline' retrieved from /opt/airflow/dags/f1_pipeline_dag.py
[2026-05-05T18:03:07.656+0000] {logging_mixin.py:188} INFO - [2026-05-05T18:03:07.652+0000] {dag.py:3036} INFO - Sync 1 DAGs
[2026-05-05T18:03:07.677+0000] {logging_mixin.py:188} INFO - [2026-05-05T18:03:07.676+0000] {dag.py:3823} INFO - Setting next_dagrun for f1_bigdata_pipeline to 2026-05-04 06:00:00+00:00, run_after=2026-05-11 06:00:00+00:00
[2026-05-05T18:03:07.686+0000] {processor.py:183} INFO - Processing /opt/airflow/dags/f1_pipeline_dag.py took 0.096 seconds
[2026-05-05T18:03:37.947+0000] {processor.py:161} INFO - Started process (PID=17205) to work on /opt/airflow/dags/f1_pipeline_dag.py
[2026-05-05T18:03:37.949+0000] {processor.py:830} INFO - Processing file /opt/airflow/dags/f1_pipeline_dag.py for tasks to queue
[2026-05-05T18:03:37.951+0000] {logging_mixin.py:188} INFO - [2026-05-05T18:03:37.950+0000] {dagbag.py:538} INFO - Filling up the DagBag from /opt/airflow/dags/f1_pipeline_dag.py
[2026-05-05T18:03:37.973+0000] {processor.py:840} INFO - DAG(s) 'f1_bigdata_pipeline' retrieved from /opt/airflow/dags/f1_pipeline_dag.py
[2026-05-05T18:03:38.015+0000] {logging_mixin.py:188} INFO - [2026-05-05T18:03:38.014+0000] {dag.py:3036} INFO - Sync 1 DAGs
[2026-05-05T18:03:38.090+0000] {logging_mixin.py:188} INFO - [2026-05-05T18:03:38.090+0000] {dag.py:3823} INFO - Setting next_dagrun for f1_bigdata_pipeline to 2026-05-04 06:00:00+00:00, run_after=2026-05-11 06:00:00+00:00
[2026-05-05T18:03:38.170+0000] {processor.py:183} INFO - Processing /opt/airflow/dags/f1_pipeline_dag.py took 0.228 seconds
[2026-05-05T18:04:08.311+0000] {processor.py:161} INFO - Started process (PID=17210) to work on /opt/airflow/dags/f1_pipeline_dag.py
[2026-05-05T18:04:08.313+0000] {processor.py:830} INFO - Processing file /opt/airflow/dags/f1_pipeline_dag.py for tasks to queue
[2026-05-05T18:04:08.315+0000] {logging_mixin.py:188} INFO - [2026-05-05T18:04:08.314+0000] {dagbag.py:538} INFO - Filling up the DagBag from /opt/airflow/dags/f1_pipeline_dag.py
[2026-05-05T18:04:08.333+0000] {processor.py:840} INFO - DAG(s) 'f1_bigdata_pipeline' retrieved from /opt/airflow/dags/f1_pipeline_dag.py
[2026-05-05T18:04:08.376+0000] {logging_mixin.py:188} INFO - [2026-05-05T18:04:08.376+0000] {dag.py:3036} INFO - Sync 1 DAGs
[2026-05-05T18:04:08.421+0000] {logging_mixin.py:188} INFO - [2026-05-05T18:04:08.421+0000] {dag.py:3823} INFO - Setting next_dagrun for f1_bigdata_pipeline to 2026-05-04 06:00:00+00:00, run_after=2026-05-11 06:00:00+00:00
[2026-05-05T18:04:08.432+0000] {processor.py:183} INFO - Processing /opt/airflow/dags/f1_pipeline_dag.py took 0.135 seconds
[2026-05-05T18:04:38.717+0000] {processor.py:161} INFO - Started process (PID=17215) to work on /opt/airflow/dags/f1_pipeline_dag.py
[2026-05-05T18:04:38.719+0000] {processor.py:830} INFO - Processing file /opt/airflow/dags/f1_pipeline_dag.py for tasks to queue
[2026-05-05T18:04:38.720+0000] {logging_mixin.py:188} INFO - [2026-05-05T18:04:38.720+0000] {dagbag.py:538} INFO - Filling up the DagBag from /opt/airflow/dags/f1_pipeline_dag.py
[2026-05-05T18:04:38.738+0000] {processor.py:840} INFO - DAG(s) 'f1_bigdata_pipeline' retrieved from /opt/airflow/dags/f1_pipeline_dag.py
[2026-05-05T18:04:38.768+0000] {logging_mixin.py:188} INFO - [2026-05-05T18:04:38.768+0000] {dag.py:3036} INFO - Sync 1 DAGs
[2026-05-05T18:04:38.798+0000] {logging_mixin.py:188} INFO - [2026-05-05T18:04:38.798+0000] {dag.py:3823} INFO - Setting next_dagrun for f1_bigdata_pipeline to 2026-05-04 06:00:00+00:00, run_after=2026-05-11 06:00:00+00:00
[2026-05-05T18:04:38.809+0000] {processor.py:183} INFO - Processing /opt/airflow/dags/f1_pipeline_dag.py took 0.097 seconds
[2026-05-05T18:05:09.093+0000] {processor.py:161} INFO - Started process (PID=17220) to work on /opt/airflow/dags/f1_pipeline_dag.py
[2026-05-05T18:05:09.094+0000] {processor.py:830} INFO - Processing file /opt/airflow/dags/f1_pipeline_dag.py for tasks to queue
[2026-05-05T18:05:09.095+0000] {logging_mixin.py:188} INFO - [2026-05-05T18:05:09.095+0000] {dagbag.py:538} INFO - Filling up the DagBag from /opt/airflow/dags/f1_pipeline_dag.py
[2026-05-05T18:05:09.110+0000] {processor.py:840} INFO - DAG(s) 'f1_bigdata_pipeline' retrieved from /opt/airflow/dags/f1_pipeline_dag.py
[2026-05-05T18:05:09.152+0000] {logging_mixin.py:188} INFO - [2026-05-05T18:05:09.152+0000] {dag.py:3036} INFO - Sync 1 DAGs
[2026-05-05T18:05:09.169+0000] {logging_mixin.py:188} INFO - [2026-05-05T18:05:09.169+0000] {dag.py:3823} INFO - Setting next_dagrun for f1_bigdata_pipeline to 2026-05-04 06:00:00+00:00, run_after=2026-05-11 06:00:00+00:00
[2026-05-05T18:05:09.180+0000] {processor.py:183} INFO - Processing /opt/airflow/dags/f1_pipeline_dag.py took 0.091 seconds
[2026-05-05T18:05:39.464+0000] {processor.py:161} INFO - Started process (PID=17225) to work on /opt/airflow/dags/f1_pipeline_dag.py
[2026-05-05T18:05:39.466+0000] {processor.py:830} INFO - Processing file /opt/airflow/dags/f1_pipeline_dag.py for tasks to queue
[2026-05-05T18:05:39.467+0000] {logging_mixin.py:188} INFO - [2026-05-05T18:05:39.466+0000] {dagbag.py:538} INFO - Filling up the DagBag from /opt/airflow/dags/f1_pipeline_dag.py
[2026-05-05T18:05:39.482+0000] {processor.py:840} INFO - DAG(s) 'f1_bigdata_pipeline' retrieved from /opt/airflow/dags/f1_pipeline_dag.py
[2026-05-05T18:05:39.518+0000] {logging_mixin.py:188} INFO - [2026-05-05T18:05:39.518+0000] {dag.py:3036} INFO - Sync 1 DAGs
[2026-05-05T18:05:39.549+0000] {logging_mixin.py:188} INFO - [2026-05-05T18:05:39.549+0000] {dag.py:3823} INFO - Setting next_dagrun for f1_bigdata_pipeline to 2026-05-04 06:00:00+00:00, run_after=2026-05-11 06:00:00+00:00
[2026-05-05T18:05:39.560+0000] {processor.py:183} INFO - Processing /opt/airflow/dags/f1_pipeline_dag.py took 0.106 seconds
[2026-05-05T18:06:10.348+0000] {processor.py:161} INFO - Started process (PID=17230) to work on /opt/airflow/dags/f1_pipeline_dag.py
[2026-05-05T18:06:10.350+0000] {processor.py:830} INFO - Processing file /opt/airflow/dags/f1_pipeline_dag.py for tasks to queue
[2026-05-05T18:06:10.353+0000] {logging_mixin.py:188} INFO - [2026-05-05T18:06:10.353+0000] {dagbag.py:538} INFO - Filling up the DagBag from /opt/airflow/dags/f1_pipeline_dag.py
[2026-05-05T18:06:10.370+0000] {processor.py:840} INFO - DAG(s) 'f1_bigdata_pipeline' retrieved from /opt/airflow/dags/f1_pipeline_dag.py
[2026-05-05T18:06:10.406+0000] {logging_mixin.py:188} INFO - [2026-05-05T18:06:10.406+0000] {dag.py:3036} INFO - Sync 1 DAGs
[2026-05-05T18:06:10.434+0000] {logging_mixin.py:188} INFO - [2026-05-05T18:06:10.434+0000] {dag.py:3823} INFO - Setting next_dagrun for f1_bigdata_pipeline to 2026-05-04 06:00:00+00:00, run_after=2026-05-11 06:00:00+00:00
[2026-05-05T18:06:10.445+0000] {processor.py:183} INFO - Processing /opt/airflow/dags/f1_pipeline_dag.py took 0.111 seconds
[2026-05-05T18:06:41.261+0000] {processor.py:161} INFO - Started process (PID=17235) to work on /opt/airflow/dags/f1_pipeline_dag.py
[2026-05-05T18:06:41.264+0000] {processor.py:830} INFO - Processing file /opt/airflow/dags/f1_pipeline_dag.py for tasks to queue
[2026-05-05T18:06:41.265+0000] {logging_mixin.py:188} INFO - [2026-05-05T18:06:41.264+0000] {dagbag.py:538} INFO - Filling up the DagBag from /opt/airflow/dags/f1_pipeline_dag.py
[2026-05-05T18:06:41.293+0000] {processor.py:840} INFO - DAG(s) 'f1_bigdata_pipeline' retrieved from /opt/airflow/dags/f1_pipeline_dag.py
[2026-05-05T18:06:41.355+0000] {logging_mixin.py:188} INFO - [2026-05-05T18:06:41.355+0000] {dag.py:3036} INFO - Sync 1 DAGs
[2026-05-05T18:06:41.375+0000] {logging_mixin.py:188} INFO - [2026-05-05T18:06:41.375+0000] {dag.py:3823} INFO - Setting next_dagrun for f1_bigdata_pipeline to 2026-05-04 06:00:00+00:00, run_after=2026-05-11 06:00:00+00:00
[2026-05-05T18:06:41.384+0000] {processor.py:183} INFO - Processing /opt/airflow/dags/f1_pipeline_dag.py took 0.138 seconds
[2026-05-05T18:07:11.924+0000] {processor.py:161} INFO - Started process (PID=17240) to work on /opt/airflow/dags/f1_pipeline_dag.py
[2026-05-05T18:07:11.946+0000] {processor.py:830} INFO - Processing file /opt/airflow/dags/f1_pipeline_dag.py for tasks to queue
[2026-05-05T18:07:11.956+0000] {logging_mixin.py:188} INFO - [2026-05-05T18:07:11.955+0000] {dagbag.py:538} INFO - Filling up the DagBag from /opt/airflow/dags/f1_pipeline_dag.py
[2026-05-05T18:07:12.049+0000] {processor.py:840} INFO - DAG(s) 'f1_bigdata_pipeline' retrieved from /opt/airflow/dags/f1_pipeline_dag.py
[2026-05-05T18:07:12.132+0000] {logging_mixin.py:188} INFO - [2026-05-05T18:07:12.131+0000] {dag.py:3036} INFO - Sync 1 DAGs
[2026-05-05T18:07:12.151+0000] {logging_mixin.py:188} INFO - [2026-05-05T18:07:12.151+0000] {dag.py:3823} INFO - Setting next_dagrun for f1_bigdata_pipeline to 2026-05-04 06:00:00+00:00, run_after=2026-05-11 06:00:00+00:00
[2026-05-05T18:07:12.163+0000] {processor.py:183} INFO - Processing /opt/airflow/dags/f1_pipeline_dag.py took 0.302 seconds
[2026-05-05T18:07:42.459+0000] {processor.py:161} INFO - Started process (PID=17245) to work on /opt/airflow/dags/f1_pipeline_dag.py
[2026-05-05T18:07:42.462+0000] {processor.py:830} INFO - Processing file /opt/airflow/dags/f1_pipeline_dag.py for tasks to queue
[2026-05-05T18:07:42.463+0000] {logging_mixin.py:188} INFO - [2026-05-05T18:07:42.463+0000] {dagbag.py:538} INFO - Filling up the DagBag from /opt/airflow/dags/f1_pipeline_dag.py
[2026-05-05T18:07:42.485+0000] {processor.py:840} INFO - DAG(s) 'f1_bigdata_pipeline' retrieved from /opt/airflow/dags/f1_pipeline_dag.py
[2026-05-05T18:07:42.540+0000] {logging_mixin.py:188} INFO - [2026-05-05T18:07:42.540+0000] {dag.py:3036} INFO - Sync 1 DAGs
[2026-05-05T18:07:42.558+0000] {logging_mixin.py:188} INFO - [2026-05-05T18:07:42.558+0000] {dag.py:3823} INFO - Setting next_dagrun for f1_bigdata_pipeline to 2026-05-04 06:00:00+00:00, run_after=2026-05-11 06:00:00+00:00
[2026-05-05T18:07:42.569+0000] {processor.py:183} INFO - Processing /opt/airflow/dags/f1_pipeline_dag.py took 0.117 seconds
[2026-05-05T18:08:12.872+0000] {processor.py:161} INFO - Started process (PID=17250) to work on /opt/airflow/dags/f1_pipeline_dag.py
[2026-05-05T18:08:12.872+0000] {processor.py:830} INFO - Processing file /opt/airflow/dags/f1_pipeline_dag.py for tasks to queue
[2026-05-05T18:08:12.873+0000] {logging_mixin.py:188} INFO - [2026-05-05T18:08:12.873+0000] {dagbag.py:538} INFO - Filling up the DagBag from /opt/airflow/dags/f1_pipeline_dag.py
[2026-05-05T18:08:12.893+0000] {processor.py:840} INFO - DAG(s) 'f1_bigdata_pipeline' retrieved from /opt/airflow/dags/f1_pipeline_dag.py
[2026-05-05T18:08:12.924+0000] {logging_mixin.py:188} INFO - [2026-05-05T18:08:12.924+0000] {dag.py:3036} INFO - Sync 1 DAGs
[2026-05-05T18:08:12.951+0000] {logging_mixin.py:188} INFO - [2026-05-05T18:08:12.951+0000] {dag.py:3823} INFO - Setting next_dagrun for f1_bigdata_pipeline to 2026-05-04 06:00:00+00:00, run_after=2026-05-11 06:00:00+00:00
[2026-05-05T18:08:12.969+0000] {processor.py:183} INFO - Processing /opt/airflow/dags/f1_pipeline_dag.py took 0.102 seconds
[2026-05-05T18:08:43.423+0000] {processor.py:161} INFO - Started process (PID=17255) to work on /opt/airflow/dags/f1_pipeline_dag.py
[2026-05-05T18:08:43.425+0000] {processor.py:830} INFO - Processing file /opt/airflow/dags/f1_pipeline_dag.py for tasks to queue
[2026-05-05T18:08:43.427+0000] {logging_mixin.py:188} INFO - [2026-05-05T18:08:43.426+0000] {dagbag.py:538} INFO - Filling up the DagBag from /opt/airflow/dags/f1_pipeline_dag.py
[2026-05-05T18:08:43.449+0000] {processor.py:840} INFO - DAG(s) 'f1_bigdata_pipeline' retrieved from /opt/airflow/dags/f1_pipeline_dag.py
[2026-05-05T18:08:43.508+0000] {logging_mixin.py:188} INFO - [2026-05-05T18:08:43.508+0000] {dag.py:3036} INFO - Sync 1 DAGs
[2026-05-05T18:08:43.533+0000] {logging_mixin.py:188} INFO - [2026-05-05T18:08:43.533+0000] {dag.py:3823} INFO - Setting next_dagrun for f1_bigdata_pipeline to 2026-05-04 06:00:00+00:00, run_after=2026-05-11 06:00:00+00:00
[2026-05-05T18:08:43.548+0000] {processor.py:183} INFO - Processing /opt/airflow/dags/f1_pipeline_dag.py took 0.132 seconds
[2026-05-05T18:09:13.714+0000] {processor.py:161} INFO - Started process (PID=17260) to work on /opt/airflow/dags/f1_pipeline_dag.py
[2026-05-05T18:09:13.715+0000] {processor.py:830} INFO - Processing file /opt/airflow/dags/f1_pipeline_dag.py for tasks to queue
[2026-05-05T18:09:13.716+0000] {logging_mixin.py:188} INFO - [2026-05-05T18:09:13.716+0000] {dagbag.py:538} INFO - Filling up the DagBag from /opt/airflow/dags/f1_pipeline_dag.py
[2026-05-05T18:09:13.752+0000] {processor.py:840} INFO - DAG(s) 'f1_bigdata_pipeline' retrieved from /opt/airflow/dags/f1_pipeline_dag.py
[2026-05-05T18:09:13.784+0000] {logging_mixin.py:188} INFO - [2026-05-05T18:09:13.783+0000] {dag.py:3036} INFO - Sync 1 DAGs
[2026-05-05T18:09:13.812+0000] {logging_mixin.py:188} INFO - [2026-05-05T18:09:13.812+0000] {dag.py:3823} INFO - Setting next_dagrun for f1_bigdata_pipeline to 2026-05-04 06:00:00+00:00, run_after=2026-05-11 06:00:00+00:00
[2026-05-05T18:09:13.829+0000] {processor.py:183} INFO - Processing /opt/airflow/dags/f1_pipeline_dag.py took 0.122 seconds
[2026-05-05T18:09:44.176+0000] {processor.py:161} INFO - Started process (PID=17265) to work on /opt/airflow/dags/f1_pipeline_dag.py
[2026-05-05T18:09:44.178+0000] {processor.py:830} INFO - Processing file /opt/airflow/dags/f1_pipeline_dag.py for tasks to queue
[2026-05-05T18:09:44.179+0000] {logging_mixin.py:188} INFO - [2026-05-05T18:09:44.179+0000] {dagbag.py:538} INFO - Filling up the DagBag from /opt/airflow/dags/f1_pipeline_dag.py
[2026-05-05T18:09:44.210+0000] {processor.py:840} INFO - DAG(s) 'f1_bigdata_pipeline' retrieved from /opt/airflow/dags/f1_pipeline_dag.py
[2026-05-05T18:09:44.248+0000] {logging_mixin.py:188} INFO - [2026-05-05T18:09:44.248+0000] {dag.py:3036} INFO - Sync 1 DAGs
[2026-05-05T18:09:44.264+0000] {logging_mixin.py:188} INFO - [2026-05-05T18:09:44.264+0000] {dag.py:3823} INFO - Setting next_dagrun for f1_bigdata_pipeline to 2026-05-04 06:00:00+00:00, run_after=2026-05-11 06:00:00+00:00
[2026-05-05T18:09:44.275+0000] {processor.py:183} INFO - Processing /opt/airflow/dags/f1_pipeline_dag.py took 0.105 seconds
[2026-05-05T18:10:14.620+0000] {processor.py:161} INFO - Started process (PID=17270) to work on /opt/airflow/dags/f1_pipeline_dag.py
[2026-05-05T18:10:14.621+0000] {processor.py:830} INFO - Processing file /opt/airflow/dags/f1_pipeline_dag.py for tasks to queue
[2026-05-05T18:10:14.623+0000] {logging_mixin.py:188} INFO - [2026-05-05T18:10:14.622+0000] {dagbag.py:538} INFO - Filling up the DagBag from /opt/airflow/dags/f1_pipeline_dag.py
[2026-05-05T18:10:14.652+0000] {processor.py:840} INFO - DAG(s) 'f1_bigdata_pipeline' retrieved from /opt/airflow/dags/f1_pipeline_dag.py
[2026-05-05T18:10:14.682+0000] {logging_mixin.py:188} INFO - [2026-05-05T18:10:14.682+0000] {dag.py:3036} INFO - Sync 1 DAGs
[2026-05-05T18:10:14.706+0000] {logging_mixin.py:188} INFO - [2026-05-05T18:10:14.705+0000] {dag.py:3823} INFO - Setting next_dagrun for f1_bigdata_pipeline to 2026-05-04 06:00:00+00:00, run_after=2026-05-11 06:00:00+00:00
[2026-05-05T18:10:14.715+0000] {processor.py:183} INFO - Processing /opt/airflow/dags/f1_pipeline_dag.py took 0.104 seconds
[2026-05-05T18:10:45.299+0000] {processor.py:161} INFO - Started process (PID=17275) to work on /opt/airflow/dags/f1_pipeline_dag.py
[2026-05-05T18:10:45.302+0000] {processor.py:830} INFO - Processing file /opt/airflow/dags/f1_pipeline_dag.py for tasks to queue
[2026-05-05T18:10:45.303+0000] {logging_mixin.py:188} INFO - [2026-05-05T18:10:45.303+0000] {dagbag.py:538} INFO - Filling up the DagBag from /opt/airflow/dags/f1_pipeline_dag.py
[2026-05-05T18:10:45.324+0000] {processor.py:840} INFO - DAG(s) 'f1_bigdata_pipeline' retrieved from /opt/airflow/dags/f1_pipeline_dag.py
[2026-05-05T18:10:45.372+0000] {logging_mixin.py:188} INFO - [2026-05-05T18:10:45.372+0000] {dag.py:3036} INFO - Sync 1 DAGs
[2026-05-05T18:10:45.390+0000] {logging_mixin.py:188} INFO - [2026-05-05T18:10:45.390+0000] {dag.py:3823} INFO - Setting next_dagrun for f1_bigdata_pipeline to 2026-05-04 06:00:00+00:00, run_after=2026-05-11 06:00:00+00:00
[2026-05-05T18:10:45.406+0000] {processor.py:183} INFO - Processing /opt/airflow/dags/f1_pipeline_dag.py took 0.119 seconds
[2026-05-05T18:11:15.866+0000] {processor.py:161} INFO - Started process (PID=17280) to work on /opt/airflow/dags/f1_pipeline_dag.py
[2026-05-05T18:11:15.868+0000] {processor.py:830} INFO - Processing file /opt/airflow/dags/f1_pipeline_dag.py for tasks to queue
[2026-05-05T18:11:15.870+0000] {logging_mixin.py:188} INFO - [2026-05-05T18:11:15.869+0000] {dagbag.py:538} INFO - Filling up the DagBag from /opt/airflow/dags/f1_pipeline_dag.py
[2026-05-05T18:11:15.903+0000] {processor.py:840} INFO - DAG(s) 'f1_bigdata_pipeline' retrieved from /opt/airflow/dags/f1_pipeline_dag.py
[2026-05-05T18:11:15.989+0000] {logging_mixin.py:188} INFO - [2026-05-05T18:11:15.989+0000] {dag.py:3036} INFO - Sync 1 DAGs
[2026-05-05T18:11:16.005+0000] {logging_mixin.py:188} INFO - [2026-05-05T18:11:16.005+0000] {dag.py:3823} INFO - Setting next_dagrun for f1_bigdata_pipeline to 2026-05-04 06:00:00+00:00, run_after=2026-05-11 06:00:00+00:00
[2026-05-05T18:11:16.015+0000] {processor.py:183} INFO - Processing /opt/airflow/dags/f1_pipeline_dag.py took 0.156 seconds
[2026-05-05T18:11:46.229+0000] {processor.py:161} INFO - Started process (PID=17285) to work on /opt/airflow/dags/f1_pipeline_dag.py
[2026-05-05T18:11:46.230+0000] {processor.py:830} INFO - Processing file /opt/airflow/dags/f1_pipeline_dag.py for tasks to queue
[2026-05-05T18:11:46.231+0000] {logging_mixin.py:188} INFO - [2026-05-05T18:11:46.231+0000] {dagbag.py:538} INFO - Filling up the DagBag from /opt/airflow/dags/f1_pipeline_dag.py
[2026-05-05T18:11:46.248+0000] {processor.py:840} INFO - DAG(s) 'f1_bigdata_pipeline' retrieved from /opt/airflow/dags/f1_pipeline_dag.py
[2026-05-05T18:11:46.316+0000] {logging_mixin.py:188} INFO - [2026-05-05T18:11:46.316+0000] {dag.py:3036} INFO - Sync 1 DAGs
[2026-05-05T18:11:46.334+0000] {logging_mixin.py:188} INFO - [2026-05-05T18:11:46.334+0000] {dag.py:3823} INFO - Setting next_dagrun for f1_bigdata_pipeline to 2026-05-04 06:00:00+00:00, run_after=2026-05-11 06:00:00+00:00
[2026-05-05T18:11:46.347+0000] {processor.py:183} INFO - Processing /opt/airflow/dags/f1_pipeline_dag.py took 0.122 seconds
[2026-05-05T18:12:16.600+0000] {processor.py:161} INFO - Started process (PID=17290) to work on /opt/airflow/dags/f1_pipeline_dag.py
[2026-05-05T18:12:16.602+0000] {processor.py:830} INFO - Processing file /opt/airflow/dags/f1_pipeline_dag.py for tasks to queue
[2026-05-05T18:12:16.603+0000] {logging_mixin.py:188} INFO - [2026-05-05T18:12:16.602+0000] {dagbag.py:538} INFO - Filling up the DagBag from /opt/airflow/dags/f1_pipeline_dag.py
[2026-05-05T18:12:16.623+0000] {processor.py:840} INFO - DAG(s) 'f1_bigdata_pipeline' retrieved from /opt/airflow/dags/f1_pipeline_dag.py
[2026-05-05T18:12:16.661+0000] {logging_mixin.py:188} INFO - [2026-05-05T18:12:16.660+0000] {dag.py:3036} INFO - Sync 1 DAGs
[2026-05-05T18:12:16.685+0000] {logging_mixin.py:188} INFO - [2026-05-05T18:12:16.685+0000] {dag.py:3823} INFO - Setting next_dagrun for f1_bigdata_pipeline to 2026-05-04 06:00:00+00:00, run_after=2026-05-11 06:00:00+00:00
[2026-05-05T18:12:16.695+0000] {processor.py:183} INFO - Processing /opt/airflow/dags/f1_pipeline_dag.py took 0.102 seconds
[2026-05-05T18:12:47.042+0000] {processor.py:161} INFO - Started process (PID=17295) to work on /opt/airflow/dags/f1_pipeline_dag.py
[2026-05-05T18:12:47.044+0000] {processor.py:830} INFO - Processing file /opt/airflow/dags/f1_pipeline_dag.py for tasks to queue
[2026-05-05T18:12:47.045+0000] {logging_mixin.py:188} INFO - [2026-05-05T18:12:47.045+0000] {dagbag.py:538} INFO - Filling up the DagBag from /opt/airflow/dags/f1_pipeline_dag.py
[2026-05-05T18:12:47.060+0000] {processor.py:840} INFO - DAG(s) 'f1_bigdata_pipeline' retrieved from /opt/airflow/dags/f1_pipeline_dag.py
[2026-05-05T18:12:47.092+0000] {logging_mixin.py:188} INFO - [2026-05-05T18:12:47.092+0000] {dag.py:3036} INFO - Sync 1 DAGs
[2026-05-05T18:12:47.108+0000] {logging_mixin.py:188} INFO - [2026-05-05T18:12:47.108+0000] {dag.py:3823} INFO - Setting next_dagrun for f1_bigdata_pipeline to 2026-05-04 06:00:00+00:00, run_after=2026-05-11 06:00:00+00:00
[2026-05-05T18:12:47.118+0000] {processor.py:183} INFO - Processing /opt/airflow/dags/f1_pipeline_dag.py took 0.079 seconds
[2026-05-05T18:13:17.403+0000] {processor.py:161} INFO - Started process (PID=17300) to work on /opt/airflow/dags/f1_pipeline_dag.py
[2026-05-05T18:13:17.405+0000] {processor.py:830} INFO - Processing file /opt/airflow/dags/f1_pipeline_dag.py for tasks to queue
[2026-05-05T18:13:17.406+0000] {logging_mixin.py:188} INFO - [2026-05-05T18:13:17.406+0000] {dagbag.py:538} INFO - Filling up the DagBag from /opt/airflow/dags/f1_pipeline_dag.py
[2026-05-05T18:13:17.436+0000] {processor.py:840} INFO - DAG(s) 'f1_bigdata_pipeline' retrieved from /opt/airflow/dags/f1_pipeline_dag.py
[2026-05-05T18:13:17.477+0000] {logging_mixin.py:188} INFO - [2026-05-05T18:13:17.477+0000] {dag.py:3036} INFO - Sync 1 DAGs
[2026-05-05T18:13:17.504+0000] {logging_mixin.py:188} INFO - [2026-05-05T18:13:17.504+0000] {dag.py:3823} INFO - Setting next_dagrun for f1_bigdata_pipeline to 2026-05-04 06:00:00+00:00, run_after=2026-05-11 06:00:00+00:00
[2026-05-05T18:13:17.518+0000] {processor.py:183} INFO - Processing /opt/airflow/dags/f1_pipeline_dag.py took 0.120 seconds
[2026-05-05T18:13:47.790+0000] {processor.py:161} INFO - Started process (PID=17305) to work on /opt/airflow/dags/f1_pipeline_dag.py
[2026-05-05T18:13:47.791+0000] {processor.py:830} INFO - Processing file /opt/airflow/dags/f1_pipeline_dag.py for tasks to queue
[2026-05-05T18:13:47.792+0000] {logging_mixin.py:188} INFO - [2026-05-05T18:13:47.791+0000] {dagbag.py:538} INFO - Filling up the DagBag from /opt/airflow/dags/f1_pipeline_dag.py
[2026-05-05T18:13:47.821+0000] {processor.py:840} INFO - DAG(s) 'f1_bigdata_pipeline' retrieved from /opt/airflow/dags/f1_pipeline_dag.py
[2026-05-05T18:13:47.862+0000] {logging_mixin.py:188} INFO - [2026-05-05T18:13:47.862+0000] {dag.py:3036} INFO - Sync 1 DAGs
[2026-05-05T18:13:47.880+0000] {logging_mixin.py:188} INFO - [2026-05-05T18:13:47.879+0000] {dag.py:3823} INFO - Setting next_dagrun for f1_bigdata_pipeline to 2026-05-04 06:00:00+00:00, run_after=2026-05-11 06:00:00+00:00
[2026-05-05T18:13:47.889+0000] {processor.py:183} INFO - Processing /opt/airflow/dags/f1_pipeline_dag.py took 0.104 seconds
[2026-05-05T18:14:18.110+0000] {processor.py:161} INFO - Started process (PID=17310) to work on /opt/airflow/dags/f1_pipeline_dag.py
[2026-05-05T18:14:18.112+0000] {processor.py:830} INFO - Processing file /opt/airflow/dags/f1_pipeline_dag.py for tasks to queue
[2026-05-05T18:14:18.113+0000] {logging_mixin.py:188} INFO - [2026-05-05T18:14:18.113+0000] {dagbag.py:538} INFO - Filling up the DagBag from /opt/airflow/dags/f1_pipeline_dag.py
[2026-05-05T18:14:18.130+0000] {processor.py:840} INFO - DAG(s) 'f1_bigdata_pipeline' retrieved from /opt/airflow/dags/f1_pipeline_dag.py
[2026-05-05T18:14:18.171+0000] {logging_mixin.py:188} INFO - [2026-05-05T18:14:18.171+0000] {dag.py:3036} INFO - Sync 1 DAGs
[2026-05-05T18:14:18.188+0000] {logging_mixin.py:188} INFO - [2026-05-05T18:14:18.188+0000] {dag.py:3823} INFO - Setting next_dagrun for f1_bigdata_pipeline to 2026-05-04 06:00:00+00:00, run_after=2026-05-11 06:00:00+00:00
[2026-05-05T18:14:18.198+0000] {processor.py:183} INFO - Processing /opt/airflow/dags/f1_pipeline_dag.py took 0.093 seconds
[2026-05-05T18:14:48.471+0000] {processor.py:161} INFO - Started process (PID=17315) to work on /opt/airflow/dags/f1_pipeline_dag.py
[2026-05-05T18:14:48.472+0000] {processor.py:830} INFO - Processing file /opt/airflow/dags/f1_pipeline_dag.py for tasks to queue
[2026-05-05T18:14:48.473+0000] {logging_mixin.py:188} INFO - [2026-05-05T18:14:48.473+0000] {dagbag.py:538} INFO - Filling up the DagBag from /opt/airflow/dags/f1_pipeline_dag.py
[2026-05-05T18:14:48.490+0000] {processor.py:840} INFO - DAG(s) 'f1_bigdata_pipeline' retrieved from /opt/airflow/dags/f1_pipeline_dag.py
[2026-05-05T18:14:48.543+0000] {logging_mixin.py:188} INFO - [2026-05-05T18:14:48.543+0000] {dag.py:3036} INFO - Sync 1 DAGs
[2026-05-05T18:14:48.562+0000] {logging_mixin.py:188} INFO - [2026-05-05T18:14:48.562+0000] {dag.py:3823} INFO - Setting next_dagrun for f1_bigdata_pipeline to 2026-05-04 06:00:00+00:00, run_after=2026-05-11 06:00:00+00:00
[2026-05-05T18:14:48.572+0000] {processor.py:183} INFO - Processing /opt/airflow/dags/f1_pipeline_dag.py took 0.106 seconds
[2026-05-05T18:15:18.991+0000] {processor.py:161} INFO - Started process (PID=17320) to work on /opt/airflow/dags/f1_pipeline_dag.py
[2026-05-05T18:15:18.993+0000] {processor.py:830} INFO - Processing file /opt/airflow/dags/f1_pipeline_dag.py for tasks to queue
[2026-05-05T18:15:18.994+0000] {logging_mixin.py:188} INFO - [2026-05-05T18:15:18.993+0000] {dagbag.py:538} INFO - Filling up the DagBag from /opt/airflow/dags/f1_pipeline_dag.py
[2026-05-05T18:15:19.030+0000] {processor.py:840} INFO - DAG(s) 'f1_bigdata_pipeline' retrieved from /opt/airflow/dags/f1_pipeline_dag.py
[2026-05-05T18:15:19.070+0000] {logging_mixin.py:188} INFO - [2026-05-05T18:15:19.070+0000] {dag.py:3036} INFO - Sync 1 DAGs
[2026-05-05T18:15:19.098+0000] {logging_mixin.py:188} INFO - [2026-05-05T18:15:19.098+0000] {dag.py:3823} INFO - Setting next_dagrun for f1_bigdata_pipeline to 2026-05-04 06:00:00+00:00, run_after=2026-05-11 06:00:00+00:00
[2026-05-05T18:15:19.108+0000] {processor.py:183} INFO - Processing /opt/airflow/dags/f1_pipeline_dag.py took 0.122 seconds
[2026-05-05T18:15:49.340+0000] {processor.py:161} INFO - Started process (PID=17325) to work on /opt/airflow/dags/f1_pipeline_dag.py
[2026-05-05T18:15:49.341+0000] {processor.py:830} INFO - Processing file /opt/airflow/dags/f1_pipeline_dag.py for tasks to queue
[2026-05-05T18:15:49.342+0000] {logging_mixin.py:188} INFO - [2026-05-05T18:15:49.341+0000] {dagbag.py:538} INFO - Filling up the DagBag from /opt/airflow/dags/f1_pipeline_dag.py
[2026-05-05T18:15:49.358+0000] {processor.py:840} INFO - DAG(s) 'f1_bigdata_pipeline' retrieved from /opt/airflow/dags/f1_pipeline_dag.py
[2026-05-05T18:15:49.399+0000] {logging_mixin.py:188} INFO - [2026-05-05T18:15:49.399+0000] {dag.py:3036} INFO - Sync 1 DAGs
[2026-05-05T18:15:49.421+0000] {logging_mixin.py:188} INFO - [2026-05-05T18:15:49.421+0000] {dag.py:3823} INFO - Setting next_dagrun for f1_bigdata_pipeline to 2026-05-04 06:00:00+00:00, run_after=2026-05-11 06:00:00+00:00
[2026-05-05T18:15:49.431+0000] {processor.py:183} INFO - Processing /opt/airflow/dags/f1_pipeline_dag.py took 0.094 seconds
[2026-05-05T18:16:19.636+0000] {processor.py:161} INFO - Started process (PID=17330) to work on /opt/airflow/dags/f1_pipeline_dag.py
[2026-05-05T18:16:19.637+0000] {processor.py:830} INFO - Processing file /opt/airflow/dags/f1_pipeline_dag.py for tasks to queue
[2026-05-05T18:16:19.638+0000] {logging_mixin.py:188} INFO - [2026-05-05T18:16:19.638+0000] {dagbag.py:538} INFO - Filling up the DagBag from /opt/airflow/dags/f1_pipeline_dag.py
[2026-05-05T18:16:19.664+0000] {processor.py:840} INFO - DAG(s) 'f1_bigdata_pipeline' retrieved from /opt/airflow/dags/f1_pipeline_dag.py
[2026-05-05T18:16:19.702+0000] {logging_mixin.py:188} INFO - [2026-05-05T18:16:19.702+0000] {dag.py:3036} INFO - Sync 1 DAGs
[2026-05-05T18:16:19.719+0000] {logging_mixin.py:188} INFO - [2026-05-05T18:16:19.718+0000] {dag.py:3823} INFO - Setting next_dagrun for f1_bigdata_pipeline to 2026-05-04 06:00:00+00:00, run_after=2026-05-11 06:00:00+00:00
[2026-05-05T18:16:19.728+0000] {processor.py:183} INFO - Processing /opt/airflow/dags/f1_pipeline_dag.py took 0.096 seconds
[2026-05-05T18:16:49.921+0000] {processor.py:161} INFO - Started process (PID=17335) to work on /opt/airflow/dags/f1_pipeline_dag.py
[2026-05-05T18:16:49.923+0000] {processor.py:830} INFO - Processing file /opt/airflow/dags/f1_pipeline_dag.py for tasks to queue
[2026-05-05T18:16:49.924+0000] {logging_mixin.py:188} INFO - [2026-05-05T18:16:49.924+0000] {dagbag.py:538} INFO - Filling up the DagBag from /opt/airflow/dags/f1_pipeline_dag.py
[2026-05-05T18:16:49.959+0000] {processor.py:840} INFO - DAG(s) 'f1_bigdata_pipeline' retrieved from /opt/airflow/dags/f1_pipeline_dag.py
[2026-05-05T18:16:49.990+0000] {logging_mixin.py:188} INFO - [2026-05-05T18:16:49.990+0000] {dag.py:3036} INFO - Sync 1 DAGs
[2026-05-05T18:16:50.007+0000] {logging_mixin.py:188} INFO - [2026-05-05T18:16:50.007+0000] {dag.py:3823} INFO - Setting next_dagrun for f1_bigdata_pipeline to 2026-05-04 06:00:00+00:00, run_after=2026-05-11 06:00:00+00:00
[2026-05-05T18:16:50.024+0000] {processor.py:183} INFO - Processing /opt/airflow/dags/f1_pipeline_dag.py took 0.107 seconds
[2026-05-05T18:17:20.282+0000] {processor.py:161} INFO - Started process (PID=17340) to work on /opt/airflow/dags/f1_pipeline_dag.py
[2026-05-05T18:17:20.283+0000] {processor.py:830} INFO - Processing file /opt/airflow/dags/f1_pipeline_dag.py for tasks to queue
[2026-05-05T18:17:20.285+0000] {logging_mixin.py:188} INFO - [2026-05-05T18:17:20.284+0000] {dagbag.py:538} INFO - Filling up the DagBag from /opt/airflow/dags/f1_pipeline_dag.py
[2026-05-05T18:17:20.317+0000] {processor.py:840} INFO - DAG(s) 'f1_bigdata_pipeline' retrieved from /opt/airflow/dags/f1_pipeline_dag.py
[2026-05-05T18:17:20.351+0000] {logging_mixin.py:188} INFO - [2026-05-05T18:17:20.351+0000] {dag.py:3036} INFO - Sync 1 DAGs
[2026-05-05T18:17:20.368+0000] {logging_mixin.py:188} INFO - [2026-05-05T18:17:20.368+0000] {dag.py:3823} INFO - Setting next_dagrun for f1_bigdata_pipeline to 2026-05-04 06:00:00+00:00, run_after=2026-05-11 06:00:00+00:00
[2026-05-05T18:17:20.390+0000] {processor.py:183} INFO - Processing /opt/airflow/dags/f1_pipeline_dag.py took 0.112 seconds
[2026-05-05T18:17:50.647+0000] {processor.py:161} INFO - Started process (PID=17345) to work on /opt/airflow/dags/f1_pipeline_dag.py
[2026-05-05T18:17:50.649+0000] {processor.py:830} INFO - Processing file /opt/airflow/dags/f1_pipeline_dag.py for tasks to queue
[2026-05-05T18:17:50.651+0000] {logging_mixin.py:188} INFO - [2026-05-05T18:17:50.650+0000] {dagbag.py:538} INFO - Filling up the DagBag from /opt/airflow/dags/f1_pipeline_dag.py
[2026-05-05T18:17:50.666+0000] {processor.py:840} INFO - DAG(s) 'f1_bigdata_pipeline' retrieved from /opt/airflow/dags/f1_pipeline_dag.py
[2026-05-05T18:17:50.715+0000] {logging_mixin.py:188} INFO - [2026-05-05T18:17:50.715+0000] {dag.py:3036} INFO - Sync 1 DAGs
[2026-05-05T18:17:50.730+0000] {logging_mixin.py:188} INFO - [2026-05-05T18:17:50.730+0000] {dag.py:3823} INFO - Setting next_dagrun for f1_bigdata_pipeline to 2026-05-04 06:00:00+00:00, run_after=2026-05-11 06:00:00+00:00
[2026-05-05T18:17:50.739+0000] {processor.py:183} INFO - Processing /opt/airflow/dags/f1_pipeline_dag.py took 0.098 seconds
[2026-05-05T18:18:21.120+0000] {processor.py:161} INFO - Started process (PID=17350) to work on /opt/airflow/dags/f1_pipeline_dag.py
[2026-05-05T18:18:21.121+0000] {processor.py:830} INFO - Processing file /opt/airflow/dags/f1_pipeline_dag.py for tasks to queue
[2026-05-05T18:18:21.122+0000] {logging_mixin.py:188} INFO - [2026-05-05T18:18:21.121+0000] {dagbag.py:538} INFO - Filling up the DagBag from /opt/airflow/dags/f1_pipeline_dag.py
[2026-05-05T18:18:21.138+0000] {processor.py:840} INFO - DAG(s) 'f1_bigdata_pipeline' retrieved from /opt/airflow/dags/f1_pipeline_dag.py
[2026-05-05T18:18:21.188+0000] {logging_mixin.py:188} INFO - [2026-05-05T18:18:21.187+0000] {dag.py:3036} INFO - Sync 1 DAGs
[2026-05-05T18:18:21.205+0000] {logging_mixin.py:188} INFO - [2026-05-05T18:18:21.205+0000] {dag.py:3823} INFO - Setting next_dagrun for f1_bigdata_pipeline to 2026-05-04 06:00:00+00:00, run_after=2026-05-11 06:00:00+00:00
[2026-05-05T18:18:21.214+0000] {processor.py:183} INFO - Processing /opt/airflow/dags/f1_pipeline_dag.py took 0.098 seconds
[2026-05-05T18:18:51.482+0000] {processor.py:161} INFO - Started process (PID=17355) to work on /opt/airflow/dags/f1_pipeline_dag.py
[2026-05-05T18:18:51.483+0000] {processor.py:830} INFO - Processing file /opt/airflow/dags/f1_pipeline_dag.py for tasks to queue
[2026-05-05T18:18:51.484+0000] {logging_mixin.py:188} INFO - [2026-05-05T18:18:51.483+0000] {dagbag.py:538} INFO - Filling up the DagBag from /opt/airflow/dags/f1_pipeline_dag.py
[2026-05-05T18:18:51.523+0000] {processor.py:840} INFO - DAG(s) 'f1_bigdata_pipeline' retrieved from /opt/airflow/dags/f1_pipeline_dag.py
[2026-05-05T18:18:51.557+0000] {logging_mixin.py:188} INFO - [2026-05-05T18:18:51.557+0000] {dag.py:3036} INFO - Sync 1 DAGs
[2026-05-05T18:18:51.585+0000] {logging_mixin.py:188} INFO - [2026-05-05T18:18:51.585+0000] {dag.py:3823} INFO - Setting next_dagrun for f1_bigdata_pipeline to 2026-05-04 06:00:00+00:00, run_after=2026-05-11 06:00:00+00:00
[2026-05-05T18:18:51.594+0000] {processor.py:183} INFO - Processing /opt/airflow/dags/f1_pipeline_dag.py took 0.117 seconds
[2026-05-05T18:19:21.894+0000] {processor.py:161} INFO - Started process (PID=17360) to work on /opt/airflow/dags/f1_pipeline_dag.py
[2026-05-05T18:19:21.895+0000] {processor.py:830} INFO - Processing file /opt/airflow/dags/f1_pipeline_dag.py for tasks to queue
[2026-05-05T18:19:21.896+0000] {logging_mixin.py:188} INFO - [2026-05-05T18:19:21.895+0000] {dagbag.py:538} INFO - Filling up the DagBag from /opt/airflow/dags/f1_pipeline_dag.py
[2026-05-05T18:19:21.911+0000] {processor.py:840} INFO - DAG(s) 'f1_bigdata_pipeline' retrieved from /opt/airflow/dags/f1_pipeline_dag.py
[2026-05-05T18:19:21.955+0000] {logging_mixin.py:188} INFO - [2026-05-05T18:19:21.955+0000] {dag.py:3036} INFO - Sync 1 DAGs
[2026-05-05T18:19:21.974+0000] {logging_mixin.py:188} INFO - [2026-05-05T18:19:21.974+0000] {dag.py:3823} INFO - Setting next_dagrun for f1_bigdata_pipeline to 2026-05-04 06:00:00+00:00, run_after=2026-05-11 06:00:00+00:00
[2026-05-05T18:19:21.985+0000] {processor.py:183} INFO - Processing /opt/airflow/dags/f1_pipeline_dag.py took 0.096 seconds
[2026-05-05T18:19:52.263+0000] {processor.py:161} INFO - Started process (PID=17365) to work on /opt/airflow/dags/f1_pipeline_dag.py
[2026-05-05T18:19:52.264+0000] {processor.py:830} INFO - Processing file /opt/airflow/dags/f1_pipeline_dag.py for tasks to queue
[2026-05-05T18:19:52.265+0000] {logging_mixin.py:188} INFO - [2026-05-05T18:19:52.265+0000] {dagbag.py:538} INFO - Filling up the DagBag from /opt/airflow/dags/f1_pipeline_dag.py
[2026-05-05T18:19:52.281+0000] {processor.py:840} INFO - DAG(s) 'f1_bigdata_pipeline' retrieved from /opt/airflow/dags/f1_pipeline_dag.py
[2026-05-05T18:19:52.326+0000] {logging_mixin.py:188} INFO - [2026-05-05T18:19:52.326+0000] {dag.py:3036} INFO - Sync 1 DAGs
[2026-05-05T18:19:52.344+0000] {logging_mixin.py:188} INFO - [2026-05-05T18:19:52.344+0000] {dag.py:3823} INFO - Setting next_dagrun for f1_bigdata_pipeline to 2026-05-04 06:00:00+00:00, run_after=2026-05-11 06:00:00+00:00
[2026-05-05T18:19:52.353+0000] {processor.py:183} INFO - Processing /opt/airflow/dags/f1_pipeline_dag.py took 0.095 seconds
[2026-05-05T18:20:22.655+0000] {processor.py:161} INFO - Started process (PID=17370) to work on /opt/airflow/dags/f1_pipeline_dag.py
[2026-05-05T18:20:22.656+0000] {processor.py:830} INFO - Processing file /opt/airflow/dags/f1_pipeline_dag.py for tasks to queue
[2026-05-05T18:20:22.657+0000] {logging_mixin.py:188} INFO - [2026-05-05T18:20:22.656+0000] {dagbag.py:538} INFO - Filling up the DagBag from /opt/airflow/dags/f1_pipeline_dag.py
[2026-05-05T18:20:22.680+0000] {processor.py:840} INFO - DAG(s) 'f1_bigdata_pipeline' retrieved from /opt/airflow/dags/f1_pipeline_dag.py
[2026-05-05T18:20:22.713+0000] {logging_mixin.py:188} INFO - [2026-05-05T18:20:22.713+0000] {dag.py:3036} INFO - Sync 1 DAGs
[2026-05-05T18:20:22.739+0000] {logging_mixin.py:188} INFO - [2026-05-05T18:20:22.738+0000] {dag.py:3823} INFO - Setting next_dagrun for f1_bigdata_pipeline to 2026-05-04 06:00:00+00:00, run_after=2026-05-11 06:00:00+00:00
[2026-05-05T18:20:22.749+0000] {processor.py:183} INFO - Processing /opt/airflow/dags/f1_pipeline_dag.py took 0.097 seconds
[2026-05-05T18:20:53.042+0000] {processor.py:161} INFO - Started process (PID=17375) to work on /opt/airflow/dags/f1_pipeline_dag.py
[2026-05-05T18:20:53.043+0000] {processor.py:830} INFO - Processing file /opt/airflow/dags/f1_pipeline_dag.py for tasks to queue
[2026-05-05T18:20:53.044+0000] {logging_mixin.py:188} INFO - [2026-05-05T18:20:53.044+0000] {dagbag.py:538} INFO - Filling up the DagBag from /opt/airflow/dags/f1_pipeline_dag.py
[2026-05-05T18:20:53.071+0000] {processor.py:840} INFO - DAG(s) 'f1_bigdata_pipeline' retrieved from /opt/airflow/dags/f1_pipeline_dag.py
[2026-05-05T18:20:53.112+0000] {logging_mixin.py:188} INFO - [2026-05-05T18:20:53.112+0000] {dag.py:3036} INFO - Sync 1 DAGs
[2026-05-05T18:20:53.144+0000] {logging_mixin.py:188} INFO - [2026-05-05T18:20:53.143+0000] {dag.py:3823} INFO - Setting next_dagrun for f1_bigdata_pipeline to 2026-05-04 06:00:00+00:00, run_after=2026-05-11 06:00:00+00:00
[2026-05-05T18:20:53.201+0000] {processor.py:183} INFO - Processing /opt/airflow/dags/f1_pipeline_dag.py took 0.162 seconds
[2026-05-05T18:21:23.385+0000] {processor.py:161} INFO - Started process (PID=17380) to work on /opt/airflow/dags/f1_pipeline_dag.py
[2026-05-05T18:21:23.386+0000] {processor.py:830} INFO - Processing file /opt/airflow/dags/f1_pipeline_dag.py for tasks to queue
[2026-05-05T18:21:23.388+0000] {logging_mixin.py:188} INFO - [2026-05-05T18:21:23.387+0000] {dagbag.py:538} INFO - Filling up the DagBag from /opt/airflow/dags/f1_pipeline_dag.py
[2026-05-05T18:21:23.403+0000] {processor.py:840} INFO - DAG(s) 'f1_bigdata_pipeline' retrieved from /opt/airflow/dags/f1_pipeline_dag.py
[2026-05-05T18:21:23.443+0000] {logging_mixin.py:188} INFO - [2026-05-05T18:21:23.443+0000] {dag.py:3036} INFO - Sync 1 DAGs
[2026-05-05T18:21:23.459+0000] {logging_mixin.py:188} INFO - [2026-05-05T18:21:23.459+0000] {dag.py:3823} INFO - Setting next_dagrun for f1_bigdata_pipeline to 2026-05-04 06:00:00+00:00, run_after=2026-05-11 06:00:00+00:00
[2026-05-05T18:21:23.469+0000] {processor.py:183} INFO - Processing /opt/airflow/dags/f1_pipeline_dag.py took 0.090 seconds
[2026-05-05T18:21:53.824+0000] {processor.py:161} INFO - Started process (PID=17385) to work on /opt/airflow/dags/f1_pipeline_dag.py
[2026-05-05T18:21:53.825+0000] {processor.py:830} INFO - Processing file /opt/airflow/dags/f1_pipeline_dag.py for tasks to queue
[2026-05-05T18:21:53.826+0000] {logging_mixin.py:188} INFO - [2026-05-05T18:21:53.825+0000] {dagbag.py:538} INFO - Filling up the DagBag from /opt/airflow/dags/f1_pipeline_dag.py
[2026-05-05T18:21:53.843+0000] {processor.py:840} INFO - DAG(s) 'f1_bigdata_pipeline' retrieved from /opt/airflow/dags/f1_pipeline_dag.py
[2026-05-05T18:21:53.872+0000] {logging_mixin.py:188} INFO - [2026-05-05T18:21:53.872+0000] {dag.py:3036} INFO - Sync 1 DAGs
[2026-05-05T18:21:53.897+0000] {logging_mixin.py:188} INFO - [2026-05-05T18:21:53.897+0000] {dag.py:3823} INFO - Setting next_dagrun for f1_bigdata_pipeline to 2026-05-04 06:00:00+00:00, run_after=2026-05-11 06:00:00+00:00
[2026-05-05T18:21:53.906+0000] {processor.py:183} INFO - Processing /opt/airflow/dags/f1_pipeline_dag.py took 0.086 seconds
[2026-05-05T18:22:24.268+0000] {processor.py:161} INFO - Started process (PID=17390) to work on /opt/airflow/dags/f1_pipeline_dag.py
[2026-05-05T18:22:24.269+0000] {processor.py:830} INFO - Processing file /opt/airflow/dags/f1_pipeline_dag.py for tasks to queue
[2026-05-05T18:22:24.270+0000] {logging_mixin.py:188} INFO - [2026-05-05T18:22:24.269+0000] {dagbag.py:538} INFO - Filling up the DagBag from /opt/airflow/dags/f1_pipeline_dag.py
[2026-05-05T18:22:24.288+0000] {processor.py:840} INFO - DAG(s) 'f1_bigdata_pipeline' retrieved from /opt/airflow/dags/f1_pipeline_dag.py
[2026-05-05T18:22:24.329+0000] {logging_mixin.py:188} INFO - [2026-05-05T18:22:24.329+0000] {dag.py:3036} INFO - Sync 1 DAGs
[2026-05-05T18:22:24.345+0000] {logging_mixin.py:188} INFO - [2026-05-05T18:22:24.345+0000] {dag.py:3823} INFO - Setting next_dagrun for f1_bigdata_pipeline to 2026-05-04 06:00:00+00:00, run_after=2026-05-11 06:00:00+00:00
[2026-05-05T18:22:24.354+0000] {processor.py:183} INFO - Processing /opt/airflow/dags/f1_pipeline_dag.py took 0.098 seconds
[2026-05-05T18:22:54.599+0000] {processor.py:161} INFO - Started process (PID=17395) to work on /opt/airflow/dags/f1_pipeline_dag.py
[2026-05-05T18:22:54.600+0000] {processor.py:830} INFO - Processing file /opt/airflow/dags/f1_pipeline_dag.py for tasks to queue
[2026-05-05T18:22:54.601+0000] {logging_mixin.py:188} INFO - [2026-05-05T18:22:54.600+0000] {dagbag.py:538} INFO - Filling up the DagBag from /opt/airflow/dags/f1_pipeline_dag.py
[2026-05-05T18:22:54.633+0000] {processor.py:840} INFO - DAG(s) 'f1_bigdata_pipeline' retrieved from /opt/airflow/dags/f1_pipeline_dag.py
[2026-05-05T18:22:54.664+0000] {logging_mixin.py:188} INFO - [2026-05-05T18:22:54.664+0000] {dag.py:3036} INFO - Sync 1 DAGs
[2026-05-05T18:22:54.689+0000] {logging_mixin.py:188} INFO - [2026-05-05T18:22:54.689+0000] {dag.py:3823} INFO - Setting next_dagrun for f1_bigdata_pipeline to 2026-05-04 06:00:00+00:00, run_after=2026-05-11 06:00:00+00:00
[2026-05-05T18:22:54.702+0000] {processor.py:183} INFO - Processing /opt/airflow/dags/f1_pipeline_dag.py took 0.107 seconds
[2026-05-05T18:23:24.997+0000] {processor.py:161} INFO - Started process (PID=17400) to work on /opt/airflow/dags/f1_pipeline_dag.py
[2026-05-05T18:23:24.998+0000] {processor.py:830} INFO - Processing file /opt/airflow/dags/f1_pipeline_dag.py for tasks to queue
[2026-05-05T18:23:24.999+0000] {logging_mixin.py:188} INFO - [2026-05-05T18:23:24.999+0000] {dagbag.py:538} INFO - Filling up the DagBag from /opt/airflow/dags/f1_pipeline_dag.py
[2026-05-05T18:23:25.011+0000] {processor.py:840} INFO - DAG(s) 'f1_bigdata_pipeline' retrieved from /opt/airflow/dags/f1_pipeline_dag.py
[2026-05-05T18:23:25.053+0000] {logging_mixin.py:188} INFO - [2026-05-05T18:23:25.052+0000] {dag.py:3036} INFO - Sync 1 DAGs
[2026-05-05T18:23:25.072+0000] {logging_mixin.py:188} INFO - [2026-05-05T18:23:25.072+0000] {dag.py:3823} INFO - Setting next_dagrun for f1_bigdata_pipeline to 2026-05-04 06:00:00+00:00, run_after=2026-05-11 06:00:00+00:00
[2026-05-05T18:23:25.082+0000] {processor.py:183} INFO - Processing /opt/airflow/dags/f1_pipeline_dag.py took 0.088 seconds
[2026-05-05T18:23:55.343+0000] {processor.py:161} INFO - Started process (PID=17405) to work on /opt/airflow/dags/f1_pipeline_dag.py
[2026-05-05T18:23:55.344+0000] {processor.py:830} INFO - Processing file /opt/airflow/dags/f1_pipeline_dag.py for tasks to queue
[2026-05-05T18:23:55.344+0000] {logging_mixin.py:188} INFO - [2026-05-05T18:23:55.344+0000] {dagbag.py:538} INFO - Filling up the DagBag from /opt/airflow/dags/f1_pipeline_dag.py
[2026-05-05T18:23:55.374+0000] {processor.py:840} INFO - DAG(s) 'f1_bigdata_pipeline' retrieved from /opt/airflow/dags/f1_pipeline_dag.py
[2026-05-05T18:23:55.400+0000] {logging_mixin.py:188} INFO - [2026-05-05T18:23:55.400+0000] {dag.py:3036} INFO - Sync 1 DAGs
[2026-05-05T18:23:55.425+0000] {logging_mixin.py:188} INFO - [2026-05-05T18:23:55.425+0000] {dag.py:3823} INFO - Setting next_dagrun for f1_bigdata_pipeline to 2026-05-04 06:00:00+00:00, run_after=2026-05-11 06:00:00+00:00
[2026-05-05T18:23:55.438+0000] {processor.py:183} INFO - Processing /opt/airflow/dags/f1_pipeline_dag.py took 0.099 seconds
[2026-05-05T18:24:25.722+0000] {processor.py:161} INFO - Started process (PID=17410) to work on /opt/airflow/dags/f1_pipeline_dag.py
[2026-05-05T18:24:25.723+0000] {processor.py:830} INFO - Processing file /opt/airflow/dags/f1_pipeline_dag.py for tasks to queue
[2026-05-05T18:24:25.724+0000] {logging_mixin.py:188} INFO - [2026-05-05T18:24:25.723+0000] {dagbag.py:538} INFO - Filling up the DagBag from /opt/airflow/dags/f1_pipeline_dag.py
[2026-05-05T18:24:25.752+0000] {processor.py:840} INFO - DAG(s) 'f1_bigdata_pipeline' retrieved from /opt/airflow/dags/f1_pipeline_dag.py
[2026-05-05T18:24:25.781+0000] {logging_mixin.py:188} INFO - [2026-05-05T18:24:25.781+0000] {dag.py:3036} INFO - Sync 1 DAGs
[2026-05-05T18:24:25.819+0000] {logging_mixin.py:188} INFO - [2026-05-05T18:24:25.819+0000] {dag.py:3823} INFO - Setting next_dagrun for f1_bigdata_pipeline to 2026-05-04 06:00:00+00:00, run_after=2026-05-11 06:00:00+00:00
[2026-05-05T18:24:25.829+0000] {processor.py:183} INFO - Processing /opt/airflow/dags/f1_pipeline_dag.py took 0.112 seconds
[2026-05-05T18:24:56.235+0000] {processor.py:161} INFO - Started process (PID=17415) to work on /opt/airflow/dags/f1_pipeline_dag.py
[2026-05-05T18:24:56.236+0000] {processor.py:830} INFO - Processing file /opt/airflow/dags/f1_pipeline_dag.py for tasks to queue
[2026-05-05T18:24:56.238+0000] {logging_mixin.py:188} INFO - [2026-05-05T18:24:56.237+0000] {dagbag.py:538} INFO - Filling up the DagBag from /opt/airflow/dags/f1_pipeline_dag.py
[2026-05-05T18:24:56.258+0000] {processor.py:840} INFO - DAG(s) 'f1_bigdata_pipeline' retrieved from /opt/airflow/dags/f1_pipeline_dag.py
[2026-05-05T18:24:56.303+0000] {logging_mixin.py:188} INFO - [2026-05-05T18:24:56.303+0000] {dag.py:3036} INFO - Sync 1 DAGs
[2026-05-05T18:24:56.320+0000] {logging_mixin.py:188} INFO - [2026-05-05T18:24:56.320+0000] {dag.py:3823} INFO - Setting next_dagrun for f1_bigdata_pipeline to 2026-05-04 06:00:00+00:00, run_after=2026-05-11 06:00:00+00:00
[2026-05-05T18:24:56.330+0000] {processor.py:183} INFO - Processing /opt/airflow/dags/f1_pipeline_dag.py took 0.099 seconds
[2026-05-05T18:25:26.575+0000] {processor.py:161} INFO - Started process (PID=17420) to work on /opt/airflow/dags/f1_pipeline_dag.py
[2026-05-05T18:25:26.577+0000] {processor.py:830} INFO - Processing file /opt/airflow/dags/f1_pipeline_dag.py for tasks to queue
[2026-05-05T18:25:26.578+0000] {logging_mixin.py:188} INFO - [2026-05-05T18:25:26.578+0000] {dagbag.py:538} INFO - Filling up the DagBag from /opt/airflow/dags/f1_pipeline_dag.py
[2026-05-05T18:25:26.593+0000] {processor.py:840} INFO - DAG(s) 'f1_bigdata_pipeline' retrieved from /opt/airflow/dags/f1_pipeline_dag.py
[2026-05-05T18:25:26.641+0000] {logging_mixin.py:188} INFO - [2026-05-05T18:25:26.641+0000] {dag.py:3036} INFO - Sync 1 DAGs
[2026-05-05T18:25:26.658+0000] {logging_mixin.py:188} INFO - [2026-05-05T18:25:26.658+0000] {dag.py:3823} INFO - Setting next_dagrun for f1_bigdata_pipeline to 2026-05-04 06:00:00+00:00, run_after=2026-05-11 06:00:00+00:00
[2026-05-05T18:25:26.669+0000] {processor.py:183} INFO - Processing /opt/airflow/dags/f1_pipeline_dag.py took 0.098 seconds
[2026-05-05T18:25:56.885+0000] {processor.py:161} INFO - Started process (PID=17425) to work on /opt/airflow/dags/f1_pipeline_dag.py
[2026-05-05T18:25:56.886+0000] {processor.py:830} INFO - Processing file /opt/airflow/dags/f1_pipeline_dag.py for tasks to queue
[2026-05-05T18:25:56.887+0000] {logging_mixin.py:188} INFO - [2026-05-05T18:25:56.887+0000] {dagbag.py:538} INFO - Filling up the DagBag from /opt/airflow/dags/f1_pipeline_dag.py
[2026-05-05T18:25:56.903+0000] {processor.py:840} INFO - DAG(s) 'f1_bigdata_pipeline' retrieved from /opt/airflow/dags/f1_pipeline_dag.py
[2026-05-05T18:25:56.970+0000] {logging_mixin.py:188} INFO - [2026-05-05T18:25:56.970+0000] {dag.py:3036} INFO - Sync 1 DAGs
[2026-05-05T18:25:57.077+0000] {logging_mixin.py:188} INFO - [2026-05-05T18:25:57.077+0000] {dag.py:3823} INFO - Setting next_dagrun for f1_bigdata_pipeline to 2026-05-04 06:00:00+00:00, run_after=2026-05-11 06:00:00+00:00
[2026-05-05T18:25:57.087+0000] {processor.py:183} INFO - Processing /opt/airflow/dags/f1_pipeline_dag.py took 0.206 seconds
[2026-05-05T18:26:27.218+0000] {processor.py:161} INFO - Started process (PID=17430) to work on /opt/airflow/dags/f1_pipeline_dag.py
[2026-05-05T18:26:27.219+0000] {processor.py:830} INFO - Processing file /opt/airflow/dags/f1_pipeline_dag.py for tasks to queue
[2026-05-05T18:26:27.221+0000] {logging_mixin.py:188} INFO - [2026-05-05T18:26:27.220+0000] {dagbag.py:538} INFO - Filling up the DagBag from /opt/airflow/dags/f1_pipeline_dag.py
[2026-05-05T18:26:27.240+0000] {processor.py:840} INFO - DAG(s) 'f1_bigdata_pipeline' retrieved from /opt/airflow/dags/f1_pipeline_dag.py
[2026-05-05T18:26:27.287+0000] {logging_mixin.py:188} INFO - [2026-05-05T18:26:27.286+0000] {dag.py:3036} INFO - Sync 1 DAGs
[2026-05-05T18:26:27.304+0000] {logging_mixin.py:188} INFO - [2026-05-05T18:26:27.304+0000] {dag.py:3823} INFO - Setting next_dagrun for f1_bigdata_pipeline to 2026-05-04 06:00:00+00:00, run_after=2026-05-11 06:00:00+00:00
[2026-05-05T18:26:27.313+0000] {processor.py:183} INFO - Processing /opt/airflow/dags/f1_pipeline_dag.py took 0.099 seconds
[2026-05-05T18:26:57.656+0000] {processor.py:161} INFO - Started process (PID=17435) to work on /opt/airflow/dags/f1_pipeline_dag.py
[2026-05-05T18:26:57.657+0000] {processor.py:830} INFO - Processing file /opt/airflow/dags/f1_pipeline_dag.py for tasks to queue
[2026-05-05T18:26:57.658+0000] {logging_mixin.py:188} INFO - [2026-05-05T18:26:57.658+0000] {dagbag.py:538} INFO - Filling up the DagBag from /opt/airflow/dags/f1_pipeline_dag.py
[2026-05-05T18:26:57.677+0000] {processor.py:840} INFO - DAG(s) 'f1_bigdata_pipeline' retrieved from /opt/airflow/dags/f1_pipeline_dag.py
[2026-05-05T18:26:57.703+0000] {logging_mixin.py:188} INFO - [2026-05-05T18:26:57.703+0000] {dag.py:3036} INFO - Sync 1 DAGs
[2026-05-05T18:26:57.718+0000] {logging_mixin.py:188} INFO - [2026-05-05T18:26:57.718+0000] {dag.py:3823} INFO - Setting next_dagrun for f1_bigdata_pipeline to 2026-05-04 06:00:00+00:00, run_after=2026-05-11 06:00:00+00:00
[2026-05-05T18:26:57.727+0000] {processor.py:183} INFO - Processing /opt/airflow/dags/f1_pipeline_dag.py took 0.076 seconds
[2026-05-05T18:27:28.017+0000] {processor.py:161} INFO - Started process (PID=17440) to work on /opt/airflow/dags/f1_pipeline_dag.py
[2026-05-05T18:27:28.018+0000] {processor.py:830} INFO - Processing file /opt/airflow/dags/f1_pipeline_dag.py for tasks to queue
[2026-05-05T18:27:28.019+0000] {logging_mixin.py:188} INFO - [2026-05-05T18:27:28.018+0000] {dagbag.py:538} INFO - Filling up the DagBag from /opt/airflow/dags/f1_pipeline_dag.py
[2026-05-05T18:27:28.050+0000] {processor.py:840} INFO - DAG(s) 'f1_bigdata_pipeline' retrieved from /opt/airflow/dags/f1_pipeline_dag.py
[2026-05-05T18:27:28.093+0000] {logging_mixin.py:188} INFO - [2026-05-05T18:27:28.093+0000] {dag.py:3036} INFO - Sync 1 DAGs
[2026-05-05T18:27:28.130+0000] {logging_mixin.py:188} INFO - [2026-05-05T18:27:28.130+0000] {dag.py:3823} INFO - Setting next_dagrun for f1_bigdata_pipeline to 2026-05-04 06:00:00+00:00, run_after=2026-05-11 06:00:00+00:00
[2026-05-05T18:27:28.139+0000] {processor.py:183} INFO - Processing /opt/airflow/dags/f1_pipeline_dag.py took 0.127 seconds
[2026-05-05T18:27:58.381+0000] {processor.py:161} INFO - Started process (PID=17445) to work on /opt/airflow/dags/f1_pipeline_dag.py
[2026-05-05T18:27:58.382+0000] {processor.py:830} INFO - Processing file /opt/airflow/dags/f1_pipeline_dag.py for tasks to queue
[2026-05-05T18:27:58.383+0000] {logging_mixin.py:188} INFO - [2026-05-05T18:27:58.383+0000] {dagbag.py:538} INFO - Filling up the DagBag from /opt/airflow/dags/f1_pipeline_dag.py
[2026-05-05T18:27:58.403+0000] {processor.py:840} INFO - DAG(s) 'f1_bigdata_pipeline' retrieved from /opt/airflow/dags/f1_pipeline_dag.py
[2026-05-05T18:27:58.430+0000] {logging_mixin.py:188} INFO - [2026-05-05T18:27:58.430+0000] {dag.py:3036} INFO - Sync 1 DAGs
[2026-05-05T18:27:58.450+0000] {logging_mixin.py:188} INFO - [2026-05-05T18:27:58.450+0000] {dag.py:3823} INFO - Setting next_dagrun for f1_bigdata_pipeline to 2026-05-04 06:00:00+00:00, run_after=2026-05-11 06:00:00+00:00
[2026-05-05T18:27:58.469+0000] {processor.py:183} INFO - Processing /opt/airflow/dags/f1_pipeline_dag.py took 0.093 seconds
[2026-05-05T18:28:28.769+0000] {processor.py:161} INFO - Started process (PID=17450) to work on /opt/airflow/dags/f1_pipeline_dag.py
[2026-05-05T18:28:28.771+0000] {processor.py:830} INFO - Processing file /opt/airflow/dags/f1_pipeline_dag.py for tasks to queue
[2026-05-05T18:28:28.772+0000] {logging_mixin.py:188} INFO - [2026-05-05T18:28:28.772+0000] {dagbag.py:538} INFO - Filling up the DagBag from /opt/airflow/dags/f1_pipeline_dag.py
[2026-05-05T18:28:28.793+0000] {processor.py:840} INFO - DAG(s) 'f1_bigdata_pipeline' retrieved from /opt/airflow/dags/f1_pipeline_dag.py
[2026-05-05T18:28:28.826+0000] {logging_mixin.py:188} INFO - [2026-05-05T18:28:28.826+0000] {dag.py:3036} INFO - Sync 1 DAGs
[2026-05-05T18:28:28.841+0000] {logging_mixin.py:188} INFO - [2026-05-05T18:28:28.841+0000] {dag.py:3823} INFO - Setting next_dagrun for f1_bigdata_pipeline to 2026-05-04 06:00:00+00:00, run_after=2026-05-11 06:00:00+00:00
[2026-05-05T18:28:28.857+0000] {processor.py:183} INFO - Processing /opt/airflow/dags/f1_pipeline_dag.py took 0.093 seconds
[2026-05-05T18:28:59.169+0000] {processor.py:161} INFO - Started process (PID=17455) to work on /opt/airflow/dags/f1_pipeline_dag.py
[2026-05-05T18:28:59.174+0000] {processor.py:830} INFO - Processing file /opt/airflow/dags/f1_pipeline_dag.py for tasks to queue
[2026-05-05T18:28:59.177+0000] {logging_mixin.py:188} INFO - [2026-05-05T18:28:59.175+0000] {dagbag.py:538} INFO - Filling up the DagBag from /opt/airflow/dags/f1_pipeline_dag.py
[2026-05-05T18:28:59.200+0000] {processor.py:840} INFO - DAG(s) 'f1_bigdata_pipeline' retrieved from /opt/airflow/dags/f1_pipeline_dag.py
[2026-05-05T18:28:59.303+0000] {logging_mixin.py:188} INFO - [2026-05-05T18:28:59.303+0000] {dag.py:3036} INFO - Sync 1 DAGs
[2026-05-05T18:28:59.333+0000] {logging_mixin.py:188} INFO - [2026-05-05T18:28:59.333+0000] {dag.py:3823} INFO - Setting next_dagrun for f1_bigdata_pipeline to 2026-05-04 06:00:00+00:00, run_after=2026-05-11 06:00:00+00:00
[2026-05-05T18:28:59.345+0000] {processor.py:183} INFO - Processing /opt/airflow/dags/f1_pipeline_dag.py took 0.182 seconds
[2026-05-05T18:29:29.755+0000] {processor.py:161} INFO - Started process (PID=17460) to work on /opt/airflow/dags/f1_pipeline_dag.py
[2026-05-05T18:29:29.756+0000] {processor.py:830} INFO - Processing file /opt/airflow/dags/f1_pipeline_dag.py for tasks to queue
[2026-05-05T18:29:29.757+0000] {logging_mixin.py:188} INFO - [2026-05-05T18:29:29.757+0000] {dagbag.py:538} INFO - Filling up the DagBag from /opt/airflow/dags/f1_pipeline_dag.py
[2026-05-05T18:29:29.778+0000] {processor.py:840} INFO - DAG(s) 'f1_bigdata_pipeline' retrieved from /opt/airflow/dags/f1_pipeline_dag.py
[2026-05-05T18:29:29.812+0000] {logging_mixin.py:188} INFO - [2026-05-05T18:29:29.811+0000] {dag.py:3036} INFO - Sync 1 DAGs
[2026-05-05T18:29:29.831+0000] {logging_mixin.py:188} INFO - [2026-05-05T18:29:29.831+0000] {dag.py:3823} INFO - Setting next_dagrun for f1_bigdata_pipeline to 2026-05-04 06:00:00+00:00, run_after=2026-05-11 06:00:00+00:00
[2026-05-05T18:29:29.841+0000] {processor.py:183} INFO - Processing /opt/airflow/dags/f1_pipeline_dag.py took 0.090 seconds
[2026-05-05T18:30:00.368+0000] {processor.py:161} INFO - Started process (PID=17465) to work on /opt/airflow/dags/f1_pipeline_dag.py
[2026-05-05T18:30:00.371+0000] {processor.py:830} INFO - Processing file /opt/airflow/dags/f1_pipeline_dag.py for tasks to queue
[2026-05-05T18:30:00.372+0000] {logging_mixin.py:188} INFO - [2026-05-05T18:30:00.371+0000] {dagbag.py:538} INFO - Filling up the DagBag from /opt/airflow/dags/f1_pipeline_dag.py
[2026-05-05T18:30:00.399+0000] {processor.py:840} INFO - DAG(s) 'f1_bigdata_pipeline' retrieved from /opt/airflow/dags/f1_pipeline_dag.py
[2026-05-05T18:30:00.574+0000] {logging_mixin.py:188} INFO - [2026-05-05T18:30:00.573+0000] {dag.py:3036} INFO - Sync 1 DAGs
[2026-05-05T18:30:00.589+0000] {logging_mixin.py:188} INFO - [2026-05-05T18:30:00.589+0000] {dag.py:3823} INFO - Setting next_dagrun for f1_bigdata_pipeline to 2026-05-04 06:00:00+00:00, run_after=2026-05-11 06:00:00+00:00
[2026-05-05T18:30:00.598+0000] {processor.py:183} INFO - Processing /opt/airflow/dags/f1_pipeline_dag.py took 0.236 seconds
[2026-05-05T18:30:30.903+0000] {processor.py:161} INFO - Started process (PID=17470) to work on /opt/airflow/dags/f1_pipeline_dag.py
[2026-05-05T18:30:30.906+0000] {processor.py:830} INFO - Processing file /opt/airflow/dags/f1_pipeline_dag.py for tasks to queue
[2026-05-05T18:30:30.908+0000] {logging_mixin.py:188} INFO - [2026-05-05T18:30:30.907+0000] {dagbag.py:538} INFO - Filling up the DagBag from /opt/airflow/dags/f1_pipeline_dag.py
[2026-05-05T18:30:30.930+0000] {processor.py:840} INFO - DAG(s) 'f1_bigdata_pipeline' retrieved from /opt/airflow/dags/f1_pipeline_dag.py
[2026-05-05T18:30:30.976+0000] {logging_mixin.py:188} INFO - [2026-05-05T18:30:30.976+0000] {dag.py:3036} INFO - Sync 1 DAGs
[2026-05-05T18:30:30.995+0000] {logging_mixin.py:188} INFO - [2026-05-05T18:30:30.995+0000] {dag.py:3823} INFO - Setting next_dagrun for f1_bigdata_pipeline to 2026-05-04 06:00:00+00:00, run_after=2026-05-11 06:00:00+00:00
[2026-05-05T18:30:31.049+0000] {processor.py:183} INFO - Processing /opt/airflow/dags/f1_pipeline_dag.py took 0.152 seconds
[2026-05-05T18:31:01.345+0000] {processor.py:161} INFO - Started process (PID=17475) to work on /opt/airflow/dags/f1_pipeline_dag.py
[2026-05-05T18:31:01.362+0000] {processor.py:830} INFO - Processing file /opt/airflow/dags/f1_pipeline_dag.py for tasks to queue
[2026-05-05T18:31:01.370+0000] {logging_mixin.py:188} INFO - [2026-05-05T18:31:01.368+0000] {dagbag.py:538} INFO - Filling up the DagBag from /opt/airflow/dags/f1_pipeline_dag.py
[2026-05-05T18:31:01.497+0000] {processor.py:840} INFO - DAG(s) 'f1_bigdata_pipeline' retrieved from /opt/airflow/dags/f1_pipeline_dag.py
[2026-05-05T18:31:01.586+0000] {logging_mixin.py:188} INFO - [2026-05-05T18:31:01.586+0000] {dag.py:3036} INFO - Sync 1 DAGs
[2026-05-05T18:31:01.622+0000] {logging_mixin.py:188} INFO - [2026-05-05T18:31:01.622+0000] {dag.py:3823} INFO - Setting next_dagrun for f1_bigdata_pipeline to 2026-05-04 06:00:00+00:00, run_after=2026-05-11 06:00:00+00:00
[2026-05-05T18:31:01.636+0000] {processor.py:183} INFO - Processing /opt/airflow/dags/f1_pipeline_dag.py took 0.337 seconds
[2026-05-05T18:31:31.743+0000] {processor.py:161} INFO - Started process (PID=17492) to work on /opt/airflow/dags/f1_pipeline_dag.py
[2026-05-05T18:31:31.744+0000] {processor.py:830} INFO - Processing file /opt/airflow/dags/f1_pipeline_dag.py for tasks to queue
[2026-05-05T18:31:31.745+0000] {logging_mixin.py:188} INFO - [2026-05-05T18:31:31.745+0000] {dagbag.py:538} INFO - Filling up the DagBag from /opt/airflow/dags/f1_pipeline_dag.py
[2026-05-05T18:31:31.759+0000] {processor.py:840} INFO - DAG(s) 'f1_bigdata_pipeline' retrieved from /opt/airflow/dags/f1_pipeline_dag.py
[2026-05-05T18:31:31.872+0000] {logging_mixin.py:188} INFO - [2026-05-05T18:31:31.872+0000] {dag.py:3036} INFO - Sync 1 DAGs
[2026-05-05T18:31:31.914+0000] {logging_mixin.py:188} INFO - [2026-05-05T18:31:31.914+0000] {dag.py:3823} INFO - Setting next_dagrun for f1_bigdata_pipeline to 2026-05-04 06:00:00+00:00, run_after=2026-05-11 06:00:00+00:00
[2026-05-05T18:31:31.925+0000] {processor.py:183} INFO - Processing /opt/airflow/dags/f1_pipeline_dag.py took 0.188 seconds
[2026-05-05T18:32:02.238+0000] {processor.py:161} INFO - Started process (PID=17510) to work on /opt/airflow/dags/f1_pipeline_dag.py
[2026-05-05T18:32:02.245+0000] {processor.py:830} INFO - Processing file /opt/airflow/dags/f1_pipeline_dag.py for tasks to queue
[2026-05-05T18:32:02.248+0000] {logging_mixin.py:188} INFO - [2026-05-05T18:32:02.247+0000] {dagbag.py:538} INFO - Filling up the DagBag from /opt/airflow/dags/f1_pipeline_dag.py
[2026-05-05T18:32:02.323+0000] {processor.py:840} INFO - DAG(s) 'f1_bigdata_pipeline' retrieved from /opt/airflow/dags/f1_pipeline_dag.py
[2026-05-05T18:32:02.431+0000] {logging_mixin.py:188} INFO - [2026-05-05T18:32:02.431+0000] {dag.py:3036} INFO - Sync 1 DAGs
[2026-05-05T18:32:02.483+0000] {logging_mixin.py:188} INFO - [2026-05-05T18:32:02.483+0000] {dag.py:3823} INFO - Setting next_dagrun for f1_bigdata_pipeline to 2026-05-04 06:00:00+00:00, run_after=2026-05-11 06:00:00+00:00
[2026-05-05T18:32:02.505+0000] {processor.py:183} INFO - Processing /opt/airflow/dags/f1_pipeline_dag.py took 0.280 seconds
[2026-05-05T18:32:32.884+0000] {processor.py:161} INFO - Started process (PID=17515) to work on /opt/airflow/dags/f1_pipeline_dag.py
[2026-05-05T18:32:32.886+0000] {processor.py:830} INFO - Processing file /opt/airflow/dags/f1_pipeline_dag.py for tasks to queue
[2026-05-05T18:32:32.887+0000] {logging_mixin.py:188} INFO - [2026-05-05T18:32:32.887+0000] {dagbag.py:538} INFO - Filling up the DagBag from /opt/airflow/dags/f1_pipeline_dag.py
[2026-05-05T18:32:32.945+0000] {processor.py:840} INFO - DAG(s) 'f1_bigdata_pipeline' retrieved from /opt/airflow/dags/f1_pipeline_dag.py
[2026-05-05T18:32:32.983+0000] {logging_mixin.py:188} INFO - [2026-05-05T18:32:32.983+0000] {dag.py:3036} INFO - Sync 1 DAGs
[2026-05-05T18:32:33.008+0000] {logging_mixin.py:188} INFO - [2026-05-05T18:32:33.007+0000] {dag.py:3823} INFO - Setting next_dagrun for f1_bigdata_pipeline to 2026-05-04 06:00:00+00:00, run_after=2026-05-11 06:00:00+00:00
[2026-05-05T18:32:33.017+0000] {processor.py:183} INFO - Processing /opt/airflow/dags/f1_pipeline_dag.py took 0.139 seconds
[2026-05-05T18:33:03.458+0000] {processor.py:161} INFO - Started process (PID=17520) to work on /opt/airflow/dags/f1_pipeline_dag.py
[2026-05-05T18:33:03.462+0000] {processor.py:830} INFO - Processing file /opt/airflow/dags/f1_pipeline_dag.py for tasks to queue
[2026-05-05T18:33:03.463+0000] {logging_mixin.py:188} INFO - [2026-05-05T18:33:03.463+0000] {dagbag.py:538} INFO - Filling up the DagBag from /opt/airflow/dags/f1_pipeline_dag.py
[2026-05-05T18:33:03.491+0000] {processor.py:840} INFO - DAG(s) 'f1_bigdata_pipeline' retrieved from /opt/airflow/dags/f1_pipeline_dag.py
[2026-05-05T18:33:03.628+0000] {logging_mixin.py:188} INFO - [2026-05-05T18:33:03.628+0000] {dag.py:3036} INFO - Sync 1 DAGs
[2026-05-05T18:33:03.829+0000] {logging_mixin.py:188} INFO - [2026-05-05T18:33:03.828+0000] {dag.py:3823} INFO - Setting next_dagrun for f1_bigdata_pipeline to 2026-05-04 06:00:00+00:00, run_after=2026-05-11 06:00:00+00:00
[2026-05-05T18:33:03.939+0000] {processor.py:183} INFO - Processing /opt/airflow/dags/f1_pipeline_dag.py took 0.497 seconds
[2026-05-05T18:33:34.253+0000] {processor.py:161} INFO - Started process (PID=17525) to work on /opt/airflow/dags/f1_pipeline_dag.py
[2026-05-05T18:33:34.254+0000] {processor.py:830} INFO - Processing file /opt/airflow/dags/f1_pipeline_dag.py for tasks to queue
[2026-05-05T18:33:34.255+0000] {logging_mixin.py:188} INFO - [2026-05-05T18:33:34.255+0000] {dagbag.py:538} INFO - Filling up the DagBag from /opt/airflow/dags/f1_pipeline_dag.py
[2026-05-05T18:33:34.270+0000] {processor.py:840} INFO - DAG(s) 'f1_bigdata_pipeline' retrieved from /opt/airflow/dags/f1_pipeline_dag.py
[2026-05-05T18:33:34.358+0000] {logging_mixin.py:188} INFO - [2026-05-05T18:33:34.358+0000] {dag.py:3036} INFO - Sync 1 DAGs
[2026-05-05T18:33:34.403+0000] {logging_mixin.py:188} INFO - [2026-05-05T18:33:34.403+0000] {dag.py:3823} INFO - Setting next_dagrun for f1_bigdata_pipeline to 2026-05-04 06:00:00+00:00, run_after=2026-05-11 06:00:00+00:00
[2026-05-05T18:33:34.423+0000] {processor.py:183} INFO - Processing /opt/airflow/dags/f1_pipeline_dag.py took 0.174 seconds
[2026-05-05T18:34:04.794+0000] {processor.py:161} INFO - Started process (PID=17530) to work on /opt/airflow/dags/f1_pipeline_dag.py
[2026-05-05T18:34:04.796+0000] {processor.py:830} INFO - Processing file /opt/airflow/dags/f1_pipeline_dag.py for tasks to queue
[2026-05-05T18:34:04.797+0000] {logging_mixin.py:188} INFO - [2026-05-05T18:34:04.796+0000] {dagbag.py:538} INFO - Filling up the DagBag from /opt/airflow/dags/f1_pipeline_dag.py
[2026-05-05T18:34:04.825+0000] {processor.py:840} INFO - DAG(s) 'f1_bigdata_pipeline' retrieved from /opt/airflow/dags/f1_pipeline_dag.py
[2026-05-05T18:34:04.938+0000] {logging_mixin.py:188} INFO - [2026-05-05T18:34:04.937+0000] {dag.py:3036} INFO - Sync 1 DAGs
[2026-05-05T18:34:04.958+0000] {logging_mixin.py:188} INFO - [2026-05-05T18:34:04.957+0000] {dag.py:3823} INFO - Setting next_dagrun for f1_bigdata_pipeline to 2026-05-04 06:00:00+00:00, run_after=2026-05-11 06:00:00+00:00
[2026-05-05T18:34:04.989+0000] {processor.py:183} INFO - Processing /opt/airflow/dags/f1_pipeline_dag.py took 0.203 seconds
[2026-05-05T18:34:35.439+0000] {processor.py:161} INFO - Started process (PID=17535) to work on /opt/airflow/dags/f1_pipeline_dag.py
[2026-05-05T18:34:35.441+0000] {processor.py:830} INFO - Processing file /opt/airflow/dags/f1_pipeline_dag.py for tasks to queue
[2026-05-05T18:34:35.443+0000] {logging_mixin.py:188} INFO - [2026-05-05T18:34:35.442+0000] {dagbag.py:538} INFO - Filling up the DagBag from /opt/airflow/dags/f1_pipeline_dag.py
[2026-05-05T18:34:35.472+0000] {processor.py:840} INFO - DAG(s) 'f1_bigdata_pipeline' retrieved from /opt/airflow/dags/f1_pipeline_dag.py
[2026-05-05T18:34:35.490+0000] {logging_mixin.py:188} INFO - [2026-05-05T18:34:35.490+0000] {dag.py:3036} INFO - Sync 1 DAGs
[2026-05-05T18:34:35.507+0000] {logging_mixin.py:188} INFO - [2026-05-05T18:34:35.507+0000] {dag.py:3823} INFO - Setting next_dagrun for f1_bigdata_pipeline to 2026-05-04 06:00:00+00:00, run_after=2026-05-11 06:00:00+00:00
[2026-05-05T18:34:35.520+0000] {processor.py:183} INFO - Processing /opt/airflow/dags/f1_pipeline_dag.py took 0.086 seconds
[2026-05-05T18:35:06.354+0000] {processor.py:161} INFO - Started process (PID=17540) to work on /opt/airflow/dags/f1_pipeline_dag.py
[2026-05-05T18:35:06.387+0000] {processor.py:830} INFO - Processing file /opt/airflow/dags/f1_pipeline_dag.py for tasks to queue
[2026-05-05T18:35:06.398+0000] {logging_mixin.py:188} INFO - [2026-05-05T18:35:06.391+0000] {dagbag.py:538} INFO - Filling up the DagBag from /opt/airflow/dags/f1_pipeline_dag.py
[2026-05-05T18:35:06.596+0000] {processor.py:840} INFO - DAG(s) 'f1_bigdata_pipeline' retrieved from /opt/airflow/dags/f1_pipeline_dag.py
[2026-05-05T18:35:06.925+0000] {logging_mixin.py:188} INFO - [2026-05-05T18:35:06.921+0000] {dag.py:3036} INFO - Sync 1 DAGs
[2026-05-05T18:35:07.118+0000] {logging_mixin.py:188} INFO - [2026-05-05T18:35:07.116+0000] {dag.py:3823} INFO - Setting next_dagrun for f1_bigdata_pipeline to 2026-05-04 06:00:00+00:00, run_after=2026-05-11 06:00:00+00:00
[2026-05-05T18:35:07.192+0000] {processor.py:183} INFO - Processing /opt/airflow/dags/f1_pipeline_dag.py took 0.919 seconds
[2026-05-05T18:35:38.840+0000] {processor.py:161} INFO - Started process (PID=17545) to work on /opt/airflow/dags/f1_pipeline_dag.py
[2026-05-05T18:35:38.868+0000] {processor.py:830} INFO - Processing file /opt/airflow/dags/f1_pipeline_dag.py for tasks to queue
[2026-05-05T18:35:38.882+0000] {logging_mixin.py:188} INFO - [2026-05-05T18:35:38.875+0000] {dagbag.py:538} INFO - Filling up the DagBag from /opt/airflow/dags/f1_pipeline_dag.py
[2026-05-05T18:35:39.336+0000] {processor.py:840} INFO - DAG(s) 'f1_bigdata_pipeline' retrieved from /opt/airflow/dags/f1_pipeline_dag.py
[2026-05-05T18:35:40.011+0000] {logging_mixin.py:188} INFO - [2026-05-05T18:35:40.009+0000] {dag.py:3036} INFO - Sync 1 DAGs
[2026-05-05T18:35:40.316+0000] {logging_mixin.py:188} INFO - [2026-05-05T18:35:40.315+0000] {dag.py:3823} INFO - Setting next_dagrun for f1_bigdata_pipeline to 2026-05-04 06:00:00+00:00, run_after=2026-05-11 06:00:00+00:00
[2026-05-05T18:35:40.827+0000] {processor.py:183} INFO - Processing /opt/airflow/dags/f1_pipeline_dag.py took 2.172 seconds
[2026-05-05T18:36:11.677+0000] {processor.py:161} INFO - Started process (PID=17550) to work on /opt/airflow/dags/f1_pipeline_dag.py
[2026-05-05T18:36:11.682+0000] {processor.py:830} INFO - Processing file /opt/airflow/dags/f1_pipeline_dag.py for tasks to queue
[2026-05-05T18:36:11.689+0000] {logging_mixin.py:188} INFO - [2026-05-05T18:36:11.685+0000] {dagbag.py:538} INFO - Filling up the DagBag from /opt/airflow/dags/f1_pipeline_dag.py
[2026-05-05T18:36:11.778+0000] {processor.py:840} INFO - DAG(s) 'f1_bigdata_pipeline' retrieved from /opt/airflow/dags/f1_pipeline_dag.py
[2026-05-05T18:36:11.906+0000] {logging_mixin.py:188} INFO - [2026-05-05T18:36:11.905+0000] {dag.py:3036} INFO - Sync 1 DAGs
[2026-05-05T18:36:11.958+0000] {logging_mixin.py:188} INFO - [2026-05-05T18:36:11.958+0000] {dag.py:3823} INFO - Setting next_dagrun for f1_bigdata_pipeline to 2026-05-04 06:00:00+00:00, run_after=2026-05-11 06:00:00+00:00
[2026-05-05T18:36:11.997+0000] {processor.py:183} INFO - Processing /opt/airflow/dags/f1_pipeline_dag.py took 0.350 seconds
[2026-05-05T18:36:42.240+0000] {processor.py:161} INFO - Started process (PID=17740) to work on /opt/airflow/dags/f1_pipeline_dag.py
[2026-05-05T18:36:42.244+0000] {processor.py:830} INFO - Processing file /opt/airflow/dags/f1_pipeline_dag.py for tasks to queue
[2026-05-05T18:36:42.245+0000] {logging_mixin.py:188} INFO - [2026-05-05T18:36:42.244+0000] {dagbag.py:538} INFO - Filling up the DagBag from /opt/airflow/dags/f1_pipeline_dag.py
[2026-05-05T18:36:42.260+0000] {processor.py:840} INFO - DAG(s) 'f1_bigdata_pipeline' retrieved from /opt/airflow/dags/f1_pipeline_dag.py
[2026-05-05T18:36:42.289+0000] {logging_mixin.py:188} INFO - [2026-05-05T18:36:42.289+0000] {dag.py:3036} INFO - Sync 1 DAGs
[2026-05-05T18:36:42.307+0000] {logging_mixin.py:188} INFO - [2026-05-05T18:36:42.306+0000] {dag.py:3823} INFO - Setting next_dagrun for f1_bigdata_pipeline to 2026-05-04 06:00:00+00:00, run_after=2026-05-11 06:00:00+00:00
[2026-05-05T18:36:42.318+0000] {processor.py:183} INFO - Processing /opt/airflow/dags/f1_pipeline_dag.py took 0.090 seconds
[2026-05-05T18:37:12.392+0000] {processor.py:161} INFO - Started process (PID=17785) to work on /opt/airflow/dags/f1_pipeline_dag.py
[2026-05-05T18:37:12.393+0000] {processor.py:830} INFO - Processing file /opt/airflow/dags/f1_pipeline_dag.py for tasks to queue
[2026-05-05T18:37:12.394+0000] {logging_mixin.py:188} INFO - [2026-05-05T18:37:12.393+0000] {dagbag.py:538} INFO - Filling up the DagBag from /opt/airflow/dags/f1_pipeline_dag.py
[2026-05-05T18:37:12.406+0000] {processor.py:840} INFO - DAG(s) 'f1_bigdata_pipeline' retrieved from /opt/airflow/dags/f1_pipeline_dag.py
[2026-05-05T18:37:12.443+0000] {logging_mixin.py:188} INFO - [2026-05-05T18:37:12.443+0000] {dag.py:3036} INFO - Sync 1 DAGs
[2026-05-05T18:37:12.464+0000] {logging_mixin.py:188} INFO - [2026-05-05T18:37:12.464+0000] {dag.py:3823} INFO - Setting next_dagrun for f1_bigdata_pipeline to 2026-05-04 06:00:00+00:00, run_after=2026-05-11 06:00:00+00:00
[2026-05-05T18:37:12.473+0000] {processor.py:183} INFO - Processing /opt/airflow/dags/f1_pipeline_dag.py took 0.085 seconds
[2026-05-05T18:37:42.867+0000] {processor.py:161} INFO - Started process (PID=17810) to work on /opt/airflow/dags/f1_pipeline_dag.py
[2026-05-05T18:37:42.874+0000] {processor.py:830} INFO - Processing file /opt/airflow/dags/f1_pipeline_dag.py for tasks to queue
[2026-05-05T18:37:42.874+0000] {logging_mixin.py:188} INFO - [2026-05-05T18:37:42.874+0000] {dagbag.py:538} INFO - Filling up the DagBag from /opt/airflow/dags/f1_pipeline_dag.py
[2026-05-05T18:37:42.933+0000] {processor.py:840} INFO - DAG(s) 'f1_bigdata_pipeline' retrieved from /opt/airflow/dags/f1_pipeline_dag.py
[2026-05-05T18:37:42.983+0000] {logging_mixin.py:188} INFO - [2026-05-05T18:37:42.983+0000] {dag.py:3036} INFO - Sync 1 DAGs
[2026-05-05T18:37:43.005+0000] {logging_mixin.py:188} INFO - [2026-05-05T18:37:43.004+0000] {dag.py:3823} INFO - Setting next_dagrun for f1_bigdata_pipeline to 2026-05-04 06:00:00+00:00, run_after=2026-05-11 06:00:00+00:00
[2026-05-05T18:37:43.029+0000] {processor.py:183} INFO - Processing /opt/airflow/dags/f1_pipeline_dag.py took 0.185 seconds
[2026-05-05T18:38:13.218+0000] {processor.py:161} INFO - Started process (PID=17815) to work on /opt/airflow/dags/f1_pipeline_dag.py
[2026-05-05T18:38:13.221+0000] {processor.py:830} INFO - Processing file /opt/airflow/dags/f1_pipeline_dag.py for tasks to queue
[2026-05-05T18:38:13.222+0000] {logging_mixin.py:188} INFO - [2026-05-05T18:38:13.221+0000] {dagbag.py:538} INFO - Filling up the DagBag from /opt/airflow/dags/f1_pipeline_dag.py
[2026-05-05T18:38:13.242+0000] {processor.py:840} INFO - DAG(s) 'f1_bigdata_pipeline' retrieved from /opt/airflow/dags/f1_pipeline_dag.py
[2026-05-05T18:38:13.323+0000] {logging_mixin.py:188} INFO - [2026-05-05T18:38:13.323+0000] {dag.py:3036} INFO - Sync 1 DAGs
[2026-05-05T18:38:13.342+0000] {logging_mixin.py:188} INFO - [2026-05-05T18:38:13.342+0000] {dag.py:3823} INFO - Setting next_dagrun for f1_bigdata_pipeline to 2026-05-04 06:00:00+00:00, run_after=2026-05-11 06:00:00+00:00
[2026-05-05T18:38:13.353+0000] {processor.py:183} INFO - Processing /opt/airflow/dags/f1_pipeline_dag.py took 0.143 seconds
[2026-05-05T18:38:43.760+0000] {processor.py:161} INFO - Started process (PID=17820) to work on /opt/airflow/dags/f1_pipeline_dag.py
[2026-05-05T18:38:43.762+0000] {processor.py:830} INFO - Processing file /opt/airflow/dags/f1_pipeline_dag.py for tasks to queue
[2026-05-05T18:38:43.764+0000] {logging_mixin.py:188} INFO - [2026-05-05T18:38:43.763+0000] {dagbag.py:538} INFO - Filling up the DagBag from /opt/airflow/dags/f1_pipeline_dag.py
[2026-05-05T18:38:43.796+0000] {processor.py:840} INFO - DAG(s) 'f1_bigdata_pipeline' retrieved from /opt/airflow/dags/f1_pipeline_dag.py
[2026-05-05T18:38:43.833+0000] {logging_mixin.py:188} INFO - [2026-05-05T18:38:43.833+0000] {dag.py:3036} INFO - Sync 1 DAGs
[2026-05-05T18:38:43.852+0000] {logging_mixin.py:188} INFO - [2026-05-05T18:38:43.852+0000] {dag.py:3823} INFO - Setting next_dagrun for f1_bigdata_pipeline to 2026-05-04 06:00:00+00:00, run_after=2026-05-11 06:00:00+00:00
[2026-05-05T18:38:43.863+0000] {processor.py:183} INFO - Processing /opt/airflow/dags/f1_pipeline_dag.py took 0.109 seconds
[2026-05-05T18:39:14.576+0000] {processor.py:161} INFO - Started process (PID=17825) to work on /opt/airflow/dags/f1_pipeline_dag.py
[2026-05-05T18:39:14.579+0000] {processor.py:830} INFO - Processing file /opt/airflow/dags/f1_pipeline_dag.py for tasks to queue
[2026-05-05T18:39:14.580+0000] {logging_mixin.py:188} INFO - [2026-05-05T18:39:14.579+0000] {dagbag.py:538} INFO - Filling up the DagBag from /opt/airflow/dags/f1_pipeline_dag.py
[2026-05-05T18:39:14.619+0000] {processor.py:840} INFO - DAG(s) 'f1_bigdata_pipeline' retrieved from /opt/airflow/dags/f1_pipeline_dag.py
[2026-05-05T18:39:14.654+0000] {logging_mixin.py:188} INFO - [2026-05-05T18:39:14.654+0000] {dag.py:3036} INFO - Sync 1 DAGs
[2026-05-05T18:39:14.691+0000] {logging_mixin.py:188} INFO - [2026-05-05T18:39:14.691+0000] {dag.py:3823} INFO - Setting next_dagrun for f1_bigdata_pipeline to 2026-05-04 06:00:00+00:00, run_after=2026-05-11 06:00:00+00:00
[2026-05-05T18:39:14.703+0000] {processor.py:183} INFO - Processing /opt/airflow/dags/f1_pipeline_dag.py took 0.133 seconds
[2026-05-05T18:39:45.255+0000] {processor.py:161} INFO - Started process (PID=17830) to work on /opt/airflow/dags/f1_pipeline_dag.py
[2026-05-05T18:39:45.257+0000] {processor.py:830} INFO - Processing file /opt/airflow/dags/f1_pipeline_dag.py for tasks to queue
[2026-05-05T18:39:45.259+0000] {logging_mixin.py:188} INFO - [2026-05-05T18:39:45.258+0000] {dagbag.py:538} INFO - Filling up the DagBag from /opt/airflow/dags/f1_pipeline_dag.py
[2026-05-05T18:39:45.274+0000] {processor.py:840} INFO - DAG(s) 'f1_bigdata_pipeline' retrieved from /opt/airflow/dags/f1_pipeline_dag.py
[2026-05-05T18:39:45.310+0000] {logging_mixin.py:188} INFO - [2026-05-05T18:39:45.310+0000] {dag.py:3036} INFO - Sync 1 DAGs
[2026-05-05T18:39:45.333+0000] {logging_mixin.py:188} INFO - [2026-05-05T18:39:45.332+0000] {dag.py:3823} INFO - Setting next_dagrun for f1_bigdata_pipeline to 2026-05-04 06:00:00+00:00, run_after=2026-05-11 06:00:00+00:00
[2026-05-05T18:39:45.348+0000] {processor.py:183} INFO - Processing /opt/airflow/dags/f1_pipeline_dag.py took 0.106 seconds
[2026-05-05T18:40:15.708+0000] {processor.py:161} INFO - Started process (PID=17835) to work on /opt/airflow/dags/f1_pipeline_dag.py
[2026-05-05T18:40:15.713+0000] {processor.py:830} INFO - Processing file /opt/airflow/dags/f1_pipeline_dag.py for tasks to queue
[2026-05-05T18:40:15.715+0000] {logging_mixin.py:188} INFO - [2026-05-05T18:40:15.715+0000] {dagbag.py:538} INFO - Filling up the DagBag from /opt/airflow/dags/f1_pipeline_dag.py
[2026-05-05T18:40:15.733+0000] {processor.py:840} INFO - DAG(s) 'f1_bigdata_pipeline' retrieved from /opt/airflow/dags/f1_pipeline_dag.py
[2026-05-05T18:40:15.763+0000] {logging_mixin.py:188} INFO - [2026-05-05T18:40:15.763+0000] {dag.py:3036} INFO - Sync 1 DAGs
[2026-05-05T18:40:15.778+0000] {logging_mixin.py:188} INFO - [2026-05-05T18:40:15.778+0000] {dag.py:3823} INFO - Setting next_dagrun for f1_bigdata_pipeline to 2026-05-04 06:00:00+00:00, run_after=2026-05-11 06:00:00+00:00
[2026-05-05T18:40:15.787+0000] {processor.py:183} INFO - Processing /opt/airflow/dags/f1_pipeline_dag.py took 0.094 seconds
[2026-05-05T18:40:46.184+0000] {processor.py:161} INFO - Started process (PID=17840) to work on /opt/airflow/dags/f1_pipeline_dag.py
[2026-05-05T18:40:46.186+0000] {processor.py:830} INFO - Processing file /opt/airflow/dags/f1_pipeline_dag.py for tasks to queue
[2026-05-05T18:40:46.187+0000] {logging_mixin.py:188} INFO - [2026-05-05T18:40:46.186+0000] {dagbag.py:538} INFO - Filling up the DagBag from /opt/airflow/dags/f1_pipeline_dag.py
[2026-05-05T18:40:46.213+0000] {processor.py:840} INFO - DAG(s) 'f1_bigdata_pipeline' retrieved from /opt/airflow/dags/f1_pipeline_dag.py
[2026-05-05T18:40:46.254+0000] {logging_mixin.py:188} INFO - [2026-05-05T18:40:46.254+0000] {dag.py:3036} INFO - Sync 1 DAGs
[2026-05-05T18:40:46.272+0000] {logging_mixin.py:188} INFO - [2026-05-05T18:40:46.271+0000] {dag.py:3823} INFO - Setting next_dagrun for f1_bigdata_pipeline to 2026-05-04 06:00:00+00:00, run_after=2026-05-11 06:00:00+00:00
[2026-05-05T18:40:46.283+0000] {processor.py:183} INFO - Processing /opt/airflow/dags/f1_pipeline_dag.py took 0.104 seconds
[2026-05-05T18:41:16.521+0000] {processor.py:161} INFO - Started process (PID=17845) to work on /opt/airflow/dags/f1_pipeline_dag.py
[2026-05-05T18:41:16.523+0000] {processor.py:830} INFO - Processing file /opt/airflow/dags/f1_pipeline_dag.py for tasks to queue
[2026-05-05T18:41:16.524+0000] {logging_mixin.py:188} INFO - [2026-05-05T18:41:16.524+0000] {dagbag.py:538} INFO - Filling up the DagBag from /opt/airflow/dags/f1_pipeline_dag.py
[2026-05-05T18:41:16.551+0000] {processor.py:840} INFO - DAG(s) 'f1_bigdata_pipeline' retrieved from /opt/airflow/dags/f1_pipeline_dag.py
[2026-05-05T18:41:16.576+0000] {logging_mixin.py:188} INFO - [2026-05-05T18:41:16.576+0000] {dag.py:3036} INFO - Sync 1 DAGs
[2026-05-05T18:41:16.590+0000] {logging_mixin.py:188} INFO - [2026-05-05T18:41:16.590+0000] {dag.py:3823} INFO - Setting next_dagrun for f1_bigdata_pipeline to 2026-05-04 06:00:00+00:00, run_after=2026-05-11 06:00:00+00:00
[2026-05-05T18:41:16.599+0000] {processor.py:183} INFO - Processing /opt/airflow/dags/f1_pipeline_dag.py took 0.082 seconds
[2026-05-05T18:41:46.836+0000] {processor.py:161} INFO - Started process (PID=17850) to work on /opt/airflow/dags/f1_pipeline_dag.py
[2026-05-05T18:41:46.838+0000] {processor.py:830} INFO - Processing file /opt/airflow/dags/f1_pipeline_dag.py for tasks to queue
[2026-05-05T18:41:46.839+0000] {logging_mixin.py:188} INFO - [2026-05-05T18:41:46.839+0000] {dagbag.py:538} INFO - Filling up the DagBag from /opt/airflow/dags/f1_pipeline_dag.py
[2026-05-05T18:41:46.879+0000] {processor.py:840} INFO - DAG(s) 'f1_bigdata_pipeline' retrieved from /opt/airflow/dags/f1_pipeline_dag.py
[2026-05-05T18:41:46.913+0000] {logging_mixin.py:188} INFO - [2026-05-05T18:41:46.913+0000] {dag.py:3036} INFO - Sync 1 DAGs
[2026-05-05T18:41:46.930+0000] {logging_mixin.py:188} INFO - [2026-05-05T18:41:46.929+0000] {dag.py:3823} INFO - Setting next_dagrun for f1_bigdata_pipeline to 2026-05-04 06:00:00+00:00, run_after=2026-05-11 06:00:00+00:00
[2026-05-05T18:41:46.940+0000] {processor.py:183} INFO - Processing /opt/airflow/dags/f1_pipeline_dag.py took 0.108 seconds
[2026-05-05T18:42:17.250+0000] {processor.py:161} INFO - Started process (PID=17855) to work on /opt/airflow/dags/f1_pipeline_dag.py
[2026-05-05T18:42:17.252+0000] {processor.py:830} INFO - Processing file /opt/airflow/dags/f1_pipeline_dag.py for tasks to queue
[2026-05-05T18:42:17.253+0000] {logging_mixin.py:188} INFO - [2026-05-05T18:42:17.252+0000] {dagbag.py:538} INFO - Filling up the DagBag from /opt/airflow/dags/f1_pipeline_dag.py
[2026-05-05T18:42:17.292+0000] {processor.py:840} INFO - DAG(s) 'f1_bigdata_pipeline' retrieved from /opt/airflow/dags/f1_pipeline_dag.py
[2026-05-05T18:42:17.386+0000] {logging_mixin.py:188} INFO - [2026-05-05T18:42:17.385+0000] {dag.py:3036} INFO - Sync 1 DAGs
[2026-05-05T18:42:17.465+0000] {logging_mixin.py:188} INFO - [2026-05-05T18:42:17.464+0000] {dag.py:3823} INFO - Setting next_dagrun for f1_bigdata_pipeline to 2026-05-04 06:00:00+00:00, run_after=2026-05-11 06:00:00+00:00
[2026-05-05T18:42:17.485+0000] {processor.py:183} INFO - Processing /opt/airflow/dags/f1_pipeline_dag.py took 0.241 seconds
[2026-05-05T18:42:47.797+0000] {processor.py:161} INFO - Started process (PID=17899) to work on /opt/airflow/dags/f1_pipeline_dag.py
[2026-05-05T18:42:47.799+0000] {processor.py:830} INFO - Processing file /opt/airflow/dags/f1_pipeline_dag.py for tasks to queue
[2026-05-05T18:42:47.800+0000] {logging_mixin.py:188} INFO - [2026-05-05T18:42:47.800+0000] {dagbag.py:538} INFO - Filling up the DagBag from /opt/airflow/dags/f1_pipeline_dag.py
[2026-05-05T18:42:47.815+0000] {processor.py:840} INFO - DAG(s) 'f1_bigdata_pipeline' retrieved from /opt/airflow/dags/f1_pipeline_dag.py
[2026-05-05T18:42:47.843+0000] {logging_mixin.py:188} INFO - [2026-05-05T18:42:47.843+0000] {dag.py:3036} INFO - Sync 1 DAGs
[2026-05-05T18:42:47.867+0000] {logging_mixin.py:188} INFO - [2026-05-05T18:42:47.867+0000] {dag.py:3823} INFO - Setting next_dagrun for f1_bigdata_pipeline to 2026-05-04 06:00:00+00:00, run_after=2026-05-11 06:00:00+00:00
[2026-05-05T18:42:47.877+0000] {processor.py:183} INFO - Processing /opt/airflow/dags/f1_pipeline_dag.py took 0.085 seconds
[2026-05-05T18:43:18.088+0000] {processor.py:161} INFO - Started process (PID=17904) to work on /opt/airflow/dags/f1_pipeline_dag.py
[2026-05-05T18:43:18.089+0000] {processor.py:830} INFO - Processing file /opt/airflow/dags/f1_pipeline_dag.py for tasks to queue
[2026-05-05T18:43:18.090+0000] {logging_mixin.py:188} INFO - [2026-05-05T18:43:18.090+0000] {dagbag.py:538} INFO - Filling up the DagBag from /opt/airflow/dags/f1_pipeline_dag.py
[2026-05-05T18:43:18.105+0000] {processor.py:840} INFO - DAG(s) 'f1_bigdata_pipeline' retrieved from /opt/airflow/dags/f1_pipeline_dag.py
[2026-05-05T18:43:18.147+0000] {logging_mixin.py:188} INFO - [2026-05-05T18:43:18.147+0000] {dag.py:3036} INFO - Sync 1 DAGs
[2026-05-05T18:43:18.162+0000] {logging_mixin.py:188} INFO - [2026-05-05T18:43:18.162+0000] {dag.py:3823} INFO - Setting next_dagrun for f1_bigdata_pipeline to 2026-05-04 06:00:00+00:00, run_after=2026-05-11 06:00:00+00:00
[2026-05-05T18:43:18.172+0000] {processor.py:183} INFO - Processing /opt/airflow/dags/f1_pipeline_dag.py took 0.088 seconds
[2026-05-05T18:43:48.414+0000] {processor.py:161} INFO - Started process (PID=17909) to work on /opt/airflow/dags/f1_pipeline_dag.py
[2026-05-05T18:43:48.416+0000] {processor.py:830} INFO - Processing file /opt/airflow/dags/f1_pipeline_dag.py for tasks to queue
[2026-05-05T18:43:48.417+0000] {logging_mixin.py:188} INFO - [2026-05-05T18:43:48.416+0000] {dagbag.py:538} INFO - Filling up the DagBag from /opt/airflow/dags/f1_pipeline_dag.py
[2026-05-05T18:43:48.443+0000] {processor.py:840} INFO - DAG(s) 'f1_bigdata_pipeline' retrieved from /opt/airflow/dags/f1_pipeline_dag.py
[2026-05-05T18:43:48.481+0000] {logging_mixin.py:188} INFO - [2026-05-05T18:43:48.481+0000] {dag.py:3036} INFO - Sync 1 DAGs
[2026-05-05T18:43:48.495+0000] {logging_mixin.py:188} INFO - [2026-05-05T18:43:48.495+0000] {dag.py:3823} INFO - Setting next_dagrun for f1_bigdata_pipeline to 2026-05-04 06:00:00+00:00, run_after=2026-05-11 06:00:00+00:00
[2026-05-05T18:43:48.504+0000] {processor.py:183} INFO - Processing /opt/airflow/dags/f1_pipeline_dag.py took 0.094 seconds
[2026-05-05T18:44:18.838+0000] {processor.py:161} INFO - Started process (PID=17914) to work on /opt/airflow/dags/f1_pipeline_dag.py
[2026-05-05T18:44:18.841+0000] {processor.py:830} INFO - Processing file /opt/airflow/dags/f1_pipeline_dag.py for tasks to queue
[2026-05-05T18:44:18.842+0000] {logging_mixin.py:188} INFO - [2026-05-05T18:44:18.842+0000] {dagbag.py:538} INFO - Filling up the DagBag from /opt/airflow/dags/f1_pipeline_dag.py
[2026-05-05T18:44:18.857+0000] {processor.py:840} INFO - DAG(s) 'f1_bigdata_pipeline' retrieved from /opt/airflow/dags/f1_pipeline_dag.py
[2026-05-05T18:44:18.891+0000] {logging_mixin.py:188} INFO - [2026-05-05T18:44:18.891+0000] {dag.py:3036} INFO - Sync 1 DAGs
[2026-05-05T18:44:18.905+0000] {logging_mixin.py:188} INFO - [2026-05-05T18:44:18.905+0000] {dag.py:3823} INFO - Setting next_dagrun for f1_bigdata_pipeline to 2026-05-04 06:00:00+00:00, run_after=2026-05-11 06:00:00+00:00
[2026-05-05T18:44:18.913+0000] {processor.py:183} INFO - Processing /opt/airflow/dags/f1_pipeline_dag.py took 0.086 seconds
[2026-05-05T18:44:49.231+0000] {processor.py:161} INFO - Started process (PID=17919) to work on /opt/airflow/dags/f1_pipeline_dag.py
[2026-05-05T18:44:49.233+0000] {processor.py:830} INFO - Processing file /opt/airflow/dags/f1_pipeline_dag.py for tasks to queue
[2026-05-05T18:44:49.234+0000] {logging_mixin.py:188} INFO - [2026-05-05T18:44:49.233+0000] {dagbag.py:538} INFO - Filling up the DagBag from /opt/airflow/dags/f1_pipeline_dag.py
[2026-05-05T18:44:49.249+0000] {processor.py:840} INFO - DAG(s) 'f1_bigdata_pipeline' retrieved from /opt/airflow/dags/f1_pipeline_dag.py
[2026-05-05T18:44:49.274+0000] {logging_mixin.py:188} INFO - [2026-05-05T18:44:49.274+0000] {dag.py:3036} INFO - Sync 1 DAGs
[2026-05-05T18:44:49.289+0000] {logging_mixin.py:188} INFO - [2026-05-05T18:44:49.288+0000] {dag.py:3823} INFO - Setting next_dagrun for f1_bigdata_pipeline to 2026-05-04 06:00:00+00:00, run_after=2026-05-11 06:00:00+00:00
[2026-05-05T18:44:49.309+0000] {processor.py:183} INFO - Processing /opt/airflow/dags/f1_pipeline_dag.py took 0.088 seconds
[2026-05-05T18:45:19.553+0000] {processor.py:161} INFO - Started process (PID=17924) to work on /opt/airflow/dags/f1_pipeline_dag.py
[2026-05-05T18:45:19.555+0000] {processor.py:830} INFO - Processing file /opt/airflow/dags/f1_pipeline_dag.py for tasks to queue
[2026-05-05T18:45:19.556+0000] {logging_mixin.py:188} INFO - [2026-05-05T18:45:19.555+0000] {dagbag.py:538} INFO - Filling up the DagBag from /opt/airflow/dags/f1_pipeline_dag.py
[2026-05-05T18:45:19.571+0000] {processor.py:840} INFO - DAG(s) 'f1_bigdata_pipeline' retrieved from /opt/airflow/dags/f1_pipeline_dag.py
[2026-05-05T18:45:19.606+0000] {logging_mixin.py:188} INFO - [2026-05-05T18:45:19.606+0000] {dag.py:3036} INFO - Sync 1 DAGs
[2026-05-05T18:45:19.621+0000] {logging_mixin.py:188} INFO - [2026-05-05T18:45:19.621+0000] {dag.py:3823} INFO - Setting next_dagrun for f1_bigdata_pipeline to 2026-05-04 06:00:00+00:00, run_after=2026-05-11 06:00:00+00:00
[2026-05-05T18:45:19.630+0000] {processor.py:183} INFO - Processing /opt/airflow/dags/f1_pipeline_dag.py took 0.082 seconds
[2026-05-05T18:45:49.857+0000] {processor.py:161} INFO - Started process (PID=17942) to work on /opt/airflow/dags/f1_pipeline_dag.py
[2026-05-05T18:45:49.858+0000] {processor.py:830} INFO - Processing file /opt/airflow/dags/f1_pipeline_dag.py for tasks to queue
[2026-05-05T18:45:49.859+0000] {logging_mixin.py:188} INFO - [2026-05-05T18:45:49.858+0000] {dagbag.py:538} INFO - Filling up the DagBag from /opt/airflow/dags/f1_pipeline_dag.py
[2026-05-05T18:45:49.884+0000] {processor.py:840} INFO - DAG(s) 'f1_bigdata_pipeline' retrieved from /opt/airflow/dags/f1_pipeline_dag.py
[2026-05-05T18:45:49.921+0000] {logging_mixin.py:188} INFO - [2026-05-05T18:45:49.921+0000] {dag.py:3036} INFO - Sync 1 DAGs
[2026-05-05T18:45:49.937+0000] {logging_mixin.py:188} INFO - [2026-05-05T18:45:49.937+0000] {dag.py:3823} INFO - Setting next_dagrun for f1_bigdata_pipeline to 2026-05-04 06:00:00+00:00, run_after=2026-05-11 06:00:00+00:00
[2026-05-05T18:45:49.947+0000] {processor.py:183} INFO - Processing /opt/airflow/dags/f1_pipeline_dag.py took 0.095 seconds
[2026-05-05T18:46:20.865+0000] {processor.py:161} INFO - Started process (PID=17956) to work on /opt/airflow/dags/f1_pipeline_dag.py
[2026-05-05T18:46:20.868+0000] {processor.py:830} INFO - Processing file /opt/airflow/dags/f1_pipeline_dag.py for tasks to queue
[2026-05-05T18:46:20.870+0000] {logging_mixin.py:188} INFO - [2026-05-05T18:46:20.869+0000] {dagbag.py:538} INFO - Filling up the DagBag from /opt/airflow/dags/f1_pipeline_dag.py
[2026-05-05T18:46:20.928+0000] {processor.py:840} INFO - DAG(s) 'f1_bigdata_pipeline' retrieved from /opt/airflow/dags/f1_pipeline_dag.py
[2026-05-05T18:46:21.064+0000] {logging_mixin.py:188} INFO - [2026-05-05T18:46:21.064+0000] {dag.py:3036} INFO - Sync 1 DAGs
[2026-05-05T18:46:21.139+0000] {logging_mixin.py:188} INFO - [2026-05-05T18:46:21.138+0000] {dag.py:3823} INFO - Setting next_dagrun for f1_bigdata_pipeline to 2026-05-04 06:00:00+00:00, run_after=2026-05-11 06:00:00+00:00
[2026-05-05T18:46:21.186+0000] {processor.py:183} INFO - Processing /opt/airflow/dags/f1_pipeline_dag.py took 0.340 seconds
[2026-05-05T18:46:51.779+0000] {processor.py:161} INFO - Started process (PID=17961) to work on /opt/airflow/dags/f1_pipeline_dag.py
[2026-05-05T18:46:51.788+0000] {processor.py:830} INFO - Processing file /opt/airflow/dags/f1_pipeline_dag.py for tasks to queue
[2026-05-05T18:46:51.792+0000] {logging_mixin.py:188} INFO - [2026-05-05T18:46:51.791+0000] {dagbag.py:538} INFO - Filling up the DagBag from /opt/airflow/dags/f1_pipeline_dag.py
[2026-05-05T18:46:51.961+0000] {processor.py:840} INFO - DAG(s) 'f1_bigdata_pipeline' retrieved from /opt/airflow/dags/f1_pipeline_dag.py
[2026-05-05T18:46:52.304+0000] {logging_mixin.py:188} INFO - [2026-05-05T18:46:52.304+0000] {dag.py:3036} INFO - Sync 1 DAGs
[2026-05-05T18:46:52.421+0000] {logging_mixin.py:188} INFO - [2026-05-05T18:46:52.421+0000] {dag.py:3823} INFO - Setting next_dagrun for f1_bigdata_pipeline to 2026-05-04 06:00:00+00:00, run_after=2026-05-11 06:00:00+00:00
[2026-05-05T18:46:52.484+0000] {processor.py:183} INFO - Processing /opt/airflow/dags/f1_pipeline_dag.py took 0.719 seconds
[2026-05-05T18:47:22.893+0000] {processor.py:161} INFO - Started process (PID=17966) to work on /opt/airflow/dags/f1_pipeline_dag.py
[2026-05-05T18:47:22.896+0000] {processor.py:830} INFO - Processing file /opt/airflow/dags/f1_pipeline_dag.py for tasks to queue
[2026-05-05T18:47:22.899+0000] {logging_mixin.py:188} INFO - [2026-05-05T18:47:22.898+0000] {dagbag.py:538} INFO - Filling up the DagBag from /opt/airflow/dags/f1_pipeline_dag.py
[2026-05-05T18:47:22.985+0000] {processor.py:840} INFO - DAG(s) 'f1_bigdata_pipeline' retrieved from /opt/airflow/dags/f1_pipeline_dag.py
[2026-05-05T18:47:23.118+0000] {logging_mixin.py:188} INFO - [2026-05-05T18:47:23.117+0000] {dag.py:3036} INFO - Sync 1 DAGs
[2026-05-05T18:47:23.208+0000] {logging_mixin.py:188} INFO - [2026-05-05T18:47:23.208+0000] {dag.py:3823} INFO - Setting next_dagrun for f1_bigdata_pipeline to 2026-05-04 06:00:00+00:00, run_after=2026-05-11 06:00:00+00:00
[2026-05-05T18:47:23.294+0000] {processor.py:183} INFO - Processing /opt/airflow/dags/f1_pipeline_dag.py took 0.431 seconds
[2026-05-05T18:47:54.399+0000] {processor.py:161} INFO - Started process (PID=17971) to work on /opt/airflow/dags/f1_pipeline_dag.py
[2026-05-05T18:47:54.401+0000] {processor.py:830} INFO - Processing file /opt/airflow/dags/f1_pipeline_dag.py for tasks to queue
[2026-05-05T18:47:54.402+0000] {logging_mixin.py:188} INFO - [2026-05-05T18:47:54.401+0000] {dagbag.py:538} INFO - Filling up the DagBag from /opt/airflow/dags/f1_pipeline_dag.py
[2026-05-05T18:47:54.440+0000] {processor.py:840} INFO - DAG(s) 'f1_bigdata_pipeline' retrieved from /opt/airflow/dags/f1_pipeline_dag.py
[2026-05-05T18:47:54.549+0000] {logging_mixin.py:188} INFO - [2026-05-05T18:47:54.549+0000] {dag.py:3036} INFO - Sync 1 DAGs
[2026-05-05T18:47:54.599+0000] {logging_mixin.py:188} INFO - [2026-05-05T18:47:54.599+0000] {dag.py:3823} INFO - Setting next_dagrun for f1_bigdata_pipeline to 2026-05-04 06:00:00+00:00, run_after=2026-05-11 06:00:00+00:00
[2026-05-05T18:47:54.634+0000] {processor.py:183} INFO - Processing /opt/airflow/dags/f1_pipeline_dag.py took 0.243 seconds
[2026-05-05T18:48:24.915+0000] {processor.py:161} INFO - Started process (PID=17976) to work on /opt/airflow/dags/f1_pipeline_dag.py
[2026-05-05T18:48:24.917+0000] {processor.py:830} INFO - Processing file /opt/airflow/dags/f1_pipeline_dag.py for tasks to queue
[2026-05-05T18:48:24.918+0000] {logging_mixin.py:188} INFO - [2026-05-05T18:48:24.917+0000] {dagbag.py:538} INFO - Filling up the DagBag from /opt/airflow/dags/f1_pipeline_dag.py
[2026-05-05T18:48:24.955+0000] {processor.py:840} INFO - DAG(s) 'f1_bigdata_pipeline' retrieved from /opt/airflow/dags/f1_pipeline_dag.py
[2026-05-05T18:48:25.027+0000] {logging_mixin.py:188} INFO - [2026-05-05T18:48:25.027+0000] {dag.py:3036} INFO - Sync 1 DAGs
[2026-05-05T18:48:25.047+0000] {logging_mixin.py:188} INFO - [2026-05-05T18:48:25.047+0000] {dag.py:3823} INFO - Setting next_dagrun for f1_bigdata_pipeline to 2026-05-04 06:00:00+00:00, run_after=2026-05-11 06:00:00+00:00
[2026-05-05T18:48:25.075+0000] {processor.py:183} INFO - Processing /opt/airflow/dags/f1_pipeline_dag.py took 0.164 seconds
[2026-05-05T18:48:55.189+0000] {processor.py:161} INFO - Started process (PID=17981) to work on /opt/airflow/dags/f1_pipeline_dag.py
[2026-05-05T18:48:55.191+0000] {processor.py:830} INFO - Processing file /opt/airflow/dags/f1_pipeline_dag.py for tasks to queue
[2026-05-05T18:48:55.192+0000] {logging_mixin.py:188} INFO - [2026-05-05T18:48:55.191+0000] {dagbag.py:538} INFO - Filling up the DagBag from /opt/airflow/dags/f1_pipeline_dag.py
[2026-05-05T18:48:55.236+0000] {processor.py:840} INFO - DAG(s) 'f1_bigdata_pipeline' retrieved from /opt/airflow/dags/f1_pipeline_dag.py
[2026-05-05T18:48:55.312+0000] {logging_mixin.py:188} INFO - [2026-05-05T18:48:55.311+0000] {dag.py:3036} INFO - Sync 1 DAGs
[2026-05-05T18:48:55.336+0000] {logging_mixin.py:188} INFO - [2026-05-05T18:48:55.336+0000] {dag.py:3823} INFO - Setting next_dagrun for f1_bigdata_pipeline to 2026-05-04 06:00:00+00:00, run_after=2026-05-11 06:00:00+00:00
[2026-05-05T18:48:55.346+0000] {processor.py:183} INFO - Processing /opt/airflow/dags/f1_pipeline_dag.py took 0.163 seconds
[2026-05-05T18:49:25.660+0000] {processor.py:161} INFO - Started process (PID=17986) to work on /opt/airflow/dags/f1_pipeline_dag.py
[2026-05-05T18:49:25.668+0000] {processor.py:830} INFO - Processing file /opt/airflow/dags/f1_pipeline_dag.py for tasks to queue
[2026-05-05T18:49:25.674+0000] {logging_mixin.py:188} INFO - [2026-05-05T18:49:25.672+0000] {dagbag.py:538} INFO - Filling up the DagBag from /opt/airflow/dags/f1_pipeline_dag.py
[2026-05-05T18:49:25.972+0000] {processor.py:840} INFO - DAG(s) 'f1_bigdata_pipeline' retrieved from /opt/airflow/dags/f1_pipeline_dag.py
[2026-05-05T18:49:26.223+0000] {logging_mixin.py:188} INFO - [2026-05-05T18:49:26.221+0000] {dag.py:3036} INFO - Sync 1 DAGs
[2026-05-05T18:49:26.261+0000] {logging_mixin.py:188} INFO - [2026-05-05T18:49:26.261+0000] {dag.py:3823} INFO - Setting next_dagrun for f1_bigdata_pipeline to 2026-05-04 06:00:00+00:00, run_after=2026-05-11 06:00:00+00:00
[2026-05-05T18:49:26.289+0000] {processor.py:183} INFO - Processing /opt/airflow/dags/f1_pipeline_dag.py took 0.637 seconds
[2026-05-05T18:49:57.323+0000] {processor.py:161} INFO - Started process (PID=17991) to work on /opt/airflow/dags/f1_pipeline_dag.py
[2026-05-05T18:49:57.367+0000] {processor.py:830} INFO - Processing file /opt/airflow/dags/f1_pipeline_dag.py for tasks to queue
[2026-05-05T18:49:57.389+0000] {logging_mixin.py:188} INFO - [2026-05-05T18:49:57.381+0000] {dagbag.py:538} INFO - Filling up the DagBag from /opt/airflow/dags/f1_pipeline_dag.py
[2026-05-05T18:49:57.564+0000] {processor.py:840} INFO - DAG(s) 'f1_bigdata_pipeline' retrieved from /opt/airflow/dags/f1_pipeline_dag.py
[2026-05-05T18:49:57.894+0000] {logging_mixin.py:188} INFO - [2026-05-05T18:49:57.892+0000] {dag.py:3036} INFO - Sync 1 DAGs
[2026-05-05T18:49:58.121+0000] {logging_mixin.py:188} INFO - [2026-05-05T18:49:58.120+0000] {dag.py:3823} INFO - Setting next_dagrun for f1_bigdata_pipeline to 2026-05-04 06:00:00+00:00, run_after=2026-05-11 06:00:00+00:00
[2026-05-05T18:49:58.189+0000] {processor.py:183} INFO - Processing /opt/airflow/dags/f1_pipeline_dag.py took 0.963 seconds
[2026-05-05T18:50:30.137+0000] {processor.py:161} INFO - Started process (PID=17996) to work on /opt/airflow/dags/f1_pipeline_dag.py
[2026-05-05T18:50:30.189+0000] {processor.py:830} INFO - Processing file /opt/airflow/dags/f1_pipeline_dag.py for tasks to queue
[2026-05-05T18:50:30.277+0000] {logging_mixin.py:188} INFO - [2026-05-05T18:50:30.241+0000] {dagbag.py:538} INFO - Filling up the DagBag from /opt/airflow/dags/f1_pipeline_dag.py
[2026-05-05T18:50:36.262+0000] {processor.py:840} INFO - DAG(s) 'f1_bigdata_pipeline' retrieved from /opt/airflow/dags/f1_pipeline_dag.py
[2026-05-05T18:50:38.731+0000] {logging_mixin.py:188} INFO - [2026-05-05T18:50:38.722+0000] {dag.py:3036} INFO - Sync 1 DAGs
[2026-05-05T18:50:39.769+0000] {logging_mixin.py:188} INFO - [2026-05-05T18:50:39.752+0000] {dag.py:3823} INFO - Setting next_dagrun for f1_bigdata_pipeline to 2026-05-04 06:00:00+00:00, run_after=2026-05-11 06:00:00+00:00
[2026-05-05T18:50:40.177+0000] {processor.py:183} INFO - Processing /opt/airflow/dags/f1_pipeline_dag.py took 10.459 seconds
[2026-05-05T18:51:12.039+0000] {processor.py:161} INFO - Started process (PID=18001) to work on /opt/airflow/dags/f1_pipeline_dag.py
[2026-05-05T18:51:12.116+0000] {processor.py:830} INFO - Processing file /opt/airflow/dags/f1_pipeline_dag.py for tasks to queue
[2026-05-05T18:51:12.193+0000] {logging_mixin.py:188} INFO - [2026-05-05T18:51:12.150+0000] {dagbag.py:538} INFO - Filling up the DagBag from /opt/airflow/dags/f1_pipeline_dag.py
[2026-05-05T18:51:13.311+0000] {processor.py:840} INFO - DAG(s) 'f1_bigdata_pipeline' retrieved from /opt/airflow/dags/f1_pipeline_dag.py
[2026-05-05T18:51:16.431+0000] {logging_mixin.py:188} INFO - [2026-05-05T18:51:16.417+0000] {dag.py:3036} INFO - Sync 1 DAGs
[2026-05-05T18:51:17.076+0000] {logging_mixin.py:188} INFO - [2026-05-05T18:51:17.072+0000] {dag.py:3823} INFO - Setting next_dagrun for f1_bigdata_pipeline to 2026-05-04 06:00:00+00:00, run_after=2026-05-11 06:00:00+00:00
[2026-05-05T18:51:17.260+0000] {processor.py:183} INFO - Processing /opt/airflow/dags/f1_pipeline_dag.py took 5.530 seconds
[2026-05-05T18:51:48.444+0000] {processor.py:161} INFO - Started process (PID=18006) to work on /opt/airflow/dags/f1_pipeline_dag.py
[2026-05-05T18:51:48.476+0000] {processor.py:830} INFO - Processing file /opt/airflow/dags/f1_pipeline_dag.py for tasks to queue
[2026-05-05T18:51:48.497+0000] {logging_mixin.py:188} INFO - [2026-05-05T18:51:48.487+0000] {dagbag.py:538} INFO - Filling up the DagBag from /opt/airflow/dags/f1_pipeline_dag.py
[2026-05-05T18:51:48.935+0000] {processor.py:840} INFO - DAG(s) 'f1_bigdata_pipeline' retrieved from /opt/airflow/dags/f1_pipeline_dag.py
[2026-05-05T18:51:50.516+0000] {logging_mixin.py:188} INFO - [2026-05-05T18:51:50.511+0000] {dag.py:3036} INFO - Sync 1 DAGs
[2026-05-05T18:51:53.612+0000] {logging_mixin.py:188} INFO - [2026-05-05T18:51:53.606+0000] {dag.py:3823} INFO - Setting next_dagrun for f1_bigdata_pipeline to 2026-05-04 06:00:00+00:00, run_after=2026-05-11 06:00:00+00:00
[2026-05-05T18:51:53.815+0000] {processor.py:183} INFO - Processing /opt/airflow/dags/f1_pipeline_dag.py took 5.475 seconds
[2026-05-05T18:52:24.636+0000] {processor.py:161} INFO - Started process (PID=18011) to work on /opt/airflow/dags/f1_pipeline_dag.py
[2026-05-05T18:52:24.646+0000] {processor.py:830} INFO - Processing file /opt/airflow/dags/f1_pipeline_dag.py for tasks to queue
[2026-05-05T18:52:24.659+0000] {logging_mixin.py:188} INFO - [2026-05-05T18:52:24.652+0000] {dagbag.py:538} INFO - Filling up the DagBag from /opt/airflow/dags/f1_pipeline_dag.py
[2026-05-05T18:52:24.998+0000] {processor.py:840} INFO - DAG(s) 'f1_bigdata_pipeline' retrieved from /opt/airflow/dags/f1_pipeline_dag.py
[2026-05-05T18:52:25.513+0000] {logging_mixin.py:188} INFO - [2026-05-05T18:52:25.512+0000] {dag.py:3036} INFO - Sync 1 DAGs
[2026-05-05T18:52:25.726+0000] {logging_mixin.py:188} INFO - [2026-05-05T18:52:25.725+0000] {dag.py:3823} INFO - Setting next_dagrun for f1_bigdata_pipeline to 2026-05-04 06:00:00+00:00, run_after=2026-05-11 06:00:00+00:00
[2026-05-05T18:52:25.834+0000] {processor.py:183} INFO - Processing /opt/airflow/dags/f1_pipeline_dag.py took 1.292 seconds
[2026-05-05T18:52:57.462+0000] {processor.py:161} INFO - Started process (PID=18016) to work on /opt/airflow/dags/f1_pipeline_dag.py
[2026-05-05T18:52:57.531+0000] {processor.py:830} INFO - Processing file /opt/airflow/dags/f1_pipeline_dag.py for tasks to queue
[2026-05-05T18:52:57.563+0000] {logging_mixin.py:188} INFO - [2026-05-05T18:52:57.547+0000] {dagbag.py:538} INFO - Filling up the DagBag from /opt/airflow/dags/f1_pipeline_dag.py
[2026-05-05T18:52:58.597+0000] {processor.py:840} INFO - DAG(s) 'f1_bigdata_pipeline' retrieved from /opt/airflow/dags/f1_pipeline_dag.py
[2026-05-05T18:52:59.370+0000] {logging_mixin.py:188} INFO - [2026-05-05T18:52:59.370+0000] {dag.py:3036} INFO - Sync 1 DAGs
[2026-05-05T18:52:59.814+0000] {logging_mixin.py:188} INFO - [2026-05-05T18:52:59.812+0000] {dag.py:3823} INFO - Setting next_dagrun for f1_bigdata_pipeline to 2026-05-04 06:00:00+00:00, run_after=2026-05-11 06:00:00+00:00
[2026-05-05T18:53:00.065+0000] {processor.py:183} INFO - Processing /opt/airflow/dags/f1_pipeline_dag.py took 2.924 seconds
[2026-05-05T18:53:30.441+0000] {processor.py:161} INFO - Started process (PID=18021) to work on /opt/airflow/dags/f1_pipeline_dag.py
[2026-05-05T18:53:30.443+0000] {processor.py:830} INFO - Processing file /opt/airflow/dags/f1_pipeline_dag.py for tasks to queue
[2026-05-05T18:53:30.444+0000] {logging_mixin.py:188} INFO - [2026-05-05T18:53:30.444+0000] {dagbag.py:538} INFO - Filling up the DagBag from /opt/airflow/dags/f1_pipeline_dag.py
[2026-05-05T18:53:30.460+0000] {processor.py:840} INFO - DAG(s) 'f1_bigdata_pipeline' retrieved from /opt/airflow/dags/f1_pipeline_dag.py
[2026-05-05T18:53:30.533+0000] {logging_mixin.py:188} INFO - [2026-05-05T18:53:30.533+0000] {dag.py:3036} INFO - Sync 1 DAGs
[2026-05-05T18:53:30.586+0000] {logging_mixin.py:188} INFO - [2026-05-05T18:53:30.585+0000] {dag.py:3823} INFO - Setting next_dagrun for f1_bigdata_pipeline to 2026-05-04 06:00:00+00:00, run_after=2026-05-11 06:00:00+00:00
[2026-05-05T18:53:30.607+0000] {processor.py:183} INFO - Processing /opt/airflow/dags/f1_pipeline_dag.py took 0.170 seconds
[2026-05-05T18:54:01.249+0000] {processor.py:161} INFO - Started process (PID=18026) to work on /opt/airflow/dags/f1_pipeline_dag.py
[2026-05-05T18:54:01.251+0000] {processor.py:830} INFO - Processing file /opt/airflow/dags/f1_pipeline_dag.py for tasks to queue
[2026-05-05T18:54:01.253+0000] {logging_mixin.py:188} INFO - [2026-05-05T18:54:01.252+0000] {dagbag.py:538} INFO - Filling up the DagBag from /opt/airflow/dags/f1_pipeline_dag.py
[2026-05-05T18:54:01.279+0000] {processor.py:840} INFO - DAG(s) 'f1_bigdata_pipeline' retrieved from /opt/airflow/dags/f1_pipeline_dag.py
[2026-05-05T18:54:01.330+0000] {logging_mixin.py:188} INFO - [2026-05-05T18:54:01.329+0000] {dag.py:3036} INFO - Sync 1 DAGs
[2026-05-05T18:54:01.356+0000] {logging_mixin.py:188} INFO - [2026-05-05T18:54:01.356+0000] {dag.py:3823} INFO - Setting next_dagrun for f1_bigdata_pipeline to 2026-05-04 06:00:00+00:00, run_after=2026-05-11 06:00:00+00:00
[2026-05-05T18:54:01.388+0000] {processor.py:183} INFO - Processing /opt/airflow/dags/f1_pipeline_dag.py took 0.159 seconds
[2026-05-05T18:54:32.005+0000] {processor.py:161} INFO - Started process (PID=18031) to work on /opt/airflow/dags/f1_pipeline_dag.py
[2026-05-05T18:54:32.044+0000] {processor.py:830} INFO - Processing file /opt/airflow/dags/f1_pipeline_dag.py for tasks to queue
[2026-05-05T18:54:32.046+0000] {logging_mixin.py:188} INFO - [2026-05-05T18:54:32.045+0000] {dagbag.py:538} INFO - Filling up the DagBag from /opt/airflow/dags/f1_pipeline_dag.py
[2026-05-05T18:54:32.142+0000] {processor.py:840} INFO - DAG(s) 'f1_bigdata_pipeline' retrieved from /opt/airflow/dags/f1_pipeline_dag.py
[2026-05-05T18:54:32.236+0000] {logging_mixin.py:188} INFO - [2026-05-05T18:54:32.235+0000] {dag.py:3036} INFO - Sync 1 DAGs
[2026-05-05T18:54:32.342+0000] {logging_mixin.py:188} INFO - [2026-05-05T18:54:32.341+0000] {dag.py:3823} INFO - Setting next_dagrun for f1_bigdata_pipeline to 2026-05-04 06:00:00+00:00, run_after=2026-05-11 06:00:00+00:00
[2026-05-05T18:54:32.384+0000] {processor.py:183} INFO - Processing /opt/airflow/dags/f1_pipeline_dag.py took 0.388 seconds
[2026-05-05T18:55:02.747+0000] {processor.py:161} INFO - Started process (PID=18036) to work on /opt/airflow/dags/f1_pipeline_dag.py
[2026-05-05T18:55:02.755+0000] {processor.py:830} INFO - Processing file /opt/airflow/dags/f1_pipeline_dag.py for tasks to queue
[2026-05-05T18:55:02.758+0000] {logging_mixin.py:188} INFO - [2026-05-05T18:55:02.757+0000] {dagbag.py:538} INFO - Filling up the DagBag from /opt/airflow/dags/f1_pipeline_dag.py
[2026-05-05T18:55:02.793+0000] {processor.py:840} INFO - DAG(s) 'f1_bigdata_pipeline' retrieved from /opt/airflow/dags/f1_pipeline_dag.py
[2026-05-05T18:55:02.836+0000] {logging_mixin.py:188} INFO - [2026-05-05T18:55:02.836+0000] {dag.py:3036} INFO - Sync 1 DAGs
[2026-05-05T18:55:02.857+0000] {logging_mixin.py:188} INFO - [2026-05-05T18:55:02.857+0000] {dag.py:3823} INFO - Setting next_dagrun for f1_bigdata_pipeline to 2026-05-04 06:00:00+00:00, run_after=2026-05-11 06:00:00+00:00
[2026-05-05T18:55:02.881+0000] {processor.py:183} INFO - Processing /opt/airflow/dags/f1_pipeline_dag.py took 0.143 seconds
[2026-05-05T18:55:33.528+0000] {processor.py:161} INFO - Started process (PID=18041) to work on /opt/airflow/dags/f1_pipeline_dag.py
[2026-05-05T18:55:33.530+0000] {processor.py:830} INFO - Processing file /opt/airflow/dags/f1_pipeline_dag.py for tasks to queue
[2026-05-05T18:55:33.531+0000] {logging_mixin.py:188} INFO - [2026-05-05T18:55:33.531+0000] {dagbag.py:538} INFO - Filling up the DagBag from /opt/airflow/dags/f1_pipeline_dag.py
[2026-05-05T18:55:33.576+0000] {processor.py:840} INFO - DAG(s) 'f1_bigdata_pipeline' retrieved from /opt/airflow/dags/f1_pipeline_dag.py
[2026-05-05T18:55:33.625+0000] {logging_mixin.py:188} INFO - [2026-05-05T18:55:33.625+0000] {dag.py:3036} INFO - Sync 1 DAGs
[2026-05-05T18:55:33.655+0000] {logging_mixin.py:188} INFO - [2026-05-05T18:55:33.655+0000] {dag.py:3823} INFO - Setting next_dagrun for f1_bigdata_pipeline to 2026-05-04 06:00:00+00:00, run_after=2026-05-11 06:00:00+00:00
[2026-05-05T18:55:33.667+0000] {processor.py:183} INFO - Processing /opt/airflow/dags/f1_pipeline_dag.py took 0.145 seconds
[2026-05-05T18:56:03.983+0000] {processor.py:161} INFO - Started process (PID=18046) to work on /opt/airflow/dags/f1_pipeline_dag.py
[2026-05-05T18:56:03.985+0000] {processor.py:830} INFO - Processing file /opt/airflow/dags/f1_pipeline_dag.py for tasks to queue
[2026-05-05T18:56:03.986+0000] {logging_mixin.py:188} INFO - [2026-05-05T18:56:03.985+0000] {dagbag.py:538} INFO - Filling up the DagBag from /opt/airflow/dags/f1_pipeline_dag.py
[2026-05-05T18:56:04.001+0000] {processor.py:840} INFO - DAG(s) 'f1_bigdata_pipeline' retrieved from /opt/airflow/dags/f1_pipeline_dag.py
[2026-05-05T18:56:04.044+0000] {logging_mixin.py:188} INFO - [2026-05-05T18:56:04.044+0000] {dag.py:3036} INFO - Sync 1 DAGs
[2026-05-05T18:56:04.061+0000] {logging_mixin.py:188} INFO - [2026-05-05T18:56:04.061+0000] {dag.py:3823} INFO - Setting next_dagrun for f1_bigdata_pipeline to 2026-05-04 06:00:00+00:00, run_after=2026-05-11 06:00:00+00:00
[2026-05-05T18:56:04.104+0000] {processor.py:183} INFO - Processing /opt/airflow/dags/f1_pipeline_dag.py took 0.125 seconds
[2026-05-05T18:56:34.741+0000] {processor.py:161} INFO - Started process (PID=18051) to work on /opt/airflow/dags/f1_pipeline_dag.py
[2026-05-05T18:56:34.743+0000] {processor.py:830} INFO - Processing file /opt/airflow/dags/f1_pipeline_dag.py for tasks to queue
[2026-05-05T18:56:34.745+0000] {logging_mixin.py:188} INFO - [2026-05-05T18:56:34.744+0000] {dagbag.py:538} INFO - Filling up the DagBag from /opt/airflow/dags/f1_pipeline_dag.py
[2026-05-05T18:56:34.768+0000] {processor.py:840} INFO - DAG(s) 'f1_bigdata_pipeline' retrieved from /opt/airflow/dags/f1_pipeline_dag.py
[2026-05-05T18:56:34.811+0000] {logging_mixin.py:188} INFO - [2026-05-05T18:56:34.811+0000] {dag.py:3036} INFO - Sync 1 DAGs
[2026-05-05T18:56:34.845+0000] {logging_mixin.py:188} INFO - [2026-05-05T18:56:34.844+0000] {dag.py:3823} INFO - Setting next_dagrun for f1_bigdata_pipeline to 2026-05-04 06:00:00+00:00, run_after=2026-05-11 06:00:00+00:00
[2026-05-05T18:56:34.886+0000] {processor.py:183} INFO - Processing /opt/airflow/dags/f1_pipeline_dag.py took 0.151 seconds
[2026-05-05T18:57:05.935+0000] {processor.py:161} INFO - Started process (PID=18056) to work on /opt/airflow/dags/f1_pipeline_dag.py
[2026-05-05T18:57:05.937+0000] {processor.py:830} INFO - Processing file /opt/airflow/dags/f1_pipeline_dag.py for tasks to queue
[2026-05-05T18:57:05.938+0000] {logging_mixin.py:188} INFO - [2026-05-05T18:57:05.938+0000] {dagbag.py:538} INFO - Filling up the DagBag from /opt/airflow/dags/f1_pipeline_dag.py
[2026-05-05T18:57:05.969+0000] {processor.py:840} INFO - DAG(s) 'f1_bigdata_pipeline' retrieved from /opt/airflow/dags/f1_pipeline_dag.py
[2026-05-05T18:57:06.014+0000] {logging_mixin.py:188} INFO - [2026-05-05T18:57:06.014+0000] {dag.py:3036} INFO - Sync 1 DAGs
[2026-05-05T18:57:06.040+0000] {logging_mixin.py:188} INFO - [2026-05-05T18:57:06.040+0000] {dag.py:3823} INFO - Setting next_dagrun for f1_bigdata_pipeline to 2026-05-04 06:00:00+00:00, run_after=2026-05-11 06:00:00+00:00
[2026-05-05T18:57:06.052+0000] {processor.py:183} INFO - Processing /opt/airflow/dags/f1_pipeline_dag.py took 0.122 seconds
[2026-05-05T18:57:36.365+0000] {processor.py:161} INFO - Started process (PID=18061) to work on /opt/airflow/dags/f1_pipeline_dag.py
[2026-05-05T18:57:36.367+0000] {processor.py:830} INFO - Processing file /opt/airflow/dags/f1_pipeline_dag.py for tasks to queue
[2026-05-05T18:57:36.368+0000] {logging_mixin.py:188} INFO - [2026-05-05T18:57:36.367+0000] {dagbag.py:538} INFO - Filling up the DagBag from /opt/airflow/dags/f1_pipeline_dag.py
[2026-05-05T18:57:36.399+0000] {processor.py:840} INFO - DAG(s) 'f1_bigdata_pipeline' retrieved from /opt/airflow/dags/f1_pipeline_dag.py
[2026-05-05T18:57:36.445+0000] {logging_mixin.py:188} INFO - [2026-05-05T18:57:36.445+0000] {dag.py:3036} INFO - Sync 1 DAGs
[2026-05-05T18:57:36.468+0000] {logging_mixin.py:188} INFO - [2026-05-05T18:57:36.467+0000] {dag.py:3823} INFO - Setting next_dagrun for f1_bigdata_pipeline to 2026-05-04 06:00:00+00:00, run_after=2026-05-11 06:00:00+00:00
[2026-05-05T18:57:36.480+0000] {processor.py:183} INFO - Processing /opt/airflow/dags/f1_pipeline_dag.py took 0.120 seconds
[2026-05-05T18:58:06.904+0000] {processor.py:161} INFO - Started process (PID=18068) to work on /opt/airflow/dags/f1_pipeline_dag.py
[2026-05-05T18:58:06.921+0000] {processor.py:830} INFO - Processing file /opt/airflow/dags/f1_pipeline_dag.py for tasks to queue
[2026-05-05T18:58:06.925+0000] {logging_mixin.py:188} INFO - [2026-05-05T18:58:06.924+0000] {dagbag.py:538} INFO - Filling up the DagBag from /opt/airflow/dags/f1_pipeline_dag.py
[2026-05-05T18:58:07.123+0000] {processor.py:840} INFO - DAG(s) 'f1_bigdata_pipeline' retrieved from /opt/airflow/dags/f1_pipeline_dag.py
[2026-05-05T18:58:07.332+0000] {logging_mixin.py:188} INFO - [2026-05-05T18:58:07.332+0000] {dag.py:3036} INFO - Sync 1 DAGs
[2026-05-05T18:58:07.456+0000] {logging_mixin.py:188} INFO - [2026-05-05T18:58:07.456+0000] {dag.py:3823} INFO - Setting next_dagrun for f1_bigdata_pipeline to 2026-05-04 06:00:00+00:00, run_after=2026-05-11 06:00:00+00:00
[2026-05-05T18:58:07.572+0000] {processor.py:183} INFO - Processing /opt/airflow/dags/f1_pipeline_dag.py took 0.759 seconds
[2026-05-05T18:58:39.952+0000] {processor.py:161} INFO - Started process (PID=18081) to work on /opt/airflow/dags/f1_pipeline_dag.py
[2026-05-05T18:58:39.999+0000] {processor.py:830} INFO - Processing file /opt/airflow/dags/f1_pipeline_dag.py for tasks to queue
[2026-05-05T18:58:40.060+0000] {logging_mixin.py:188} INFO - [2026-05-05T18:58:40.030+0000] {dagbag.py:538} INFO - Filling up the DagBag from /opt/airflow/dags/f1_pipeline_dag.py
[2026-05-05T18:58:40.793+0000] {processor.py:840} INFO - DAG(s) 'f1_bigdata_pipeline' retrieved from /opt/airflow/dags/f1_pipeline_dag.py
[2026-05-05T18:58:41.227+0000] {logging_mixin.py:188} INFO - [2026-05-05T18:58:41.226+0000] {dag.py:3036} INFO - Sync 1 DAGs
[2026-05-05T18:58:41.834+0000] {logging_mixin.py:188} INFO - [2026-05-05T18:58:41.827+0000] {dag.py:3823} INFO - Setting next_dagrun for f1_bigdata_pipeline to 2026-05-04 06:00:00+00:00, run_after=2026-05-11 06:00:00+00:00
[2026-05-05T18:58:42.019+0000] {processor.py:183} INFO - Processing /opt/airflow/dags/f1_pipeline_dag.py took 2.385 seconds
[2026-05-05T18:59:13.249+0000] {processor.py:161} INFO - Started process (PID=18086) to work on /opt/airflow/dags/f1_pipeline_dag.py
[2026-05-05T18:59:13.260+0000] {processor.py:830} INFO - Processing file /opt/airflow/dags/f1_pipeline_dag.py for tasks to queue
[2026-05-05T18:59:13.269+0000] {logging_mixin.py:188} INFO - [2026-05-05T18:59:13.265+0000] {dagbag.py:538} INFO - Filling up the DagBag from /opt/airflow/dags/f1_pipeline_dag.py
[2026-05-05T18:59:13.666+0000] {processor.py:840} INFO - DAG(s) 'f1_bigdata_pipeline' retrieved from /opt/airflow/dags/f1_pipeline_dag.py
[2026-05-05T18:59:13.886+0000] {logging_mixin.py:188} INFO - [2026-05-05T18:59:13.885+0000] {dag.py:3036} INFO - Sync 1 DAGs
[2026-05-05T18:59:14.024+0000] {logging_mixin.py:188} INFO - [2026-05-05T18:59:14.024+0000] {dag.py:3823} INFO - Setting next_dagrun for f1_bigdata_pipeline to 2026-05-04 06:00:00+00:00, run_after=2026-05-11 06:00:00+00:00
[2026-05-05T18:59:14.083+0000] {processor.py:183} INFO - Processing /opt/airflow/dags/f1_pipeline_dag.py took 0.951 seconds
[2026-05-05T18:59:45.080+0000] {processor.py:161} INFO - Started process (PID=18091) to work on /opt/airflow/dags/f1_pipeline_dag.py
[2026-05-05T18:59:45.082+0000] {processor.py:830} INFO - Processing file /opt/airflow/dags/f1_pipeline_dag.py for tasks to queue
[2026-05-05T18:59:45.084+0000] {logging_mixin.py:188} INFO - [2026-05-05T18:59:45.083+0000] {dagbag.py:538} INFO - Filling up the DagBag from /opt/airflow/dags/f1_pipeline_dag.py
[2026-05-05T18:59:45.151+0000] {processor.py:840} INFO - DAG(s) 'f1_bigdata_pipeline' retrieved from /opt/airflow/dags/f1_pipeline_dag.py
[2026-05-05T18:59:45.250+0000] {logging_mixin.py:188} INFO - [2026-05-05T18:59:45.250+0000] {dag.py:3036} INFO - Sync 1 DAGs
[2026-05-05T18:59:45.312+0000] {logging_mixin.py:188} INFO - [2026-05-05T18:59:45.312+0000] {dag.py:3823} INFO - Setting next_dagrun for f1_bigdata_pipeline to 2026-05-04 06:00:00+00:00, run_after=2026-05-11 06:00:00+00:00
[2026-05-05T18:59:45.339+0000] {processor.py:183} INFO - Processing /opt/airflow/dags/f1_pipeline_dag.py took 0.268 seconds
[2026-05-05T19:00:15.568+0000] {processor.py:161} INFO - Started process (PID=18096) to work on /opt/airflow/dags/f1_pipeline_dag.py
[2026-05-05T19:00:15.571+0000] {processor.py:830} INFO - Processing file /opt/airflow/dags/f1_pipeline_dag.py for tasks to queue
[2026-05-05T19:00:15.572+0000] {logging_mixin.py:188} INFO - [2026-05-05T19:00:15.572+0000] {dagbag.py:538} INFO - Filling up the DagBag from /opt/airflow/dags/f1_pipeline_dag.py
[2026-05-05T19:00:15.654+0000] {processor.py:840} INFO - DAG(s) 'f1_bigdata_pipeline' retrieved from /opt/airflow/dags/f1_pipeline_dag.py
[2026-05-05T19:00:15.811+0000] {logging_mixin.py:188} INFO - [2026-05-05T19:00:15.811+0000] {dag.py:3036} INFO - Sync 1 DAGs
[2026-05-05T19:00:15.883+0000] {logging_mixin.py:188} INFO - [2026-05-05T19:00:15.882+0000] {dag.py:3823} INFO - Setting next_dagrun for f1_bigdata_pipeline to 2026-05-04 06:00:00+00:00, run_after=2026-05-11 06:00:00+00:00
[2026-05-05T19:00:15.918+0000] {processor.py:183} INFO - Processing /opt/airflow/dags/f1_pipeline_dag.py took 0.356 seconds
[2026-05-05T19:00:46.020+0000] {processor.py:161} INFO - Started process (PID=18101) to work on /opt/airflow/dags/f1_pipeline_dag.py
[2026-05-05T19:00:46.022+0000] {processor.py:830} INFO - Processing file /opt/airflow/dags/f1_pipeline_dag.py for tasks to queue
[2026-05-05T19:00:46.024+0000] {logging_mixin.py:188} INFO - [2026-05-05T19:00:46.023+0000] {dagbag.py:538} INFO - Filling up the DagBag from /opt/airflow/dags/f1_pipeline_dag.py
[2026-05-05T19:00:46.067+0000] {processor.py:840} INFO - DAG(s) 'f1_bigdata_pipeline' retrieved from /opt/airflow/dags/f1_pipeline_dag.py
[2026-05-05T19:00:46.132+0000] {logging_mixin.py:188} INFO - [2026-05-05T19:00:46.132+0000] {dag.py:3036} INFO - Sync 1 DAGs
[2026-05-05T19:00:46.160+0000] {logging_mixin.py:188} INFO - [2026-05-05T19:00:46.159+0000] {dag.py:3823} INFO - Setting next_dagrun for f1_bigdata_pipeline to 2026-05-04 06:00:00+00:00, run_after=2026-05-11 06:00:00+00:00
[2026-05-05T19:00:46.178+0000] {processor.py:183} INFO - Processing /opt/airflow/dags/f1_pipeline_dag.py took 0.165 seconds
[2026-05-05T19:01:16.938+0000] {processor.py:161} INFO - Started process (PID=18106) to work on /opt/airflow/dags/f1_pipeline_dag.py
[2026-05-05T19:01:16.940+0000] {processor.py:830} INFO - Processing file /opt/airflow/dags/f1_pipeline_dag.py for tasks to queue
[2026-05-05T19:01:16.944+0000] {logging_mixin.py:188} INFO - [2026-05-05T19:01:16.942+0000] {dagbag.py:538} INFO - Filling up the DagBag from /opt/airflow/dags/f1_pipeline_dag.py
[2026-05-05T19:01:17.021+0000] {processor.py:840} INFO - DAG(s) 'f1_bigdata_pipeline' retrieved from /opt/airflow/dags/f1_pipeline_dag.py
[2026-05-05T19:01:17.128+0000] {logging_mixin.py:188} INFO - [2026-05-05T19:01:17.128+0000] {dag.py:3036} INFO - Sync 1 DAGs
[2026-05-05T19:01:17.205+0000] {logging_mixin.py:188} INFO - [2026-05-05T19:01:17.205+0000] {dag.py:3823} INFO - Setting next_dagrun for f1_bigdata_pipeline to 2026-05-04 06:00:00+00:00, run_after=2026-05-11 06:00:00+00:00
[2026-05-05T19:01:17.227+0000] {processor.py:183} INFO - Processing /opt/airflow/dags/f1_pipeline_dag.py took 0.301 seconds
[2026-05-05T19:01:47.553+0000] {processor.py:161} INFO - Started process (PID=18111) to work on /opt/airflow/dags/f1_pipeline_dag.py
[2026-05-05T19:01:47.555+0000] {processor.py:830} INFO - Processing file /opt/airflow/dags/f1_pipeline_dag.py for tasks to queue
[2026-05-05T19:01:47.556+0000] {logging_mixin.py:188} INFO - [2026-05-05T19:01:47.556+0000] {dagbag.py:538} INFO - Filling up the DagBag from /opt/airflow/dags/f1_pipeline_dag.py
[2026-05-05T19:01:47.574+0000] {processor.py:840} INFO - DAG(s) 'f1_bigdata_pipeline' retrieved from /opt/airflow/dags/f1_pipeline_dag.py
[2026-05-05T19:01:47.605+0000] {logging_mixin.py:188} INFO - [2026-05-05T19:01:47.605+0000] {dag.py:3036} INFO - Sync 1 DAGs
[2026-05-05T19:01:47.629+0000] {logging_mixin.py:188} INFO - [2026-05-05T19:01:47.629+0000] {dag.py:3823} INFO - Setting next_dagrun for f1_bigdata_pipeline to 2026-05-04 06:00:00+00:00, run_after=2026-05-11 06:00:00+00:00
[2026-05-05T19:01:47.639+0000] {processor.py:183} INFO - Processing /opt/airflow/dags/f1_pipeline_dag.py took 0.098 seconds
[2026-05-05T19:02:18.697+0000] {processor.py:161} INFO - Started process (PID=18116) to work on /opt/airflow/dags/f1_pipeline_dag.py
[2026-05-05T19:02:18.700+0000] {processor.py:830} INFO - Processing file /opt/airflow/dags/f1_pipeline_dag.py for tasks to queue
[2026-05-05T19:02:18.701+0000] {logging_mixin.py:188} INFO - [2026-05-05T19:02:18.701+0000] {dagbag.py:538} INFO - Filling up the DagBag from /opt/airflow/dags/f1_pipeline_dag.py
[2026-05-05T19:02:18.719+0000] {processor.py:840} INFO - DAG(s) 'f1_bigdata_pipeline' retrieved from /opt/airflow/dags/f1_pipeline_dag.py
[2026-05-05T19:02:18.760+0000] {logging_mixin.py:188} INFO - [2026-05-05T19:02:18.760+0000] {dag.py:3036} INFO - Sync 1 DAGs
[2026-05-05T19:02:18.781+0000] {logging_mixin.py:188} INFO - [2026-05-05T19:02:18.781+0000] {dag.py:3823} INFO - Setting next_dagrun for f1_bigdata_pipeline to 2026-05-04 06:00:00+00:00, run_after=2026-05-11 06:00:00+00:00
[2026-05-05T19:02:18.791+0000] {processor.py:183} INFO - Processing /opt/airflow/dags/f1_pipeline_dag.py took 0.100 seconds
[2026-05-05T19:02:49.941+0000] {processor.py:161} INFO - Started process (PID=18121) to work on /opt/airflow/dags/f1_pipeline_dag.py
[2026-05-05T19:02:49.963+0000] {processor.py:830} INFO - Processing file /opt/airflow/dags/f1_pipeline_dag.py for tasks to queue
[2026-05-05T19:02:49.974+0000] {logging_mixin.py:188} INFO - [2026-05-05T19:02:49.972+0000] {dagbag.py:538} INFO - Filling up the DagBag from /opt/airflow/dags/f1_pipeline_dag.py
[2026-05-05T19:02:50.227+0000] {processor.py:840} INFO - DAG(s) 'f1_bigdata_pipeline' retrieved from /opt/airflow/dags/f1_pipeline_dag.py
[2026-05-05T19:02:50.809+0000] {logging_mixin.py:188} INFO - [2026-05-05T19:02:50.783+0000] {dag.py:3036} INFO - Sync 1 DAGs
[2026-05-05T19:02:51.504+0000] {logging_mixin.py:188} INFO - [2026-05-05T19:02:51.501+0000] {dag.py:3823} INFO - Setting next_dagrun for f1_bigdata_pipeline to 2026-05-04 06:00:00+00:00, run_after=2026-05-11 06:00:00+00:00
[2026-05-05T19:02:51.611+0000] {processor.py:183} INFO - Processing /opt/airflow/dags/f1_pipeline_dag.py took 1.722 seconds
[2026-05-05T19:03:23.341+0000] {processor.py:161} INFO - Started process (PID=18126) to work on /opt/airflow/dags/f1_pipeline_dag.py
[2026-05-05T19:03:23.390+0000] {processor.py:830} INFO - Processing file /opt/airflow/dags/f1_pipeline_dag.py for tasks to queue
[2026-05-05T19:03:23.407+0000] {logging_mixin.py:188} INFO - [2026-05-05T19:03:23.400+0000] {dagbag.py:538} INFO - Filling up the DagBag from /opt/airflow/dags/f1_pipeline_dag.py
[2026-05-05T19:03:23.837+0000] {processor.py:840} INFO - DAG(s) 'f1_bigdata_pipeline' retrieved from /opt/airflow/dags/f1_pipeline_dag.py
[2026-05-05T19:03:24.183+0000] {logging_mixin.py:188} INFO - [2026-05-05T19:03:24.175+0000] {dag.py:3036} INFO - Sync 1 DAGs
[2026-05-05T19:03:24.531+0000] {logging_mixin.py:188} INFO - [2026-05-05T19:03:24.525+0000] {dag.py:3823} INFO - Setting next_dagrun for f1_bigdata_pipeline to 2026-05-04 06:00:00+00:00, run_after=2026-05-11 06:00:00+00:00
[2026-05-05T19:03:24.736+0000] {processor.py:183} INFO - Processing /opt/airflow/dags/f1_pipeline_dag.py took 1.588 seconds
[2026-05-05T19:03:56.124+0000] {processor.py:161} INFO - Started process (PID=18131) to work on /opt/airflow/dags/f1_pipeline_dag.py
[2026-05-05T19:03:56.136+0000] {processor.py:830} INFO - Processing file /opt/airflow/dags/f1_pipeline_dag.py for tasks to queue
[2026-05-05T19:03:56.147+0000] {logging_mixin.py:188} INFO - [2026-05-05T19:03:56.142+0000] {dagbag.py:538} INFO - Filling up the DagBag from /opt/airflow/dags/f1_pipeline_dag.py
[2026-05-05T19:03:56.406+0000] {processor.py:840} INFO - DAG(s) 'f1_bigdata_pipeline' retrieved from /opt/airflow/dags/f1_pipeline_dag.py
[2026-05-05T19:03:56.692+0000] {logging_mixin.py:188} INFO - [2026-05-05T19:03:56.691+0000] {dag.py:3036} INFO - Sync 1 DAGs
[2026-05-05T19:03:56.896+0000] {logging_mixin.py:188} INFO - [2026-05-05T19:03:56.895+0000] {dag.py:3823} INFO - Setting next_dagrun for f1_bigdata_pipeline to 2026-05-04 06:00:00+00:00, run_after=2026-05-11 06:00:00+00:00
[2026-05-05T19:03:56.973+0000] {processor.py:183} INFO - Processing /opt/airflow/dags/f1_pipeline_dag.py took 0.921 seconds
[2026-05-05T19:04:28.513+0000] {processor.py:161} INFO - Started process (PID=18136) to work on /opt/airflow/dags/f1_pipeline_dag.py
[2026-05-05T19:04:28.528+0000] {processor.py:830} INFO - Processing file /opt/airflow/dags/f1_pipeline_dag.py for tasks to queue
[2026-05-05T19:04:28.548+0000] {logging_mixin.py:188} INFO - [2026-05-05T19:04:28.540+0000] {dagbag.py:538} INFO - Filling up the DagBag from /opt/airflow/dags/f1_pipeline_dag.py
[2026-05-05T19:04:28.864+0000] {processor.py:840} INFO - DAG(s) 'f1_bigdata_pipeline' retrieved from /opt/airflow/dags/f1_pipeline_dag.py
[2026-05-05T19:04:29.783+0000] {logging_mixin.py:188} INFO - [2026-05-05T19:04:29.765+0000] {dag.py:3036} INFO - Sync 1 DAGs
[2026-05-05T19:04:31.002+0000] {logging_mixin.py:188} INFO - [2026-05-05T19:04:30.996+0000] {dag.py:3823} INFO - Setting next_dagrun for f1_bigdata_pipeline to 2026-05-04 06:00:00+00:00, run_after=2026-05-11 06:00:00+00:00
[2026-05-05T19:04:32.060+0000] {processor.py:183} INFO - Processing /opt/airflow/dags/f1_pipeline_dag.py took 3.625 seconds
[2026-05-05T19:05:05.312+0000] {processor.py:161} INFO - Started process (PID=18141) to work on /opt/airflow/dags/f1_pipeline_dag.py
[2026-05-05T19:05:05.378+0000] {processor.py:830} INFO - Processing file /opt/airflow/dags/f1_pipeline_dag.py for tasks to queue
[2026-05-05T19:05:05.493+0000] {logging_mixin.py:188} INFO - [2026-05-05T19:05:05.446+0000] {dagbag.py:538} INFO - Filling up the DagBag from /opt/airflow/dags/f1_pipeline_dag.py
[2026-05-05T19:05:07.014+0000] {processor.py:840} INFO - DAG(s) 'f1_bigdata_pipeline' retrieved from /opt/airflow/dags/f1_pipeline_dag.py
[2026-05-05T19:05:08.384+0000] {logging_mixin.py:188} INFO - [2026-05-05T19:05:08.377+0000] {dag.py:3036} INFO - Sync 1 DAGs
[2026-05-05T19:05:08.661+0000] {logging_mixin.py:188} INFO - [2026-05-05T19:05:08.661+0000] {dag.py:3823} INFO - Setting next_dagrun for f1_bigdata_pipeline to 2026-05-04 06:00:00+00:00, run_after=2026-05-11 06:00:00+00:00
[2026-05-05T19:05:08.835+0000] {processor.py:183} INFO - Processing /opt/airflow/dags/f1_pipeline_dag.py took 3.930 seconds
[2026-05-05T19:05:39.379+0000] {processor.py:161} INFO - Started process (PID=18148) to work on /opt/airflow/dags/f1_pipeline_dag.py
[2026-05-05T19:05:39.389+0000] {processor.py:830} INFO - Processing file /opt/airflow/dags/f1_pipeline_dag.py for tasks to queue
[2026-05-05T19:05:39.398+0000] {logging_mixin.py:188} INFO - [2026-05-05T19:05:39.394+0000] {dagbag.py:538} INFO - Filling up the DagBag from /opt/airflow/dags/f1_pipeline_dag.py
[2026-05-05T19:05:39.766+0000] {processor.py:840} INFO - DAG(s) 'f1_bigdata_pipeline' retrieved from /opt/airflow/dags/f1_pipeline_dag.py
[2026-05-05T19:05:39.968+0000] {logging_mixin.py:188} INFO - [2026-05-05T19:05:39.968+0000] {dag.py:3036} INFO - Sync 1 DAGs
[2026-05-05T19:05:40.050+0000] {logging_mixin.py:188} INFO - [2026-05-05T19:05:40.050+0000] {dag.py:3823} INFO - Setting next_dagrun for f1_bigdata_pipeline to 2026-05-04 06:00:00+00:00, run_after=2026-05-11 06:00:00+00:00
[2026-05-05T19:05:40.071+0000] {processor.py:183} INFO - Processing /opt/airflow/dags/f1_pipeline_dag.py took 0.734 seconds
[2026-05-05T19:06:10.913+0000] {processor.py:161} INFO - Started process (PID=18162) to work on /opt/airflow/dags/f1_pipeline_dag.py
[2026-05-05T19:06:10.927+0000] {processor.py:830} INFO - Processing file /opt/airflow/dags/f1_pipeline_dag.py for tasks to queue
[2026-05-05T19:06:10.947+0000] {logging_mixin.py:188} INFO - [2026-05-05T19:06:10.935+0000] {dagbag.py:538} INFO - Filling up the DagBag from /opt/airflow/dags/f1_pipeline_dag.py
[2026-05-05T19:06:11.150+0000] {processor.py:840} INFO - DAG(s) 'f1_bigdata_pipeline' retrieved from /opt/airflow/dags/f1_pipeline_dag.py
[2026-05-05T19:06:11.561+0000] {logging_mixin.py:188} INFO - [2026-05-05T19:06:11.558+0000] {dag.py:3036} INFO - Sync 1 DAGs
[2026-05-05T19:06:11.740+0000] {logging_mixin.py:188} INFO - [2026-05-05T19:06:11.739+0000] {dag.py:3823} INFO - Setting next_dagrun for f1_bigdata_pipeline to 2026-05-04 06:00:00+00:00, run_after=2026-05-11 06:00:00+00:00
[2026-05-05T19:06:11.775+0000] {processor.py:183} INFO - Processing /opt/airflow/dags/f1_pipeline_dag.py took 0.908 seconds
[2026-05-05T19:06:42.448+0000] {processor.py:161} INFO - Started process (PID=18320) to work on /opt/airflow/dags/f1_pipeline_dag.py
[2026-05-05T19:06:42.456+0000] {processor.py:830} INFO - Processing file /opt/airflow/dags/f1_pipeline_dag.py for tasks to queue
[2026-05-05T19:06:42.460+0000] {logging_mixin.py:188} INFO - [2026-05-05T19:06:42.457+0000] {dagbag.py:538} INFO - Filling up the DagBag from /opt/airflow/dags/f1_pipeline_dag.py
[2026-05-05T19:06:42.530+0000] {processor.py:840} INFO - DAG(s) 'f1_bigdata_pipeline' retrieved from /opt/airflow/dags/f1_pipeline_dag.py
[2026-05-05T19:06:42.606+0000] {logging_mixin.py:188} INFO - [2026-05-05T19:06:42.606+0000] {dag.py:3036} INFO - Sync 1 DAGs
[2026-05-05T19:06:42.644+0000] {logging_mixin.py:188} INFO - [2026-05-05T19:06:42.644+0000] {dag.py:3823} INFO - Setting next_dagrun for f1_bigdata_pipeline to 2026-05-04 06:00:00+00:00, run_after=2026-05-11 06:00:00+00:00
[2026-05-05T19:06:42.659+0000] {processor.py:183} INFO - Processing /opt/airflow/dags/f1_pipeline_dag.py took 0.262 seconds
[2026-05-05T19:07:12.950+0000] {processor.py:161} INFO - Started process (PID=18347) to work on /opt/airflow/dags/f1_pipeline_dag.py
[2026-05-05T19:07:12.953+0000] {processor.py:830} INFO - Processing file /opt/airflow/dags/f1_pipeline_dag.py for tasks to queue
[2026-05-05T19:07:12.954+0000] {logging_mixin.py:188} INFO - [2026-05-05T19:07:12.954+0000] {dagbag.py:538} INFO - Filling up the DagBag from /opt/airflow/dags/f1_pipeline_dag.py
[2026-05-05T19:07:12.981+0000] {processor.py:840} INFO - DAG(s) 'f1_bigdata_pipeline' retrieved from /opt/airflow/dags/f1_pipeline_dag.py
[2026-05-05T19:07:13.047+0000] {logging_mixin.py:188} INFO - [2026-05-05T19:07:13.047+0000] {dag.py:3036} INFO - Sync 1 DAGs
[2026-05-05T19:07:13.087+0000] {logging_mixin.py:188} INFO - [2026-05-05T19:07:13.087+0000] {dag.py:3823} INFO - Setting next_dagrun for f1_bigdata_pipeline to 2026-05-04 06:00:00+00:00, run_after=2026-05-11 06:00:00+00:00
[2026-05-05T19:07:13.107+0000] {processor.py:183} INFO - Processing /opt/airflow/dags/f1_pipeline_dag.py took 0.170 seconds
[2026-05-05T19:07:44.096+0000] {processor.py:161} INFO - Started process (PID=18392) to work on /opt/airflow/dags/f1_pipeline_dag.py
[2026-05-05T19:07:44.101+0000] {processor.py:830} INFO - Processing file /opt/airflow/dags/f1_pipeline_dag.py for tasks to queue
[2026-05-05T19:07:44.106+0000] {logging_mixin.py:188} INFO - [2026-05-05T19:07:44.104+0000] {dagbag.py:538} INFO - Filling up the DagBag from /opt/airflow/dags/f1_pipeline_dag.py
[2026-05-05T19:07:44.163+0000] {processor.py:840} INFO - DAG(s) 'f1_bigdata_pipeline' retrieved from /opt/airflow/dags/f1_pipeline_dag.py
[2026-05-05T19:07:44.235+0000] {logging_mixin.py:188} INFO - [2026-05-05T19:07:44.235+0000] {dag.py:3036} INFO - Sync 1 DAGs
[2026-05-05T19:07:44.345+0000] {logging_mixin.py:188} INFO - [2026-05-05T19:07:44.344+0000] {dag.py:3823} INFO - Setting next_dagrun for f1_bigdata_pipeline to 2026-05-04 06:00:00+00:00, run_after=2026-05-11 06:00:00+00:00
[2026-05-05T19:07:44.367+0000] {processor.py:183} INFO - Processing /opt/airflow/dags/f1_pipeline_dag.py took 0.277 seconds
[2026-05-05T19:08:15.035+0000] {processor.py:161} INFO - Started process (PID=18436) to work on /opt/airflow/dags/f1_pipeline_dag.py
[2026-05-05T19:08:15.038+0000] {processor.py:830} INFO - Processing file /opt/airflow/dags/f1_pipeline_dag.py for tasks to queue
[2026-05-05T19:08:15.044+0000] {logging_mixin.py:188} INFO - [2026-05-05T19:08:15.041+0000] {dagbag.py:538} INFO - Filling up the DagBag from /opt/airflow/dags/f1_pipeline_dag.py
[2026-05-05T19:08:15.127+0000] {processor.py:840} INFO - DAG(s) 'f1_bigdata_pipeline' retrieved from /opt/airflow/dags/f1_pipeline_dag.py
[2026-05-05T19:08:15.233+0000] {logging_mixin.py:188} INFO - [2026-05-05T19:08:15.233+0000] {dag.py:3036} INFO - Sync 1 DAGs
[2026-05-05T19:08:15.300+0000] {logging_mixin.py:188} INFO - [2026-05-05T19:08:15.299+0000] {dag.py:3823} INFO - Setting next_dagrun for f1_bigdata_pipeline to 2026-05-04 06:00:00+00:00, run_after=2026-05-11 06:00:00+00:00
[2026-05-05T19:08:15.323+0000] {processor.py:183} INFO - Processing /opt/airflow/dags/f1_pipeline_dag.py took 0.301 seconds
[2026-05-05T19:08:45.372+0000] {processor.py:161} INFO - Started process (PID=18441) to work on /opt/airflow/dags/f1_pipeline_dag.py
[2026-05-05T19:08:45.374+0000] {processor.py:830} INFO - Processing file /opt/airflow/dags/f1_pipeline_dag.py for tasks to queue
[2026-05-05T19:08:45.375+0000] {logging_mixin.py:188} INFO - [2026-05-05T19:08:45.374+0000] {dagbag.py:538} INFO - Filling up the DagBag from /opt/airflow/dags/f1_pipeline_dag.py
[2026-05-05T19:08:45.391+0000] {processor.py:840} INFO - DAG(s) 'f1_bigdata_pipeline' retrieved from /opt/airflow/dags/f1_pipeline_dag.py
[2026-05-05T19:08:45.439+0000] {logging_mixin.py:188} INFO - [2026-05-05T19:08:45.439+0000] {dag.py:3036} INFO - Sync 1 DAGs
[2026-05-05T19:08:45.511+0000] {logging_mixin.py:188} INFO - [2026-05-05T19:08:45.510+0000] {dag.py:3823} INFO - Setting next_dagrun for f1_bigdata_pipeline to 2026-05-04 06:00:00+00:00, run_after=2026-05-11 06:00:00+00:00
[2026-05-05T19:08:45.548+0000] {processor.py:183} INFO - Processing /opt/airflow/dags/f1_pipeline_dag.py took 0.181 seconds
[2026-05-05T19:09:16.006+0000] {processor.py:161} INFO - Started process (PID=18446) to work on /opt/airflow/dags/f1_pipeline_dag.py
[2026-05-05T19:09:16.008+0000] {processor.py:830} INFO - Processing file /opt/airflow/dags/f1_pipeline_dag.py for tasks to queue
[2026-05-05T19:09:16.009+0000] {logging_mixin.py:188} INFO - [2026-05-05T19:09:16.009+0000] {dagbag.py:538} INFO - Filling up the DagBag from /opt/airflow/dags/f1_pipeline_dag.py
[2026-05-05T19:09:16.357+0000] {processor.py:840} INFO - DAG(s) 'f1_bigdata_pipeline' retrieved from /opt/airflow/dags/f1_pipeline_dag.py
[2026-05-05T19:09:16.520+0000] {logging_mixin.py:188} INFO - [2026-05-05T19:09:16.520+0000] {dag.py:3036} INFO - Sync 1 DAGs
[2026-05-05T19:09:16.586+0000] {logging_mixin.py:188} INFO - [2026-05-05T19:09:16.586+0000] {dag.py:3823} INFO - Setting next_dagrun for f1_bigdata_pipeline to 2026-05-04 06:00:00+00:00, run_after=2026-05-11 06:00:00+00:00
[2026-05-05T19:09:16.619+0000] {processor.py:183} INFO - Processing /opt/airflow/dags/f1_pipeline_dag.py took 0.622 seconds
[2026-05-05T19:09:47.585+0000] {processor.py:161} INFO - Started process (PID=18451) to work on /opt/airflow/dags/f1_pipeline_dag.py
[2026-05-05T19:09:47.587+0000] {processor.py:830} INFO - Processing file /opt/airflow/dags/f1_pipeline_dag.py for tasks to queue
[2026-05-05T19:09:47.588+0000] {logging_mixin.py:188} INFO - [2026-05-05T19:09:47.588+0000] {dagbag.py:538} INFO - Filling up the DagBag from /opt/airflow/dags/f1_pipeline_dag.py
[2026-05-05T19:09:47.620+0000] {processor.py:840} INFO - DAG(s) 'f1_bigdata_pipeline' retrieved from /opt/airflow/dags/f1_pipeline_dag.py
[2026-05-05T19:09:47.653+0000] {logging_mixin.py:188} INFO - [2026-05-05T19:09:47.653+0000] {dag.py:3036} INFO - Sync 1 DAGs
[2026-05-05T19:09:47.687+0000] {logging_mixin.py:188} INFO - [2026-05-05T19:09:47.687+0000] {dag.py:3823} INFO - Setting next_dagrun for f1_bigdata_pipeline to 2026-05-04 06:00:00+00:00, run_after=2026-05-11 06:00:00+00:00
[2026-05-05T19:09:47.701+0000] {processor.py:183} INFO - Processing /opt/airflow/dags/f1_pipeline_dag.py took 0.125 seconds
[2026-05-05T19:10:18.333+0000] {processor.py:161} INFO - Started process (PID=18456) to work on /opt/airflow/dags/f1_pipeline_dag.py
[2026-05-05T19:10:18.337+0000] {processor.py:830} INFO - Processing file /opt/airflow/dags/f1_pipeline_dag.py for tasks to queue
[2026-05-05T19:10:18.339+0000] {logging_mixin.py:188} INFO - [2026-05-05T19:10:18.338+0000] {dagbag.py:538} INFO - Filling up the DagBag from /opt/airflow/dags/f1_pipeline_dag.py
[2026-05-05T19:10:18.362+0000] {processor.py:840} INFO - DAG(s) 'f1_bigdata_pipeline' retrieved from /opt/airflow/dags/f1_pipeline_dag.py
[2026-05-05T19:10:18.411+0000] {logging_mixin.py:188} INFO - [2026-05-05T19:10:18.410+0000] {dag.py:3036} INFO - Sync 1 DAGs
[2026-05-05T19:10:18.430+0000] {logging_mixin.py:188} INFO - [2026-05-05T19:10:18.429+0000] {dag.py:3823} INFO - Setting next_dagrun for f1_bigdata_pipeline to 2026-05-04 06:00:00+00:00, run_after=2026-05-11 06:00:00+00:00
[2026-05-05T19:10:18.443+0000] {processor.py:183} INFO - Processing /opt/airflow/dags/f1_pipeline_dag.py took 0.130 seconds
[2026-05-05T19:10:48.913+0000] {processor.py:161} INFO - Started process (PID=18461) to work on /opt/airflow/dags/f1_pipeline_dag.py
[2026-05-05T19:10:48.915+0000] {processor.py:830} INFO - Processing file /opt/airflow/dags/f1_pipeline_dag.py for tasks to queue
[2026-05-05T19:10:48.916+0000] {logging_mixin.py:188} INFO - [2026-05-05T19:10:48.915+0000] {dagbag.py:538} INFO - Filling up the DagBag from /opt/airflow/dags/f1_pipeline_dag.py
[2026-05-05T19:10:48.932+0000] {processor.py:840} INFO - DAG(s) 'f1_bigdata_pipeline' retrieved from /opt/airflow/dags/f1_pipeline_dag.py
[2026-05-05T19:10:48.960+0000] {logging_mixin.py:188} INFO - [2026-05-05T19:10:48.960+0000] {dag.py:3036} INFO - Sync 1 DAGs
[2026-05-05T19:10:48.992+0000] {logging_mixin.py:188} INFO - [2026-05-05T19:10:48.992+0000] {dag.py:3823} INFO - Setting next_dagrun for f1_bigdata_pipeline to 2026-05-04 06:00:00+00:00, run_after=2026-05-11 06:00:00+00:00
[2026-05-05T19:10:49.005+0000] {processor.py:183} INFO - Processing /opt/airflow/dags/f1_pipeline_dag.py took 0.104 seconds
[2026-05-05T19:11:19.561+0000] {processor.py:161} INFO - Started process (PID=18466) to work on /opt/airflow/dags/f1_pipeline_dag.py
[2026-05-05T19:11:19.564+0000] {processor.py:830} INFO - Processing file /opt/airflow/dags/f1_pipeline_dag.py for tasks to queue
[2026-05-05T19:11:19.568+0000] {logging_mixin.py:188} INFO - [2026-05-05T19:11:19.566+0000] {dagbag.py:538} INFO - Filling up the DagBag from /opt/airflow/dags/f1_pipeline_dag.py
[2026-05-05T19:11:19.606+0000] {processor.py:840} INFO - DAG(s) 'f1_bigdata_pipeline' retrieved from /opt/airflow/dags/f1_pipeline_dag.py
[2026-05-05T19:11:19.658+0000] {logging_mixin.py:188} INFO - [2026-05-05T19:11:19.658+0000] {dag.py:3036} INFO - Sync 1 DAGs
[2026-05-05T19:11:19.680+0000] {logging_mixin.py:188} INFO - [2026-05-05T19:11:19.679+0000] {dag.py:3823} INFO - Setting next_dagrun for f1_bigdata_pipeline to 2026-05-04 06:00:00+00:00, run_after=2026-05-11 06:00:00+00:00
[2026-05-05T19:11:19.698+0000] {processor.py:183} INFO - Processing /opt/airflow/dags/f1_pipeline_dag.py took 0.141 seconds
[2026-05-05T19:11:50.299+0000] {processor.py:161} INFO - Started process (PID=18471) to work on /opt/airflow/dags/f1_pipeline_dag.py
[2026-05-05T19:11:50.300+0000] {processor.py:830} INFO - Processing file /opt/airflow/dags/f1_pipeline_dag.py for tasks to queue
[2026-05-05T19:11:50.301+0000] {logging_mixin.py:188} INFO - [2026-05-05T19:11:50.301+0000] {dagbag.py:538} INFO - Filling up the DagBag from /opt/airflow/dags/f1_pipeline_dag.py
[2026-05-05T19:11:50.320+0000] {processor.py:840} INFO - DAG(s) 'f1_bigdata_pipeline' retrieved from /opt/airflow/dags/f1_pipeline_dag.py
[2026-05-05T19:11:50.363+0000] {logging_mixin.py:188} INFO - [2026-05-05T19:11:50.363+0000] {dag.py:3036} INFO - Sync 1 DAGs
[2026-05-05T19:11:50.383+0000] {logging_mixin.py:188} INFO - [2026-05-05T19:11:50.383+0000] {dag.py:3823} INFO - Setting next_dagrun for f1_bigdata_pipeline to 2026-05-04 06:00:00+00:00, run_after=2026-05-11 06:00:00+00:00
[2026-05-05T19:11:50.395+0000] {processor.py:183} INFO - Processing /opt/airflow/dags/f1_pipeline_dag.py took 0.100 seconds
[2026-05-05T19:12:20.848+0000] {processor.py:161} INFO - Started process (PID=18476) to work on /opt/airflow/dags/f1_pipeline_dag.py
[2026-05-05T19:12:20.850+0000] {processor.py:830} INFO - Processing file /opt/airflow/dags/f1_pipeline_dag.py for tasks to queue
[2026-05-05T19:12:20.851+0000] {logging_mixin.py:188} INFO - [2026-05-05T19:12:20.851+0000] {dagbag.py:538} INFO - Filling up the DagBag from /opt/airflow/dags/f1_pipeline_dag.py
[2026-05-05T19:12:20.868+0000] {processor.py:840} INFO - DAG(s) 'f1_bigdata_pipeline' retrieved from /opt/airflow/dags/f1_pipeline_dag.py
[2026-05-05T19:12:20.922+0000] {logging_mixin.py:188} INFO - [2026-05-05T19:12:20.922+0000] {dag.py:3036} INFO - Sync 1 DAGs
[2026-05-05T19:12:20.943+0000] {logging_mixin.py:188} INFO - [2026-05-05T19:12:20.943+0000] {dag.py:3823} INFO - Setting next_dagrun for f1_bigdata_pipeline to 2026-05-04 06:00:00+00:00, run_after=2026-05-11 06:00:00+00:00
[2026-05-05T19:12:20.956+0000] {processor.py:183} INFO - Processing /opt/airflow/dags/f1_pipeline_dag.py took 0.111 seconds
[2026-05-05T19:12:51.335+0000] {processor.py:161} INFO - Started process (PID=18481) to work on /opt/airflow/dags/f1_pipeline_dag.py
[2026-05-05T19:12:51.337+0000] {processor.py:830} INFO - Processing file /opt/airflow/dags/f1_pipeline_dag.py for tasks to queue
[2026-05-05T19:12:51.338+0000] {logging_mixin.py:188} INFO - [2026-05-05T19:12:51.338+0000] {dagbag.py:538} INFO - Filling up the DagBag from /opt/airflow/dags/f1_pipeline_dag.py
[2026-05-05T19:12:51.363+0000] {processor.py:840} INFO - DAG(s) 'f1_bigdata_pipeline' retrieved from /opt/airflow/dags/f1_pipeline_dag.py
[2026-05-05T19:12:51.416+0000] {logging_mixin.py:188} INFO - [2026-05-05T19:12:51.416+0000] {dag.py:3036} INFO - Sync 1 DAGs
[2026-05-05T19:12:51.435+0000] {logging_mixin.py:188} INFO - [2026-05-05T19:12:51.435+0000] {dag.py:3823} INFO - Setting next_dagrun for f1_bigdata_pipeline to 2026-05-04 06:00:00+00:00, run_after=2026-05-11 06:00:00+00:00
[2026-05-05T19:12:51.453+0000] {processor.py:183} INFO - Processing /opt/airflow/dags/f1_pipeline_dag.py took 0.125 seconds
[2026-05-05T19:13:21.679+0000] {processor.py:161} INFO - Started process (PID=18486) to work on /opt/airflow/dags/f1_pipeline_dag.py
[2026-05-05T19:13:21.680+0000] {processor.py:830} INFO - Processing file /opt/airflow/dags/f1_pipeline_dag.py for tasks to queue
[2026-05-05T19:13:21.681+0000] {logging_mixin.py:188} INFO - [2026-05-05T19:13:21.680+0000] {dagbag.py:538} INFO - Filling up the DagBag from /opt/airflow/dags/f1_pipeline_dag.py
[2026-05-05T19:13:21.708+0000] {processor.py:840} INFO - DAG(s) 'f1_bigdata_pipeline' retrieved from /opt/airflow/dags/f1_pipeline_dag.py
[2026-05-05T19:13:21.741+0000] {logging_mixin.py:188} INFO - [2026-05-05T19:13:21.741+0000] {dag.py:3036} INFO - Sync 1 DAGs
[2026-05-05T19:13:21.758+0000] {logging_mixin.py:188} INFO - [2026-05-05T19:13:21.758+0000] {dag.py:3823} INFO - Setting next_dagrun for f1_bigdata_pipeline to 2026-05-04 06:00:00+00:00, run_after=2026-05-11 06:00:00+00:00
[2026-05-05T19:13:21.768+0000] {processor.py:183} INFO - Processing /opt/airflow/dags/f1_pipeline_dag.py took 0.094 seconds
[2026-05-05T19:13:51.931+0000] {processor.py:161} INFO - Started process (PID=18491) to work on /opt/airflow/dags/f1_pipeline_dag.py
[2026-05-05T19:13:51.932+0000] {processor.py:830} INFO - Processing file /opt/airflow/dags/f1_pipeline_dag.py for tasks to queue
[2026-05-05T19:13:51.933+0000] {logging_mixin.py:188} INFO - [2026-05-05T19:13:51.933+0000] {dagbag.py:538} INFO - Filling up the DagBag from /opt/airflow/dags/f1_pipeline_dag.py
[2026-05-05T19:13:51.961+0000] {processor.py:840} INFO - DAG(s) 'f1_bigdata_pipeline' retrieved from /opt/airflow/dags/f1_pipeline_dag.py
[2026-05-05T19:13:51.989+0000] {logging_mixin.py:188} INFO - [2026-05-05T19:13:51.989+0000] {dag.py:3036} INFO - Sync 1 DAGs
[2026-05-05T19:13:52.006+0000] {logging_mixin.py:188} INFO - [2026-05-05T19:13:52.006+0000] {dag.py:3823} INFO - Setting next_dagrun for f1_bigdata_pipeline to 2026-05-04 06:00:00+00:00, run_after=2026-05-11 06:00:00+00:00
[2026-05-05T19:13:52.018+0000] {processor.py:183} INFO - Processing /opt/airflow/dags/f1_pipeline_dag.py took 0.090 seconds
[2026-05-05T19:14:22.274+0000] {processor.py:161} INFO - Started process (PID=18496) to work on /opt/airflow/dags/f1_pipeline_dag.py
[2026-05-05T19:14:22.276+0000] {processor.py:830} INFO - Processing file /opt/airflow/dags/f1_pipeline_dag.py for tasks to queue
[2026-05-05T19:14:22.277+0000] {logging_mixin.py:188} INFO - [2026-05-05T19:14:22.276+0000] {dagbag.py:538} INFO - Filling up the DagBag from /opt/airflow/dags/f1_pipeline_dag.py
[2026-05-05T19:14:22.295+0000] {processor.py:840} INFO - DAG(s) 'f1_bigdata_pipeline' retrieved from /opt/airflow/dags/f1_pipeline_dag.py
[2026-05-05T19:14:22.344+0000] {logging_mixin.py:188} INFO - [2026-05-05T19:14:22.344+0000] {dag.py:3036} INFO - Sync 1 DAGs
[2026-05-05T19:14:22.362+0000] {logging_mixin.py:188} INFO - [2026-05-05T19:14:22.362+0000] {dag.py:3823} INFO - Setting next_dagrun for f1_bigdata_pipeline to 2026-05-04 06:00:00+00:00, run_after=2026-05-11 06:00:00+00:00
[2026-05-05T19:14:22.373+0000] {processor.py:183} INFO - Processing /opt/airflow/dags/f1_pipeline_dag.py took 0.104 seconds
[2026-05-05T19:14:52.852+0000] {processor.py:161} INFO - Started process (PID=18501) to work on /opt/airflow/dags/f1_pipeline_dag.py
[2026-05-05T19:14:52.854+0000] {processor.py:830} INFO - Processing file /opt/airflow/dags/f1_pipeline_dag.py for tasks to queue
[2026-05-05T19:14:52.855+0000] {logging_mixin.py:188} INFO - [2026-05-05T19:14:52.854+0000] {dagbag.py:538} INFO - Filling up the DagBag from /opt/airflow/dags/f1_pipeline_dag.py
[2026-05-05T19:14:52.872+0000] {processor.py:840} INFO - DAG(s) 'f1_bigdata_pipeline' retrieved from /opt/airflow/dags/f1_pipeline_dag.py
[2026-05-05T19:14:52.917+0000] {logging_mixin.py:188} INFO - [2026-05-05T19:14:52.917+0000] {dag.py:3036} INFO - Sync 1 DAGs
[2026-05-05T19:14:52.940+0000] {logging_mixin.py:188} INFO - [2026-05-05T19:14:52.940+0000] {dag.py:3823} INFO - Setting next_dagrun for f1_bigdata_pipeline to 2026-05-04 06:00:00+00:00, run_after=2026-05-11 06:00:00+00:00
[2026-05-05T19:14:52.960+0000] {processor.py:183} INFO - Processing /opt/airflow/dags/f1_pipeline_dag.py took 0.116 seconds
[2026-05-05T19:15:23.254+0000] {processor.py:161} INFO - Started process (PID=18506) to work on /opt/airflow/dags/f1_pipeline_dag.py
[2026-05-05T19:15:23.258+0000] {processor.py:830} INFO - Processing file /opt/airflow/dags/f1_pipeline_dag.py for tasks to queue
[2026-05-05T19:15:23.259+0000] {logging_mixin.py:188} INFO - [2026-05-05T19:15:23.259+0000] {dagbag.py:538} INFO - Filling up the DagBag from /opt/airflow/dags/f1_pipeline_dag.py
[2026-05-05T19:15:23.284+0000] {processor.py:840} INFO - DAG(s) 'f1_bigdata_pipeline' retrieved from /opt/airflow/dags/f1_pipeline_dag.py
[2026-05-05T19:15:23.348+0000] {logging_mixin.py:188} INFO - [2026-05-05T19:15:23.348+0000] {dag.py:3036} INFO - Sync 1 DAGs
[2026-05-05T19:15:23.376+0000] {logging_mixin.py:188} INFO - [2026-05-05T19:15:23.376+0000] {dag.py:3823} INFO - Setting next_dagrun for f1_bigdata_pipeline to 2026-05-04 06:00:00+00:00, run_after=2026-05-11 06:00:00+00:00
[2026-05-05T19:15:23.393+0000] {processor.py:183} INFO - Processing /opt/airflow/dags/f1_pipeline_dag.py took 0.145 seconds
[2026-05-05T19:15:53.962+0000] {processor.py:161} INFO - Started process (PID=18511) to work on /opt/airflow/dags/f1_pipeline_dag.py
[2026-05-05T19:15:53.966+0000] {processor.py:830} INFO - Processing file /opt/airflow/dags/f1_pipeline_dag.py for tasks to queue
[2026-05-05T19:15:53.968+0000] {logging_mixin.py:188} INFO - [2026-05-05T19:15:53.967+0000] {dagbag.py:538} INFO - Filling up the DagBag from /opt/airflow/dags/f1_pipeline_dag.py
[2026-05-05T19:15:54.053+0000] {processor.py:840} INFO - DAG(s) 'f1_bigdata_pipeline' retrieved from /opt/airflow/dags/f1_pipeline_dag.py
[2026-05-05T19:15:54.147+0000] {logging_mixin.py:188} INFO - [2026-05-05T19:15:54.147+0000] {dag.py:3036} INFO - Sync 1 DAGs
[2026-05-05T19:15:54.187+0000] {logging_mixin.py:188} INFO - [2026-05-05T19:15:54.187+0000] {dag.py:3823} INFO - Setting next_dagrun for f1_bigdata_pipeline to 2026-05-04 06:00:00+00:00, run_after=2026-05-11 06:00:00+00:00
[2026-05-05T19:15:54.212+0000] {processor.py:183} INFO - Processing /opt/airflow/dags/f1_pipeline_dag.py took 0.264 seconds
